Iteration,Step,ActorLoss,CriticLoss,MaskLoss,KL,MaskEnt,RedMeanReward,BlueMeanReward,RedWinRate,RedMissiles,BlueMissiles
1,2000,-0.075957,3.712621,-0.004041,0.000011,0.081035,-62.5289,82.9032,0.000000,0.0,0.6
2,4000,-0.077500,16.682214,-0.003944,0.000039,0.079657,-67.7460,75.9315,0.000000,0.2,0.5
3,6000,-0.078366,18.570278,-0.003996,0.000068,0.081277,-70.9362,72.0529,0.000000,0.0,0.0
4,8000,-0.076232,11.260821,-0.003959,0.000075,0.080675,-71.8471,71.3119,0.000000,0.0,0.0
5,10000,-0.085869,9.401085,-0.004080,0.000176,0.085121,-72.3877,71.6398,0.000000,0.1,0.2
6,12000,-0.077636,9.283859,-0.003563,0.000482,0.080893,-73.2803,71.9326,0.000000,0.0,0.0
