Step,Iteration,RedMeanReward,RedRewardStd,WinRateRecent,WinRateCumul,RedMissiles,BlueMissiles,requested_replay_buffer_size,rollout_horizon_per_env,transitions_per_update,unused_replay_slots,Episodes,InvalidNumericalEpisodes,InvalidTransitionsDropped,InvalidEpisodesDropped,UpdateSkipReason,RedWins,BlueWins,Draws,RedAliveMean,BlueAliveMean,RedDeathsMissile,RedDeathsCrash,BlueDeathsMissile,BlueDeathsCrash,RedMissileHits,BlueMissileHits,RedMissileHitRate,BlueMissileHitRate,KD_Red_AllDeaths,KD_Red_MissileOnly,RWR,RWRDenominatorZero,RewardVersion,RewardMode,EnvironmentProfile,ObsNormalization,PIDProfile,PIDThrottleBase,MissileGuidanceMode,CheckpointSchema,ActionDistribution,EntropyEstimator,EnvironmentConfigFingerprint,BluePolicyProfile,RedMWSMode,BlueMWSMode,NumRed,NumBlue,MaxSteps,AltitudeRewardConfigVersion,AltitudeRewardConfig,ActionStdMean,ActionStdMin,ActionStdMax,ActionLogStdMean,StateDependentStdMean,StateDependentStdMin,StateDependentStdMax,StateDependentStdLowerBoundFrac,StateDependentStdUpperBoundFrac,ActionStdDeltaFromInit,ActionStdGrowthRatio,ActorLoss,CriticLoss,BaseNormalEntropy,PolicyLoss,EntropyBonus,ActorUpdateAttempts,ActorUpdatesApplied,ActorUpdatesSkipped,CriticUpdateAttempts,CriticUpdatesApplied,CriticUpdatesSkipped,r_pitch,r_roll,r_alt,r_bound,r_vel,r_adv,r_end,r_death,r_pitch_team_sum,r_pitch_per_agent_mean,r_roll_team_sum,r_roll_per_agent_mean,r_alt_team_sum,r_alt_per_agent_mean,r_bound_team_sum,r_bound_per_agent_mean,r_vel_team_sum,r_vel_per_agent_mean,r_adv_team_sum,r_adv_per_agent_mean,r_end_team,LaunchDiagRedGeometryOk,LaunchDiagBlueGeometryOk,LaunchDiagRedLaunches,LaunchDiagBlueLaunches,LaunchDiagRedRangeOk,LaunchDiagRedAoOk,LaunchDiagRedTaOk,LaunchDiagBlueRangeOk,LaunchDiagBlueAoOk,LaunchDiagBlueTaOk,LaunchDiagRedEngagedBlocked,LaunchDiagBlueEngagedBlocked,LaunchDiagRedCooldownBlocked,LaunchDiagBlueCooldownBlocked,LaunchDiagRedLockMature,LaunchDiagBlueLockMature,RedGeometryToLaunchRate,BlueGeometryToLaunchRate,RedRangeToGeometryRate,BlueRangeToGeometryRate,LaunchDiagRedRangeLowBlocked,LaunchDiagBlueRangeLowBlocked,LaunchDiagRedRangeHighBlocked,LaunchDiagBlueRangeHighBlocked,RedLaunchRangeMean,RedLaunchRangeP25,RedLaunchRangeP50,RedLaunchRangeP75,RedLaunchAoDegMean,RedLaunchAoDegP50,RedLaunchTaDegMean,RedLaunchTaDegP50,RedLaunchClosingSpeedMean,RedLaunchAltitudeDiffAbsMean,RedLaunchHitRateFromQualityRecords,BlueLaunchRangeMean,BlueLaunchRangeP25,BlueLaunchRangeP50,BlueLaunchRangeP75,BlueLaunchAoDegMean,BlueLaunchAoDegP50,BlueLaunchTaDegMean,BlueLaunchTaDegP50,BlueLaunchClosingSpeedMean,BlueLaunchAltitudeDiffAbsMean,BlueLaunchHitRateFromQualityRecords,RedMissileTermHit,RedMissileTermPHitFail,RedMissileTermOvershoot,RedMissileTermTimeout,RedMissileTermTargetDead,RedMissileLaunches,RedMissilePHitFail,RedMissileOvershoot,RedMissileTimeout,RedMissileTargetDead,RedMissileUnknownTermination,RedMissileLifetimeMeanSec,RedMissileLifetimeMedianSec,RedMissileLifetimeP90Sec,RedMissileLifetimeMinSec,RedMissileLifetimeMaxSec,RedLaunchInsideHitRadiusCount,RedLaunchInsideHitRadiusFrac,RedOnePhysicsFrameHitCount,RedOnePhysicsFrameHitFrac,RedMissileSurvivedOneDecisionCount,RedMissileSurvivedOneDecisionFrac,RedPNFramesMean,RedPNNonZeroCommandFrac,BlueMissileTermHit,BlueMissileTermPHitFail,BlueMissileTermOvershoot,BlueMissileTermTimeout,BlueMissileTermTargetDead,BlueMissileLaunches,BlueMissilePHitFail,BlueMissileOvershoot,BlueMissileTimeout,BlueMissileTargetDead,BlueMissileUnknownTermination,BlueMissileLifetimeMeanSec,BlueMissileLifetimeMedianSec,BlueMissileLifetimeP90Sec,BlueMissileLifetimeMinSec,BlueMissileLifetimeMaxSec,BlueLaunchInsideHitRadiusCount,BlueLaunchInsideHitRadiusFrac,BlueOnePhysicsFrameHitCount,BlueOnePhysicsFrameHitFrac,BlueMissileSurvivedOneDecisionCount,BlueMissileSurvivedOneDecisionFrac,BluePNFramesMean,BluePNNonZeroCommandFrac,MissileLifetimeMeanS,MissileLifetimeP50S,MissileOneFrameTerminations,MissileLifetimeOverPoint2S,MissilePNGuidanceFrames,MissilePNNonzeroCommandFrames,MissileMaximumCommandG,TargetReallocations,TargetReallocationsAfterDeath,TargetSwitchesWhileAlive,TargetEngagedWaitFrames,TargetNoAliveFrames,RedMWSDetectedAgentDecisions,RedMWSOverrideAgentDecisions,BlueMWSDetectedAgentDecisions,BlueMWSOverrideAgentDecisions,RedMWSWarningGenerations,BlueMWSWarningGenerations,RedMWSDirectionChangesWithinSameMissile,RedMWSSuppressedDirectionFlipAttempts,BlueMWSDirectionChangesWithinSameMissile,NonFiniteLoadInvalidEpisodes,CatastrophicFiniteLoadInvalidEpisodes,PersistentExtremeFiniteLoadInvalidEpisodes,RedMWSMaximumContinuousDecisions,RedMWSTargetHeadingDeltaMaxDeg,RedWarningToTerminalMeanS,RedWarningToTerminalP50S,RedWarningToHitMeanS,BlueWarningToTerminalMeanS,BlueWarningToTerminalP50S,BlueWarningToHitMeanS,CompletedEpisodesThisIteration,NoCompletedEpisodeThisIteration,IterationWallTimeS,EnvironmentStepsPerSecond,RedFirstLaunchStepMean,BlueFirstLaunchStepMean,RedFirstHitStepMean,BlueFirstHitStepMean,EpisodeLengthMean,EpisodeLengthP50,EpisodeLengthP90,EstimatedRemainingTimeSec,WorkerRestartCount,ResumeCount,RedMaximumGSeen,RedFramesAbove9G,RedMaximumConsecutiveAbove9GFrames,RedEpisodeEverExceeded9G,RedTransientAbove30GEvents,RedMaximumConsecutiveAbove30GFrames,RedLoadProtectionActiveFrames,RedSetpointRateLimitActivations,RedRequestedHeadingJumpMaxDeg,RedAppliedHeadingJumpMaxDeg,RedRequestedPitchJumpMaxDeg,RedAppliedPitchJumpMaxDeg,RedMaximumAbsoluteEPhi,RedMaximumAbsoluteETheta,RedMaximumAbsoluteDerivativeTerm,RedPIDOutputSaturationFrames,RedDegenerateArctanRatioCount,BlueMaximumGSeen,BlueFramesAbove9G,BlueMaximumConsecutiveAbove9GFrames,BlueEpisodeEverExceeded9G,BlueTransientAbove30GEvents,BlueMaximumConsecutiveAbove30GFrames,BlueLoadProtectionActiveFrames,BlueSetpointRateLimitActivations,BlueRequestedHeadingJumpMaxDeg,BlueAppliedHeadingJumpMaxDeg,BlueRequestedPitchJumpMaxDeg,BlueAppliedPitchJumpMaxDeg,BlueMaximumAbsoluteEPhi,BlueMaximumAbsoluteETheta,BlueMaximumAbsoluteDerivativeTerm,BluePIDOutputSaturationFrames,BlueDegenerateArctanRatioCount,ExecutedActionAbsMean,ExecutedActionNearBoundFrac,ExecutedActionNearBoundFracPitch,ExecutedActionNearBoundFracHeading,ExecutedActionNearBoundFracVelocity,PolicyMeanNearBoundFrac,MaximumSpeedBeforeLimiterMps,MaximumSpeedAfterLimiterMps,SpeedLimiterActivations,SpeedLimiterActivationRatePer1000PhysicsSteps,MaximumLoadG,LoadLimiterActivations,EnvironmentDynamicsWarning
100,1,,,,0.0,,,100,50,100,0,0,0,0,0,,0,0,0,,,0,0,0,0,0,0,0.0,0.0,0.0,0.0,0.0,True,paper_3v3_joint_eq15_23_v1,paper_joint,paper_3v3_v1,paper_fixed_v1,paper_3v3_pid_v1,0.8,paper_3v3_eq9_11_v1,vanilla_mappo_paper_3v3_v2,tanh_squashed_diag_gaussian_v1,pre_tanh_base_normal_entropy_v1,3686728c40163c88388932de0beb132e15024687879e03f982fd4715aa6d4d9d,simple_dynamic_pursuit_with_mws,,,3,3,1400,eq17_minimal_finite_tail_v1,"{""d_att_max_m"":10000.000001,""h_adv_m"":5000.0,""h_att_m"":2000.0,""h_max_m"":10000.0,""h_min_m"":0.0,""high_altitude_tail"":0.0,""version"":""eq17_minimal_finite_tail_v1""}",0.30000001192092896,0.29999998211860657,0.29999998211860657,-1.2039728164672852,0.30000001192092896,0.29999998211860657,0.29999998211860657,0.0,0.0,1.1920928966180355e-08,1.00000003973643,-0.0592026283343633,1606.4424560546875,0.6805488576491674,-0.025175185004870097,0.034027443702022236,60,60,0,10,10,0,0.0,0.0,0.0,0.0,0.0,0.0,0.0,0.0,,,,,,,,,,,,,,0,779,0,0,10680,5914,0,10680,10800,779,0,0,0,0,2010,3461,0.0,0.0,0.0,0.07294007490636704,0,0,120,120,0.0,0.0,0.0,0.0,0.0,0.0,0.0,0.0,0.0,0.0,0.0,0.0,0.0,0.0,0.0,0.0,0.0,0.0,0.0,0.0,0.0,0.0,0,0,0,0,0,0,0,0,0,0,0,0.0,0.0,0.0,0.0,0.0,0,0.0,0,0.0,0,0.0,0.0,0.0,0,0,0,0,0,0,0,0,0,0,0,0.0,0.0,0.0,0.0,0.0,0,0.0,0,0.0,0,0.0,0.0,0.0,0.0,0.0,0,0,0,0,0.0,0,0,0,0,0,0,0,0,0,0,0,0,0,0,0,0,0,0,0.0,0.0,0.0,0.0,0.0,0.0,0.0,0,1,7.325075800000377,13.65173586326504,nan,nan,nan,nan,nan,nan,nan,358.9287142000184,0,0,0.0,0,0.0,0,0,0.0,0,0,0.0,0.0,0.0,0.0,0.0,0.0,0.0,0,0,0.0,0,0.0,0,0,0.0,0,0,0.0,0.0,0.0,0.0,0.0,0.0,0.0,0,0,0.2266453592268388,0.0,0.0,0.0,0.0,0.0,,,0.0,,,0.0,
200,2,,,,0.0,,,100,50,100,0,0,0,0,0,,0,0,0,,,0,0,0,0,0,1,0.0,0.0,0.0,0.0,0.0,True,paper_3v3_joint_eq15_23_v1,paper_joint,paper_3v3_v1,paper_fixed_v1,paper_3v3_pid_v1,0.8,paper_3v3_eq9_11_v1,vanilla_mappo_paper_3v3_v2,tanh_squashed_diag_gaussian_v1,pre_tanh_base_normal_entropy_v1,3686728c40163c88388932de0beb132e15024687879e03f982fd4715aa6d4d9d,simple_dynamic_pursuit_with_mws,,,3,3,1400,eq17_minimal_finite_tail_v1,"{""d_att_max_m"":10000.000001,""h_adv_m"":5000.0,""h_att_m"":2000.0,""h_max_m"":10000.0,""h_min_m"":0.0,""high_altitude_tail"":0.0,""version"":""eq17_minimal_finite_tail_v1""}",0.3056184649467468,0.3030034601688385,0.31012803316116333,-1.1854394674301147,0.3056184649467468,0.3030034601688385,0.31012803316116333,0.0,0.0,0.005618464946746837,1.0187282164891562,-0.05161288877328237,106.85589218139648,0.7048572361469269,-0.0163700258359313,0.03524286281317472,60,60,0,10,10,0,0.0,0.0,0.0,0.0,0.0,0.0,0.0,0.0,,,,,,,,,,,,,,0,8295,0,4,10680,177,0,10680,10515,8295,0,2204,0,116,139,3544,0.0,0.0004822182037371911,0.0,0.776685393258427,0,0,0,0,0.0,0.0,0.0,0.0,0.0,0.0,0.0,0.0,0.0,0.0,0.0,3238.9247134838656,2821.966959593149,3136.255628950298,3553.213382841014,14.477853033118315,14.843815367596802,117.11520472692322,108.52778700619146,173.58771874034954,804.6090000817842,0.5,0,0,0,0,0,0,0,0,0,0,0,0.0,0.0,0.0,0.0,0.0,0,0.0,0,0.0,0,0.0,0.0,0.0,1,1,0,0,0,4,1,0,0,0,0,5.2166666666666535,5.2166666666666535,6.096666666666651,4.116666666666657,6.3166666666666496,0,0.0,0,0.0,2,1.0,312.0,1.0,5.2166666666666535,5.2166666666666535,0,2,624,624,30.000000000000007,0,0,0,0,0,0,0,0,0,0,0,0,0,0,0,0,0,0,0.0,0.0,0.0,0.0,0.0,0.0,0.0,0,1,10.589546100000007,9.443275382690853,nan,nan,nan,nan,nan,nan,nan,508.29821280000033,0,0,0.0,0,0.0,0,0,0.0,0,0,0.0,0.0,0.0,0.0,0.0,0.0,0.0,0,0,0.0,0,0.0,0,0,0.0,0,0,0.0,0.0,0.0,0.0,0.0,0.0,0.0,0,0,0.23724073962926212,0.0,0.0,0.0,0.0,0.0,,,0.0,,,0.0,
300,3,,,,0.0,,,100,50,100,0,0,0,0,0,,0,0,0,,,0,0,0,0,0,2,0.0,0.0,0.0,0.0,0.0,True,paper_3v3_joint_eq15_23_v1,paper_joint,paper_3v3_v1,paper_fixed_v1,paper_3v3_pid_v1,0.8,paper_3v3_eq9_11_v1,vanilla_mappo_paper_3v3_v2,tanh_squashed_diag_gaussian_v1,pre_tanh_base_normal_entropy_v1,3686728c40163c88388932de0beb132e15024687879e03f982fd4715aa6d4d9d,simple_dynamic_pursuit_with_mws,,,3,3,1400,eq17_minimal_finite_tail_v1,"{""d_att_max_m"":10000.000001,""h_adv_m"":5000.0,""h_att_m"":2000.0,""h_max_m"":10000.0,""h_min_m"":0.0,""high_altitude_tail"":0.0,""version"":""eq17_minimal_finite_tail_v1""}",0.3064921796321869,0.3017982244491577,0.3124978840351105,-1.1826251745224,0.3064921796321869,0.3017982244491577,0.3124978840351105,0.0,0.0,0.006492179632186901,1.0216405987739563,0.26700634494423864,11.184423828125,0.7401975131034851,0.30401621649973093,0.037009876519441605,50,50,0,10,10,0,0.0,0.0,0.0,0.0,0.0,0.0,0.0,0.0,,,,,,,,,,,,,,0,6500,0,3,6657,0,0,6657,6500,6657,0,3484,0,87,0,3488,0.0,0.00046153846153846153,0.0,0.9764158029142256,0,0,0,0,0.0,0.0,0.0,0.0,0.0,0.0,0.0,0.0,0.0,0.0,0.0,3864.0365957995796,3017.066160825711,3096.1587638837686,4327.068114815543,21.863309490200866,18.896159168305733,149.8529908622533,146.28388255829094,63.83709435530549,121.32557015837635,1.0,0,0,0,0,0,0,0,0,0,0,0,0.0,0.0,0.0,0.0,0.0,0,0.0,0,0.0,0,0.0,0.0,0.0,2,0,0,0,0,3,0,0,0,0,0,5.783333333333318,5.783333333333318,6.503333333333315,4.883333333333321,6.683333333333315,0,0.0,0,0.0,2,1.0,346.0,1.0,5.783333333333318,5.783333333333318,0,2,692,692,29.409751525724502,0,0,0,0,0,0,0,0,0,0,0,0,0,0,0,0,0,0,0.0,0.0,0.0,0.0,0.0,0.0,0.0,0,1,5.782115100000283,17.29470933568844,nan,nan,nan,nan,nan,nan,nan,271.7594097000133,0,0,0.0,0,0.0,0,0,0.0,0,0,0.0,0.0,0.0,0.0,0.0,0.0,0.0,0,0,0.0,0,0.0,0,0,0.0,0,0,0.0,0.0,0.0,0.0,0.0,0.0,0.0,0,0,0.24091103008511605,0.0,0.0,0.0,0.0,0.0,,,0.0,,,0.0,
400,4,-287.2294158935547,13.808517456054688,0.0,0.0,0.0,3.5,100,50,100,0,2,0,0,0,,0,2,0,0.0,3.0,6,0,0,0,0,3,0.0,0.8571428571428571,0.0,0.0,0.0,False,paper_3v3_joint_eq15_23_v1,paper_joint,paper_3v3_v1,paper_fixed_v1,paper_3v3_pid_v1,0.8,paper_3v3_eq9_11_v1,vanilla_mappo_paper_3v3_v2,tanh_squashed_diag_gaussian_v1,pre_tanh_base_normal_entropy_v1,3686728c40163c88388932de0beb132e15024687879e03f982fd4715aa6d4d9d,simple_dynamic_pursuit_with_mws,,,3,3,1400,eq17_minimal_finite_tail_v1,"{""d_att_max_m"":10000.000001,""h_adv_m"":5000.0,""h_att_m"":2000.0,""h_max_m"":10000.0,""h_min_m"":0.0,""high_altitude_tail"":0.0,""version"":""eq17_minimal_finite_tail_v1""}",0.31407323479652405,0.30363553762435913,0.3271732032299042,-1.158395767211914,0.31407323479652405,0.30363553762435913,0.3271732032299042,0.0,0.0,0.014073234796524059,1.0469107826550803,0.04617248857393861,1905.5535522460937,0.8512916900217533,0.08873707152088173,0.0425645851995796,80,80,0,10,10,0,0.0,0.0,0.7887280407344937,0.0,0.0,-198.01815060626163,-90.0,0.0,0.0,0.0,0.0,0.0,0.7887280407344937,0.26290934691149787,0.0,0.0,0.0,0.0,-198.01815060626163,-66.00605020208721,-90.0,0,723,0,0,9477,6450,0,9477,9558,762,0,610,0,0,2279,3408,0.0,0.0,0.0,0.07628996517885407,0,0,120,120,0.0,0.0,0.0,0.0,0.0,0.0,0.0,0.0,0.0,0.0,0.0,0.0,0.0,0.0,0.0,0.0,0.0,0.0,0.0,0.0,0.0,1.0,0,0,0,0,0,0,0,0,0,0,0,0.0,0.0,0.0,0.0,0.0,0,0.0,0,0.0,0,0.0,0.0,0.0,3,0,0,0,0,0,0,0,0,0,0,6.611111111111121,5.13333333333332,8.70666666666671,5.099999999999987,9.600000000000056,0,0.0,0,0.0,3,1.0,395.6666666666667,1.0,6.611111111111121,5.13333333333332,0,3,1187,1187,29.013972726196567,0,0,0,0,0,207,207,0,0,7,0,0,57,0,0,0,0,48,60.000000000000036,5.861111111111111,5.1625,5.772222222222222,0.0,0.0,0.0,2,0,3.5743188000001282,27.97735893060138,nan,69.5,nan,112.0,159.0,159.0,159.8,164.4186648000059,0,0,7.688089864175773,0,0.0,0,0,0.0,0,0,175.76906740665433,175.76906740665433,100.73811650276184,100.73811650276184,3.1406379146628103,1.54084635072905,2.7182570850634633,8815,0,7.562685677748704,0,0.0,0,0,0.0,0,0,48.00232194364071,48.00232194364071,17.464018464088436,17.464018464088436,0.7594574341876876,0.6494844690010408,0.16912531502481978,1041,0,0.2373994924353936,0.0,0.0,0.0,0.0,0.0,0.0,310.4606825429108,0.0,0.0,7.688089864175773,0.0,
500,5,,,,0.0,,,100,50,100,0,2,0,0,0,,0,2,0,,,6,0,0,0,0,2,0.0,0.5454545454545454,0.0,0.0,0.0,False,paper_3v3_joint_eq15_23_v1,paper_joint,paper_3v3_v1,paper_fixed_v1,paper_3v3_pid_v1,0.8,paper_3v3_eq9_11_v1,vanilla_mappo_paper_3v3_v2,tanh_squashed_diag_gaussian_v1,pre_tanh_base_normal_entropy_v1,3686728c40163c88388932de0beb132e15024687879e03f982fd4715aa6d4d9d,simple_dynamic_pursuit_with_mws,,,3,3,1400,eq17_minimal_finite_tail_v1,"{""d_att_max_m"":10000.000001,""h_adv_m"":5000.0,""h_att_m"":2000.0,""h_max_m"":10000.0,""h_min_m"":0.0,""high_altitude_tail"":0.0,""version"":""eq17_minimal_finite_tail_v1""}",0.3270241916179657,0.3200957775115967,0.3338794708251953,-1.117760181427002,0.3270241916179657,0.3200957775115967,0.3338794708251953,0.0,0.0,0.02702419161796571,1.0900806387265525,-0.037324757377306624,193.13672943115233,0.9255442003409068,0.008952452490727106,0.04627721110979716,60,60,0,10,10,0,0.0,0.0,0.7887280407344937,0.0,0.0,-198.01815060626163,-90.0,0.0,,,,,,,,,,,,,,0,6801,0,4,10461,542,0,10461,10461,6801,0,1978,0,112,196,3502,0.0,0.0005881488016468167,0.0,0.6501290507599656,0,0,0,0,0.0,0.0,0.0,0.0,0.0,0.0,0.0,0.0,0.0,0.0,0.0,4120.220403989377,3640.9377735791086,4356.6707046854135,4835.953335095682,16.491476326567422,11.959717146647503,104.33122589287971,90.12111506420685,238.8519681114345,617.327638040782,1.0,0,0,0,0,0,0,0,0,0,0,0,0.0,0.0,0.0,0.0,0.0,0,0.0,0,0.0,0,0.0,0.0,0.0,2,0,0,0,0,4,0,0,0,0,0,6.433333333333316,6.433333333333316,6.926666666666647,5.816666666666651,7.04999999999998,0,0.0,0,0.0,2,1.0,385.0,1.0,6.433333333333316,6.433333333333316,0,2,770,770,29.999999999999996,0,0,0,0,0,0,0,0,0,0,0,0,0,0,0,0,0,0,0.0,0.0,0.0,0.0,0.0,0.0,0.0,0,1,4.251792399999886,23.519492626216344,nan,nan,nan,nan,nan,nan,nan,191.33065799999488,0,0,0.0,0,0.0,0,0,0.0,0,0,0.0,0.0,0.0,0.0,0.0,0.0,0.0,0,0,0.0,0,0.0,0,0,0.0,0,0,0.0,0.0,0.0,0.0,0.0,0.0,0.0,0,0,0.250008148901272,0.0,0.0,0.0,0.0,0.0,,,0.0,,,0.0,
600,6,-273.7484588623047,22.149247718893953,0.0,0.0,0.0,3.3333333333333335,100,50,100,0,3,0,0,0,,0,3,0,0.0,3.0,9,0,0,0,0,3,0.0,0.6923076923076923,0.0,0.0,0.0,False,paper_3v3_joint_eq15_23_v1,paper_joint,paper_3v3_v1,paper_fixed_v1,paper_3v3_pid_v1,0.8,paper_3v3_eq9_11_v1,vanilla_mappo_paper_3v3_v2,tanh_squashed_diag_gaussian_v1,pre_tanh_base_normal_entropy_v1,3686728c40163c88388932de0beb132e15024687879e03f982fd4715aa6d4d9d,simple_dynamic_pursuit_with_mws,,,3,3,1400,eq17_minimal_finite_tail_v1,"{""d_att_max_m"":10000.000001,""h_adv_m"":5000.0,""h_att_m"":2000.0,""h_max_m"":10000.0,""h_min_m"":0.0,""high_altitude_tail"":0.0,""version"":""eq17_minimal_finite_tail_v1""}",0.32954299449920654,0.31235286593437195,0.3380732536315918,-1.1101963520050049,0.32954299449920654,0.31235286593437195,0.3380732536315918,0.0,0.0,0.029542994499206554,1.0984766483306885,-0.6727562393460955,733.2671325683593,0.8341834706919534,-0.6310470623629434,0.04170917442866734,70,70,0,10,10,0,0.0,0.0,0.5275533066926664,0.0,0.0,-184.2760090156921,-90.0,0.0,0.0,0.0,0.0,0.0,0.5275533066926664,0.17585110223088882,0.0,0.0,0.0,0.0,-184.2760090156921,-61.42533633856403,-90.0,0,4917,0,2,5181,324,0,5181,5241,4917,0,3384,0,62,66,3453,0.0,0.0004067520846044336,0.0,0.9490445859872612,0,0,60,60,0.0,0.0,0.0,0.0,0.0,0.0,0.0,0.0,0.0,0.0,0.0,4019.6325096573587,4005.222631592898,4019.6325096573587,4034.0423877218195,26.15888972948768,26.15888972948768,159.37623731311464,159.37623731311464,36.58080590488832,629.2949174206733,1.0,0,0,0,0,0,0,0,0,0,0,0,0.0,0.0,0.0,0.0,0.0,0,0.0,0,0.0,0,0.0,0.0,0.0,3,0,0,0,0,2,0,0,0,0,0,7.033333333333345,7.19999999999998,9.21333333333338,4.183333333333324,9.716666666666729,0,0.0,0,0.0,3,1.0,421.0,1.0,7.033333333333345,7.19999999999998,0,3,1263,1263,30.000000000000007,0,0,0,0,0,113,113,0,0,3,0,0,32,0,0,0,0,49,60.000000000000036,7.466666666666666,6.983333333333333,7.466666666666666,0.0,0.0,0.0,1,0,2.9811290000002373,33.54433840333378,nan,51.0,nan,86.0,139.0,139.0,139.0,131.16967600001044,0,0,7.7765735413485695,0,0.0,0,0,0.0,0,0,177.97288835048673,177.97288835048673,118.68168711662292,118.68168711662292,3.139265628970553,1.4915511545902447,0.7781273366029816,3543,0,6.634489387269822,0,0.0,0,0,0.0,0,0,22.36546576023103,22.36546576023103,6.370088830590249,6.370088830590249,0.7026006889361818,0.5812770064691083,0.10419586003956738,373,0,0.257656396216847,0.0,0.0,0.0,0.0,0.0,0.0,303.8656088594649,0.0,0.0,7.7765735413485695,0.0,
700,7,-272.0162467956543,19.415034298611072,0.0,0.0,0.0,3.25,100,50,100,0,4,0,0,0,,0,4,0,0.0,3.0,12,0,0,0,0,1,0.0,0.8571428571428571,0.0,0.0,0.0,False,paper_3v3_joint_eq15_23_v1,paper_joint,paper_3v3_v1,paper_fixed_v1,paper_3v3_pid_v1,0.8,paper_3v3_eq9_11_v1,vanilla_mappo_paper_3v3_v2,tanh_squashed_diag_gaussian_v1,pre_tanh_base_normal_entropy_v1,3686728c40163c88388932de0beb132e15024687879e03f982fd4715aa6d4d9d,simple_dynamic_pursuit_with_mws,,,3,3,1400,eq17_minimal_finite_tail_v1,"{""d_att_max_m"":10000.000001,""h_adv_m"":5000.0,""h_att_m"":2000.0,""h_max_m"":10000.0,""h_min_m"":0.0,""high_altitude_tail"":0.0,""version"":""eq17_minimal_finite_tail_v1""}",0.31618863344192505,0.3015078902244568,0.3315494656562805,-1.1517151594161987,0.31618863344192505,0.3015078902244568,0.3315494656562805,0.0,0.0,0.01618863344192506,1.0539621114730835,-0.35545476387654035,1581.585107421875,0.7823714673519134,-0.31633618750742504,0.03911857434681484,70,70,0,10,10,0,0.0,0.0,0.40453606657814395,0.0,0.0,-182.42078323673718,-90.0,0.0,0.0,0.0,0.0,0.0,0.40453606657814395,0.13484535552604798,0.0,0.0,0.0,0.0,-182.42078323673718,-60.80692774557906,-90.0,0,1056,0,1,8940,5776,0,8940,9000,1056,0,939,0,29,2004,3516,0.0,0.000946969696969697,0.0,0.11812080536912752,0,0,60,60,0.0,0.0,0.0,0.0,0.0,0.0,0.0,0.0,0.0,0.0,0.0,5236.689747847862,5236.689747847862,5236.689747847862,5236.689747847862,5.870961724393354,5.870961724393354,90.58018593426026,90.58018593426026,310.99219565254845,358.5063135270402,1.0,0,0,0,0,0,0,0,0,0,0,0,0.0,0.0,0.0,0.0,0.0,0,0.0,0,0.0,0,0.0,0.0,0.0,1,0,0,0,0,1,0,0,0,0,0,7.033333333333314,7.033333333333314,7.033333333333314,7.033333333333314,7.033333333333314,0,0.0,0,0.0,1,1.0,421.0,1.0,7.033333333333314,7.033333333333314,0,1,421,421,11.983601622024318,0,0,0,0,0,92,92,0,0,3,0,0,54,0,0,0,0,36,59.999999999999986,6.077777777777778,7.0,6.077777777777778,0.0,0.0,0.0,1,0,8.898013100000298,11.238464011701291,nan,71.0,nan,92.0,165.0,165.0,165.0,382.61456330001283,0,0,7.917414831691904,0,0.0,0,0,0.0,0,0,178.90036404132846,178.90036404132846,100.79846888780594,100.79846888780594,3.141099316240867,1.5631632718888722,7.769653180968271,4269,0,6.36098874240457,0,0.0,0,0,0.0,0,0,9.73722875118255,9.73722875118255,14.054508358240128,14.054508358240128,0.691482689609844,0.561664081107346,0.08615148871701983,113,0,0.25116202717251146,0.0,0.0,0.0,0.0,0.0,0.0,304.4064290776339,0.0,0.0,7.917414831691904,0.0,
800,8,,,,0.0,,,100,50,100,0,4,0,0,0,,0,4,0,,,12,0,0,0,0,2,0.0,0.7058823529411765,0.0,0.0,0.0,False,paper_3v3_joint_eq15_23_v1,paper_joint,paper_3v3_v1,paper_fixed_v1,paper_3v3_pid_v1,0.8,paper_3v3_eq9_11_v1,vanilla_mappo_paper_3v3_v2,tanh_squashed_diag_gaussian_v1,pre_tanh_base_normal_entropy_v1,3686728c40163c88388932de0beb132e15024687879e03f982fd4715aa6d4d9d,simple_dynamic_pursuit_with_mws,,,3,3,1400,eq17_minimal_finite_tail_v1,"{""d_att_max_m"":10000.000001,""h_adv_m"":5000.0,""h_att_m"":2000.0,""h_max_m"":10000.0,""h_min_m"":0.0,""high_altitude_tail"":0.0,""version"":""eq17_minimal_finite_tail_v1""}",0.312361478805542,0.28210851550102234,0.3360750377178192,-1.1645570993423462,0.312361478805542,0.28210851550102234,0.3360750377178192,0.0,0.0,0.012361478805542003,1.0412049293518066,-0.01940663456916809,202.4177978515625,0.7651230216026306,0.018849515169858933,0.03825615191211303,60,60,0,10,10,0,0.0,0.0,0.40453606657814395,0.0,0.0,-182.42078323673718,-90.0,0.0,,,,,,,,,,,,,,0,5929,0,3,10014,972,0,10014,9739,6204,0,1358,0,80,346,3391,0.0,0.0005059875189745319,0.0,0.5920711004593568,0,0,0,0,0.0,0.0,0.0,0.0,0.0,0.0,0.0,0.0,0.0,0.0,0.0,3202.753776807216,2706.0305744166735,2821.9945619645027,3509.097371776402,26.57262914156222,24.94884211568019,93.94644157666204,91.10401196929173,226.8522078971297,998.361921674963,1.0,0,0,0,0,0,0,0,0,0,0,0,0.0,0.0,0.0,0.0,0.0,0,0.0,0,0.0,0,0.0,0.0,0.0,2,0,0,0,0,3,0,0,0,0,0,7.53333333333333,7.53333333333333,8.426666666666673,6.416666666666649,8.65000000000001,0,0.0,0,0.0,2,1.0,451.0,1.0,7.53333333333333,7.53333333333333,0,2,902,902,29.65394786153675,0,0,0,0,0,0,0,0,0,0,0,0,0,0,0,0,0,0,0.0,0.0,0.0,0.0,0.0,0.0,0.0,0,1,9.83467040000005,10.168108938353388,nan,nan,nan,nan,nan,nan,nan,413.05615680000204,0,0,0.0,0,0.0,0,0,0.0,0,0,0.0,0.0,0.0,0.0,0.0,0.0,0.0,0,0,0.0,0,0.0,0,0,0.0,0,0,0.0,0.0,0.0,0.0,0.0,0.0,0.0,0,0,0.27782111958861505,0.0,0.0,0.0,0.0,0.0,,,0.0,,,0.0,
900,9,-268.031977335612,20.846314620327327,0.0,0.0,0.0,3.1666666666666665,100,50,100,0,6,0,0,0,,0,6,0,0.0,3.0,18,0,0,0,0,4,0.0,0.9473684210526315,0.0,0.0,0.0,False,paper_3v3_joint_eq15_23_v1,paper_joint,paper_3v3_v1,paper_fixed_v1,paper_3v3_pid_v1,0.8,paper_3v3_eq9_11_v1,vanilla_mappo_paper_3v3_v2,tanh_squashed_diag_gaussian_v1,pre_tanh_base_normal_entropy_v1,3686728c40163c88388932de0beb132e15024687879e03f982fd4715aa6d4d9d,simple_dynamic_pursuit_with_mws,,,3,3,1400,eq17_minimal_finite_tail_v1,"{""d_att_max_m"":10000.000001,""h_adv_m"":5000.0,""h_att_m"":2000.0,""h_max_m"":10000.0,""h_min_m"":0.0,""high_altitude_tail"":0.0,""version"":""eq17_minimal_finite_tail_v1""}",0.31280994415283203,0.28314098715782166,0.3289027810096741,-1.1634830236434937,0.31280994415283203,0.28314098715782166,0.3289027810096741,0.0,0.0,0.012809944152832042,1.0426998138427734,-0.15089535266160964,1642.4812377929688,0.836336532660893,-0.10907852564539228,0.0418168272290911,70,70,0,10,10,0,-8.235684269690273e-05,-0.002030977931401412,0.27323425944485025,0.0,0.0,-178.30309953656976,-90.0,0.0,-8.235684269690273e-05,-2.7452280898967576e-05,-0.002030977931401412,-0.0006769926438004707,0.27323425944485025,0.09107808648161675,0.0,0.0,0.0,0.0,-178.30309953656976,-59.43436651218992,-90.0,0,3993,0,2,8811,3067,0,8811,8680,4079,0,1914,0,65,1105,3386,0.0,0.0005008765339343851,0.0,0.45318352059925093,0,0,60,60,0.0,0.0,0.0,0.0,0.0,0.0,0.0,0.0,0.0,0.0,0.0,3695.015652683659,3655.7067142636206,3695.015652683659,3734.324591103698,10.388266773292715,10.388266773292715,134.41988463457656,134.41988463457656,117.377097215514,686.353816729923,1.0,0,0,0,0,0,0,0,0,0,0,0,0.0,0.0,0.0,0.0,0.0,0,0.0,0,0.0,0,0.0,0.0,0.0,4,0,0,0,0,2,0,0,0,0,0,5.579166666666652,5.799999999999985,6.414999999999982,4.216666666666657,6.499999999999982,0,0.0,0,0.0,4,1.0,333.75,1.0,5.579166666666652,5.799999999999985,0,4,1335,1335,30.000000000000007,0,0,0,0,0,187,187,0,0,6,0,0,5,0,0,0,0,43,60.000000000000036,6.1194444444444445,6.216666666666667,6.1194444444444445,0.0,0.0,0.0,2,0,8.984983400000147,11.129681107702254,nan,60.5,nan,92.5,118.0,118.0,123.6,368.384319400006,0,0,8.146909770747097,0,0.0,0,0,0.0,0,0,178.2507437467575,178.2507437467575,90.67620098590851,90.67620098590851,3.14148596006446,1.5631934460040788,2.6263059784519314,6975,0,6.524127662778324,0,0.0,0,0,0.0,0,0,47.430129647254944,47.430129647254944,25.847831033170223,25.847831033170223,1.092462425056018,0.9824908335160177,0.14893513709782893,193,0,0.24618250659792879,0.0,0.0,0.0,0.0,0.0,0.0,304.03238656042697,0.0,0.0,8.146909770747097,0.0,
1000,10,-270.54789079938615,20.259972722095743,0.0,0.0,0.0,3.142857142857143,100,50,100,0,7,0,0,0,,0,7,0,0.0,3.0,21,0,0,0,0,3,0.0,0.9545454545454546,0.0,0.0,0.0,False,paper_3v3_joint_eq15_23_v1,paper_joint,paper_3v3_v1,paper_fixed_v1,paper_3v3_pid_v1,0.8,paper_3v3_eq9_11_v1,vanilla_mappo_paper_3v3_v2,tanh_squashed_diag_gaussian_v1,pre_tanh_base_normal_entropy_v1,3686728c40163c88388932de0beb132e15024687879e03f982fd4715aa6d4d9d,simple_dynamic_pursuit_with_mws,,,3,3,1400,eq17_minimal_finite_tail_v1,"{""d_att_max_m"":10000.000001,""h_adv_m"":5000.0,""h_att_m"":2000.0,""h_max_m"":10000.0,""h_min_m"":0.0,""high_altitude_tail"":0.0,""version"":""eq17_minimal_finite_tail_v1""}",0.3243613839149475,0.2876822352409363,0.35231533646583557,-1.1272838115692139,0.3243613839149475,0.2876822352409363,0.35231533646583557,0.0,0.0,0.02436138391494752,1.0812046130498252,-0.09943667153517405,1556.9495239257812,0.9163701007763545,-0.053618165850639346,0.045818505436182023,60,60,0,10,10,0,-7.059157945448806e-05,-0.001740838226915496,0.23466945656850216,0.0,0.0,-180.78075489173122,-90.0,0.0,-7.059157945448806e-05,-2.3530526484829352e-05,-0.001740838226915496,-0.0005802794089718319,0.23466945656850216,0.07822315218950072,0.0,0.0,0.0,0.0,-180.78075489173122,-60.26025163057707,-90.0,0,3776,0,3,10545,3517,0,10545,10605,3776,0,1206,0,87,1340,3483,0.0,0.0007944915254237289,0.0,0.35808440018966337,0,0,60,60,0.0,0.0,0.0,0.0,0.0,0.0,0.0,0.0,0.0,0.0,0.0,4355.566944089631,4023.6118838642587,4234.680519369379,4627.078791954877,5.675379537380718,5.840161497018643,90.15350204783154,90.14300333388789,314.6682097205545,607.666943201774,1.0,0,0,0,0,0,0,0,0,0,0,0,0.0,0.0,0.0,0.0,0.0,0,0.0,0,0.0,0,0.0,0.0,0.0,3,0,0,0,0,3,0,0,0,0,0,6.694444444444426,6.366666666666649,7.646666666666645,5.749999999999985,7.966666666666644,0,0.0,0,0.0,3,1.0,400.6666666666667,1.0,6.694444444444426,6.366666666666649,0,3,1202,1202,25.692367331319538,0,0,0,0,0,101,101,0,0,3,0,0,0,0,0,0,0,40,60.000000000000036,6.572222222222223,6.216666666666667,6.572222222222223,0.0,0.0,0.0,1,0,10.176258999999845,9.826793913166078,nan,51.0,nan,90.0,92.0,92.0,92.0,407.0503599999938,0,0,8.123356973453733,0,0.0,0,0,0.0,0,0,171.91392302513123,171.91392302513123,96.48033767938614,96.48033767938614,3.1386245305015676,1.5578222254230416,1.873929211729423,3038,0,5.945863371398494,0,0.0,0,0,0.0,0,0,33.35822045803071,33.35822045803071,5.35393327474594,5.35393327474594,0.7150673550762161,0.6168615397073265,0.12184779702853898,46,0,0.2602230940959035,0.0,0.0,0.0,0.0,0.0,0.0,303.87005932676885,0.0,0.0,8.123356973453733,0.0,
1100,11,,,,0.0,,,100,50,100,0,7,0,0,0,,0,7,0,,,21,0,0,0,0,1,0.0,0.84,0.0,0.0,0.0,False,paper_3v3_joint_eq15_23_v1,paper_joint,paper_3v3_v1,paper_fixed_v1,paper_3v3_pid_v1,0.8,paper_3v3_eq9_11_v1,vanilla_mappo_paper_3v3_v2,tanh_squashed_diag_gaussian_v1,pre_tanh_base_normal_entropy_v1,3686728c40163c88388932de0beb132e15024687879e03f982fd4715aa6d4d9d,simple_dynamic_pursuit_with_mws,,,3,3,1400,eq17_minimal_finite_tail_v1,"{""d_att_max_m"":10000.000001,""h_adv_m"":5000.0,""h_att_m"":2000.0,""h_max_m"":10000.0,""h_min_m"":0.0,""high_altitude_tail"":0.0,""version"":""eq17_minimal_finite_tail_v1""}",0.3337481617927551,0.28580427169799805,0.36813884973526,-1.1002572774887085,0.3337481617927551,0.28580427169799805,0.36813884973526,0.0,0.0,0.03374816179275514,1.112493872642517,-0.09010889331499736,466.9461242675781,0.9729507873455684,-0.0414613554875056,0.048647540311018624,60,60,0,10,10,0,-7.059157945448806e-05,-0.001740838226915496,0.23466945656850216,0.0,0.0,-180.78075489173122,-90.0,0.0,,,,,,,,,,,,,,0,3882,0,3,10536,3542,0,10536,10596,3882,0,1061,0,87,1231,3488,0.0,0.0007727975270479134,0.0,0.3684510250569476,0,0,60,60,0.0,0.0,0.0,0.0,0.0,0.0,0.0,0.0,0.0,0.0,0.0,3221.118349268146,2911.114884219247,2961.1359198716573,3401.1305996188003,19.286819279437918,19.891778570325737,108.9616180283205,90.15696317883615,207.81296772440226,388.3172572872306,0.5,0,0,0,0,0,0,0,0,0,0,0,0.0,0.0,0.0,0.0,0.0,0,0.0,0,0.0,0,0.0,0.0,0.0,1,1,0,0,0,3,1,0,0,0,0,4.866666666666655,4.866666666666655,5.359999999999986,4.24999999999999,5.483333333333319,0,0.0,0,0.0,2,1.0,291.0,1.0,4.866666666666655,4.866666666666655,0,2,582,582,30.000000000000007,0,0,0,0,0,0,0,0,0,0,0,0,0,0,0,0,0,0,0.0,0.0,0.0,0.0,0.0,0.0,0.0,0,1,10.395024800000101,9.61998666900718,nan,nan,nan,nan,nan,nan,nan,405.40596720000394,0,0,0.0,0,0.0,0,0,0.0,0,0,0.0,0.0,0.0,0.0,0.0,0.0,0.0,0,0,0.0,0,0.0,0,0,0.0,0,0,0.0,0.0,0.0,0.0,0.0,0.0,0.0,0,0,0.26068873959659244,0.0,0.0,0.0,0.0,0.0,,,0.0,,,0.0,
1200,12,,,,0.0,,,100,50,100,0,7,0,0,0,,0,7,0,,,21,0,0,0,0,2,0.0,0.75,0.0,0.0,0.0,False,paper_3v3_joint_eq15_23_v1,paper_joint,paper_3v3_v1,paper_fixed_v1,paper_3v3_pid_v1,0.8,paper_3v3_eq9_11_v1,vanilla_mappo_paper_3v3_v2,tanh_squashed_diag_gaussian_v1,pre_tanh_base_normal_entropy_v1,3686728c40163c88388932de0beb132e15024687879e03f982fd4715aa6d4d9d,simple_dynamic_pursuit_with_mws,,,3,3,1400,eq17_minimal_finite_tail_v1,"{""d_att_max_m"":10000.000001,""h_adv_m"":5000.0,""h_att_m"":2000.0,""h_max_m"":10000.0,""h_min_m"":0.0,""high_altitude_tail"":0.0,""version"":""eq17_minimal_finite_tail_v1""}",0.34237733483314514,0.30232957005500793,0.37792232632637024,-1.0738211870193481,0.34237733483314514,0.30232957005500793,0.37792232632637024,0.0,0.0,0.04237733483314515,1.1412577827771506,0.09971252977848052,28.29184513092041,1.085528678894043,0.15398896276950835,0.05427643492817879,50,50,0,10,10,0,-7.059157945448806e-05,-0.001740838226915496,0.23466945656850216,0.0,0.0,-180.78075489173122,-90.0,0.0,,,,,,,,,,,,,,0,6364,0,3,7434,219,0,7434,7434,6364,0,2942,0,87,123,3516,0.0,0.0004714016341923319,0.0,0.8560667204735002,0,0,0,0,0.0,0.0,0.0,0.0,0.0,0.0,0.0,0.0,0.0,0.0,0.0,3895.7348988912745,3656.217524950495,4195.688833812755,4285.229240292794,23.677759908610483,27.429283469237763,138.49225737494086,153.1991782826387,122.97626008873682,273.25402315312175,1.0,0,0,0,0,0,0,0,0,0,0,0,0.0,0.0,0.0,0.0,0.0,0,0.0,0,0.0,0,0.0,0.0,0.0,2,0,0,0,0,3,0,0,0,0,0,5.041666666666654,5.041666666666654,5.461666666666653,4.516666666666656,5.566666666666652,0,0.0,0,0.0,2,1.0,301.5,1.0,5.041666666666654,5.041666666666654,0,2,603,603,30.000000000000007,0,0,0,0,0,0,0,0,0,0,0,0,0,0,0,0,0,0,0.0,0.0,0.0,0.0,0.0,0.0,0.0,0,1,9.4190308000002,10.616803588751177,nan,nan,nan,nan,nan,nan,nan,357.9231704000077,0,0,0.0,0,0.0,0,0,0.0,0,0,0.0,0.0,0.0,0.0,0.0,0.0,0.0,0,0,0.0,0,0.0,0,0,0.0,0,0,0.0,0.0,0.0,0.0,0.0,0.0,0.0,0,0,0.27352629640550635,0.0,0.0,0.0,0.0,0.0,,,0.0,,,0.0,
1300,13,-268.28368759155273,19.875726301876316,0.0,0.0,0.0,3.25,100,50,100,0,8,0,0,0,,0,8,0,0.0,3.0,24,0,0,0,0,2,0.0,0.8275862068965517,0.0,0.0,0.0,False,paper_3v3_joint_eq15_23_v1,paper_joint,paper_3v3_v1,paper_fixed_v1,paper_3v3_pid_v1,0.8,paper_3v3_eq9_11_v1,vanilla_mappo_paper_3v3_v2,tanh_squashed_diag_gaussian_v1,pre_tanh_base_normal_entropy_v1,3686728c40163c88388932de0beb132e15024687879e03f982fd4715aa6d4d9d,simple_dynamic_pursuit_with_mws,,,3,3,1400,eq17_minimal_finite_tail_v1,"{""d_att_max_m"":10000.000001,""h_adv_m"":5000.0,""h_att_m"":2000.0,""h_max_m"":10000.0,""h_min_m"":0.0,""high_altitude_tail"":0.0,""version"":""eq17_minimal_finite_tail_v1""}",0.3464743494987488,0.29913341999053955,0.3825390338897705,-1.0626236200332642,0.3464743494987488,0.29913341999053955,0.3825390338897705,0.0,0.0,0.04647434949874879,1.1549144983291626,0.2198598265647888,780.5787048339844,1.1496667643388112,0.2773431653777758,0.0574833390613397,60,60,0,10,10,0,-6.176763202267705e-05,-0.0015232334485510588,0.22974009580390992,0.0,0.0,-178.51185906405718,-90.0,0.0,-6.176763202267705e-05,-2.0589210674225683e-05,-0.0015232334485510588,-0.000507744482850353,0.22974009580390992,0.07658003193463664,0.0,0.0,0.0,0.0,-178.51185906405718,-59.503953021352395,-90.0,0,3093,0,1,7461,3580,0,7461,7521,3093,0,2068,0,29,1222,3490,0.0,0.00032331070158422246,0.0,0.4145556895858464,0,0,60,60,0.0,0.0,0.0,0.0,0.0,0.0,0.0,0.0,0.0,0.0,0.0,4093.5349420055463,4093.5349420055463,4093.5349420055463,4093.5349420055463,7.38868411182847,7.38868411182847,175.54489265702966,175.54489265702966,50.02539401240678,696.8022038297995,1.0,0,0,0,0,0,0,0,0,0,0,0,0.0,0.0,0.0,0.0,0.0,0,0.0,0,0.0,0,0.0,0.0,0.0,2,0,0,0,0,1,0,0,0,0,0,7.708333333333311,7.708333333333311,7.8483333333333105,7.533333333333312,7.883333333333311,0,0.0,0,0.0,2,1.0,461.5,1.0,7.708333333333311,7.708333333333311,0,2,923,923,30.000000000000007,0,0,0,0,0,116,116,0,0,4,0,0,46,0,0,0,0,39,60.000000000000036,5.666666666666667,5.433333333333334,5.73888888888889,0.0,0.0,0.0,1,0,9.583671500000037,10.434414409967998,nan,63.0,nan,95.0,159.0,159.0,159.0,354.59584550000136,0,0,7.753317923547574,0,0.0,0,0,0.0,0,0,179.78436648845673,179.78436648845673,98.28964322805405,98.28964322805405,3.135902209469625,1.4987056457176957,0.99092734432401,4137,0,6.877100693706811,0,0.0,0,0,0.0,0,0,31.554180085659016,31.554180085659016,14.718555479776114,14.718555479776114,0.6751031801773658,0.5743406415372441,0.1003898334441118,200,0,0.2761622229225135,0.0,0.0,0.0,0.0,0.0,0.0,303.78433023871696,0.0,0.0,7.753317923547574,0.0,
1400,14,-273.3579678005642,23.603754367721347,0.0,0.0,0.0,3.2222222222222223,100,50,100,0,9,0,0,0,,0,9,0,0.0,3.0,27,0,0,0,0,1,0.0,0.8709677419354839,0.0,0.0,0.0,False,paper_3v3_joint_eq15_23_v1,paper_joint,paper_3v3_v1,paper_fixed_v1,paper_3v3_pid_v1,0.8,paper_3v3_eq9_11_v1,vanilla_mappo_paper_3v3_v2,tanh_squashed_diag_gaussian_v1,pre_tanh_base_normal_entropy_v1,3686728c40163c88388932de0beb132e15024687879e03f982fd4715aa6d4d9d,simple_dynamic_pursuit_with_mws,,,3,3,1400,eq17_minimal_finite_tail_v1,"{""d_att_max_m"":10000.000001,""h_adv_m"":5000.0,""h_att_m"":2000.0,""h_max_m"":10000.0,""h_min_m"":0.0,""high_altitude_tail"":0.0,""version"":""eq17_minimal_finite_tail_v1""}",0.36153656244277954,0.2863486111164093,0.4133743643760681,-1.0245534181594849,0.36153656244277954,0.2863486111164093,0.4133743643760681,0.0,0.0,0.06153656244277955,1.2051218748092651,-0.07213941716722079,952.9002197265625,1.316142623765128,-0.006332286766597203,0.06580713231648717,70,70,0,10,10,0,-5.490456179793516e-05,-0.0013539852876009412,0.20500646473450915,0.0,0.0,-183.5615750342093,-90.0,0.0,-5.490456179793516e-05,-1.830152059931172e-05,-0.0013539852876009412,-0.0004513284292003137,0.20500646473450915,0.06833548824483639,0.0,0.0,0.0,0.0,-183.5615750342093,-61.18719167806977,-90.0,0,3545,0,2,9576,4008,0,9576,9558,3623,0,1456,0,58,1425,3518,0.0,0.0005641748942172073,0.0,0.3701963241436926,0,0,60,60,0.0,0.0,0.0,0.0,0.0,0.0,0.0,0.0,0.0,0.0,0.0,2686.5520229010617,2509.8299695193573,2686.5520229010617,2863.2740762827657,15.65670623570523,15.65670623570523,116.72359398776493,116.72359398776493,188.888401760713,323.2483244609066,0.5,0,0,0,0,0,0,0,0,0,0,0,0.0,0.0,0.0,0.0,0.0,0,0.0,0,0.0,0,0.0,0.0,0.0,1,1,0,0,0,2,1,0,0,0,0,5.858333333333318,5.858333333333318,7.131666666666646,4.266666666666657,7.449999999999979,0,0.0,0,0.0,2,1.0,350.5,1.0,5.858333333333318,5.858333333333318,0,2,701,701,30.000000000000004,0,0,0,0,0,98,98,0,0,3,0,0,54,0,0,0,0,38,59.999999999999986,6.422222222222222,7.333333333333333,6.422222222222222,0.0,0.0,0.0,1,0,9.530897899999673,10.49219087742021,nan,66.0,nan,89.0,166.0,166.0,166.0,343.1123243999882,0,0,7.89625098561726,0,0.0,0,0,0.0,0,0,178.20916414260864,178.20916414260864,108.33145558834077,108.33145558834077,3.1411070098831915,1.4709661491287127,1.1328282260541693,4177,0,6.730271311088944,0,0.0,0,0,0.0,0,0,12.385974526405338,12.385974526405338,6.446306817233562,6.446306817233562,0.69621383449195,0.582193416552068,0.10524919715226312,309,0,0.281078694160399,0.0,0.0,0.0,0.0,0.0,0.0,310.7756939902609,0.0,0.0,7.89625098561726,0.0,
1500,15,,,,0.0,,,100,50,100,0,9,0,0,0,,0,9,0,,,27,0,0,0,0,2,0.0,0.7714285714285715,0.0,0.0,0.0,False,paper_3v3_joint_eq15_23_v1,paper_joint,paper_3v3_v1,paper_fixed_v1,paper_3v3_pid_v1,0.8,paper_3v3_eq9_11_v1,vanilla_mappo_paper_3v3_v2,tanh_squashed_diag_gaussian_v1,pre_tanh_base_normal_entropy_v1,3686728c40163c88388932de0beb132e15024687879e03f982fd4715aa6d4d9d,simple_dynamic_pursuit_with_mws,,,3,3,1400,eq17_minimal_finite_tail_v1,"{""d_att_max_m"":10000.000001,""h_adv_m"":5000.0,""h_att_m"":2000.0,""h_max_m"":10000.0,""h_min_m"":0.0,""high_altitude_tail"":0.0,""version"":""eq17_minimal_finite_tail_v1""}",0.385223925113678,0.30059805512428284,0.44424673914909363,-0.961438000202179,0.385223925113678,0.30059805512428284,0.44424673914909363,0.0,0.0,0.08522392511367799,1.2840797503789267,-0.13955942491690318,118.69507522583008,1.38876384695371,-0.07012123266855876,0.06943819373846054,60,60,0,10,10,0,-5.490456179793516e-05,-0.0013539852876009412,0.20500646473450915,0.0,0.0,-183.5615750342093,-90.0,0.0,,,,,,,,,,,,,,0,5046,0,4,9432,1286,0,9432,9061,5364,0,1822,0,116,615,3419,0.0,0.0007927070947284979,0.0,0.5349872773536896,0,0,0,0,0.0,0.0,0.0,0.0,0.0,0.0,0.0,0.0,0.0,0.0,0.0,2627.630117043297,2098.3970897200825,2464.3401982663495,2993.5732255895646,20.69500435899087,24.122818333072427,130.82546412706094,128.02391684473906,143.32854442465273,792.3616971104684,1.0,0,0,0,0,0,0,0,0,0,0,0,0.0,0.0,0.0,0.0,0.0,0,0.0,0,0.0,0,0.0,0.0,0.0,2,0,0,0,0,4,0,0,0,0,0,4.608333333333322,4.608333333333322,4.814999999999988,4.34999999999999,4.866666666666655,0,0.0,0,0.0,2,1.0,275.5,1.0,4.608333333333322,4.608333333333322,0,2,551,551,30.000000000000007,0,0,0,0,0,0,0,0,0,0,0,0,0,0,0,0,0,0,0.0,0.0,0.0,0.0,0.0,0.0,0.0,0,1,9.082123199999842,11.010641212178419,nan,nan,nan,nan,nan,nan,nan,317.87431199999446,0,0,0.0,0,0.0,0,0,0.0,0,0,0.0,0.0,0.0,0.0,0.0,0.0,0.0,0,0,0.0,0,0.0,0,0,0.0,0,0,0.0,0.0,0.0,0.0,0.0,0.0,0.0,0,0,0.31276901487250136,0.0,0.0,0.0,0.0,0.0,,,0.0,,,0.0,
1600,16,-272.0987923362038,22.161600171395442,0.0,0.0,0.0,3.3636363636363638,100,50,100,0,11,0,0,0,,0,11,0,0.0,3.0,33,0,0,0,0,4,0.0,0.8918918918918919,0.0,0.0,0.0,False,paper_3v3_joint_eq15_23_v1,paper_joint,paper_3v3_v1,paper_fixed_v1,paper_3v3_pid_v1,0.8,paper_3v3_eq9_11_v1,vanilla_mappo_paper_3v3_v2,tanh_squashed_diag_gaussian_v1,pre_tanh_base_normal_entropy_v1,3686728c40163c88388932de0beb132e15024687879e03f982fd4715aa6d4d9d,simple_dynamic_pursuit_with_mws,,,3,3,1400,eq17_minimal_finite_tail_v1,"{""d_att_max_m"":10000.000001,""h_adv_m"":5000.0,""h_att_m"":2000.0,""h_max_m"":10000.0,""h_min_m"":0.0,""high_altitude_tail"":0.0,""version"":""eq17_minimal_finite_tail_v1""}",0.3816232681274414,0.2933383285999298,0.4469999670982361,-0.9719435572624207,0.3816232681274414,0.2933383285999298,0.4469999670982361,0.0,0.0,0.08162326812744142,1.2720775604248047,-0.6285506268031895,753.1685485839844,1.3854268968105317,-0.5592792809940874,0.06927134641446173,80,80,0,10,10,0,-4.6086803200674284e-05,-0.0013476513173693557,0.2346017663833815,0.0,0.0,-182.33201032548985,-90.0,0.0,-4.6086803200674284e-05,-1.5362267733558095e-05,-0.0013476513173693557,-0.0004492171057897852,0.2346017663833815,0.0782005887944605,0.0,0.0,0.0,0.0,-182.33201032548985,-60.777336775163285,-90.0,0,2226,0,2,7254,2875,387,7254,5193,4050,0,1739,0,19,888,2615,0.0,0.0008984725965858042,0.0,0.3068651778329198,0,0,120,120,0.0,0.0,0.0,0.0,0.0,0.0,0.0,0.0,0.0,0.0,0.0,2548.0011702916854,2266.9827391913027,2548.0011702916854,2829.0196013920686,44.05509570165211,44.05509570165211,166.32125982841177,166.32125982841177,-58.46763936564072,649.5181596226353,0.8,0,0,0,0,0,0,0,0,0,0,0,0.0,0.0,0.0,0.0,0.0,0,0.0,0,0.0,0,0.0,0.0,0.0,4,0,1,0,0,2,0,1,0,0,0,4.943333333333321,4.783333333333322,6.473333333333316,2.6999999999999953,6.799999999999981,0,0.0,0,0.0,5,1.0,295.8,1.0,4.943333333333321,4.783333333333322,0,5,1479,1479,30.000000000000007,0,0,0,0,0,186,186,0,0,8,0,0,70,0,0,0,0,34,60.000000000000036,4.677083333333333,4.504166666666666,4.761111111111111,0.0,0.0,0.0,2,0,8.542326299999786,11.706413041141088,nan,73.5,nan,102.5,149.0,149.0,165.8,290.4390941999927,0,0,9.333422989421432,19,19.0,1,0,0.0,0,0,179.82957780361176,179.82957780361176,118.72690379619597,118.72690379619597,3.141501075292691,1.5655026254446822,8.285756408825419,8319,0,7.110083106697284,0,0.0,0,0,0.0,0,0,125.6545615196228,125.6545615196228,50.885024070739746,50.885024070739746,1.3635966463276794,1.2870588355969903,0.39188053248161614,1576,0,0.29205204743860835,0.0,0.0,0.0,0.0,0.0,0.0,310.98065717112445,0.0,0.0,9.333422989421432,0.0,
1700,17,,,,0.0,,,100,50,100,0,11,0,0,0,,0,11,0,,,33,0,0,0,0,0,0.0,0.8918918918918919,0.0,0.0,0.0,False,paper_3v3_joint_eq15_23_v1,paper_joint,paper_3v3_v1,paper_fixed_v1,paper_3v3_pid_v1,0.8,paper_3v3_eq9_11_v1,vanilla_mappo_paper_3v3_v2,tanh_squashed_diag_gaussian_v1,pre_tanh_base_normal_entropy_v1,3686728c40163c88388932de0beb132e15024687879e03f982fd4715aa6d4d9d,simple_dynamic_pursuit_with_mws,,,3,3,1400,eq17_minimal_finite_tail_v1,"{""d_att_max_m"":10000.000001,""h_adv_m"":5000.0,""h_att_m"":2000.0,""h_max_m"":10000.0,""h_min_m"":0.0,""high_altitude_tail"":0.0,""version"":""eq17_minimal_finite_tail_v1""}",0.38964468240737915,0.3055017590522766,0.4442116916179657,-0.9507609009742737,0.38964468240737915,0.3055017590522766,0.4442116916179657,0.0,0.0,0.08964468240737916,1.2988156080245972,-0.10578397164742152,510.3626739501953,1.4996322035789489,-0.030802358190218607,0.07498161184291045,60,60,0,10,10,0,-4.6086803200674284e-05,-0.0013476513173693557,0.2346017663833815,0.0,0.0,-182.33201032548985,-90.0,0.0,,,,,,,,,,,,,,0,987,0,0,10800,4406,0,10800,10800,987,0,0,0,0,1622,3558,0.0,0.0,0.0,0.0913888888888889,0,0,0,0,0.0,0.0,0.0,0.0,0.0,0.0,0.0,0.0,0.0,0.0,0.0,0.0,0.0,0.0,0.0,0.0,0.0,0.0,0.0,0.0,0.0,0.0,0,0,0,0,0,0,0,0,0,0,0,0.0,0.0,0.0,0.0,0.0,0,0.0,0,0.0,0,0.0,0.0,0.0,0,0,0,0,0,0,0,0,0,0,0,0.0,0.0,0.0,0.0,0.0,0,0.0,0,0.0,0,0.0,0.0,0.0,0.0,0.0,0,0,0,0,0.0,0,0,0,0,0,0,0,0,0,0,0,0,0,0,0,0,0,0,0.0,0.0,0.0,0.0,0.0,0.0,0.0,0,1,9.74466670000038,10.262023635964491,nan,nan,nan,nan,nan,nan,nan,321.57400110001254,0,0,0.0,0,0.0,0,0,0.0,0,0,0.0,0.0,0.0,0.0,0.0,0.0,0.0,0,0,0.0,0,0.0,0,0,0.0,0,0,0.0,0.0,0.0,0.0,0.0,0.0,0.0,0,0,0.2984740260524753,0.0,0.0,0.0,0.0,0.0,,,0.0,,,0.0,
1800,18,,,,0.0,,,100,50,100,0,11,0,0,0,,0,11,0,,,33,0,0,0,0,2,0.0,0.7674418604651163,0.0,0.0,0.0,False,paper_3v3_joint_eq15_23_v1,paper_joint,paper_3v3_v1,paper_fixed_v1,paper_3v3_pid_v1,0.8,paper_3v3_eq9_11_v1,vanilla_mappo_paper_3v3_v2,tanh_squashed_diag_gaussian_v1,pre_tanh_base_normal_entropy_v1,3686728c40163c88388932de0beb132e15024687879e03f982fd4715aa6d4d9d,simple_dynamic_pursuit_with_mws,,,3,3,1400,eq17_minimal_finite_tail_v1,"{""d_att_max_m"":10000.000001,""h_adv_m"":5000.0,""h_att_m"":2000.0,""h_max_m"":10000.0,""h_min_m"":0.0,""high_altitude_tail"":0.0,""version"":""eq17_minimal_finite_tail_v1""}",0.4100587069988251,0.31315627694129944,0.47566336393356323,-0.9004148244857788,0.4100587069988251,0.31315627694129944,0.47566336393356323,0.0,0.0,0.11005870699882508,1.3668623566627502,-0.15968414892752966,107.83153839111328,1.6486826340357463,-0.07725001821915309,0.08243413319190343,60,60,0,10,10,0,-4.6086803200674284e-05,-0.0013476513173693557,0.2346017663833815,0.0,0.0,-182.33201032548985,-90.0,0.0,,,,,,,,,,,,,,0,6295,0,6,9792,24,474,9792,7744,8096,0,2580,0,160,0,3243,0.0,0.0009531374106433678,0.0,0.6428717320261438,0,0,0,0,0.0,0.0,0.0,0.0,0.0,0.0,0.0,0.0,0.0,0.0,0.0,2951.7376628756065,2511.427586240962,2794.998595113335,3380.769566984679,24.15782303594983,23.829578711885823,114.4913351640535,101.62579113450195,176.41234009265293,491.679348266116,0.5,0,0,0,0,0,0,0,0,0,0,0,0.0,0.0,0.0,0.0,0.0,0,0.0,0,0.0,0,0.0,0.0,0.0,2,1,1,0,0,6,1,1,0,0,0,4.724999999999988,4.641666666666655,5.3416666666666535,4.149999999999991,5.466666666666653,0,0.0,0,0.0,4,1.0,282.75,1.0,4.724999999999988,4.641666666666655,0,4,1131,1131,30.000000000000007,0,0,0,0,0,0,0,0,0,0,0,0,0,0,0,0,0,0,0.0,0.0,0.0,0.0,0.0,0.0,0.0,0,1,9.1840787000001,10.888408436656679,nan,nan,nan,nan,nan,nan,nan,293.8905184000032,0,0,0.0,0,0.0,0,0,0.0,0,0,0.0,0.0,0.0,0.0,0.0,0.0,0.0,0,0,0.0,0,0.0,0,0,0.0,0,0,0.0,0.0,0.0,0.0,0.0,0.0,0.0,0,0,0.31525984115006517,0.0,0.0,0.0,0.0,0.0,,,0.0,,,0.0,
1900,19,-269.6328875223796,22.739745616496844,0.0,0.0,0.0,3.3333333333333335,100,50,100,0,12,0,0,0,,0,12,0,0.0,3.0,36,0,0,0,0,3,0.0,0.8181818181818182,0.0,0.0,0.0,False,paper_3v3_joint_eq15_23_v1,paper_joint,paper_3v3_v1,paper_fixed_v1,paper_3v3_pid_v1,0.8,paper_3v3_eq9_11_v1,vanilla_mappo_paper_3v3_v2,tanh_squashed_diag_gaussian_v1,pre_tanh_base_normal_entropy_v1,3686728c40163c88388932de0beb132e15024687879e03f982fd4715aa6d4d9d,simple_dynamic_pursuit_with_mws,,,3,3,1400,eq17_minimal_finite_tail_v1,"{""d_att_max_m"":10000.000001,""h_adv_m"":5000.0,""h_att_m"":2000.0,""h_max_m"":10000.0,""h_min_m"":0.0,""high_altitude_tail"":0.0,""version"":""eq17_minimal_finite_tail_v1""}",0.4199516475200653,0.2977455258369446,0.4945126175880432,-0.8769012689590454,0.4199516475200653,0.2977455258369446,0.4945126175880432,0.0,0.0,0.11995164752006532,1.3998388250668845,-0.13173009072031294,699.8564453125,1.6317715951374598,-0.050141514199120656,0.0815885814172881,70,70,0,10,10,0,-4.224623626728476e-05,-0.0012353470409219094,0.2939878655048963,0.0,0.0,-179.92560548410572,-90.0,0.0,-4.224623626728476e-05,-1.4082078755761586e-05,-0.0012353470409219094,-0.0004117823469739698,0.2939878655048963,0.09799595516829877,0.0,0.0,0.0,0.0,-179.92560548410572,-59.97520182803524,-90.0,0,1858,0,1,7827,3368,949,7827,5422,3845,0,850,0,29,1132,2476,0.0,0.0005382131324004305,0.0,0.2373834163792002,0,0,60,60,0.0,0.0,0.0,0.0,0.0,0.0,0.0,0.0,0.0,0.0,0.0,2433.248424518918,2433.248424518918,2433.248424518918,2433.248424518918,36.362089515370975,36.362089515370975,161.09832005422672,161.09832005422672,1.4426956143752605,524.0255369232045,1.0,0,0,0,0,0,0,0,0,0,0,0,0.0,0.0,0.0,0.0,0.0,0,0.0,0,0.0,0,0.0,0.0,0.0,3,0,0,0,0,1,0,0,0,0,0,5.366666666666653,4.966666666666654,6.379999999999983,4.39999999999999,6.733333333333315,0,0.0,0,0.0,3,1.0,321.0,1.0,5.366666666666653,4.966666666666654,0,3,963,963,30.000000000000007,0,0,0,0,0,73,73,0,0,3,0,0,15,0,0,0,0,28,60.000000000000036,4.794444444444445,4.783333333333333,4.794444444444445,0.0,0.0,0.0,1,0,8.4664072999999,11.811385450355214,nan,60.0,nan,88.0,123.0,123.0,123.0,262.4586262999969,0,0,7.2750721785211026,0,0.0,0,0,0.0,0,0,178.3162486553192,178.3162486553192,113.31829100847244,113.31829100847244,3.1380273054767605,1.532021491310672,2.5447321624901953,3448,0,6.3608385711637325,0,0.0,0,0,0.0,0,0,25.526880919933326,25.526880919933326,18.88475775718689,18.88475775718689,0.9120467841009551,0.8113306372345982,0.14555383360895927,500,0,0.3190127323608701,0.0,0.0,0.0,0.0,0.0,0.0,303.7488726952725,0.0,0.0,7.2750721785211026,0.0,
2000,20,,,,0.0,,,100,50,100,0,12,0,0,0,,0,12,0,,,36,0,0,0,0,0,0.0,0.8,0.0,0.0,0.0,False,paper_3v3_joint_eq15_23_v1,paper_joint,paper_3v3_v1,paper_fixed_v1,paper_3v3_pid_v1,0.8,paper_3v3_eq9_11_v1,vanilla_mappo_paper_3v3_v2,tanh_squashed_diag_gaussian_v1,pre_tanh_base_normal_entropy_v1,3686728c40163c88388932de0beb132e15024687879e03f982fd4715aa6d4d9d,simple_dynamic_pursuit_with_mws,,,3,3,1400,eq17_minimal_finite_tail_v1,"{""d_att_max_m"":10000.000001,""h_adv_m"":5000.0,""h_att_m"":2000.0,""h_max_m"":10000.0,""h_min_m"":0.0,""high_altitude_tail"":0.0,""version"":""eq17_minimal_finite_tail_v1""}",0.42871206998825073,0.3306133449077606,0.4995393455028534,-0.856082558631897,0.42871206998825073,0.3306133449077606,0.4995393455028534,0.0,0.0,0.12871206998825074,1.4290402332941692,0.15371774658560752,99.73137512207032,1.7318702697753907,0.24031126052141188,0.08659351468086243,40,40,0,10,10,0,-4.224623626728476e-05,-0.0012353470409219094,0.2939878655048963,0.0,0.0,-179.92560548410572,-90.0,0.0,,,,,,,,,,,,,,0,1099,0,1,7200,1777,88,7200,6497,1165,0,168,0,29,1034,2895,0.0,0.0009099181073703367,0.0,0.15263888888888888,0,0,0,0,0.0,0.0,0.0,0.0,0.0,0.0,0.0,0.0,0.0,0.0,0.0,2245.9649321813868,2245.9649321813868,2245.9649321813868,2245.9649321813868,23.67700419360032,23.67700419360032,90.00629867995721,90.00629867995721,274.94970970390335,74.2489379485105,0.0,0,0,0,0,0,0,0,0,0,0,0,0.0,0.0,0.0,0.0,0.0,0,0.0,0,0.0,0,0.0,0.0,0.0,0,0,0,0,0,1,0,0,0,0,0,0.0,0.0,0.0,0.0,0.0,0,0.0,0,0.0,0,0.0,0.0,0.0,0.0,0.0,0,0,0,0,0.0,0,0,0,0,0,0,0,0,0,0,0,0,0,0,0,0,0,0,0.0,0.0,0.0,0.0,0.0,0.0,0.0,0,1,7.946437500000229,12.584255523308038,nan,nan,nan,nan,nan,nan,nan,238.39312500000688,0,0,0.0,0,0.0,0,0,0.0,0,0,0.0,0.0,0.0,0.0,0.0,0.0,0.0,0,0,0.0,0,0.0,0,0,0.0,0,0,0.0,0.0,0.0,0.0,0.0,0.0,0.0,0,0,0.3267296646578082,0.0,0.0,0.0,0.0,0.0,,,0.0,,,0.0,
2100,21,,,,0.0,,,100,50,100,0,12,1,3,1,,0,12,0,,,36,0,0,0,0,0,0.0,0.782608695652174,0.0,0.0,0.0,False,paper_3v3_joint_eq15_23_v1,paper_joint,paper_3v3_v1,paper_fixed_v1,paper_3v3_pid_v1,0.8,paper_3v3_eq9_11_v1,vanilla_mappo_paper_3v3_v2,tanh_squashed_diag_gaussian_v1,pre_tanh_base_normal_entropy_v1,3686728c40163c88388932de0beb132e15024687879e03f982fd4715aa6d4d9d,simple_dynamic_pursuit_with_mws,,,3,3,1400,eq17_minimal_finite_tail_v1,"{""d_att_max_m"":10000.000001,""h_adv_m"":5000.0,""h_att_m"":2000.0,""h_max_m"":10000.0,""h_min_m"":0.0,""high_altitude_tail"":0.0,""version"":""eq17_minimal_finite_tail_v1""}",0.444802463054657,0.30557093024253845,0.5104415416717529,-0.8170211315155029,0.444802463054657,0.30557093024253845,0.5104415416717529,0.0,0.0,0.144802463054657,1.4826748768488567,-0.1006746510664622,480.7591033935547,1.8525114675362906,-0.008049076795578003,0.09262557489176591,60,60,0,10,10,0,-4.224623626728476e-05,-0.0012353470409219094,0.2939878655048963,0.0,0.0,-179.92560548410572,-90.0,0.0,,,,,,,,,,,,,,0,728,0,1,10506,4121,444,10506,5921,5134,0,340,0,29,1476,2133,0.0,0.0013736263736263737,0.0,0.06929373691224062,0,0,60,60,0.0,0.0,0.0,0.0,0.0,0.0,0.0,0.0,0.0,0.0,0.0,1206.4078759297267,1206.4078759297267,1206.4078759297267,1206.4078759297267,13.949972396115294,13.949972396115294,90.55291588382187,90.55291588382187,302.1475281712446,353.7505410037529,0.0,0,0,0,0,0,0,0,0,0,0,0,0.0,0.0,0.0,0.0,0.0,0,0.0,0,0.0,0,0.0,0.0,0.0,0,0,2,0,0,1,0,2,0,0,0,3.2749999999999932,3.2749999999999932,4.0683333333333245,2.28333333333333,4.266666666666657,0,0.0,0,0.0,2,1.0,196.5,1.0,3.2749999999999932,3.2749999999999932,0,2,393,393,30.000000000000007,0,0,0,0,0,96,96,0,0,4,0,0,19,0,0,1,0,33,60.000000000000036,4.941666666666666,4.55,5.416666666666666,0.0,0.0,0.0,0,1,10.243118400000185,9.762651967392879,nan,nan,nan,nan,nan,nan,nan,297.05043360000536,0,0,368.65079250739666,7,6.0,1,0,1.0,0,0,179.36178982257843,179.36178982257843,105.7823833823204,105.7823833823204,3.136019620394352,1.5493187121609189,9.053867084993618,5702,0,8.277179206063353,0,0.0,0,0,0.0,0,0,63.651842772960656,63.651842772960656,25.914398431777954,25.914398431777954,1.4146205275160475,1.388999098247456,0.31482561650018637,1957,0,0.3365985840594477,0.0,0.0,0.0,0.0,0.0,0.0,311.57065474932324,0.0,0.0,368.65079250739666,0.0,
2200,22,,,,0.0,,,100,50,100,0,12,1,0,0,,0,12,0,,,36,0,0,0,0,1,0.0,0.6923076923076923,0.0,0.0,0.0,False,paper_3v3_joint_eq15_23_v1,paper_joint,paper_3v3_v1,paper_fixed_v1,paper_3v3_pid_v1,0.8,paper_3v3_eq9_11_v1,vanilla_mappo_paper_3v3_v2,tanh_squashed_diag_gaussian_v1,pre_tanh_base_normal_entropy_v1,3686728c40163c88388932de0beb132e15024687879e03f982fd4715aa6d4d9d,simple_dynamic_pursuit_with_mws,,,3,3,1400,eq17_minimal_finite_tail_v1,"{""d_att_max_m"":10000.000001,""h_adv_m"":5000.0,""h_att_m"":2000.0,""h_max_m"":10000.0,""h_min_m"":0.0,""high_altitude_tail"":0.0,""version"":""eq17_minimal_finite_tail_v1""}",0.4498938024044037,0.35460641980171204,0.5207841992378235,-0.805327832698822,0.4498938024044037,0.35460641980171204,0.5207841992378235,0.0,0.0,0.1498938024044037,1.499646008014679,-0.14886884490648905,408.00709838867186,1.850544454654058,-0.056341618796189624,0.09252722449600696,60,60,0,10,10,0,-4.224623626728476e-05,-0.0012353470409219094,0.2939878655048963,0.0,0.0,-179.92560548410572,-90.0,0.0,,,,,,,,,,,,,,0,2969,0,6,10545,64,75,10545,5555,7850,0,1399,0,162,43,2132,0.0,0.0020208824520040417,0.0,0.2815552394499763,0,0,0,0,0.0,0.0,0.0,0.0,0.0,0.0,0.0,0.0,0.0,0.0,0.0,2976.076941724284,2778.937845861028,2982.2378650182955,3162.7401268674266,30.91454965241486,33.718747128797546,113.04622804230318,114.24728524403747,150.83188736428409,530.1700525481189,1.0,0,0,0,0,0,0,0,0,0,0,0,0.0,0.0,0.0,0.0,0.0,0,0.0,0,0.0,0,0.0,0.0,0.0,1,0,0,0,0,6,0,0,0,0,0,5.516666666666652,5.516666666666652,5.516666666666652,5.516666666666652,5.516666666666652,0,0.0,0,0.0,1,1.0,330.0,1.0,5.516666666666652,5.516666666666652,0,1,330,330,30.000000000000007,0,0,0,0,0,0,0,0,0,0,0,0,0,0,0,0,0,0,0.0,0.0,0.0,0.0,0.0,0.0,0.0,0,1,10.100521200000003,9.900479195073613,nan,nan,nan,nan,nan,nan,nan,282.8145936000001,0,0,0.0,0,0.0,0,0,0.0,0,0,0.0,0.0,0.0,0.0,0.0,0.0,0.0,0,0,0.0,0,0.0,0,0,0.0,0,0,0.0,0.0,0.0,0.0,0.0,0.0,0.0,0,0,0.33867374600909345,0.0,0.0,0.0,0.0,0.0,,,0.0,,,0.0,
2300,23,-267.76654052734375,22.784170518742922,0.0,0.0,0.0,3.3846153846153846,100,50,100,0,13,1,0,0,,0,13,0,0.0,3.0,39,0,0,0,0,3,0.0,0.7222222222222222,0.0,0.0,0.0,False,paper_3v3_joint_eq15_23_v1,paper_joint,paper_3v3_v1,paper_fixed_v1,paper_3v3_pid_v1,0.8,paper_3v3_eq9_11_v1,vanilla_mappo_paper_3v3_v2,tanh_squashed_diag_gaussian_v1,pre_tanh_base_normal_entropy_v1,3686728c40163c88388932de0beb132e15024687879e03f982fd4715aa6d4d9d,simple_dynamic_pursuit_with_mws,,,3,3,1400,eq17_minimal_finite_tail_v1,"{""d_att_max_m"":10000.000001,""h_adv_m"":5000.0,""h_att_m"":2000.0,""h_max_m"":10000.0,""h_min_m"":0.0,""high_altitude_tail"":0.0,""version"":""eq17_minimal_finite_tail_v1""}",0.44728460907936096,0.30663731694221497,0.5268720388412476,-0.8129541277885437,0.44728460907936096,0.30663731694221497,0.5268720388412476,0.0,0.0,0.14728460907936097,1.4909486969312034,-0.29948294535279274,379.5506225585938,1.9637242197990417,-0.2012967336922884,0.09818621249869466,80,80,0,10,10,0,-3.899652578518593e-05,-0.001140320345466378,0.4503784796714306,0.0,0.0,-178.21574358112088,-90.0,0.0,-3.899652578518593e-05,-1.2998841928395309e-05,-0.001140320345466378,-0.000380106781822126,0.4503784796714306,0.15012615989047687,0.0,0.0,0.0,0.0,-178.21574358112088,-59.40524786037363,-90.0,0,4190,0,2,6885,1512,0,6885,5702,5433,0,1972,0,43,462,2437,0.0,0.00047732696897374703,0.0,0.6085693536673928,0,0,60,60,0.0,0.0,0.0,0.0,0.0,0.0,0.0,0.0,0.0,0.0,0.0,2843.695962708048,2803.997415244778,2843.695962708048,2883.394510171318,35.20963816458269,35.20963816458269,163.94545177261125,163.94545177261125,-43.793597807958285,633.8674056015107,0.5,0,0,0,0,0,0,0,0,0,0,0,0.0,0.0,0.0,0.0,0.0,0,0.0,0,0.0,0,0.0,0.0,0.0,3,0,3,0,0,2,0,3,0,0,0,5.377777777777763,5.699999999999985,5.974999999999984,4.116666666666657,6.033333333333317,0,0.0,0,0.0,6,1.0,322.1666666666667,1.0,5.377777777777763,5.699999999999985,0,6,1933,1933,30.000000000000007,0,0,0,0,0,98,98,0,0,4,0,0,7,0,0,0,0,30,60.000000000000036,5.050000000000001,5.083333333333334,5.138888888888889,0.0,0.0,0.0,1,0,8.554692400000022,11.689491021325296,nan,63.0,nan,90.0,133.0,133.0,133.0,230.9766948000006,0,0,7.623791625707152,0,0.0,0,0,0.0,0,0,179.99861877727085,179.99861877727085,120.31742691993712,120.31742691993712,3.1374881958098464,1.5682744494682044,1.7871244760789782,3584,0,6.692254132505182,0,0.0,0,0,0.0,0,0,35.794184245169156,35.794184245169156,43.23581054806709,43.23581054806709,1.0583346343453897,0.946348677584521,0.16926937310779433,948,0,0.3485471431655598,0.0,0.0,0.0,0.0,0.0,0.0,304.2987739869331,0.0,0.0,7.623791625707152,0.0,
2400,24,,,,0.0,,,100,50,100,0,13,2,33,1,,0,13,0,,,39,0,0,0,0,1,0.0,0.7222222222222222,0.0,0.0,0.0,False,paper_3v3_joint_eq15_23_v1,paper_joint,paper_3v3_v1,paper_fixed_v1,paper_3v3_pid_v1,0.8,paper_3v3_eq9_11_v1,vanilla_mappo_paper_3v3_v2,tanh_squashed_diag_gaussian_v1,pre_tanh_base_normal_entropy_v1,3686728c40163c88388932de0beb132e15024687879e03f982fd4715aa6d4d9d,simple_dynamic_pursuit_with_mws,,,3,3,1400,eq17_minimal_finite_tail_v1,"{""d_att_max_m"":10000.000001,""h_adv_m"":5000.0,""h_att_m"":2000.0,""h_max_m"":10000.0,""h_min_m"":0.0,""high_altitude_tail"":0.0,""version"":""eq17_minimal_finite_tail_v1""}",0.48905810713768005,0.31480860710144043,0.5594556331634521,-0.7221154570579529,0.48905810713768005,0.31480860710144043,0.5594556331634521,0.0,0.0,0.18905810713768006,1.6301936904589336,-0.3061056872208913,398.5356109619141,2.051219693819682,-0.20354470300177732,0.10256098633011182,60,60,0,10,10,0,-3.899652578518593e-05,-0.001140320345466378,0.4503784796714306,0.0,0.0,-178.21574358112088,-90.0,0.0,,,,,,,,,,,,,,0,1333,0,0,8352,4557,0,8352,8412,1333,0,3,0,0,1700,3473,0.0,0.0,0.0,0.15960249042145594,0,0,60,60,0.0,0.0,0.0,0.0,0.0,0.0,0.0,0.0,0.0,0.0,0.0,0.0,0.0,0.0,0.0,0.0,0.0,0.0,0.0,0.0,0.0,1.0,0,0,0,0,0,0,0,0,0,0,0,0.0,0.0,0.0,0.0,0.0,0,0.0,0,0.0,0,0.0,0.0,0.0,1,0,0,0,0,0,0,0,0,0,0,5.3833333333333195,5.3833333333333195,5.3833333333333195,5.3833333333333195,5.3833333333333195,0,0.0,0,0.0,1,1.0,322.0,1.0,5.3833333333333195,5.3833333333333195,0,1,322,322,30.000000000000007,0,0,0,0,0,130,130,0,0,6,0,0,2,0,0,1,0,28,60.000000000000036,4.766666666666667,5.383333333333333,5.383333333333333,0.0,0.0,0.0,0,1,8.291641699999673,12.060337821881998,nan,nan,nan,nan,nan,nan,nan,215.5826841999915,0,0,42679.56677056212,19,10.0,1,0,2.0,0,0,179.45981115102768,179.45981115102768,116.88239693641664,116.88239693641664,3.1410385102062834,1.5577388793394789,15.286367582923985,7673,0,8.072182087205716,0,0.0,0,0,0.0,0,0,15.609174370765693,15.609174370765693,35.7266744482331,35.7266744482331,1.4975767058052574,1.4042247236017205,0.6002911455287784,3092,0,0.34906439994500255,0.0,0.0,0.0,0.0,0.0,0.0,331.28257208539577,0.0,0.0,42679.56677056212,0.0,
2500,25,,,,0.0,,,100,50,100,0,13,2,0,0,,0,13,0,,,39,0,0,0,0,1,0.0,0.6964285714285714,0.0,0.0,0.0,False,paper_3v3_joint_eq15_23_v1,paper_joint,paper_3v3_v1,paper_fixed_v1,paper_3v3_pid_v1,0.8,paper_3v3_eq9_11_v1,vanilla_mappo_paper_3v3_v2,tanh_squashed_diag_gaussian_v1,pre_tanh_base_normal_entropy_v1,3686728c40163c88388932de0beb132e15024687879e03f982fd4715aa6d4d9d,simple_dynamic_pursuit_with_mws,,,3,3,1400,eq17_minimal_finite_tail_v1,"{""d_att_max_m"":10000.000001,""h_adv_m"":5000.0,""h_att_m"":2000.0,""h_max_m"":10000.0,""h_min_m"":0.0,""high_altitude_tail"":0.0,""version"":""eq17_minimal_finite_tail_v1""}",0.4757729172706604,0.344590961933136,0.5579320788383484,-0.7481951713562012,0.4757729172706604,0.344590961933136,0.5579320788383484,0.0,0.0,0.1757729172706604,1.5859097242355347,-0.1702333301305771,297.6539306640625,2.1132237056891126,-0.0645721435546875,0.10566118657588959,60,60,0,10,10,0,-3.899652578518593e-05,-0.001140320345466378,0.4503784796714306,0.0,0.0,-178.21574358112088,-90.0,0.0,,,,,,,,,,,,,,41,1399,1,2,10347,2831,444,10347,8357,3072,40,632,29,58,1305,3004,0.024390243902439025,0.0014295925661186562,0.003962501208079636,0.1352082729293515,0,0,0,0,287.3070684320013,287.3070684320013,287.3070684320013,287.3070684320013,36.44880470453821,36.44880470453821,90.4324650963316,90.4324650963316,226.5370273874826,94.73397426362953,0.0,2023.8093272652245,2013.0993043929238,2023.8093272652245,2034.5193501375254,19.473674592115827,19.473674592115827,91.72134274043827,91.72134274043827,263.7882288885213,350.81218116913715,0.5,0,0,1,0,0,1,0,1,0,0,0,1.0000000000000013,1.0000000000000013,1.0000000000000013,1.0000000000000013,1.0000000000000013,0,0.0,0,0.0,1,1.0,60.0,1.0,1,0,1,0,0,2,0,1,0,0,0,3.4749999999999925,3.4749999999999925,4.001666666666658,2.8166666666666615,4.133333333333324,0,0.0,0,0.0,2,1.0,208.0,1.0,2.6499999999999955,2.8166666666666615,0,3,476,476,30.000000000000007,0,0,0,0,0,0,0,0,0,0,0,0,0,0,0,0,0,0,0.0,0.0,0.0,0.0,0.0,0.0,0.0,0,1,11.591420799999923,8.627070117237109,nan,nan,nan,nan,nan,nan,nan,289.7855199999981,0,0,0.0,0,0.0,0,0,0.0,0,0,0.0,0.0,0.0,0.0,0.0,0.0,0.0,0,0,0.0,0,0.0,0,0,0.0,0,0,0.0,0.0,0.0,0.0,0.0,0.0,0.0,0,0,0.34078594328888423,0.0,0.0,0.0,0.0,0.0,,,0.0,,,0.0,
2600,26,,,,0.0,,,100,50,100,0,13,2,0,0,,0,13,0,,,39,0,0,0,0,1,0.0,0.6724137931034483,0.0,0.0,0.0,False,paper_3v3_joint_eq15_23_v1,paper_joint,paper_3v3_v1,paper_fixed_v1,paper_3v3_pid_v1,0.8,paper_3v3_eq9_11_v1,vanilla_mappo_paper_3v3_v2,tanh_squashed_diag_gaussian_v1,pre_tanh_base_normal_entropy_v1,3686728c40163c88388932de0beb132e15024687879e03f982fd4715aa6d4d9d,simple_dynamic_pursuit_with_mws,,,3,3,1400,eq17_minimal_finite_tail_v1,"{""d_att_max_m"":10000.000001,""h_adv_m"":5000.0,""h_att_m"":2000.0,""h_max_m"":10000.0,""h_min_m"":0.0,""high_altitude_tail"":0.0,""version"":""eq17_minimal_finite_tail_v1""}",0.47772207856178284,0.35816171765327454,0.5600009560585022,-0.7444336414337158,0.47772207856178284,0.35816171765327454,0.5600009560585022,0.0,0.0,0.17772207856178285,1.5924069285392761,-0.32869308173656464,129.99249649047852,2.0008683824539184,-0.22864966034889223,0.1000434210896492,50,50,0,10,10,0,-3.899652578518593e-05,-0.001140320345466378,0.4503784796714306,0.0,0.0,-178.21574358112088,-90.0,0.0,,,,,,,,,,,,,,0,1373,0,2,8310,235,2204,8310,2479,6733,0,305,0,58,235,1038,0.0,0.0014566642388929353,0.0,0.16522262334536703,0,0,0,0,0.0,0.0,0.0,0.0,0.0,0.0,0.0,0.0,0.0,0.0,0.0,1680.8498744678654,1636.882269029964,1680.8498744678654,1724.8174799057672,22.118921367142818,22.118921367142818,90.09194382646959,90.09194382646959,247.64525008544766,390.8119871910794,0.5,0,0,0,0,0,0,0,0,0,0,0,0.0,0.0,0.0,0.0,0.0,0,0.0,0,0.0,0,0.0,0.0,0.0,1,0,1,0,0,2,0,1,0,0,0,2.608333333333329,2.608333333333329,3.068333333333327,2.033333333333331,3.183333333333327,0,0.0,0,0.0,2,1.0,156.0,1.0,2.608333333333329,2.608333333333329,0,2,312,312,30.000000000000007,0,0,0,0,0,0,0,0,0,0,0,0,0,0,0,0,0,0,0.0,0.0,0.0,0.0,0.0,0.0,0.0,0,1,8.6620683000001,11.544586874245592,nan,nan,nan,nan,nan,nan,nan,207.88963920000242,0,0,0.0,0,0.0,0,0,0.0,0,0,0.0,0.0,0.0,0.0,0.0,0.0,0.0,0,0,0.0,0,0.0,0,0,0.0,0,0,0.0,0.0,0.0,0.0,0.0,0.0,0.0,0,0,0.34913237599304386,0.0,0.0,0.0,0.0,0.0,,,0.0,,,0.0,
2700,27,,,,0.0,,,100,50,100,0,13,2,0,0,,0,13,0,,,39,0,0,0,0,0,0.0,0.6290322580645161,0.0,0.0,0.0,False,paper_3v3_joint_eq15_23_v1,paper_joint,paper_3v3_v1,paper_fixed_v1,paper_3v3_pid_v1,0.8,paper_3v3_eq9_11_v1,vanilla_mappo_paper_3v3_v2,tanh_squashed_diag_gaussian_v1,pre_tanh_base_normal_entropy_v1,3686728c40163c88388932de0beb132e15024687879e03f982fd4715aa6d4d9d,simple_dynamic_pursuit_with_mws,,,3,3,1400,eq17_minimal_finite_tail_v1,"{""d_att_max_m"":10000.000001,""h_adv_m"":5000.0,""h_att_m"":2000.0,""h_max_m"":10000.0,""h_min_m"":0.0,""high_altitude_tail"":0.0,""version"":""eq17_minimal_finite_tail_v1""}",0.4601287245750427,0.35179537534713745,0.5527159571647644,-0.7816741466522217,0.4601287245750427,0.35179537534713745,0.5527159571647644,0.0,0.0,0.16012872457504274,1.5337624152501426,-0.14512543715536594,40.288527488708496,1.8972762107849122,-0.0502616286277771,0.09486381150782108,40,40,0,10,10,0,-3.899652578518593e-05,-0.001140320345466378,0.4503784796714306,0.0,0.0,-178.21574358112088,-90.0,0.0,,,,,,,,,,,,,,0,1206,0,4,7200,0,1260,7200,1206,7200,0,782,0,116,0,961,0.0,0.003316749585406302,0.0,0.1675,0,0,0,0,0.0,0.0,0.0,0.0,0.0,0.0,0.0,0.0,0.0,0.0,0.0,4357.355479789198,4151.974857879513,4358.832167028772,4564.212788938457,37.1450653663872,41.18089200150169,139.82041140132918,134.50186279928096,-8.018864234634671,1656.0844749855382,0.0,0,0,0,0,0,0,0,0,0,0,0,0.0,0.0,0.0,0.0,0.0,0,0.0,0,0.0,0,0.0,0.0,0.0,0,0,1,0,0,4,0,1,0,0,0,4.699999999999989,4.699999999999989,4.699999999999989,4.699999999999989,4.699999999999989,0,0.0,0,0.0,1,1.0,282.0,1.0,4.699999999999989,4.699999999999989,0,1,282,282,30.000000000000007,0,0,0,0,0,0,0,0,0,0,0,0,0,0,0,0,0,0,0.0,0.0,0.0,0.0,0.0,0.0,0.0,0,1,7.71147209999981,12.967692640683024,nan,nan,nan,nan,nan,nan,nan,177.36385829999563,0,0,0.0,0,0.0,0,0,0.0,0,0,0.0,0.0,0.0,0.0,0.0,0.0,0.0,0,0,0.0,0,0.0,0,0,0.0,0,0,0.0,0.0,0.0,0.0,0.0,0.0,0.0,0,0,0.35434190117928666,0.0,0.0,0.0,0.0,0.0,,,0.0,,,0.0,
2800,28,,,,0.0,,,100,50,100,0,13,3,31,1,,0,13,0,,,39,0,0,0,0,2,0.0,0.609375,0.0,0.0,0.0,False,paper_3v3_joint_eq15_23_v1,paper_joint,paper_3v3_v1,paper_fixed_v1,paper_3v3_pid_v1,0.8,paper_3v3_eq9_11_v1,vanilla_mappo_paper_3v3_v2,tanh_squashed_diag_gaussian_v1,pre_tanh_base_normal_entropy_v1,3686728c40163c88388932de0beb132e15024687879e03f982fd4715aa6d4d9d,simple_dynamic_pursuit_with_mws,,,3,3,1400,eq17_minimal_finite_tail_v1,"{""d_att_max_m"":10000.000001,""h_adv_m"":5000.0,""h_att_m"":2000.0,""h_max_m"":10000.0,""h_min_m"":0.0,""high_altitude_tail"":0.0,""version"":""eq17_minimal_finite_tail_v1""}",0.47887304425239563,0.3057979643344879,0.5592925548553467,-0.7439324855804443,0.47887304425239563,0.3057979643344879,0.5592925548553467,0.0,0.0,0.17887304425239564,1.5962434808413188,0.13454828143119812,119.42964782714844,2.1705767464637757,0.24307712376117707,0.10852883890271187,50,50,0,10,10,0,-3.899652578518593e-05,-0.001140320345466378,0.4503784796714306,0.0,0.0,-178.21574358112088,-90.0,0.0,,,,,,,,,,,,,,0,1977,0,2,6282,2052,33,6282,4029,4225,0,791,0,52,642,2226,0.0,0.0010116337885685382,0.0,0.31470869149952246,0,0,60,60,0.0,0.0,0.0,0.0,0.0,0.0,0.0,0.0,0.0,0.0,0.0,7329.11616074247,6144.570107724105,7329.11616074247,8513.662213760836,43.01501972171643,43.01501972171643,148.55100750873896,148.55100750873896,-75.48173197870899,5102.3924003889415,0.4,0,0,0,0,0,0,0,0,0,0,0,0.0,0.0,0.0,0.0,0.0,0,0.0,0,0.0,0,0.0,0.0,0.0,2,0,2,0,1,2,0,2,0,1,0,4.746666666666676,4.816666666666655,8.533333333333372,0.41666666666666663,10.000000000000076,0,0.0,0,0.0,5,1.0,284.2,1.0,4.746666666666676,4.816666666666655,0,5,1421,1421,30.000000000000007,0,0,0,0,0,100,100,2,2,6,0,0,3,0,0,1,0,32,59.999999999999986,3.75,4.258333333333333,4.466666666666667,0.9833333333333333,0.9833333333333333,0.0,0,1,6.660996999999952,15.012767608212512,nan,nan,nan,nan,nan,nan,nan,146.54193399999895,0,0,4408143.2508474495,50,33.0,1,0,2.0,0,0,179.9814283847809,179.9814283847809,142.66979813575745,142.66979813575745,3.1399751971285412,1.5544360757779478,494.5811957980282,6214,0,7.134118842211258,0,0.0,0,0,0.0,0,0,91.16926878690718,91.16926878690718,38.11875119805336,38.11875119805336,3.141074918503342,1.4158772650331264,0.6320603186788487,3882,0,0.3440098405020156,0.0,0.0,0.0,0.0,0.0,0.0,3009.3727606222064,0.0,0.0,4408143.2508474495,0.0,
2900,29,,,,0.0,,,100,50,100,0,13,3,0,0,,0,13,0,,,39,0,0,0,0,0,0.0,0.5909090909090909,0.0,0.0,0.0,False,paper_3v3_joint_eq15_23_v1,paper_joint,paper_3v3_v1,paper_fixed_v1,paper_3v3_pid_v1,0.8,paper_3v3_eq9_11_v1,vanilla_mappo_paper_3v3_v2,tanh_squashed_diag_gaussian_v1,pre_tanh_base_normal_entropy_v1,3686728c40163c88388932de0beb132e15024687879e03f982fd4715aa6d4d9d,simple_dynamic_pursuit_with_mws,,,3,3,1400,eq17_minimal_finite_tail_v1,"{""d_att_max_m"":10000.000001,""h_adv_m"":5000.0,""h_att_m"":2000.0,""h_max_m"":10000.0,""h_min_m"":0.0,""high_altitude_tail"":0.0,""version"":""eq17_minimal_finite_tail_v1""}",0.5192148685455322,0.3714613616466522,0.579508364200592,-0.661926805973053,0.5192148685455322,0.3714613616466522,0.579508364200592,0.0,0.0,0.21921486854553224,1.7307162284851074,0.027955860644578934,270.3910446166992,2.2907673180103303,0.14249422773718834,0.11453836727887393,40,40,0,10,10,0,-3.899652578518593e-05,-0.001140320345466378,0.4503784796714306,0.0,0.0,-178.21574358112088,-90.0,0.0,,,,,,,,,,,,,,0,1685,0,2,7200,3566,0,7200,6938,1766,0,1214,0,58,1482,3443,0.0,0.0011869436201780415,0.0,0.23402777777777778,0,0,0,0,0.0,0.0,0.0,0.0,0.0,0.0,0.0,0.0,0.0,0.0,0.0,3179.0458751969372,3071.950411772461,3179.0458751969372,3286.141338621413,33.85751135232644,33.85751135232644,105.05360149621538,105.05360149621538,130.6373971558898,901.6400462993051,0.0,0,0,0,0,0,0,0,0,0,0,0,0.0,0.0,0.0,0.0,0.0,0,0.0,0,0.0,0,0.0,0.0,0.0,0,0,2,0,0,2,0,2,0,0,0,3.383333333333326,3.383333333333326,3.556666666666659,3.1666666666666603,3.599999999999992,0,0.0,0,0.0,2,1.0,203.0,1.0,3.383333333333326,3.383333333333326,0,2,406,406,30.000000000000007,0,0,0,0,0,0,0,0,0,0,0,0,0,0,0,0,0,0,0.0,0.0,0.0,0.0,0.0,0.0,0.0,0,1,8.684462599999733,11.514817278389001,nan,nan,nan,nan,nan,nan,nan,182.37371459999443,0,0,0.0,0,0.0,0,0,0.0,0,0,0.0,0.0,0.0,0.0,0.0,0.0,0.0,0,0,0.0,0,0.0,0,0,0.0,0,0,0.0,0.0,0.0,0.0,0.0,0.0,0.0,0,0,0.3904203234909801,0.0,0.0,0.0,0.0,0.0,,,0.0,,,0.0,
3000,30,,,,0.0,,,100,50,100,0,13,4,38,1,,0,13,0,,,39,0,0,0,0,0,0.0,0.5735294117647058,0.0,0.0,0.0,False,paper_3v3_joint_eq15_23_v1,paper_joint,paper_3v3_v1,paper_fixed_v1,paper_3v3_pid_v1,0.8,paper_3v3_eq9_11_v1,vanilla_mappo_paper_3v3_v2,tanh_squashed_diag_gaussian_v1,pre_tanh_base_normal_entropy_v1,3686728c40163c88388932de0beb132e15024687879e03f982fd4715aa6d4d9d,simple_dynamic_pursuit_with_mws,,,3,3,1400,eq17_minimal_finite_tail_v1,"{""d_att_max_m"":10000.000001,""h_adv_m"":5000.0,""h_att_m"":2000.0,""h_max_m"":10000.0,""h_min_m"":0.0,""high_altitude_tail"":0.0,""version"":""eq17_minimal_finite_tail_v1""}",0.5175884366035461,0.31568610668182373,0.5829299092292786,-0.6654012203216553,0.5175884366035461,0.31568610668182373,0.5829299092292786,0.0,0.0,0.21758843660354615,1.7252947886784873,0.19936891049146652,87.97092895507812,2.322731033960978,0.31550546089808146,0.1161365531384945,60,60,0,10,10,0,-3.899652578518593e-05,-0.001140320345466378,0.4503784796714306,0.0,0.0,-178.21574358112088,-90.0,0.0,,,,,,,,,,,,,,0,1594,0,2,8001,1743,1419,8001,3755,5236,0,168,0,38,668,2354,0.0,0.0012547051442910915,0.0,0.19922509686289214,0,0,60,60,0.0,0.0,0.0,0.0,0.0,0.0,0.0,0.0,0.0,0.0,0.0,1355.6553364753431,1186.545320618986,1355.6553364753431,1524.7653523317001,34.00816558517728,34.00816558517728,90.03047323536775,90.03047323536775,234.81858257169938,337.01671883548033,0.0,0,0,0,0,0,0,0,0,0,0,0,0.0,0.0,0.0,0.0,0.0,0,0.0,0,0.0,0,0.0,0.0,0.0,0,0,2,0,0,2,0,2,0,0,0,2.3249999999999966,2.3249999999999966,2.864999999999995,1.649999999999999,2.9999999999999942,0,0.0,0,0.0,2,1.0,139.5,1.0,2.3249999999999966,2.3249999999999966,0,2,279,279,30.000000000000007,0,0,0,0,0,100,100,0,0,6,0,0,38,0,0,1,0,50,59.999999999999986,3.9499999999999997,3.0583333333333336,5.958333333333333,0.0,0.0,0.0,0,1,9.483886999999868,10.544199862356162,nan,nan,nan,nan,nan,nan,nan,189.67773999999736,0,0,137.3356863436687,88,28.0,1,0,1.0,0,0,179.57582473754886,179.57582473754886,126.12049877643587,126.12049877643587,3.1413915359152824,1.5374457491262912,2.6952338961311466,6448,0,8.376228943829366,0,0.0,0,0,0.0,0,0,170.20799450576305,170.20799450576305,42.28694625198841,42.28694625198841,3.1413701429138436,1.5646551049736903,5.819912957840815,4397,0,0.3968311732757576,0.0,0.0,0.0,0.0,0.0,0.0,312.1082404577385,0.0,0.0,137.3356863436687,0.0,
3100,31,,,,0.0,,,100,50,100,0,13,4,0,0,,0,13,0,,,39,0,0,0,0,2,0.0,0.5571428571428572,0.0,0.0,0.0,False,paper_3v3_joint_eq15_23_v1,paper_joint,paper_3v3_v1,paper_fixed_v1,paper_3v3_pid_v1,0.8,paper_3v3_eq9_11_v1,vanilla_mappo_paper_3v3_v2,tanh_squashed_diag_gaussian_v1,pre_tanh_base_normal_entropy_v1,3686728c40163c88388932de0beb132e15024687879e03f982fd4715aa6d4d9d,simple_dynamic_pursuit_with_mws,,,3,3,1400,eq17_minimal_finite_tail_v1,"{""d_att_max_m"":10000.000001,""h_adv_m"":5000.0,""h_att_m"":2000.0,""h_max_m"":10000.0,""h_min_m"":0.0,""high_altitude_tail"":0.0,""version"":""eq17_minimal_finite_tail_v1""}",0.5444000959396362,0.4097132384777069,0.5945429801940918,-0.6115297079086304,0.5444000959396362,0.4097132384777069,0.5945429801940918,0.0,0.0,0.24440009593963624,1.814666986465454,-0.22482620378335316,431.73524475097656,2.4750616908073426,-0.10107311507066091,0.12375308672587076,60,60,0,10,10,0,-3.899652578518593e-05,-0.001140320345466378,0.4503784796714306,0.0,0.0,-178.21574358112088,-90.0,0.0,,,,,,,,,,,,,,0,1115,0,2,10197,4897,1460,10197,6513,4797,0,451,0,58,1746,2636,0.0,0.0017937219730941704,0.0,0.10934588604491517,0,0,0,0,0.0,0.0,0.0,0.0,0.0,0.0,0.0,0.0,0.0,0.0,0.0,3417.0962485422606,3344.164178557448,3417.0962485422606,3490.0283185270737,43.41902553952167,43.41902553952167,172.37625159719533,172.37625159719533,-29.990131061775333,927.9263444250482,1.0,0,0,0,0,0,0,0,0,0,0,0,0.0,0.0,0.0,0.0,0.0,0,0.0,0,0.0,0,0.0,0.0,0.0,2,0,0,0,0,2,0,0,0,0,0,6.3166666666666496,6.3166666666666496,6.449999999999982,6.1499999999999835,6.483333333333316,0,0.0,0,0.0,2,1.0,378.0,1.0,6.3166666666666496,6.3166666666666496,0,2,756,756,30.000000000000007,0,0,0,0,0,0,0,0,0,0,0,0,0,0,0,0,0,0,0.0,0.0,0.0,0.0,0.0,0.0,0.0,0,1,10.681276300000263,9.362177064925989,nan,nan,nan,nan,nan,nan,nan,202.94424970000503,0,0,0.0,0,0.0,0,0,0.0,0,0,0.0,0.0,0.0,0.0,0.0,0.0,0.0,0,0,0.0,0,0.0,0,0,0.0,0,0,0.0,0.0,0.0,0.0,0.0,0.0,0.0,0,0,0.40415573312600733,0.0,0.0,0.0,0.0,0.0,,,0.0,,,0.0,
3200,32,,,,0.0,,,100,50,100,0,13,4,0,0,,0,13,0,,,39,0,0,0,0,0,0.0,0.5416666666666666,0.0,0.0,0.0,False,paper_3v3_joint_eq15_23_v1,paper_joint,paper_3v3_v1,paper_fixed_v1,paper_3v3_pid_v1,0.8,paper_3v3_eq9_11_v1,vanilla_mappo_paper_3v3_v2,tanh_squashed_diag_gaussian_v1,pre_tanh_base_normal_entropy_v1,3686728c40163c88388932de0beb132e15024687879e03f982fd4715aa6d4d9d,simple_dynamic_pursuit_with_mws,,,3,3,1400,eq17_minimal_finite_tail_v1,"{""d_att_max_m"":10000.000001,""h_adv_m"":5000.0,""h_att_m"":2000.0,""h_max_m"":10000.0,""h_min_m"":0.0,""high_altitude_tail"":0.0,""version"":""eq17_minimal_finite_tail_v1""}",0.5472238063812256,0.42389583587646484,0.590563952922821,-0.6054788827896118,0.5472238063812256,0.42389583587646484,0.590563952922821,0.0,0.0,0.2472238063812256,1.8240793546040854,-0.40311634391546247,34.7795503616333,2.436789393424988,-0.28127687722444533,0.12183947153389454,40,40,0,10,10,0,-3.899652578518593e-05,-0.001140320345466378,0.4503784796714306,0.0,0.0,-178.21574358112088,-90.0,0.0,,,,,,,,,,,,,,0,932,0,2,7200,834,2457,7200,2345,4553,0,65,0,37,374,1835,0.0,0.002145922746781116,0.0,0.12944444444444445,0,0,0,0,0.0,0.0,0.0,0.0,0.0,0.0,0.0,0.0,0.0,0.0,0.0,5017.246768116055,3193.5838258872764,5017.246768116054,6840.909710344833,40.305158027487565,40.305158027487565,115.10198027718367,115.10198027718367,67.64824362251797,2835.942423769555,0.0,0,0,0,0,0,0,0,0,0,0,0,0.0,0.0,0.0,0.0,0.0,0,0.0,0,0.0,0,0.0,0.0,0.0,0,0,1,0,0,2,0,1,0,0,0,2.2999999999999967,2.2999999999999967,2.2999999999999967,2.2999999999999967,2.2999999999999967,0,0.0,0,0.0,1,1.0,138.0,1.0,2.2999999999999967,2.2999999999999967,0,1,138,138,30.000000000000007,0,0,0,0,0,0,0,0,0,0,0,0,0,0,0,0,0,0,0.0,0.0,0.0,0.0,0.0,0.0,0.0,0,1,7.87802099999999,12.693543213454259,nan,nan,nan,nan,nan,nan,nan,141.80437799999982,0,0,0.0,0,0.0,0,0,0.0,0,0,0.0,0.0,0.0,0.0,0.0,0.0,0.0,0,0,0.0,0,0.0,0,0,0.0,0,0,0.0,0.0,0.0,0.0,0.0,0.0,0.0,0,0,0.40752166450571775,0.0,0.0,0.0,0.0,0.0,,,0.0,,,0.0,
3300,33,,,,0.0,,,100,50,100,0,13,5,16,1,,0,13,0,,,39,0,0,0,0,0,0.0,0.52,0.0,0.0,0.0,False,paper_3v3_joint_eq15_23_v1,paper_joint,paper_3v3_v1,paper_fixed_v1,paper_3v3_pid_v1,0.8,paper_3v3_eq9_11_v1,vanilla_mappo_paper_3v3_v2,tanh_squashed_diag_gaussian_v1,pre_tanh_base_normal_entropy_v1,3686728c40163c88388932de0beb132e15024687879e03f982fd4715aa6d4d9d,simple_dynamic_pursuit_with_mws,,,3,3,1400,eq17_minimal_finite_tail_v1,"{""d_att_max_m"":10000.000001,""h_adv_m"":5000.0,""h_att_m"":2000.0,""h_max_m"":10000.0,""h_min_m"":0.0,""high_altitude_tail"":0.0,""version"":""eq17_minimal_finite_tail_v1""}",0.5437153577804565,0.3501374423503876,0.5931292772293091,-0.6131234765052795,0.5437153577804565,0.3501374423503876,0.5931292772293091,0.0,0.0,0.24371535778045655,1.8123845259348552,-0.05337125857671102,59.316528701782225,2.4914961377779643,0.07120355069637299,0.1245748095214367,60,60,0,10,10,0,-3.899652578518593e-05,-0.001140320345466378,0.4503784796714306,0.0,0.0,-178.21574358112088,-90.0,0.0,,,,,,,,,,,,,,0,1561,0,3,9564,3672,1603,9564,5233,5952,0,1184,0,102,1182,2355,0.0,0.0019218449711723255,0.0,0.16321622751986617,0,0,60,60,0.0,0.0,0.0,0.0,0.0,0.0,0.0,0.0,0.0,0.0,0.0,3292.435454548319,3260.3619486665893,3278.7930163985243,3317.6877413551515,41.7537666889038,41.743644759785326,158.81190686403113,158.778028686424,42.31595818221615,1457.8070686138055,0.0,0,0,0,0,0,0,0,0,0,0,0,0.0,0.0,0.0,0.0,0.0,0,0.0,0,0.0,0,0.0,0.0,0.0,0,0,0,0,1,3,0,0,0,1,0,3.3333333333333264,3.3333333333333264,3.3333333333333264,3.3333333333333264,3.3333333333333264,0,0.0,0,0.0,1,1.0,199.0,1.0,3.3333333333333264,3.3333333333333264,0,1,199,199,18.34754720394081,0,0,0,0,0,95,95,0,0,5,0,0,43,0,0,1,0,33,59.999999999999986,4.0166666666666675,3.283333333333333,6.225,0.0,0.0,0.0,0,1,9.682103800000277,10.328333806955998,nan,nan,nan,nan,nan,nan,nan,164.59576460000469,0,0,313.033412947779,173,165.0,1,0,1.0,0,0,179.45587635040283,179.45587635040283,128.1584787368774,128.1584787368774,3.141524303165971,1.5467187552141077,2.3241061350989662,6271,0,7.411606510483317,0,0.0,0,0,0.0,0,0,58.58458399772644,58.58458399772644,42.30291277170181,42.30291277170181,2.96465557834998,1.5472659315318955,3.278127310801295,3465,0,0.4011049028305847,0.0,0.0,0.0,0.0,0.0,0.0,309.8759209164015,0.0,0.0,313.033412947779,0.0,
3400,34,,,,0.0,,,100,50,100,0,13,5,0,0,,0,13,0,,,39,0,0,0,0,2,0.0,0.5131578947368421,0.0,0.0,0.0,False,paper_3v3_joint_eq15_23_v1,paper_joint,paper_3v3_v1,paper_fixed_v1,paper_3v3_pid_v1,0.8,paper_3v3_eq9_11_v1,vanilla_mappo_paper_3v3_v2,tanh_squashed_diag_gaussian_v1,pre_tanh_base_normal_entropy_v1,3686728c40163c88388932de0beb132e15024687879e03f982fd4715aa6d4d9d,simple_dynamic_pursuit_with_mws,,,3,3,1400,eq17_minimal_finite_tail_v1,"{""d_att_max_m"":10000.000001,""h_adv_m"":5000.0,""h_att_m"":2000.0,""h_max_m"":10000.0,""h_min_m"":0.0,""high_altitude_tail"":0.0,""version"":""eq17_minimal_finite_tail_v1""}",0.5674872994422913,0.46090182662010193,0.5958990454673767,-0.5679815411567688,0.5674872994422913,0.46090182662010193,0.5958990454673767,0.0,0.0,0.26748729944229127,1.8916243314743042,-0.6662037149071693,171.70196685791015,2.5382851203282675,-0.5392894566059112,0.1269142586737871,60,60,0,10,10,0,-3.899652578518593e-05,-0.001140320345466378,0.4503784796714306,0.0,0.0,-178.21574358112088,-90.0,0.0,,,,,,,,,,,,,,0,1765,0,1,7593,3611,0,7593,6873,2280,0,1488,0,29,1350,3267,0.0,0.0005665722379603399,0.0,0.23245094165678915,0,0,0,0,0.0,0.0,0.0,0.0,0.0,0.0,0.0,0.0,0.0,0.0,0.0,8723.281770169822,8723.281770169822,8723.281770169822,8723.281770169822,39.822240855704194,39.822240855704194,141.26261030541468,141.26261030541468,-101.842518386541,3855.5263022004565,0.6666666666666666,0,0,0,0,0,0,0,0,0,0,0,0.0,0.0,0.0,0.0,0.0,0,0.0,0,0.0,0,0.0,0.0,0.0,2,0,1,0,0,1,0,1,0,0,0,5.211111111111098,5.13333333333332,5.6799999999999855,4.683333333333322,5.816666666666651,0,0.0,0,0.0,3,1.0,312.0,1.0,5.211111111111098,5.13333333333332,0,3,936,936,30.000000000000007,0,0,0,0,0,0,0,0,0,0,0,0,0,0,0,0,0,0,0.0,0.0,0.0,0.0,0.0,0.0,0.0,0,1,8.857235099999798,11.290204998623361,nan,nan,nan,nan,nan,nan,nan,141.71576159999677,0,0,0.0,0,0.0,0,0,0.0,0,0,0.0,0.0,0.0,0.0,0.0,0.0,0.0,0,0,0.0,0,0.0,0,0,0.0,0,0,0.0,0.0,0.0,0.0,0.0,0.0,0.0,0,0,0.42003450391842667,0.0,0.0,0.0,0.0,0.0,,,0.0,,,0.0,
3500,35,-268.41345868791853,22.078928393918012,0.0,0.0,0.0,3.5,100,50,100,0,14,5,0,0,,0,14,0,0.0,3.0,42,0,0,0,0,2,0.0,0.5384615384615384,0.0,0.0,0.0,False,paper_3v3_joint_eq15_23_v1,paper_joint,paper_3v3_v1,paper_fixed_v1,paper_3v3_pid_v1,0.8,paper_3v3_eq9_11_v1,vanilla_mappo_paper_3v3_v2,tanh_squashed_diag_gaussian_v1,pre_tanh_base_normal_entropy_v1,3686728c40163c88388932de0beb132e15024687879e03f982fd4715aa6d4d9d,simple_dynamic_pursuit_with_mws,,,3,3,1400,eq17_minimal_finite_tail_v1,"{""d_att_max_m"":10000.000001,""h_adv_m"":5000.0,""h_att_m"":2000.0,""h_max_m"":10000.0,""h_min_m"":0.0,""high_altitude_tail"":0.0,""version"":""eq17_minimal_finite_tail_v1""}",0.550281286239624,0.3640119731426239,0.592797577381134,-0.5996758937835693,0.550281286239624,0.3640119731426239,0.592797577381134,0.0,0.0,0.25028128623962403,1.83427095413208,-0.6032084311757769,537.1226867675781,2.207088645866939,-0.49285399786063605,0.11035443374088832,70,70,0,10,10,0,-4.326439551119382e-05,-0.001686052530949389,0.7646733281903992,0.0,0.0,-179.1763984343713,-90.0,0.0,-4.326439551119382e-05,-1.442146517039794e-05,-0.001686052530949389,-0.000562017510316463,0.7646733281903992,0.25489110939679976,0.0,0.0,0.0,0.0,-179.1763984343713,-59.72546614479043,-90.0,0,2226,0,2,6822,216,3507,6822,2475,6542,0,2237,0,58,30,2273,0.0,0.0008984725965858042,0.0,0.32629727352682497,0,0,60,60,0.0,0.0,0.0,0.0,0.0,0.0,0.0,0.0,0.0,0.0,0.0,1988.9139370584694,1882.420470863766,1988.9139370584694,2095.4074032531726,32.44672575057627,32.44672575057627,138.36217371383998,138.36217371383998,99.67781161526905,175.05107579886226,0.6666666666666666,0,0,0,0,0,0,0,0,0,0,0,0.0,0.0,0.0,0.0,0.0,0,0.0,0,0.0,0,0.0,0.0,0.0,2,0,1,0,0,2,0,1,0,0,0,8.500000000000083,4.24999999999999,15.196666666666875,3.3166666666666598,17.933333333333596,0,0.0,0,0.0,3,1.0,509.3333333333333,1.0,8.500000000000083,4.24999999999999,0,3,1528,1528,30.000000000000007,0,0,0,0,0,171,171,0,0,5,0,0,29,0,0,0,0,90,59.999999999999986,7.056666666666667,4.933333333333334,9.405555555555555,0.0,0.0,0.0,1,0,8.42471999999998,11.869830688735085,nan,85.0,nan,167.0,260.0,260.0,260.0,126.37079999999969,0,0,8.37771395142162,0,0.0,0,0,0.0,0,0,179.64862525463104,179.64862525463104,163.79823982715607,163.79823982715607,3.1415680458083313,1.5485600709445202,4.396627530559376,5997,0,8.751986435811027,0,0.0,0,0,0.0,0,0,63.88003975152967,63.88003975152967,37.43833042681217,37.43833042681217,3.1414527855065657,1.5559957809237548,1.8441094236713207,3624,0,0.42041136535327595,0.0,0.0,0.0,0.0,0.0,0.0,317.22076718752834,0.0,0.0,8.751986435811027,0.0,
3600,36,,,,0.0,,,100,50,100,0,14,5,0,0,,0,14,0,,,42,0,0,0,0,0,0.0,0.525,0.0,0.0,0.0,False,paper_3v3_joint_eq15_23_v1,paper_joint,paper_3v3_v1,paper_fixed_v1,paper_3v3_pid_v1,0.8,paper_3v3_eq9_11_v1,vanilla_mappo_paper_3v3_v2,tanh_squashed_diag_gaussian_v1,pre_tanh_base_normal_entropy_v1,3686728c40163c88388932de0beb132e15024687879e03f982fd4715aa6d4d9d,simple_dynamic_pursuit_with_mws,,,3,3,1400,eq17_minimal_finite_tail_v1,"{""d_att_max_m"":10000.000001,""h_adv_m"":5000.0,""h_att_m"":2000.0,""h_max_m"":10000.0,""h_min_m"":0.0,""high_altitude_tail"":0.0,""version"":""eq17_minimal_finite_tail_v1""}",0.5636950135231018,0.4375803470611572,0.5966125726699829,-0.5747433304786682,0.5636950135231018,0.4375803470611572,0.5966125726699829,0.0,0.0,0.2636950135231018,1.8789833784103394,0.007831076383590698,345.646826171875,2.5419118356704713,0.134926677942276,0.1270955941081047,50,50,0,10,10,0,-4.326439551119382e-05,-0.001686052530949389,0.7646733281903992,0.0,0.0,-179.1763984343713,-90.0,0.0,,,,,,,,,,,,,,0,657,0,2,9000,4959,1558,9000,6057,3600,0,387,0,58,1695,2176,0.0,0.0030441400304414,0.0,0.073,0,0,0,0,0.0,0.0,0.0,0.0,0.0,0.0,0.0,0.0,0.0,0.0,0.0,6542.048558824185,6537.056664938099,6542.048558824185,6547.040452710272,27.427574805236766,27.427574805236766,165.80970977947953,165.80970977947953,-1.0875290770400134,834.3101626649104,0.0,0,0,0,0,0,0,0,0,0,0,0,0.0,0.0,0.0,0.0,0.0,0,0.0,0,0.0,0,0.0,0.0,0.0,0,0,1,0,0,2,0,1,0,0,0,2.666666666666662,2.666666666666662,2.666666666666662,2.666666666666662,2.666666666666662,0,0.0,0,0.0,1,1.0,160.0,1.0,2.666666666666662,2.666666666666662,0,1,160,160,30.000000000000007,0,0,0,0,0,0,0,0,0,0,0,0,0,0,0,0,0,0,0.0,0.0,0.0,0.0,0.0,0.0,0.0,0,1,4.558076400000118,21.939079388839865,nan,nan,nan,nan,nan,nan,nan,63.813069600001654,0,0,0.0,0,0.0,0,0,0.0,0,0,0.0,0.0,0.0,0.0,0.0,0.0,0.0,0,0,0.0,0,0.0,0,0,0.0,0,0,0.0,0.0,0.0,0.0,0.0,0.0,0.0,0,0,0.4477029091892764,0.0,0.0,0.0,0.0,0.0,,,0.0,,,0.0,
3700,37,,,,0.0,,,100,50,100,0,14,5,0,0,,0,14,0,,,42,0,0,0,0,0,0.0,0.5121951219512195,0.0,0.0,0.0,False,paper_3v3_joint_eq15_23_v1,paper_joint,paper_3v3_v1,paper_fixed_v1,paper_3v3_pid_v1,0.8,paper_3v3_eq9_11_v1,vanilla_mappo_paper_3v3_v2,tanh_squashed_diag_gaussian_v1,pre_tanh_base_normal_entropy_v1,3686728c40163c88388932de0beb132e15024687879e03f982fd4715aa6d4d9d,simple_dynamic_pursuit_with_mws,,,3,3,1400,eq17_minimal_finite_tail_v1,"{""d_att_max_m"":10000.000001,""h_adv_m"":5000.0,""h_att_m"":2000.0,""h_max_m"":10000.0,""h_min_m"":0.0,""high_altitude_tail"":0.0,""version"":""eq17_minimal_finite_tail_v1""}",0.554789662361145,0.4695049822330475,0.5948930382728577,-0.5904999375343323,0.554789662361145,0.4695049822330475,0.5948930382728577,0.0,0.0,0.25478966236114503,1.8492988745371501,-0.35220360875129697,100.53700714111328,2.484450283050537,-0.2279810905456543,0.1242225170135498,50,50,0,10,10,0,-4.326439551119382e-05,-0.001686052530949389,0.7646733281903992,0.0,0.0,-179.1763984343713,-90.0,0.0,,,,,,,,,,,,,,0,2511,0,2,8096,889,1290,8096,5098,5343,0,683,0,57,545,2503,0.0,0.0007964954201513341,0.0,0.310153162055336,0,0,904,904,0.0,0.0,0.0,0.0,0.0,0.0,0.0,0.0,0.0,0.0,0.0,1428.8674553612586,1305.1865696553136,1428.8674553612586,1552.5483410672036,34.504533101220616,34.504533101220616,90.16651598669883,90.16651598669883,232.22464503864637,438.8236596048355,0.0,0,0,0,0,0,0,0,0,0,0,0,0.0,0.0,0.0,0.0,0.0,0,0.0,0,0.0,0,0.0,0.0,0.0,0,0,2,0,0,2,0,2,0,0,0,3.9833333333333245,3.9833333333333245,5.689999999999985,1.8499999999999983,6.11666666666665,0,0.0,0,0.0,2,1.0,239.0,1.0,3.9833333333333245,3.9833333333333245,0,2,478,478,30.000000000000007,0,0,0,0,0,0,0,0,0,0,0,0,0,0,0,0,0,0,0.0,0.0,0.0,0.0,0.0,0.0,0.0,0,1,3.3125157000004037,30.18853616300983,nan,nan,nan,nan,nan,nan,nan,43.06270410000525,0,0,0.0,0,0.0,0,0,0.0,0,0,0.0,0.0,0.0,0.0,0.0,0.0,0.0,0,0,0.0,0,0.0,0,0,0.0,0,0,0.0,0.0,0.0,0.0,0.0,0.0,0.0,0,0,0.41214129704462055,0.0,0.0,0.0,0.0,0.0,,,0.0,,,0.0,
3800,38,,,,0.0,,,100,50,100,0,14,6,15,1,,0,14,0,,,42,0,0,0,0,0,0.0,0.5060240963855421,0.0,0.0,0.0,False,paper_3v3_joint_eq15_23_v1,paper_joint,paper_3v3_v1,paper_fixed_v1,paper_3v3_pid_v1,0.8,paper_3v3_eq9_11_v1,vanilla_mappo_paper_3v3_v2,tanh_squashed_diag_gaussian_v1,pre_tanh_base_normal_entropy_v1,3686728c40163c88388932de0beb132e15024687879e03f982fd4715aa6d4d9d,simple_dynamic_pursuit_with_mws,,,3,3,1400,eq17_minimal_finite_tail_v1,"{""d_att_max_m"":10000.000001,""h_adv_m"":5000.0,""h_att_m"":2000.0,""h_max_m"":10000.0,""h_min_m"":0.0,""high_altitude_tail"":0.0,""version"":""eq17_minimal_finite_tail_v1""}",0.561116635799408,0.3631182014942169,0.5953311920166016,-0.5796523690223694,0.561116635799408,0.3631182014942169,0.5953311920166016,0.0,0.0,0.26111663579940797,1.8703887859980266,-0.0211006760597229,329.88739624023435,2.5330575664838153,0.10555220345656077,0.12665288038551809,60,60,0,10,10,0,-4.326439551119382e-05,-0.001686052530949389,0.7646733281903992,0.0,0.0,-179.1763984343713,-90.0,0.0,,,,,,,,,,,,,,0,1458,0,1,9826,3780,2929,9826,5591,6364,0,483,0,29,1218,2048,0.0,0.0006858710562414266,0.0,0.14838184408711583,0,0,413,413,0.0,0.0,0.0,0.0,0.0,0.0,0.0,0.0,0.0,0.0,0.0,2407.05885809191,2407.05885809191,2407.05885809191,2407.05885809191,42.13189730267955,42.13189730267955,128.77288449396002,128.77288449396002,51.62707035006905,597.5299147915662,0.0,0,0,0,0,0,0,0,0,0,0,0,0.0,0.0,0.0,0.0,0.0,0,0.0,0,0.0,0,0.0,0.0,0.0,0,0,1,0,0,1,0,1,0,0,0,2.7666666666666617,2.7666666666666617,2.7666666666666617,2.7666666666666617,2.7666666666666617,0,0.0,0,0.0,1,1.0,166.0,1.0,2.7666666666666617,2.7666666666666617,0,1,166,166,30.000000000000007,0,0,0,0,0,65,65,0,0,4,0,0,26,0,0,1,0,25,60.000000000000036,3.9333333333333336,3.6416666666666666,3.2,0.0,0.0,0.0,0,1,3.6860835999996198,27.129064571408612,nan,nan,nan,nan,nan,nan,nan,44.23300319999544,0,0,219.37079628327044,2,2.0,1,0,1.0,0,0,179.77160453796384,179.77160453796384,145.81252098083496,145.81252098083496,3.139476781817433,1.544316738210306,3.7907666438723457,6880,0,7.730258228944322,0,0.0,0,0,0.0,0,0,117.73320972919463,117.73320972919463,37.765920013189316,37.765920013189316,3.141001204924787,1.57039261737085,5.595540617322167,3690,0,0.43020084903794614,0.0,0.0,0.0,0.0,0.0,0.0,330.83322645544183,0.0,0.0,219.37079628327044,0.0,
3900,39,,,,0.0,,,100,50,100,0,14,6,0,0,,0,14,0,,,42,0,0,0,0,1,0.0,0.49411764705882355,0.0,0.0,0.0,False,paper_3v3_joint_eq15_23_v1,paper_joint,paper_3v3_v1,paper_fixed_v1,paper_3v3_pid_v1,0.8,paper_3v3_eq9_11_v1,vanilla_mappo_paper_3v3_v2,tanh_squashed_diag_gaussian_v1,pre_tanh_base_normal_entropy_v1,3686728c40163c88388932de0beb132e15024687879e03f982fd4715aa6d4d9d,simple_dynamic_pursuit_with_mws,,,3,3,1400,eq17_minimal_finite_tail_v1,"{""d_att_max_m"":10000.000001,""h_adv_m"":5000.0,""h_att_m"":2000.0,""h_max_m"":10000.0,""h_min_m"":0.0,""high_altitude_tail"":0.0,""version"":""eq17_minimal_finite_tail_v1""}",0.5616132020950317,0.48196113109588623,0.5942590832710266,-0.5778300166130066,0.5616132020950317,0.48196113109588623,0.5942590832710266,0.0,0.0,0.26161320209503175,1.8720440069834392,-0.18621251185735066,267.6602127075195,2.5095470547676086,-0.06073515415191651,0.12547735559443632,60,60,0,10,10,0,-4.326439551119382e-05,-0.001686052530949389,0.7646733281903992,0.0,0.0,-179.1763984343713,-90.0,0.0,,,,,,,,,,,,,,142,1487,0,2,9789,3398,981,9789,5697,3320,0,1099,0,58,1460,3101,0.0,0.0013449899125756557,0.014506078251098172,0.15190519971396466,0,0,0,0,0.0,0.0,0.0,0.0,0.0,0.0,0.0,0.0,0.0,0.0,0.0,3204.8850645453194,2884.5681104251903,3204.8850645453194,3525.202018665448,22.553082032067532,22.553082032067532,167.03420354833116,167.03420354833116,-3.9125316814353006,1140.8695533107134,0.5,0,0,0,0,0,0,0,0,0,0,0,0.0,0.0,0.0,0.0,0.0,0,0.0,0,0.0,0,0.0,0.0,0.0,1,0,1,0,0,2,0,1,0,0,0,6.333333333333316,6.333333333333316,7.626666666666645,4.716666666666655,7.949999999999977,0,0.0,0,0.0,2,1.0,379.5,1.0,6.333333333333316,6.333333333333316,0,2,759,759,30.000000000000007,0,0,0,0,0,0,0,0,0,0,0,0,0,0,0,0,0,0,0.0,0.0,0.0,0.0,0.0,0.0,0.0,0,1,4.9672887000006085,20.131706860522876,nan,nan,nan,nan,nan,nan,nan,54.640175700006694,0,0,0.0,0,0.0,0,0,0.0,0,0,0.0,0.0,0.0,0.0,0.0,0.0,0.0,0,0,0.0,0,0.0,0,0,0.0,0,0,0.0,0.0,0.0,0.0,0.0,0.0,0.0,0,0,0.4226044345644315,0.0,0.0,0.0,0.0,0.0,,,0.0,,,0.0,
4000,40,-267.2946055094401,21.73720607266229,0.0,0.0,0.0,3.6,100,50,100,0,15,6,0,0,,0,15,0,0.0,3.0,44,1,0,0,0,1,0.0,0.5057471264367817,0.0,0.0,0.0,False,paper_3v3_joint_eq15_23_v1,paper_joint,paper_3v3_v1,paper_fixed_v1,paper_3v3_pid_v1,0.8,paper_3v3_eq9_11_v1,vanilla_mappo_paper_3v3_v2,tanh_squashed_diag_gaussian_v1,pre_tanh_base_normal_entropy_v1,3686728c40163c88388932de0beb132e15024687879e03f982fd4715aa6d4d9d,simple_dynamic_pursuit_with_mws,,,3,3,1400,eq17_minimal_finite_tail_v1,"{""d_att_max_m"":10000.000001,""h_adv_m"":5000.0,""h_att_m"":2000.0,""h_max_m"":10000.0,""h_min_m"":0.0,""high_altitude_tail"":0.0,""version"":""eq17_minimal_finite_tail_v1""}",0.5588619709014893,0.36239388585090637,0.597037136554718,-0.5839456915855408,0.5588619709014893,0.36239388585090637,0.597037136554718,0.0,0.0,0.25886197090148927,1.8628732363382976,0.0020107313990592956,378.7296936035156,2.5402046612330844,0.12902096467358726,0.12701023550970214,70,70,0,10,10,0,-0.028382419500007548,-0.009456424305914691,0.9931808552574269,0.0,0.0,-178.24994998091077,-90.0,0.0,-0.028382419500007548,-0.009460806500002516,-0.009456424305914691,-0.003152141435304897,0.9931808552574269,0.331060285085809,0.0,0.0,0.0,0.0,-178.24994998091077,-59.41664999363692,-90.0,51,289,0,2,10074,4632,3419,10074,4840,5302,0,308,0,39,1536,1765,0.0,0.006920415224913495,0.005062537224538415,0.028687710939051023,0,0,60,60,0.0,0.0,0.0,0.0,0.0,0.0,0.0,0.0,0.0,0.0,0.0,2527.8430080681146,2523.3372559963645,2527.8430080681146,2532.3487601398647,42.51521542769399,42.51521542769399,166.67495163838547,166.67495163838547,-36.12509981410384,330.9390839107532,1.0,0,0,0,0,0,0,0,0,0,0,0,0.0,0.0,0.0,0.0,0.0,0,0.0,0,0.0,0,0.0,0.0,0.0,1,0,0,0,0,2,0,0,0,0,0,7.616666666666645,7.616666666666645,7.616666666666645,7.616666666666645,7.616666666666645,0,0.0,0,0.0,1,1.0,456.0,1.0,7.616666666666645,7.616666666666645,0,1,456,456,30.000000000000007,0,0,0,0,0,107,107,0,0,6,0,0,44,0,0,0,0,38,60.000000000000036,4.836666666666667,4.583333333333333,6.041666666666666,0.0,0.0,0.0,1,0,4.865475900000092,20.552974067757297,nan,83.0,nan,192.0,211.0,211.0,211.0,48.65475900000092,0,0,219.9586541441439,183,141.0,1,0,1.0,0,0,179.6707212924957,179.6707212924957,151.78420186042786,151.78420186042786,3.1414973609767975,1.548119753948369,1.7834944634462913,6249,0,10.597221993912202,152,48.0,1,0,0.0,0,0,113.08253824710845,113.08253824710845,42.604079246520996,42.604079246520996,3.108004736545579,1.5577163850564948,6.300101115267804,2467,0,0.43063352089201873,0.0,0.0,0.0,0.0,0.0,0.0,322.2615358260635,0.0,0.0,219.9586541441439,0.0,
4100,41,,,,0.0,,,100,50,100,0,15,6,0,0,,0,15,0,,,44,1,0,0,0,0,0.0,0.4835164835164835,0.0,0.0,0.0,False,paper_3v3_joint_eq15_23_v1,paper_joint,paper_3v3_v1,paper_fixed_v1,paper_3v3_pid_v1,0.8,paper_3v3_eq9_11_v1,vanilla_mappo_paper_3v3_v2,tanh_squashed_diag_gaussian_v1,pre_tanh_base_normal_entropy_v1,3686728c40163c88388932de0beb132e15024687879e03f982fd4715aa6d4d9d,simple_dynamic_pursuit_with_mws,,,3,3,1400,eq17_minimal_finite_tail_v1,"{""d_att_max_m"":10000.000001,""h_adv_m"":5000.0,""h_att_m"":2000.0,""h_max_m"":10000.0,""h_min_m"":0.0,""high_altitude_tail"":0.0,""version"":""eq17_minimal_finite_tail_v1""}",0.5642948150634766,0.4609922766685486,0.5973497033119202,-0.573417603969574,0.5642948150634766,0.4609922766685486,0.5973497033119202,0.0,0.0,0.2642948150634766,1.8809827168782554,-0.16414550940195718,65.3944049835205,2.5602601885795595,-0.03613249485691388,0.12801301268239815,60,60,0,10,10,0,-0.028382419500007548,-0.009456424305914691,0.9931808552574269,0.0,0.0,-178.24994998091077,-90.0,0.0,,,,,,,,,,,,,,0,3615,0,4,10800,2688,216,10800,8087,5381,0,1569,0,135,1057,3294,0.0,0.0011065006915629322,0.0,0.3347222222222222,0,0,0,0,0.0,0.0,0.0,0.0,0.0,0.0,0.0,0.0,0.0,0.0,0.0,2766.1732436225875,2535.3402558457237,2675.124159590422,2905.957147367286,23.1776010871869,22.244404006982155,167.02937067111876,171.77971207446114,33.30243956382019,368.75132534638044,0.0,0,0,0,0,0,0,0,0,0,0,0,0.0,0.0,0.0,0.0,0.0,0,0.0,0,0.0,0,0.0,0.0,0.0,0,1,4,0,0,4,1,4,0,0,0,4.976666666666654,5.566666666666652,7.573333333333312,2.066666666666664,7.733333333333311,0,0.0,0,0.0,5,1.0,298.4,1.0,4.976666666666654,5.566666666666652,0,5,1492,1492,30.000000000000007,0,0,0,0,0,0,0,0,0,0,0,0,0,0,0,0,0,0,0.0,0.0,0.0,0.0,0.0,0.0,0.0,0,1,5.596436900000299,17.868512016993286,nan,nan,nan,nan,nan,nan,nan,50.36793210000269,0,0,0.0,0,0.0,0,0,0.0,0,0,0.0,0.0,0.0,0.0,0.0,0.0,0.0,0,0,0.0,0,0.0,0,0,0.0,0,0,0.0,0.0,0.0,0.0,0.0,0.0,0.0,0,0,0.4295489459984108,0.0,0.0,0.0,0.0,0.0,,,0.0,,,0.0,
4200,42,,,,0.0,,,100,50,100,0,15,7,29,1,,0,15,0,,,44,1,0,0,0,1,0.0,0.4731182795698925,0.0,0.0,0.0,False,paper_3v3_joint_eq15_23_v1,paper_joint,paper_3v3_v1,paper_fixed_v1,paper_3v3_pid_v1,0.8,paper_3v3_eq9_11_v1,vanilla_mappo_paper_3v3_v2,tanh_squashed_diag_gaussian_v1,pre_tanh_base_normal_entropy_v1,3686728c40163c88388932de0beb132e15024687879e03f982fd4715aa6d4d9d,simple_dynamic_pursuit_with_mws,,,3,3,1400,eq17_minimal_finite_tail_v1,"{""d_att_max_m"":10000.000001,""h_adv_m"":5000.0,""h_att_m"":2000.0,""h_max_m"":10000.0,""h_min_m"":0.0,""high_altitude_tail"":0.0,""version"":""eq17_minimal_finite_tail_v1""}",0.5697037577629089,0.3799019455909729,0.597629725933075,-0.5642569065093994,0.5697037577629089,0.3799019455909729,0.597629725933075,0.0,0.0,0.26970375776290895,1.8990125258763633,0.12704082330067953,71.91413726806641,2.596428728103638,0.2568622623880704,0.12982143784562747,60,60,0,10,10,0,-0.028382419500007548,-0.009456424305914691,0.9931808552574269,0.0,0.0,-178.24994998091077,-90.0,0.0,,,,,,,,,,,,,,0,2433,0,2,10068,2268,3568,10068,4807,7754,0,319,0,52,714,1925,0.0,0.0008220304151253596,0.0,0.24165673420738976,0,0,60,60,0.0,0.0,0.0,0.0,0.0,0.0,0.0,0.0,0.0,0.0,0.0,3179.0208585897635,3133.7768372877135,3179.0208585897635,3224.264879891813,42.766028108026546,42.766028108026546,151.41876662006118,151.41876662006118,-36.835664747585405,822.0139364888958,1.0,0,0,0,0,0,0,0,0,0,0,0,0.0,0.0,0.0,0.0,0.0,0,0.0,0,0.0,0,0.0,0.0,0.0,1,0,0,0,0,2,0,0,0,0,0,5.2999999999999865,5.2999999999999865,5.2999999999999865,5.2999999999999865,5.2999999999999865,0,0.0,0,0.0,1,1.0,317.0,1.0,5.2999999999999865,5.2999999999999865,0,1,317,317,30.000000000000004,0,0,0,0,0,129,129,0,0,7,0,0,61,0,0,1,0,32,59.999999999999986,4.888888888888888,5.35,5.2,0.0,0.0,0.0,0,1,4.675686999999925,21.38723143786177,nan,nan,nan,nan,nan,nan,nan,37.4054959999994,0,0,157.87081988073254,93,34.0,1,0,1.0,0,0,179.2975401878357,179.2975401878357,137.22180783748627,137.22180783748627,3.141084171002879,1.559236834205236,8.578767488129943,6491,0,9.164022171268527,7,5.0,1,0,0.0,0,0,110.51361232995986,110.51361232995986,21.181922256946564,21.181922256946564,3.137775375261799,1.5638114047254006,5.574487788280108,1890,0,0.4320294659760386,0.0,0.0,0.0,0.0,0.0,0.0,315.36766175149285,0.0,0.0,157.87081988073254,0.0,
4300,43,,,,0.0,,,100,50,100,0,15,7,0,0,,0,15,0,,,44,1,0,0,0,2,0.0,0.4631578947368421,0.0,0.0,0.0,False,paper_3v3_joint_eq15_23_v1,paper_joint,paper_3v3_v1,paper_fixed_v1,paper_3v3_pid_v1,0.8,paper_3v3_eq9_11_v1,vanilla_mappo_paper_3v3_v2,tanh_squashed_diag_gaussian_v1,pre_tanh_base_normal_entropy_v1,3686728c40163c88388932de0beb132e15024687879e03f982fd4715aa6d4d9d,simple_dynamic_pursuit_with_mws,,,3,3,1400,eq17_minimal_finite_tail_v1,"{""d_att_max_m"":10000.000001,""h_adv_m"":5000.0,""h_att_m"":2000.0,""h_max_m"":10000.0,""h_min_m"":0.0,""high_altitude_tail"":0.0,""version"":""eq17_minimal_finite_tail_v1""}",0.5823883414268494,0.5188571214675903,0.5978600382804871,-0.5408975481987,0.5823883414268494,0.5188571214675903,0.5978600382804871,0.0,0.0,0.2823883414268494,1.9412944714228313,-0.40155554314454395,227.48228302001954,2.6204519589742024,-0.27053293685118357,0.13102260132630666,60,60,0,10,10,0,-0.028382419500007548,-0.009456424305914691,0.9931808552574269,0.0,0.0,-178.24994998091077,-90.0,0.0,,,,,,,,,,,,,,0,2402,0,2,8892,2838,0,8892,7802,3492,0,1432,0,64,989,3424,0.0,0.0008326394671107411,0.0,0.27013045434098065,0,0,0,0,0.0,0.0,0.0,0.0,0.0,0.0,0.0,0.0,0.0,0.0,0.0,4866.928228724091,4849.956053060436,4866.928228724091,4883.900404387748,30.35802659609871,30.35802659609871,147.76072751377794,147.76072751377794,36.94713559304569,400.64159176067756,0.6666666666666666,0,0,0,0,0,0,0,0,0,0,0,0.0,0.0,0.0,0.0,0.0,0,0.0,0,0.0,0,0.0,0.0,0.0,2,0,1,0,0,2,0,1,0,0,0,4.911111111111098,5.916666666666651,6.009999999999984,2.7833333333333283,6.033333333333317,0,0.0,0,0.0,3,1.0,294.0,1.0,4.911111111111098,5.916666666666651,0,3,882,882,30.000000000000007,0,0,0,0,0,0,0,0,0,0,0,0,0,0,0,0,0,0,0.0,0.0,0.0,0.0,0.0,0.0,0.0,0,1,4.800953099999788,20.829197435818404,nan,nan,nan,nan,nan,nan,nan,33.606671699998515,0,0,0.0,0,0.0,0,0,0.0,0,0,0.0,0.0,0.0,0.0,0.0,0.0,0.0,0,0,0.0,0,0.0,0,0,0.0,0,0,0.0,0.0,0.0,0.0,0.0,0.0,0.0,0,0,0.44187868319036216,0.0,0.0,0.0,0.0,0.0,,,0.0,,,0.0,
4400,44,,,,0.0,,,100,50,100,0,15,7,0,0,,0,15,0,,,44,1,0,0,0,0,0.0,0.4444444444444444,0.0,0.0,0.0,False,paper_3v3_joint_eq15_23_v1,paper_joint,paper_3v3_v1,paper_fixed_v1,paper_3v3_pid_v1,0.8,paper_3v3_eq9_11_v1,vanilla_mappo_paper_3v3_v2,tanh_squashed_diag_gaussian_v1,pre_tanh_base_normal_entropy_v1,3686728c40163c88388932de0beb132e15024687879e03f982fd4715aa6d4d9d,simple_dynamic_pursuit_with_mws,,,3,3,1400,eq17_minimal_finite_tail_v1,"{""d_att_max_m"":10000.000001,""h_adv_m"":5000.0,""h_att_m"":2000.0,""h_max_m"":10000.0,""h_min_m"":0.0,""high_altitude_tail"":0.0,""version"":""eq17_minimal_finite_tail_v1""}",0.5659772157669067,0.5038164258003235,0.5950397253036499,-0.569774329662323,0.5659772157669067,0.5038164258003235,0.5950397253036499,0.0,0.0,0.26597721576690675,1.8865907192230225,-0.6519880324602128,161.6033706665039,2.4935701906681063,-0.5273095160722733,0.12467851229012013,40,40,0,10,10,0,-0.028382419500007548,-0.009456424305914691,0.9931808552574269,0.0,0.0,-178.24994998091077,-90.0,0.0,,,,,,,,,,,,,,0,2248,0,4,7200,0,2570,7200,3932,4909,0,2003,0,102,0,2984,0.0,0.0017793594306049821,0.0,0.31222222222222223,0,0,0,0,0.0,0.0,0.0,0.0,0.0,0.0,0.0,0.0,0.0,0.0,0.0,3001.7317923601013,2126.943514791521,3250.4253492118387,4125.213626780418,23.07694863580949,23.464021008199797,130.51098930047831,129.15096173494703,32.490349138961896,1149.0700028594129,0.0,0,0,0,0,0,0,0,0,0,0,0,0.0,0.0,0.0,0.0,0.0,0,0.0,0,0.0,0,0.0,0.0,0.0,0,0,4,0,0,4,0,4,0,0,0,3.0208333333333277,3.299999999999993,3.379999999999993,2.083333333333331,3.399999999999993,0,0.0,0,0.0,4,1.0,181.25,1.0,3.0208333333333277,3.299999999999993,0,4,725,725,30.000000000000007,0,0,0,0,0,0,0,0,0,0,0,0,0,0,0,0,0,0,0.0,0.0,0.0,0.0,0.0,0.0,0.0,0,1,4.233726399999796,23.61985413134038,nan,nan,nan,nan,nan,nan,nan,25.402358399998775,0,0,0.0,0,0.0,0,0,0.0,0,0,0.0,0.0,0.0,0.0,0.0,0.0,0.0,0,0,0.0,0,0.0,0,0,0.0,0,0,0.0,0.0,0.0,0.0,0.0,0.0,0.0,0,0,0.4445699714924558,0.0,0.0,0.0,0.0,0.0,,,0.0,,,0.0,
4500,45,,,,0.0,,,100,50,100,0,15,8,23,1,,0,15,0,,,44,1,0,0,0,1,0.0,0.43137254901960786,0.0,0.0,0.0,False,paper_3v3_joint_eq15_23_v1,paper_joint,paper_3v3_v1,paper_fixed_v1,paper_3v3_pid_v1,0.8,paper_3v3_eq9_11_v1,vanilla_mappo_paper_3v3_v2,tanh_squashed_diag_gaussian_v1,pre_tanh_base_normal_entropy_v1,3686728c40163c88388932de0beb132e15024687879e03f982fd4715aa6d4d9d,simple_dynamic_pursuit_with_mws,,,3,3,1400,eq17_minimal_finite_tail_v1,"{""d_att_max_m"":10000.000001,""h_adv_m"":5000.0,""h_att_m"":2000.0,""h_max_m"":10000.0,""h_min_m"":0.0,""high_altitude_tail"":0.0,""version"":""eq17_minimal_finite_tail_v1""}",0.5499321222305298,0.37884512543678284,0.5976421236991882,-0.6008514761924744,0.5499321222305298,0.37884512543678284,0.5976421236991882,0.0,0.0,0.2499321222305298,1.833107074101766,-0.09722414016723632,100.8489974975586,2.480465511480967,0.026799139380455018,0.1240232776850462,60,60,0,10,10,0,-0.028382419500007548,-0.009456424305914691,0.9931808552574269,0.0,0.0,-178.24994998091077,-90.0,0.0,,,,,,,,,,,,,,0,2825,0,3,8229,2916,548,8229,5741,5373,0,995,0,73,930,2915,0.0,0.0010619469026548673,0.0,0.343298092113258,0,0,60,60,0.0,0.0,0.0,0.0,0.0,0.0,0.0,0.0,0.0,0.0,0.0,3067.6902875852393,2638.251080904861,3045.593355966299,3486.0810284561476,39.76567685420913,41.34898207827807,148.51772359750933,144.3242856396714,-13.002091068425301,672.1044942863499,0.5,0,0,0,0,0,0,0,0,0,0,0,0.0,0.0,0.0,0.0,0.0,0,0.0,0,0.0,0,0.0,0.0,0.0,1,0,1,0,0,3,0,1,0,0,0,5.699999999999985,5.699999999999985,6.499999999999982,4.699999999999989,6.6999999999999815,0,0.0,0,0.0,2,1.0,341.5,1.0,5.699999999999985,5.699999999999985,0,2,683,683,30.000000000000007,0,0,0,0,0,103,103,0,0,6,0,0,35,0,0,1,0,30,59.999999999999986,3.977777777777778,3.25,5.8,0.0,0.0,0.0,0,1,4.760986399999638,21.00405075721443,nan,nan,nan,nan,nan,nan,nan,23.80493199999819,0,0,1304.881684122841,143,76.0,1,0,2.0,0,0,179.3633884191513,179.3633884191513,156.8909990787506,156.8909990787506,3.1400828280936377,1.566720187092225,12.323304496490996,6586,0,9.086860532568846,1,1.0,1,0,0.0,0,0,74.18139606714249,74.18139606714249,44.01464894413948,44.01464894413948,3.141532731771215,1.5495160584130798,4.180130192548967,3295,0,0.4284668463384057,0.0,0.0,0.0,0.0,0.0,0.0,319.760184688295,0.0,0.0,1304.881684122841,0.0,
4600,46,-265.3841972351074,22.3096255341642,0.0,0.0,0.0,3.6875,100,50,100,0,16,8,0,0,,0,16,0,0.0,3.0,47,1,0,0,0,2,0.0,0.46078431372549017,0.0,0.0,0.0,False,paper_3v3_joint_eq15_23_v1,paper_joint,paper_3v3_v1,paper_fixed_v1,paper_3v3_pid_v1,0.8,paper_3v3_eq9_11_v1,vanilla_mappo_paper_3v3_v2,tanh_squashed_diag_gaussian_v1,pre_tanh_base_normal_entropy_v1,3686728c40163c88388932de0beb132e15024687879e03f982fd4715aa6d4d9d,simple_dynamic_pursuit_with_mws,,,3,3,1400,eq17_minimal_finite_tail_v1,"{""d_att_max_m"":10000.000001,""h_adv_m"":5000.0,""h_att_m"":2000.0,""h_max_m"":10000.0,""h_min_m"":0.0,""high_altitude_tail"":0.0,""version"":""eq17_minimal_finite_tail_v1""}",0.5762698650360107,0.3927209675312042,0.5975325703620911,-0.5522419810295105,0.5762698650360107,0.3927209675312042,0.5975325703620911,0.0,0.0,0.27626986503601075,1.9208995501200359,0.014480293355882167,547.8695373535156,2.5934743702411653,0.1441540134139359,0.12967372136190533,80,80,0,10,10,0,-0.026733010097206626,-0.013511826270905853,0.931994353981115,0.0,0.0,-176.27594913974582,-90.0,0.0,-0.026733010097206626,-0.008911003365735541,-0.013511826270905853,-0.004503942090301951,0.931994353981115,0.3106647846603717,0.0,0.0,0.0,0.0,-176.27594913974582,-58.75864971324861,-90.0,0,513,0,0,10122,6529,0,10122,10081,595,0,356,0,0,2210,3490,0.0,0.0,0.0,0.05068168346176645,0,0,60,60,0.0,0.0,0.0,0.0,0.0,0.0,0.0,0.0,0.0,0.0,0.0,0.0,0.0,0.0,0.0,0.0,0.0,0.0,0.0,0.0,0.0,1.0,0,0,0,0,0,0,0,0,0,0,0,0.0,0.0,0.0,0.0,0.0,0,0.0,0,0.0,0,0.0,0.0,0.0,2,0,0,0,0,0,0,0,0,0,0,6.6166666666666485,6.6166666666666485,7.256666666666646,5.816666666666651,7.416666666666646,0,0.0,0,0.0,2,1.0,396.0,1.0,6.6166666666666485,6.6166666666666485,0,2,792,792,30.000000000000007,0,0,0,0,0,124,124,0,0,5,0,0,62,0,0,0,0,37,60.000000000000036,5.223333333333333,5.633333333333334,5.827777777777778,0.0,0.0,0.0,1,0,4.749700600000324,21.053958643202307,nan,87.0,nan,148.0,182.0,182.0,182.0,18.998802400001296,0,0,9.975419606140848,37,35.0,1,0,0.0,0,0,179.57276701927188,179.57276701927188,142.80519604682922,142.80519604682922,3.1380628121190077,1.5641181054184303,3.6192798658312326,5073,0,8.785574604491375,0,0.0,0,0,0.0,0,0,149.53473508358002,149.53473508358002,26.769791096448902,26.769791096448902,2.876896483338705,1.5162651944634835,2.324360012241927,1641,0,0.4605109840612014,0.0,0.0,0.0,0.0,0.0,0.0,310.4564795038857,0.0,0.0,9.975419606140848,0.0,
4700,47,,,,0.0,,,100,50,100,0,16,8,0,0,,0,16,0,,,47,1,0,0,0,0,0.0,0.44761904761904764,0.0,0.0,0.0,False,paper_3v3_joint_eq15_23_v1,paper_joint,paper_3v3_v1,paper_fixed_v1,paper_3v3_pid_v1,0.8,paper_3v3_eq9_11_v1,vanilla_mappo_paper_3v3_v2,tanh_squashed_diag_gaussian_v1,pre_tanh_base_normal_entropy_v1,3686728c40163c88388932de0beb132e15024687879e03f982fd4715aa6d4d9d,simple_dynamic_pursuit_with_mws,,,3,3,1400,eq17_minimal_finite_tail_v1,"{""d_att_max_m"":10000.000001,""h_adv_m"":5000.0,""h_att_m"":2000.0,""h_max_m"":10000.0,""h_min_m"":0.0,""high_altitude_tail"":0.0,""version"":""eq17_minimal_finite_tail_v1""}",0.5758448839187622,0.5023970603942871,0.5981664657592773,-0.5524122714996338,0.5758448839187622,0.5023970603942871,0.5981664657592773,0.0,0.0,0.2758448839187622,1.919482946395874,-0.16337946206331252,68.08049621582032,2.5825702706972757,-0.03425094187259674,0.12912851547201473,60,60,0,10,10,0,-0.026733010097206626,-0.013511826270905853,0.931994353981115,0.0,0.0,-176.27594913974582,-90.0,0.0,,,,,,,,,,,,,,0,313,0,3,10800,1174,2419,10800,5568,4331,0,241,0,75,427,2292,0.0,0.009584664536741214,0.0,0.028981481481481483,0,0,0,0,0.0,0.0,0.0,0.0,0.0,0.0,0.0,0.0,0.0,0.0,0.0,2459.7621661752482,2312.826567542908,2568.671356613969,2661.152360026949,41.243029132272135,43.27747356537591,144.36880203899727,164.46064643856883,-0.7061349405098459,1102.4565593083055,0.0,0,0,0,0,0,0,0,0,0,0,0,0.0,0.0,0.0,0.0,0.0,0,0.0,0,0.0,0,0.0,0.0,0.0,0,0,1,0,0,3,0,1,0,0,0,6.399999999999983,6.399999999999983,6.399999999999983,6.399999999999983,6.399999999999983,0,0.0,0,0.0,1,1.0,384.0,1.0,6.399999999999983,6.399999999999983,0,1,384,384,30.000000000000007,0,0,0,0,0,0,0,0,0,0,0,0,0,0,0,0,0,0,0.0,0.0,0.0,0.0,0.0,0.0,0.0,0,1,5.425431000000572,18.431715378923712,nan,nan,nan,nan,nan,nan,nan,16.276293000001715,0,0,0.0,0,0.0,0,0,0.0,0,0,0.0,0.0,0.0,0.0,0.0,0.0,0.0,0,0,0.0,0,0.0,0,0,0.0,0,0,0.0,0.0,0.0,0.0,0.0,0.0,0.0,0,0,0.4302454713732004,0.0,0.0,0.0,0.0,0.0,,,0.0,,,0.0,
4800,48,,,,0.0,,,100,50,100,0,16,9,41,1,,0,16,0,,,47,1,0,0,0,1,0.0,0.42342342342342343,0.0,0.0,0.0,False,paper_3v3_joint_eq15_23_v1,paper_joint,paper_3v3_v1,paper_fixed_v1,paper_3v3_pid_v1,0.8,paper_3v3_eq9_11_v1,vanilla_mappo_paper_3v3_v2,tanh_squashed_diag_gaussian_v1,pre_tanh_base_normal_entropy_v1,3686728c40163c88388932de0beb132e15024687879e03f982fd4715aa6d4d9d,simple_dynamic_pursuit_with_mws,,,3,3,1400,eq17_minimal_finite_tail_v1,"{""d_att_max_m"":10000.000001,""h_adv_m"":5000.0,""h_att_m"":2000.0,""h_max_m"":10000.0,""h_min_m"":0.0,""high_altitude_tail"":0.0,""version"":""eq17_minimal_finite_tail_v1""}",0.553180992603302,0.3902607560157776,0.5970555543899536,-0.5947403907775879,0.553180992603302,0.3902607560157776,0.5970555543899536,0.0,0.0,0.253180992603302,1.8439366420110068,0.2695774128039678,39.27673473358154,2.515270964304606,0.39534096668163937,0.12576355126996835,60,60,0,10,10,0,-0.026733010097206626,-0.013511826270905853,0.931994353981115,0.0,0.0,-176.27594913974582,-90.0,0.0,,,,,,,,,,,,,,0,2787,0,6,9825,972,3471,9825,4425,8211,0,2198,0,174,282,2724,0.0,0.002152852529601722,0.0,0.2836641221374046,0,0,60,60,0.0,0.0,0.0,0.0,0.0,0.0,0.0,0.0,0.0,0.0,0.0,3106.761699424535,2604.32101643008,2719.0566430740046,3444.408067712251,32.487946914664285,38.184988996436786,132.77103729295854,136.36686486525056,-10.584559236465852,2174.7302398366774,0.16666666666666666,0,0,0,0,0,0,0,0,0,0,0,0.0,0.0,0.0,0.0,0.0,0,0.0,0,0.0,0,0.0,0.0,0.0,1,1,3,0,1,6,1,3,0,1,0,5.138888888888885,5.25833333333332,7.958333333333336,2.033333333333331,8.966666666666692,0,0.0,0,0.0,6,1.0,307.8333333333333,1.0,5.138888888888885,5.25833333333332,0,6,1847,1847,30.000000000000007,0,0,0,0,0,78,78,0,0,14,0,0,18,0,0,1,0,27,60.000000000000036,6.794444444444444,6.25,5.216666666666667,0.0,0.0,0.0,0,1,4.928959899999427,20.28825594625179,nan,nan,nan,nan,nan,nan,nan,9.857919799998854,0,0,3141.2564459546834,6,4.0,1,0,2.0,0,0,179.73373174667358,179.73373174667358,137.58953869342804,137.58953869342804,3.1399525034219686,1.5266458213149752,24.839300057022694,5071,0,9.316962146376556,16,13.0,1,0,0.0,0,0,101.80149972438811,101.80149972438811,39.093354642391205,39.093354642391205,1.5589552675692042,1.3661569192825236,0.3611097749996839,1677,0,0.4443620200753001,0.0,0.0,0.0,0.0,0.0,0.0,328.21556760076237,0.0,0.0,3141.2564459546834,0.0,
4900,49,,,,0.0,,,100,50,100,0,16,10,40,1,,0,16,0,,,47,1,0,0,0,1,0.0,0.41964285714285715,0.0,0.0,0.0,False,paper_3v3_joint_eq15_23_v1,paper_joint,paper_3v3_v1,paper_fixed_v1,paper_3v3_pid_v1,0.8,paper_3v3_eq9_11_v1,vanilla_mappo_paper_3v3_v2,tanh_squashed_diag_gaussian_v1,pre_tanh_base_normal_entropy_v1,3686728c40163c88388932de0beb132e15024687879e03f982fd4715aa6d4d9d,simple_dynamic_pursuit_with_mws,,,3,3,1400,eq17_minimal_finite_tail_v1,"{""d_att_max_m"":10000.000001,""h_adv_m"":5000.0,""h_att_m"":2000.0,""h_max_m"":10000.0,""h_min_m"":0.0,""high_altitude_tail"":0.0,""version"":""eq17_minimal_finite_tail_v1""}",0.5859160423278809,0.40290823578834534,0.5987970232963562,-0.5353700518608093,0.5859160423278809,0.40290823578834534,0.5987970232963562,0.0,0.0,0.28591604232788087,1.9530534744262695,-0.7566831022500992,1077.5086669921875,2.5568122108777365,-0.6288424894213677,0.12784061369796593,60,60,0,10,10,0,-0.026733010097206626,-0.013511826270905853,0.931994353981115,0.0,0.0,-176.27594913974582,-90.0,0.0,,,,,,,,,,,,,,0,898,0,1,9768,4194,1668,9768,7378,3348,0,328,0,29,1278,2948,0.0,0.0011135857461024498,0.0,0.09193284193284193,0,0,60,60,0.0,0.0,0.0,0.0,0.0,0.0,0.0,0.0,0.0,0.0,0.0,4624.350770612088,4624.350770612088,4624.350770612088,4624.350770612088,43.38357007600942,43.38357007600942,150.80166779526047,150.80166779526047,9.910399771307219,467.3062925011218,1.0,0,0,0,0,0,0,0,0,0,0,0,0.0,0.0,0.0,0.0,0.0,0,0.0,0,0.0,0,0.0,0.0,0.0,1,0,0,0,0,1,0,0,0,0,0,4.716666666666655,4.716666666666655,4.716666666666655,4.716666666666655,4.716666666666655,0,0.0,0,0.0,1,1.0,282.0,1.0,4.716666666666655,4.716666666666655,0,1,282,282,26.683478268095133,0,0,0,0,0,99,99,0,0,6,0,0,39,0,0,1,0,35,60.000000000000036,4.173333333333334,4.583333333333333,4.583333333333333,0.0,0.0,0.0,0,1,4.640215699999317,21.550722308020017,nan,nan,nan,nan,nan,nan,nan,4.640215699999317,0,0,141.00399576475377,179,63.0,1,0,1.0,0,0,179.79445695877075,179.79445695877075,145.8676779270172,145.8676779270172,3.1403559744867313,1.5225585440964797,5.34700611402381,5589,0,11.020798471649226,74,35.0,1,0,0.0,0,0,155.42783796787262,155.42783796787262,48.383986204862595,48.383986204862595,1.5229947141170166,1.525668192207348,1.3940381268581545,1412,0,0.4530200147462353,0.0,0.0,0.0,0.0,0.0,0.0,336.6835323825297,0.0,0.0,141.00399576475377,0.0,
5000,50,,,,0.0,,,100,50,100,0,16,10,0,0,,0,16,0,,,47,1,0,0,0,0,0.0,0.40869565217391307,0.0,0.0,0.0,False,paper_3v3_joint_eq15_23_v1,paper_joint,paper_3v3_v1,paper_fixed_v1,paper_3v3_pid_v1,0.8,paper_3v3_eq9_11_v1,vanilla_mappo_paper_3v3_v2,tanh_squashed_diag_gaussian_v1,pre_tanh_base_normal_entropy_v1,3686728c40163c88388932de0beb132e15024687879e03f982fd4715aa6d4d9d,simple_dynamic_pursuit_with_mws,,,3,3,1400,eq17_minimal_finite_tail_v1,"{""d_att_max_m"":10000.000001,""h_adv_m"":5000.0,""h_att_m"":2000.0,""h_max_m"":10000.0,""h_min_m"":0.0,""high_altitude_tail"":0.0,""version"":""eq17_minimal_finite_tail_v1""}",0.5608143210411072,0.4437899589538574,0.5978398323059082,-0.5802195072174072,0.5608143210411072,0.4437899589538574,0.5978398323059082,0.0,0.0,0.2608143210411072,1.869381070137024,-0.17108947436014812,475.7350128173828,2.4798488060633344,-0.047097032268842064,0.12399244233965874,60,60,0,10,10,0,-0.026733010097206626,-0.013511826270905853,0.931994353981115,0.0,0.0,-176.27594913974582,-90.0,0.0,,,,,,,,,,,,,,0,477,0,3,10800,3860,597,10800,9533,1196,0,472,0,73,1302,3269,0.0,0.006289308176100629,0.0,0.04416666666666667,0,0,0,0,0.0,0.0,0.0,0.0,0.0,0.0,0.0,0.0,0.0,0.0,0.0,2171.6803031537197,1995.8597743071364,2050.9344537426346,2287.12790729476,37.12316976205499,38.5467804083261,94.00114013773445,90.71294084197173,43.67046201723039,1871.7728952396876,0.0,0,0,0,0,0,0,0,0,0,0,0,0.0,0.0,0.0,0.0,0.0,0,0.0,0,0.0,0,0.0,0.0,0.0,0,0,0,0,0,3,0,0,0,0,0,0.0,0.0,0.0,0.0,0.0,0,0.0,0,0.0,0,0.0,0.0,0.0,0.0,0.0,0,0,0,0,0.0,0,0,0,0,0,0,0,0,0,0,0,0,0,0,0,0,0,0,0.0,0.0,0.0,0.0,0.0,0.0,0.0,0,1,5.765901000000667,17.343343217302625,nan,nan,nan,nan,nan,nan,nan,0.0,0,0,0.0,0,0.0,0,0,0.0,0,0,0.0,0.0,0.0,0.0,0.0,0.0,0.0,0,0,0.0,0,0.0,0,0,0.0,0,0,0.0,0.0,0.0,0.0,0.0,0.0,0.0,0,0,0.4232605481337911,0.0,0.0,0.0,0.0,0.0,,,0.0,,,0.0,
