Iteration,Step,ActorLoss,CriticLoss,BaseNormalEntropy,PolicyLoss,EntropyBonus,ActorUpdateAttempts,ActorUpdatesApplied,ActorUpdatesSkipped,CriticUpdateAttempts,CriticUpdatesApplied,CriticUpdatesSkipped,ActionStdDeltaFromInit,ActionStdGrowthRatio,RedMeanReward,RedWinRate,RedRewardStd,WinRateRecent,RedMissiles,BlueMissiles,requested_replay_buffer_size,rollout_horizon_per_env,transitions_per_update,unused_replay_slots,Episodes,InvalidNumericalEpisodes,InvalidTransitionsDropped,InvalidEpisodesDropped,UpdateSkipReason,RedWins,BlueWins,Draws,RedAliveMean,BlueAliveMean,RedDeathsMissile,RedDeathsCrash,BlueDeathsMissile,BlueDeathsCrash,RedMissileHits,BlueMissileHits,RedMissileHitRate,BlueMissileHitRate,KD_Red_AllDeaths,KD_Red_MissileOnly,RWR,RWRDenominatorZero,RewardVersion,RewardMode,EnvironmentProfile,ObsNormalization,PIDProfile,PIDThrottleBase,MissileGuidanceMode,CheckpointSchema,ActionDistribution,EntropyEstimator,EnvironmentConfigFingerprint,BluePolicyProfile,RedMWSMode,BlueMWSMode,NumRed,NumBlue,MaxSteps,AltitudeRewardConfigVersion,AltitudeRewardConfig,r_pitch_team_sum,r_pitch_per_agent_mean,r_roll_team_sum,r_roll_per_agent_mean,r_alt_team_sum,r_alt_per_agent_mean,r_bound_team_sum,r_bound_per_agent_mean,r_vel_team_sum,r_vel_per_agent_mean,r_adv_team_sum,r_adv_per_agent_mean,r_end_team,ActionStdMean,ActionStdMin,ActionStdMax,ActionLogStdMean,StateDependentStdMean,StateDependentStdMin,StateDependentStdMax,StateDependentStdLowerBoundFrac,StateDependentStdUpperBoundFrac,LaunchDiagRedGeometryOk,LaunchDiagBlueGeometryOk,LaunchDiagRedLaunches,LaunchDiagBlueLaunches,LaunchDiagRedRangeOk,LaunchDiagRedAoOk,LaunchDiagRedTaOk,LaunchDiagBlueRangeOk,LaunchDiagBlueAoOk,LaunchDiagBlueTaOk,LaunchDiagRedEngagedBlocked,LaunchDiagBlueEngagedBlocked,LaunchDiagRedCooldownBlocked,LaunchDiagBlueCooldownBlocked,LaunchDiagRedLockMature,LaunchDiagBlueLockMature,RedGeometryToLaunchRate,BlueGeometryToLaunchRate,RedRangeToGeometryRate,BlueRangeToGeometryRate,LaunchDiagRedRangeLowBlocked,LaunchDiagBlueRangeLowBlocked,LaunchDiagRedRangeHighBlocked,LaunchDiagBlueRangeHighBlocked,RedLaunchRangeMean,RedLaunchRangeP25,RedLaunchRangeP50,RedLaunchRangeP75,RedLaunchAoDegMean,RedLaunchAoDegP50,RedLaunchTaDegMean,RedLaunchTaDegP50,RedLaunchClosingSpeedMean,RedLaunchAltitudeDiffAbsMean,RedLaunchHitRateFromQualityRecords,BlueLaunchRangeMean,BlueLaunchRangeP25,BlueLaunchRangeP50,BlueLaunchRangeP75,BlueLaunchAoDegMean,BlueLaunchAoDegP50,BlueLaunchTaDegMean,BlueLaunchTaDegP50,BlueLaunchClosingSpeedMean,BlueLaunchAltitudeDiffAbsMean,BlueLaunchHitRateFromQualityRecords,ExecutedActionAbsMean,ExecutedActionNearBoundFrac,ExecutedActionNearBoundFracPitch,ExecutedActionNearBoundFracHeading,ExecutedActionNearBoundFracVelocity,PolicyMeanNearBoundFrac,MaximumSpeedBeforeLimiterMps,MaximumSpeedAfterLimiterMps,SpeedLimiterActivations,SpeedLimiterActivationRatePer1000PhysicsSteps,MaximumLoadG,LoadLimiterActivations,EnvironmentDynamicsWarning,blue_target_switches_total,blue_target_dead_switches,blue_distance_triggered_switches,blue_engaged_triggered_switches,blue_mws_detected_agent_decisions,blue_mws_override_agent_decisions,blue_route_phase_changes,blue_base_heading_command_discontinuities,blue_executed_heading_command_discontinuities,blue_altitude_recovery_frames,blue_target_reallocations,blue_target_reallocations_after_death,blue_target_switches_while_alive,blue_engaged_wait_agent_decisions,blue_no_alive_target_agent_decisions,RedMissileTermHit,RedMissileTermPHitFail,RedMissileTermOvershoot,RedMissileTermTimeout,RedMissileTermTargetDead,BlueMissileTermHit,BlueMissileTermPHitFail,BlueMissileTermOvershoot,BlueMissileTermTimeout,BlueMissileTermTargetDead,MissileLifetimeMeanS,MissileLifetimeP50S,MissileOneFrameTerminations,MissileLifetimeOverPoint2S,MissilePNGuidanceFrames,MissilePNNonzeroCommandFrames,MissileMaximumCommandG,TargetReallocations,TargetReallocationsAfterDeath,TargetSwitchesWhileAlive,TargetEngagedWaitFrames,TargetNoAliveFrames,RedMWSDetectedAgentDecisions,RedMWSOverrideAgentDecisions,BlueMWSDetectedAgentDecisions,BlueMWSOverrideAgentDecisions,RedWarningToTerminalMeanS,RedWarningToTerminalP50S,RedWarningToHitMeanS,BlueWarningToTerminalMeanS,BlueWarningToTerminalP50S,BlueWarningToHitMeanS,CompletedEpisodesThisIteration,NoCompletedEpisodeThisIteration,IterationWallTimeS,EnvironmentStepsPerSecond,RedMissileLaunches,RedMissilePHitFail,RedMissileOvershoot,RedMissileTimeout,RedMissileTargetDead,RedMissileUnknownTermination,BlueMissileLaunches,BlueMissilePHitFail,BlueMissileOvershoot,BlueMissileTimeout,BlueMissileTargetDead,BlueMissileUnknownTermination,RedMissileLifetimeMeanSec,RedMissileLifetimeMedianSec,RedMissileLifetimeP90Sec,RedMissileLifetimeMinSec,RedMissileLifetimeMaxSec,BlueMissileLifetimeMeanSec,BlueMissileLifetimeMedianSec,BlueMissileLifetimeP90Sec,BlueMissileLifetimeMinSec,BlueMissileLifetimeMaxSec,RedLaunchInsideHitRadiusCount,RedLaunchInsideHitRadiusFrac,BlueLaunchInsideHitRadiusCount,BlueLaunchInsideHitRadiusFrac,RedOnePhysicsFrameHitCount,RedOnePhysicsFrameHitFrac,BlueOnePhysicsFrameHitCount,BlueOnePhysicsFrameHitFrac,RedMissileSurvivedOneDecisionCount,RedMissileSurvivedOneDecisionFrac,BlueMissileSurvivedOneDecisionCount,BlueMissileSurvivedOneDecisionFrac,RedPNFramesMean,RedPNNonZeroCommandFrac,BluePNFramesMean,BluePNNonZeroCommandFrac,RedFirstLaunchStepMean,BlueFirstLaunchStepMean,RedFirstHitStepMean,BlueFirstHitStepMean,EpisodeLengthMean,EpisodeLengthP50,EpisodeLengthP90,EstimatedRemainingTimeSec,WorkerRestartCount,ResumeCount,RedMaximumGSeen,BlueMaximumGSeen,RedFramesAbove9G,BlueFramesAbove9G,RedMaximumConsecutiveAbove9GFrames,BlueMaximumConsecutiveAbove9GFrames,RedEpisodeEverExceeded9G,BlueEpisodeEverExceeded9G,RedTransientAbove30GEvents,BlueTransientAbove30GEvents,RedMaximumConsecutiveAbove30GFrames,BlueMaximumConsecutiveAbove30GFrames,RedLoadProtectionActiveFrames,BlueLoadProtectionActiveFrames,RedMWSWarningGenerations,BlueMWSWarningGenerations,RedMWSDirectionChangesWithinSameMissile,RedMWSSuppressedDirectionFlipAttempts,BlueMWSDirectionChangesWithinSameMissile,RedSetpointRateLimitActivations,BlueSetpointRateLimitActivations,RedRequestedHeadingJumpMaxDeg,BlueRequestedHeadingJumpMaxDeg,RedAppliedHeadingJumpMaxDeg,BlueAppliedHeadingJumpMaxDeg,RedRequestedPitchJumpMaxDeg,BlueRequestedPitchJumpMaxDeg,RedAppliedPitchJumpMaxDeg,BlueAppliedPitchJumpMaxDeg,RedMaximumAbsoluteEPhi,BlueMaximumAbsoluteEPhi,RedMaximumAbsoluteETheta,BlueMaximumAbsoluteETheta,RedMaximumAbsoluteDerivativeTerm,BlueMaximumAbsoluteDerivativeTerm,RedPIDOutputSaturationFrames,BluePIDOutputSaturationFrames,RedDegenerateArctanRatioCount,BlueDegenerateArctanRatioCount,RedMWSMaximumContinuousDecisions,RedMWSTargetHeadingDeltaMaxDeg,NonFiniteLoadInvalidEpisodes,CatastrophicFiniteLoadInvalidEpisodes,PersistentExtremeFiniteLoadInvalidEpisodes
1,100,-0.059203,1606.442456,0.680549,-0.025175,0.034027,60,60,0,10,10,0,0.000000,1.000000,,0.000000,,,,,100,50,100,0,0,0,0,0,,0,0,0,,,0,0,0,0,0,0,0.000000,0.000000,0.000000,0.000000,0.000000,1,paper_3v3_joint_eq15_23_v1,paper_joint,paper_3v3_v1,paper_fixed_v1,paper_3v3_pid_v1,0.800000,paper_3v3_eq9_11_v1,vanilla_mappo_paper_3v3_v2,tanh_squashed_diag_gaussian_v1,pre_tanh_base_normal_entropy_v1,3686728c40163c88388932de0beb132e15024687879e03f982fd4715aa6d4d9d,simple_dynamic_pursuit_with_mws,,,3,3,1400,eq17_minimal_finite_tail_v1,"{""d_att_max_m"":10000.000001,""h_adv_m"":5000.0,""h_att_m"":2000.0,""h_max_m"":10000.0,""h_min_m"":0.0,""high_altitude_tail"":0.0,""version"":""eq17_minimal_finite_tail_v1""}",,,,,,,,,,,,,,0.300000,0.300000,0.300000,-1.203973,0.300000,0.300000,0.300000,0.000000,0.000000,0,779,0,0,10680,5914,0,10680,10800,779,0,0,0,0,2010,3461,0.000000,0.000000,0.000000,0.072940,0,0,120,120,0.000000,0.000000,0.000000,0.000000,0.000000,0.000000,0.000000,0.000000,0.000000,0.000000,0.000000,0.000000,0.000000,0.000000,0.000000,0.000000,0.000000,0.000000,0.000000,0.000000,0.000000,0.000000,0.226645,0.000000,0.000000,0.000000,0.000000,0.000000,,,0.000000,,,0.000000,,0,0,0,0,0,0,0,0,0,0,0,0,0,0,0,0.000000,0.000000,0.000000,0.000000,0.000000,0.000000,0.000000,0.000000,0.000000,0.000000,0.000000,0.000000,0.000000,0.000000,0.000000,0.000000,0.000000,0.000000,0.000000,0.000000,0.000000,0.000000,0.000000,0.000000,0.000000,0.000000,0.000000,0.000000,0.000000,0.000000,0.000000,0.000000,0.000000,1.000000,7.325076,13.651736,0.000000,0.000000,0.000000,0.000000,0.000000,0.000000,0.000000,0.000000,0.000000,0.000000,0.000000,0.000000,0.000000,0.000000,0.000000,0.000000,0.000000,0.000000,0.000000,0.000000,0.000000,0.000000,0.000000,0.000000,0.000000,0.000000,0.000000,0.000000,0.000000,0.000000,0.000000,0.000000,0.000000,0.000000,0.000000,0.000000,0.000000,0.000000,,,,,,,,358.928714,0.000000,0.000000,0.000000,0.000000,0.000000,0.000000,0.000000,0.000000,0.000000,0.000000,0.000000,0.000000,0.000000,0.000000,0.000000,0.000000,0.000000,0.000000,0.000000,0.000000,0.000000,0.000000,0.000000,0.000000,0.000000,0.000000,0.000000,0.000000,0.000000,0.000000,0.000000,0.000000,0.000000,0.000000,0.000000,0.000000,0.000000,0.000000,0.000000,0.000000,0.000000,0.000000,0.000000,0.000000,0.000000,0.000000
2,200,-0.051613,106.855892,0.704857,-0.016370,0.035243,60,60,0,10,10,0,0.005618,1.018728,,0.000000,,,,,100,50,100,0,0,0,0,0,,0,0,0,,,0,0,0,0,0,0,0.000000,0.000000,0.000000,0.000000,0.000000,1,paper_3v3_joint_eq15_23_v1,paper_joint,paper_3v3_v1,paper_fixed_v1,paper_3v3_pid_v1,0.800000,paper_3v3_eq9_11_v1,vanilla_mappo_paper_3v3_v2,tanh_squashed_diag_gaussian_v1,pre_tanh_base_normal_entropy_v1,3686728c40163c88388932de0beb132e15024687879e03f982fd4715aa6d4d9d,simple_dynamic_pursuit_with_mws,,,3,3,1400,eq17_minimal_finite_tail_v1,"{""d_att_max_m"":10000.000001,""h_adv_m"":5000.0,""h_att_m"":2000.0,""h_max_m"":10000.0,""h_min_m"":0.0,""high_altitude_tail"":0.0,""version"":""eq17_minimal_finite_tail_v1""}",,,,,,,,,,,,,,0.305618,0.303003,0.310128,-1.185439,0.305618,0.303003,0.310128,0.000000,0.000000,0,8295,0,4,10680,177,0,10680,10515,8295,0,2204,0,116,139,3544,0.000000,0.000482,0.000000,0.776685,0,0,0,0,0.000000,0.000000,0.000000,0.000000,0.000000,0.000000,0.000000,0.000000,0.000000,0.000000,0.000000,3238.924713,2821.966960,3136.255629,3553.213383,14.477853,14.843815,117.115205,108.527787,173.587719,804.609000,0.500000,0.237241,0.000000,0.000000,0.000000,0.000000,0.000000,,,0.000000,,,0.000000,,0,0,0,0,0,0,0,0,0,0,0,0,0,0,0,0.000000,0.000000,0.000000,0.000000,0.000000,1.000000,1.000000,0.000000,0.000000,0.000000,5.216667,5.216667,0.000000,2.000000,624.000000,624.000000,30.000000,0.000000,0.000000,0.000000,0.000000,0.000000,0.000000,0.000000,0.000000,0.000000,0.000000,0.000000,0.000000,0.000000,0.000000,0.000000,0.000000,1.000000,10.589546,9.443275,0.000000,0.000000,0.000000,0.000000,0.000000,0.000000,4.000000,1.000000,0.000000,0.000000,0.000000,0.000000,0.000000,0.000000,0.000000,0.000000,0.000000,5.216667,5.216667,6.096667,4.116667,6.316667,0.000000,0.000000,0.000000,0.000000,0.000000,0.000000,0.000000,0.000000,0.000000,0.000000,2.000000,1.000000,0.000000,0.000000,312.000000,1.000000,,,,,,,,508.298213,0.000000,0.000000,0.000000,0.000000,0.000000,0.000000,0.000000,0.000000,0.000000,0.000000,0.000000,0.000000,0.000000,0.000000,0.000000,0.000000,0.000000,0.000000,0.000000,0.000000,0.000000,0.000000,0.000000,0.000000,0.000000,0.000000,0.000000,0.000000,0.000000,0.000000,0.000000,0.000000,0.000000,0.000000,0.000000,0.000000,0.000000,0.000000,0.000000,0.000000,0.000000,0.000000,0.000000,0.000000,0.000000,0.000000
3,300,0.267006,11.184424,0.740198,0.304016,0.037010,50,50,0,10,10,0,0.006492,1.021641,,0.000000,,,,,100,50,100,0,0,0,0,0,,0,0,0,,,0,0,0,0,0,0,0.000000,0.000000,0.000000,0.000000,0.000000,1,paper_3v3_joint_eq15_23_v1,paper_joint,paper_3v3_v1,paper_fixed_v1,paper_3v3_pid_v1,0.800000,paper_3v3_eq9_11_v1,vanilla_mappo_paper_3v3_v2,tanh_squashed_diag_gaussian_v1,pre_tanh_base_normal_entropy_v1,3686728c40163c88388932de0beb132e15024687879e03f982fd4715aa6d4d9d,simple_dynamic_pursuit_with_mws,,,3,3,1400,eq17_minimal_finite_tail_v1,"{""d_att_max_m"":10000.000001,""h_adv_m"":5000.0,""h_att_m"":2000.0,""h_max_m"":10000.0,""h_min_m"":0.0,""high_altitude_tail"":0.0,""version"":""eq17_minimal_finite_tail_v1""}",,,,,,,,,,,,,,0.306492,0.301798,0.312498,-1.182625,0.306492,0.301798,0.312498,0.000000,0.000000,0,6500,0,3,6657,0,0,6657,6500,6657,0,3484,0,87,0,3488,0.000000,0.000462,0.000000,0.976416,0,0,0,0,0.000000,0.000000,0.000000,0.000000,0.000000,0.000000,0.000000,0.000000,0.000000,0.000000,0.000000,3864.036596,3017.066161,3096.158764,4327.068115,21.863309,18.896159,149.852991,146.283883,63.837094,121.325570,1.000000,0.240911,0.000000,0.000000,0.000000,0.000000,0.000000,,,0.000000,,,0.000000,,0,0,0,0,0,0,0,0,0,0,0,0,0,0,0,0.000000,0.000000,0.000000,0.000000,0.000000,2.000000,0.000000,0.000000,0.000000,0.000000,5.783333,5.783333,0.000000,2.000000,692.000000,692.000000,29.409752,0.000000,0.000000,0.000000,0.000000,0.000000,0.000000,0.000000,0.000000,0.000000,0.000000,0.000000,0.000000,0.000000,0.000000,0.000000,0.000000,1.000000,5.782115,17.294709,0.000000,0.000000,0.000000,0.000000,0.000000,0.000000,3.000000,0.000000,0.000000,0.000000,0.000000,0.000000,0.000000,0.000000,0.000000,0.000000,0.000000,5.783333,5.783333,6.503333,4.883333,6.683333,0.000000,0.000000,0.000000,0.000000,0.000000,0.000000,0.000000,0.000000,0.000000,0.000000,2.000000,1.000000,0.000000,0.000000,346.000000,1.000000,,,,,,,,271.759410,0.000000,0.000000,0.000000,0.000000,0.000000,0.000000,0.000000,0.000000,0.000000,0.000000,0.000000,0.000000,0.000000,0.000000,0.000000,0.000000,0.000000,0.000000,0.000000,0.000000,0.000000,0.000000,0.000000,0.000000,0.000000,0.000000,0.000000,0.000000,0.000000,0.000000,0.000000,0.000000,0.000000,0.000000,0.000000,0.000000,0.000000,0.000000,0.000000,0.000000,0.000000,0.000000,0.000000,0.000000,0.000000,0.000000
4,400,0.046172,1905.553552,0.851292,0.088737,0.042565,80,80,0,10,10,0,0.014073,1.046911,-287.2294,0.000000,13.8085,0.000000,0.0,3.5,100,50,100,0,2,0,0,0,,0,2,0,0.0000,3.0000,6,0,0,0,0,6,0.000000,0.857143,0.000000,0.000000,0.000000,0,paper_3v3_joint_eq15_23_v1,paper_joint,paper_3v3_v1,paper_fixed_v1,paper_3v3_pid_v1,0.800000,paper_3v3_eq9_11_v1,vanilla_mappo_paper_3v3_v2,tanh_squashed_diag_gaussian_v1,pre_tanh_base_normal_entropy_v1,3686728c40163c88388932de0beb132e15024687879e03f982fd4715aa6d4d9d,simple_dynamic_pursuit_with_mws,,,3,3,1400,eq17_minimal_finite_tail_v1,"{""d_att_max_m"":10000.000001,""h_adv_m"":5000.0,""h_att_m"":2000.0,""h_max_m"":10000.0,""h_min_m"":0.0,""high_altitude_tail"":0.0,""version"":""eq17_minimal_finite_tail_v1""}",0.000000,0.000000,0.000000,0.000000,0.788728,0.262909,0.000000,0.000000,0.000000,0.000000,-198.018151,-66.006050,-90.000000,0.314073,0.303636,0.327173,-1.158396,0.314073,0.303636,0.327173,0.000000,0.000000,0,723,0,0,9477,6450,0,9477,9558,762,0,610,0,0,2279,3408,0.000000,0.000000,0.000000,0.076290,0,0,120,120,0.000000,0.000000,0.000000,0.000000,0.000000,0.000000,0.000000,0.000000,0.000000,0.000000,0.000000,0.000000,0.000000,0.000000,0.000000,0.000000,0.000000,0.000000,0.000000,0.000000,0.000000,1.000000,0.237399,0.000000,0.000000,0.000000,0.000000,0.000000,0.000000,310.460683,0.000000,0.000000,7.688090,0.000000,,14,0,0,0,0,0,0,5,5,0,0,0,0,0,0,0.000000,0.000000,0.000000,0.000000,0.000000,3.000000,0.000000,0.000000,0.000000,0.000000,6.611111,5.133333,0.000000,3.000000,1187.000000,1187.000000,29.013973,0.000000,0.000000,0.000000,0.000000,0.000000,207.000000,207.000000,0.000000,0.000000,5.861111,5.162500,5.772222,0.000000,0.000000,0.000000,2.000000,0.000000,3.574319,27.977359,0.000000,0.000000,0.000000,0.000000,0.000000,0.000000,0.000000,0.000000,0.000000,0.000000,0.000000,0.000000,0.000000,0.000000,0.000000,0.000000,0.000000,6.611111,5.133333,8.706667,5.100000,9.600000,0.000000,0.000000,0.000000,0.000000,0.000000,0.000000,0.000000,0.000000,0.000000,0.000000,3.000000,1.000000,0.000000,0.000000,395.666667,1.000000,,69.500000,,112.000000,159.000000,159.000000,159.800000,164.418665,0.000000,0.000000,7.688090,7.562686,0.000000,0.000000,0.000000,0.000000,0.000000,0.000000,0.000000,0.000000,0.000000,0.000000,0.000000,0.000000,7.000000,0.000000,0.000000,57.000000,0.000000,0.000000,0.000000,175.769067,48.002322,175.769067,48.002322,100.738117,17.464018,100.738117,17.464018,3.140638,0.759457,1.540846,0.649484,2.718257,0.169125,8815.000000,1041.000000,0.000000,0.000000,48.000000,60.000000,0.000000,0.000000,0.000000
5,500,-0.037325,193.136729,0.925544,0.008952,0.046277,60,60,0,10,10,0,0.027024,1.090081,,0.000000,,,,,100,50,100,0,2,0,0,0,,0,2,0,,,6,0,0,0,0,6,0.000000,0.545455,0.000000,0.000000,0.000000,0,paper_3v3_joint_eq15_23_v1,paper_joint,paper_3v3_v1,paper_fixed_v1,paper_3v3_pid_v1,0.800000,paper_3v3_eq9_11_v1,vanilla_mappo_paper_3v3_v2,tanh_squashed_diag_gaussian_v1,pre_tanh_base_normal_entropy_v1,3686728c40163c88388932de0beb132e15024687879e03f982fd4715aa6d4d9d,simple_dynamic_pursuit_with_mws,,,3,3,1400,eq17_minimal_finite_tail_v1,"{""d_att_max_m"":10000.000001,""h_adv_m"":5000.0,""h_att_m"":2000.0,""h_max_m"":10000.0,""h_min_m"":0.0,""high_altitude_tail"":0.0,""version"":""eq17_minimal_finite_tail_v1""}",,,,,,,,,,,,,,0.327024,0.320096,0.333879,-1.117760,0.327024,0.320096,0.333879,0.000000,0.000000,0,6801,0,4,10461,542,0,10461,10461,6801,0,1978,0,112,196,3502,0.000000,0.000588,0.000000,0.650129,0,0,0,0,0.000000,0.000000,0.000000,0.000000,0.000000,0.000000,0.000000,0.000000,0.000000,0.000000,0.000000,4120.220404,3640.937774,4356.670705,4835.953335,16.491476,11.959717,104.331226,90.121115,238.851968,617.327638,1.000000,0.250008,0.000000,0.000000,0.000000,0.000000,0.000000,,,0.000000,,,0.000000,,0,0,0,0,0,0,0,0,0,0,0,0,0,0,0,0.000000,0.000000,0.000000,0.000000,0.000000,2.000000,0.000000,0.000000,0.000000,0.000000,6.433333,6.433333,0.000000,2.000000,770.000000,770.000000,30.000000,0.000000,0.000000,0.000000,0.000000,0.000000,0.000000,0.000000,0.000000,0.000000,0.000000,0.000000,0.000000,0.000000,0.000000,0.000000,0.000000,1.000000,4.251792,23.519493,0.000000,0.000000,0.000000,0.000000,0.000000,0.000000,4.000000,0.000000,0.000000,0.000000,0.000000,0.000000,0.000000,0.000000,0.000000,0.000000,0.000000,6.433333,6.433333,6.926667,5.816667,7.050000,0.000000,0.000000,0.000000,0.000000,0.000000,0.000000,0.000000,0.000000,0.000000,0.000000,2.000000,1.000000,0.000000,0.000000,385.000000,1.000000,,,,,,,,191.330658,0.000000,0.000000,0.000000,0.000000,0.000000,0.000000,0.000000,0.000000,0.000000,0.000000,0.000000,0.000000,0.000000,0.000000,0.000000,0.000000,0.000000,0.000000,0.000000,0.000000,0.000000,0.000000,0.000000,0.000000,0.000000,0.000000,0.000000,0.000000,0.000000,0.000000,0.000000,0.000000,0.000000,0.000000,0.000000,0.000000,0.000000,0.000000,0.000000,0.000000,0.000000,0.000000,0.000000,0.000000,0.000000,0.000000
6,600,-0.672756,733.267133,0.834183,-0.631047,0.041709,70,70,0,10,10,0,0.029543,1.098477,-273.7485,0.000000,22.1492,0.000000,0.0,3.3,100,50,100,0,3,0,0,0,,0,3,0,0.0000,3.0000,9,0,0,0,0,9,0.000000,0.692308,0.000000,0.000000,0.000000,0,paper_3v3_joint_eq15_23_v1,paper_joint,paper_3v3_v1,paper_fixed_v1,paper_3v3_pid_v1,0.800000,paper_3v3_eq9_11_v1,vanilla_mappo_paper_3v3_v2,tanh_squashed_diag_gaussian_v1,pre_tanh_base_normal_entropy_v1,3686728c40163c88388932de0beb132e15024687879e03f982fd4715aa6d4d9d,simple_dynamic_pursuit_with_mws,,,3,3,1400,eq17_minimal_finite_tail_v1,"{""d_att_max_m"":10000.000001,""h_adv_m"":5000.0,""h_att_m"":2000.0,""h_max_m"":10000.0,""h_min_m"":0.0,""high_altitude_tail"":0.0,""version"":""eq17_minimal_finite_tail_v1""}",0.000000,0.000000,0.000000,0.000000,0.527553,0.175851,0.000000,0.000000,0.000000,0.000000,-184.276009,-61.425336,-90.000000,0.329543,0.312353,0.338073,-1.110196,0.329543,0.312353,0.338073,0.000000,0.000000,0,4917,0,2,5181,324,0,5181,5241,4917,0,3384,0,62,66,3453,0.000000,0.000407,0.000000,0.949045,0,0,60,60,0.000000,0.000000,0.000000,0.000000,0.000000,0.000000,0.000000,0.000000,0.000000,0.000000,0.000000,4019.632510,4005.222632,4019.632510,4034.042388,26.158890,26.158890,159.376237,159.376237,36.580806,629.294917,1.000000,0.257656,0.000000,0.000000,0.000000,0.000000,0.000000,0.000000,303.865609,0.000000,0.000000,7.776574,0.000000,,5,0,0,0,0,0,0,0,0,0,0,0,0,0,0,0.000000,0.000000,0.000000,0.000000,0.000000,3.000000,0.000000,0.000000,0.000000,0.000000,7.033333,7.200000,0.000000,3.000000,1263.000000,1263.000000,30.000000,0.000000,0.000000,0.000000,0.000000,0.000000,113.000000,113.000000,0.000000,0.000000,7.466667,6.983333,7.466667,0.000000,0.000000,0.000000,1.000000,0.000000,2.981129,33.544338,0.000000,0.000000,0.000000,0.000000,0.000000,0.000000,2.000000,0.000000,0.000000,0.000000,0.000000,0.000000,0.000000,0.000000,0.000000,0.000000,0.000000,7.033333,7.200000,9.213333,4.183333,9.716667,0.000000,0.000000,0.000000,0.000000,0.000000,0.000000,0.000000,0.000000,0.000000,0.000000,3.000000,1.000000,0.000000,0.000000,421.000000,1.000000,,51.000000,,86.000000,139.000000,139.000000,139.000000,131.169676,0.000000,0.000000,7.776574,6.634489,0.000000,0.000000,0.000000,0.000000,0.000000,0.000000,0.000000,0.000000,0.000000,0.000000,0.000000,0.000000,3.000000,0.000000,0.000000,32.000000,0.000000,0.000000,0.000000,177.972888,22.365466,177.972888,22.365466,118.681687,6.370089,118.681687,6.370089,3.139266,0.702601,1.491551,0.581277,0.778127,0.104196,3543.000000,373.000000,0.000000,0.000000,49.000000,60.000000,0.000000,0.000000,0.000000
7,700,-0.355455,1581.585107,0.782371,-0.316336,0.039119,70,70,0,10,10,0,0.016189,1.053962,-272.0162,0.000000,19.4150,0.000000,0.0,3.2,100,50,100,0,4,0,0,0,,0,4,0,0.0000,3.0000,12,0,0,0,0,12,0.000000,0.857143,0.000000,0.000000,0.000000,0,paper_3v3_joint_eq15_23_v1,paper_joint,paper_3v3_v1,paper_fixed_v1,paper_3v3_pid_v1,0.800000,paper_3v3_eq9_11_v1,vanilla_mappo_paper_3v3_v2,tanh_squashed_diag_gaussian_v1,pre_tanh_base_normal_entropy_v1,3686728c40163c88388932de0beb132e15024687879e03f982fd4715aa6d4d9d,simple_dynamic_pursuit_with_mws,,,3,3,1400,eq17_minimal_finite_tail_v1,"{""d_att_max_m"":10000.000001,""h_adv_m"":5000.0,""h_att_m"":2000.0,""h_max_m"":10000.0,""h_min_m"":0.0,""high_altitude_tail"":0.0,""version"":""eq17_minimal_finite_tail_v1""}",0.000000,0.000000,0.000000,0.000000,0.404536,0.134845,0.000000,0.000000,0.000000,0.000000,-182.420783,-60.806928,-90.000000,0.316189,0.301508,0.331549,-1.151715,0.316189,0.301508,0.331549,0.000000,0.000000,0,1056,0,1,8940,5776,0,8940,9000,1056,0,939,0,29,2004,3516,0.000000,0.000947,0.000000,0.118121,0,0,60,60,0.000000,0.000000,0.000000,0.000000,0.000000,0.000000,0.000000,0.000000,0.000000,0.000000,0.000000,5236.689748,5236.689748,5236.689748,5236.689748,5.870962,5.870962,90.580186,90.580186,310.992196,358.506314,1.000000,0.251162,0.000000,0.000000,0.000000,0.000000,0.000000,0.000000,304.406429,0.000000,0.000000,7.917415,0.000000,,5,0,0,0,0,0,0,0,0,0,0,0,0,0,0,0.000000,0.000000,0.000000,0.000000,0.000000,1.000000,0.000000,0.000000,0.000000,0.000000,7.033333,7.033333,0.000000,1.000000,421.000000,421.000000,11.983602,0.000000,0.000000,0.000000,0.000000,0.000000,92.000000,92.000000,0.000000,0.000000,6.077778,7.000000,6.077778,0.000000,0.000000,0.000000,1.000000,0.000000,8.898013,11.238464,0.000000,0.000000,0.000000,0.000000,0.000000,0.000000,1.000000,0.000000,0.000000,0.000000,0.000000,0.000000,0.000000,0.000000,0.000000,0.000000,0.000000,7.033333,7.033333,7.033333,7.033333,7.033333,0.000000,0.000000,0.000000,0.000000,0.000000,0.000000,0.000000,0.000000,0.000000,0.000000,1.000000,1.000000,0.000000,0.000000,421.000000,1.000000,,71.000000,,92.000000,165.000000,165.000000,165.000000,382.614563,0.000000,0.000000,7.917415,6.360989,0.000000,0.000000,0.000000,0.000000,0.000000,0.000000,0.000000,0.000000,0.000000,0.000000,0.000000,0.000000,3.000000,0.000000,0.000000,54.000000,0.000000,0.000000,0.000000,178.900364,9.737229,178.900364,9.737229,100.798469,14.054508,100.798469,14.054508,3.141099,0.691483,1.563163,0.561664,7.769653,0.086151,4269.000000,113.000000,0.000000,0.000000,36.000000,60.000000,0.000000,0.000000,0.000000
8,800,-0.019407,202.417798,0.765123,0.018850,0.038256,60,60,0,10,10,0,0.012361,1.041205,,0.000000,,,,,100,50,100,0,4,0,0,0,,0,4,0,,,12,0,0,0,0,12,0.000000,0.705882,0.000000,0.000000,0.000000,0,paper_3v3_joint_eq15_23_v1,paper_joint,paper_3v3_v1,paper_fixed_v1,paper_3v3_pid_v1,0.800000,paper_3v3_eq9_11_v1,vanilla_mappo_paper_3v3_v2,tanh_squashed_diag_gaussian_v1,pre_tanh_base_normal_entropy_v1,3686728c40163c88388932de0beb132e15024687879e03f982fd4715aa6d4d9d,simple_dynamic_pursuit_with_mws,,,3,3,1400,eq17_minimal_finite_tail_v1,"{""d_att_max_m"":10000.000001,""h_adv_m"":5000.0,""h_att_m"":2000.0,""h_max_m"":10000.0,""h_min_m"":0.0,""high_altitude_tail"":0.0,""version"":""eq17_minimal_finite_tail_v1""}",,,,,,,,,,,,,,0.312361,0.282109,0.336075,-1.164557,0.312361,0.282109,0.336075,0.000000,0.000000,0,5929,0,3,10014,972,0,10014,9739,6204,0,1358,0,80,346,3391,0.000000,0.000506,0.000000,0.592071,0,0,0,0,0.000000,0.000000,0.000000,0.000000,0.000000,0.000000,0.000000,0.000000,0.000000,0.000000,0.000000,3202.753777,2706.030574,2821.994562,3509.097372,26.572629,24.948842,93.946442,91.104012,226.852208,998.361922,1.000000,0.277821,0.000000,0.000000,0.000000,0.000000,0.000000,,,0.000000,,,0.000000,,0,0,0,0,0,0,0,0,0,0,0,0,0,0,0,0.000000,0.000000,0.000000,0.000000,0.000000,2.000000,0.000000,0.000000,0.000000,0.000000,7.533333,7.533333,0.000000,2.000000,902.000000,902.000000,29.653948,0.000000,0.000000,0.000000,0.000000,0.000000,0.000000,0.000000,0.000000,0.000000,0.000000,0.000000,0.000000,0.000000,0.000000,0.000000,0.000000,1.000000,9.834670,10.168109,0.000000,0.000000,0.000000,0.000000,0.000000,0.000000,3.000000,0.000000,0.000000,0.000000,0.000000,0.000000,0.000000,0.000000,0.000000,0.000000,0.000000,7.533333,7.533333,8.426667,6.416667,8.650000,0.000000,0.000000,0.000000,0.000000,0.000000,0.000000,0.000000,0.000000,0.000000,0.000000,2.000000,1.000000,0.000000,0.000000,451.000000,1.000000,,,,,,,,413.056157,0.000000,0.000000,0.000000,0.000000,0.000000,0.000000,0.000000,0.000000,0.000000,0.000000,0.000000,0.000000,0.000000,0.000000,0.000000,0.000000,0.000000,0.000000,0.000000,0.000000,0.000000,0.000000,0.000000,0.000000,0.000000,0.000000,0.000000,0.000000,0.000000,0.000000,0.000000,0.000000,0.000000,0.000000,0.000000,0.000000,0.000000,0.000000,0.000000,0.000000,0.000000,0.000000,0.000000,0.000000,0.000000,0.000000
9,900,-0.150895,1642.481238,0.836337,-0.109079,0.041817,70,70,0,10,10,0,0.012810,1.042700,-268.0320,0.000000,20.8463,0.000000,0.0,3.2,100,50,100,0,6,0,0,0,,0,6,0,0.0000,3.0000,18,0,0,0,0,18,0.000000,0.947368,0.000000,0.000000,0.000000,0,paper_3v3_joint_eq15_23_v1,paper_joint,paper_3v3_v1,paper_fixed_v1,paper_3v3_pid_v1,0.800000,paper_3v3_eq9_11_v1,vanilla_mappo_paper_3v3_v2,tanh_squashed_diag_gaussian_v1,pre_tanh_base_normal_entropy_v1,3686728c40163c88388932de0beb132e15024687879e03f982fd4715aa6d4d9d,simple_dynamic_pursuit_with_mws,,,3,3,1400,eq17_minimal_finite_tail_v1,"{""d_att_max_m"":10000.000001,""h_adv_m"":5000.0,""h_att_m"":2000.0,""h_max_m"":10000.0,""h_min_m"":0.0,""high_altitude_tail"":0.0,""version"":""eq17_minimal_finite_tail_v1""}",-0.000082,-0.000027,-0.002031,-0.000677,0.273234,0.091078,0.000000,0.000000,0.000000,0.000000,-178.303100,-59.434367,-90.000000,0.312810,0.283141,0.328903,-1.163483,0.312810,0.283141,0.328903,0.000000,0.000000,0,3993,0,2,8811,3067,0,8811,8680,4079,0,1914,0,65,1105,3386,0.000000,0.000501,0.000000,0.453184,0,0,60,60,0.000000,0.000000,0.000000,0.000000,0.000000,0.000000,0.000000,0.000000,0.000000,0.000000,0.000000,3695.015653,3655.706714,3695.015653,3734.324591,10.388267,10.388267,134.419885,134.419885,117.377097,686.353817,1.000000,0.246183,0.000000,0.000000,0.000000,0.000000,0.000000,0.000000,304.032387,0.000000,0.000000,8.146910,0.000000,,12,0,0,0,0,0,0,1,1,0,0,0,0,0,0,0.000000,0.000000,0.000000,0.000000,0.000000,4.000000,0.000000,0.000000,0.000000,0.000000,5.579167,5.800000,0.000000,4.000000,1335.000000,1335.000000,30.000000,0.000000,0.000000,0.000000,0.000000,0.000000,187.000000,187.000000,0.000000,0.000000,6.119444,6.216667,6.119444,0.000000,0.000000,0.000000,2.000000,0.000000,8.984983,11.129681,0.000000,0.000000,0.000000,0.000000,0.000000,0.000000,2.000000,0.000000,0.000000,0.000000,0.000000,0.000000,0.000000,0.000000,0.000000,0.000000,0.000000,5.579167,5.800000,6.415000,4.216667,6.500000,0.000000,0.000000,0.000000,0.000000,0.000000,0.000000,0.000000,0.000000,0.000000,0.000000,4.000000,1.000000,0.000000,0.000000,333.750000,1.000000,,60.500000,,92.500000,118.000000,118.000000,123.600000,368.384319,0.000000,0.000000,8.146910,6.524128,0.000000,0.000000,0.000000,0.000000,0.000000,0.000000,0.000000,0.000000,0.000000,0.000000,0.000000,0.000000,6.000000,0.000000,0.000000,5.000000,0.000000,0.000000,0.000000,178.250744,47.430130,178.250744,47.430130,90.676201,25.847831,90.676201,25.847831,3.141486,1.092462,1.563193,0.982491,2.626306,0.148935,6975.000000,193.000000,0.000000,0.000000,43.000000,60.000000,0.000000,0.000000,0.000000
10,1000,-0.099437,1556.949524,0.916370,-0.053618,0.045819,60,60,0,10,10,0,0.024361,1.081205,-270.5479,0.000000,20.2600,0.000000,0.0,3.1,100,50,100,0,7,0,0,0,,0,7,0,0.0000,3.0000,21,0,0,0,0,21,0.000000,0.954545,0.000000,0.000000,0.000000,0,paper_3v3_joint_eq15_23_v1,paper_joint,paper_3v3_v1,paper_fixed_v1,paper_3v3_pid_v1,0.800000,paper_3v3_eq9_11_v1,vanilla_mappo_paper_3v3_v2,tanh_squashed_diag_gaussian_v1,pre_tanh_base_normal_entropy_v1,3686728c40163c88388932de0beb132e15024687879e03f982fd4715aa6d4d9d,simple_dynamic_pursuit_with_mws,,,3,3,1400,eq17_minimal_finite_tail_v1,"{""d_att_max_m"":10000.000001,""h_adv_m"":5000.0,""h_att_m"":2000.0,""h_max_m"":10000.0,""h_min_m"":0.0,""high_altitude_tail"":0.0,""version"":""eq17_minimal_finite_tail_v1""}",-0.000071,-0.000024,-0.001741,-0.000580,0.234669,0.078223,0.000000,0.000000,0.000000,0.000000,-180.780755,-60.260252,-90.000000,0.324361,0.287682,0.352315,-1.127284,0.324361,0.287682,0.352315,0.000000,0.000000,0,3776,0,3,10545,3517,0,10545,10605,3776,0,1206,0,87,1340,3483,0.000000,0.000794,0.000000,0.358084,0,0,60,60,0.000000,0.000000,0.000000,0.000000,0.000000,0.000000,0.000000,0.000000,0.000000,0.000000,0.000000,4355.566944,4023.611884,4234.680519,4627.078792,5.675380,5.840161,90.153502,90.143003,314.668210,607.666943,1.000000,0.260223,0.000000,0.000000,0.000000,0.000000,0.000000,0.000000,303.870059,0.000000,0.000000,8.123357,0.000000,,7,0,0,0,0,0,0,1,1,0,0,0,0,0,0,0.000000,0.000000,0.000000,0.000000,0.000000,3.000000,0.000000,0.000000,0.000000,0.000000,6.694444,6.366667,0.000000,3.000000,1202.000000,1202.000000,25.692367,0.000000,0.000000,0.000000,0.000000,0.000000,101.000000,101.000000,0.000000,0.000000,6.572222,6.216667,6.572222,0.000000,0.000000,0.000000,1.000000,0.000000,10.176259,9.826794,0.000000,0.000000,0.000000,0.000000,0.000000,0.000000,3.000000,0.000000,0.000000,0.000000,0.000000,0.000000,0.000000,0.000000,0.000000,0.000000,0.000000,6.694444,6.366667,7.646667,5.750000,7.966667,0.000000,0.000000,0.000000,0.000000,0.000000,0.000000,0.000000,0.000000,0.000000,0.000000,3.000000,1.000000,0.000000,0.000000,400.666667,1.000000,,51.000000,,90.000000,92.000000,92.000000,92.000000,407.050360,0.000000,0.000000,8.123357,5.945863,0.000000,0.000000,0.000000,0.000000,0.000000,0.000000,0.000000,0.000000,0.000000,0.000000,0.000000,0.000000,3.000000,0.000000,0.000000,0.000000,0.000000,0.000000,0.000000,171.913923,33.358220,171.913923,33.358220,96.480338,5.353933,96.480338,5.353933,3.138625,0.715067,1.557822,0.616862,1.873929,0.121848,3038.000000,46.000000,0.000000,0.000000,40.000000,60.000000,0.000000,0.000000,0.000000
11,1100,-0.090109,466.946124,0.972951,-0.041461,0.048648,60,60,0,10,10,0,0.033748,1.112494,,0.000000,,,,,100,50,100,0,7,0,0,0,,0,7,0,,,21,0,0,0,0,21,0.000000,0.840000,0.000000,0.000000,0.000000,0,paper_3v3_joint_eq15_23_v1,paper_joint,paper_3v3_v1,paper_fixed_v1,paper_3v3_pid_v1,0.800000,paper_3v3_eq9_11_v1,vanilla_mappo_paper_3v3_v2,tanh_squashed_diag_gaussian_v1,pre_tanh_base_normal_entropy_v1,3686728c40163c88388932de0beb132e15024687879e03f982fd4715aa6d4d9d,simple_dynamic_pursuit_with_mws,,,3,3,1400,eq17_minimal_finite_tail_v1,"{""d_att_max_m"":10000.000001,""h_adv_m"":5000.0,""h_att_m"":2000.0,""h_max_m"":10000.0,""h_min_m"":0.0,""high_altitude_tail"":0.0,""version"":""eq17_minimal_finite_tail_v1""}",,,,,,,,,,,,,,0.333748,0.285804,0.368139,-1.100257,0.333748,0.285804,0.368139,0.000000,0.000000,0,3882,0,3,10536,3542,0,10536,10596,3882,0,1061,0,87,1231,3488,0.000000,0.000773,0.000000,0.368451,0,0,60,60,0.000000,0.000000,0.000000,0.000000,0.000000,0.000000,0.000000,0.000000,0.000000,0.000000,0.000000,3221.118349,2911.114884,2961.135920,3401.130600,19.286819,19.891779,108.961618,90.156963,207.812968,388.317257,0.500000,0.260689,0.000000,0.000000,0.000000,0.000000,0.000000,,,0.000000,,,0.000000,,0,0,0,0,0,0,0,0,0,0,0,0,0,0,0,0.000000,0.000000,0.000000,0.000000,0.000000,1.000000,1.000000,0.000000,0.000000,0.000000,4.866667,4.866667,0.000000,2.000000,582.000000,582.000000,30.000000,0.000000,0.000000,0.000000,0.000000,0.000000,0.000000,0.000000,0.000000,0.000000,0.000000,0.000000,0.000000,0.000000,0.000000,0.000000,0.000000,1.000000,10.395025,9.619987,0.000000,0.000000,0.000000,0.000000,0.000000,0.000000,3.000000,1.000000,0.000000,0.000000,0.000000,0.000000,0.000000,0.000000,0.000000,0.000000,0.000000,4.866667,4.866667,5.360000,4.250000,5.483333,0.000000,0.000000,0.000000,0.000000,0.000000,0.000000,0.000000,0.000000,0.000000,0.000000,2.000000,1.000000,0.000000,0.000000,291.000000,1.000000,,,,,,,,405.405967,0.000000,0.000000,0.000000,0.000000,0.000000,0.000000,0.000000,0.000000,0.000000,0.000000,0.000000,0.000000,0.000000,0.000000,0.000000,0.000000,0.000000,0.000000,0.000000,0.000000,0.000000,0.000000,0.000000,0.000000,0.000000,0.000000,0.000000,0.000000,0.000000,0.000000,0.000000,0.000000,0.000000,0.000000,0.000000,0.000000,0.000000,0.000000,0.000000,0.000000,0.000000,0.000000,0.000000,0.000000,0.000000,0.000000
12,1200,0.099713,28.291845,1.085529,0.153989,0.054276,50,50,0,10,10,0,0.042377,1.141258,,0.000000,,,,,100,50,100,0,7,0,0,0,,0,7,0,,,21,0,0,0,0,21,0.000000,0.750000,0.000000,0.000000,0.000000,0,paper_3v3_joint_eq15_23_v1,paper_joint,paper_3v3_v1,paper_fixed_v1,paper_3v3_pid_v1,0.800000,paper_3v3_eq9_11_v1,vanilla_mappo_paper_3v3_v2,tanh_squashed_diag_gaussian_v1,pre_tanh_base_normal_entropy_v1,3686728c40163c88388932de0beb132e15024687879e03f982fd4715aa6d4d9d,simple_dynamic_pursuit_with_mws,,,3,3,1400,eq17_minimal_finite_tail_v1,"{""d_att_max_m"":10000.000001,""h_adv_m"":5000.0,""h_att_m"":2000.0,""h_max_m"":10000.0,""h_min_m"":0.0,""high_altitude_tail"":0.0,""version"":""eq17_minimal_finite_tail_v1""}",,,,,,,,,,,,,,0.342377,0.302330,0.377922,-1.073821,0.342377,0.302330,0.377922,0.000000,0.000000,0,6364,0,3,7434,219,0,7434,7434,6364,0,2942,0,87,123,3516,0.000000,0.000471,0.000000,0.856067,0,0,0,0,0.000000,0.000000,0.000000,0.000000,0.000000,0.000000,0.000000,0.000000,0.000000,0.000000,0.000000,3895.734899,3656.217525,4195.688834,4285.229240,23.677760,27.429283,138.492257,153.199178,122.976260,273.254023,1.000000,0.273526,0.000000,0.000000,0.000000,0.000000,0.000000,,,0.000000,,,0.000000,,0,0,0,0,0,0,0,0,0,0,0,0,0,0,0,0.000000,0.000000,0.000000,0.000000,0.000000,2.000000,0.000000,0.000000,0.000000,0.000000,5.041667,5.041667,0.000000,2.000000,603.000000,603.000000,30.000000,0.000000,0.000000,0.000000,0.000000,0.000000,0.000000,0.000000,0.000000,0.000000,0.000000,0.000000,0.000000,0.000000,0.000000,0.000000,0.000000,1.000000,9.419031,10.616804,0.000000,0.000000,0.000000,0.000000,0.000000,0.000000,3.000000,0.000000,0.000000,0.000000,0.000000,0.000000,0.000000,0.000000,0.000000,0.000000,0.000000,5.041667,5.041667,5.461667,4.516667,5.566667,0.000000,0.000000,0.000000,0.000000,0.000000,0.000000,0.000000,0.000000,0.000000,0.000000,2.000000,1.000000,0.000000,0.000000,301.500000,1.000000,,,,,,,,357.923170,0.000000,0.000000,0.000000,0.000000,0.000000,0.000000,0.000000,0.000000,0.000000,0.000000,0.000000,0.000000,0.000000,0.000000,0.000000,0.000000,0.000000,0.000000,0.000000,0.000000,0.000000,0.000000,0.000000,0.000000,0.000000,0.000000,0.000000,0.000000,0.000000,0.000000,0.000000,0.000000,0.000000,0.000000,0.000000,0.000000,0.000000,0.000000,0.000000,0.000000,0.000000,0.000000,0.000000,0.000000,0.000000,0.000000
13,1300,0.219860,780.578705,1.149667,0.277343,0.057483,60,60,0,10,10,0,0.046474,1.154914,-268.2837,0.000000,19.8757,0.000000,0.0,3.2,100,50,100,0,8,0,0,0,,0,8,0,0.0000,3.0000,24,0,0,0,0,24,0.000000,0.827586,0.000000,0.000000,0.000000,0,paper_3v3_joint_eq15_23_v1,paper_joint,paper_3v3_v1,paper_fixed_v1,paper_3v3_pid_v1,0.800000,paper_3v3_eq9_11_v1,vanilla_mappo_paper_3v3_v2,tanh_squashed_diag_gaussian_v1,pre_tanh_base_normal_entropy_v1,3686728c40163c88388932de0beb132e15024687879e03f982fd4715aa6d4d9d,simple_dynamic_pursuit_with_mws,,,3,3,1400,eq17_minimal_finite_tail_v1,"{""d_att_max_m"":10000.000001,""h_adv_m"":5000.0,""h_att_m"":2000.0,""h_max_m"":10000.0,""h_min_m"":0.0,""high_altitude_tail"":0.0,""version"":""eq17_minimal_finite_tail_v1""}",-0.000062,-0.000021,-0.001523,-0.000508,0.229740,0.076580,0.000000,0.000000,0.000000,0.000000,-178.511859,-59.503953,-90.000000,0.346474,0.299133,0.382539,-1.062624,0.346474,0.299133,0.382539,0.000000,0.000000,0,3093,0,1,7461,3580,0,7461,7521,3093,0,2068,0,29,1222,3490,0.000000,0.000323,0.000000,0.414556,0,0,60,60,0.000000,0.000000,0.000000,0.000000,0.000000,0.000000,0.000000,0.000000,0.000000,0.000000,0.000000,4093.534942,4093.534942,4093.534942,4093.534942,7.388684,7.388684,175.544893,175.544893,50.025394,696.802204,1.000000,0.276162,0.000000,0.000000,0.000000,0.000000,0.000000,0.000000,303.784330,0.000000,0.000000,7.753318,0.000000,,4,0,0,0,0,0,0,1,1,0,0,0,0,0,0,0.000000,0.000000,0.000000,0.000000,0.000000,2.000000,0.000000,0.000000,0.000000,0.000000,7.708333,7.708333,0.000000,2.000000,923.000000,923.000000,30.000000,0.000000,0.000000,0.000000,0.000000,0.000000,116.000000,116.000000,0.000000,0.000000,5.666667,5.433333,5.738889,0.000000,0.000000,0.000000,1.000000,0.000000,9.583672,10.434414,0.000000,0.000000,0.000000,0.000000,0.000000,0.000000,1.000000,0.000000,0.000000,0.000000,0.000000,0.000000,0.000000,0.000000,0.000000,0.000000,0.000000,7.708333,7.708333,7.848333,7.533333,7.883333,0.000000,0.000000,0.000000,0.000000,0.000000,0.000000,0.000000,0.000000,0.000000,0.000000,2.000000,1.000000,0.000000,0.000000,461.500000,1.000000,,63.000000,,95.000000,159.000000,159.000000,159.000000,354.595846,0.000000,0.000000,7.753318,6.877101,0.000000,0.000000,0.000000,0.000000,0.000000,0.000000,0.000000,0.000000,0.000000,0.000000,0.000000,0.000000,4.000000,0.000000,0.000000,46.000000,0.000000,0.000000,0.000000,179.784366,31.554180,179.784366,31.554180,98.289643,14.718555,98.289643,14.718555,3.135902,0.675103,1.498706,0.574341,0.990927,0.100390,4137.000000,200.000000,0.000000,0.000000,39.000000,60.000000,0.000000,0.000000,0.000000
14,1400,-0.072139,952.900220,1.316143,-0.006332,0.065807,70,70,0,10,10,0,0.061537,1.205122,-273.3580,0.000000,23.6038,0.000000,0.0,3.2,100,50,100,0,9,0,0,0,,0,9,0,0.0000,3.0000,27,0,0,0,0,27,0.000000,0.870968,0.000000,0.000000,0.000000,0,paper_3v3_joint_eq15_23_v1,paper_joint,paper_3v3_v1,paper_fixed_v1,paper_3v3_pid_v1,0.800000,paper_3v3_eq9_11_v1,vanilla_mappo_paper_3v3_v2,tanh_squashed_diag_gaussian_v1,pre_tanh_base_normal_entropy_v1,3686728c40163c88388932de0beb132e15024687879e03f982fd4715aa6d4d9d,simple_dynamic_pursuit_with_mws,,,3,3,1400,eq17_minimal_finite_tail_v1,"{""d_att_max_m"":10000.000001,""h_adv_m"":5000.0,""h_att_m"":2000.0,""h_max_m"":10000.0,""h_min_m"":0.0,""high_altitude_tail"":0.0,""version"":""eq17_minimal_finite_tail_v1""}",-0.000055,-0.000018,-0.001354,-0.000451,0.205006,0.068335,0.000000,0.000000,0.000000,0.000000,-183.561575,-61.187192,-90.000000,0.361537,0.286349,0.413374,-1.024553,0.361537,0.286349,0.413374,0.000000,0.000000,0,3545,0,2,9576,4008,0,9576,9558,3623,0,1456,0,58,1425,3518,0.000000,0.000564,0.000000,0.370196,0,0,60,60,0.000000,0.000000,0.000000,0.000000,0.000000,0.000000,0.000000,0.000000,0.000000,0.000000,0.000000,2686.552023,2509.829970,2686.552023,2863.274076,15.656706,15.656706,116.723594,116.723594,188.888402,323.248324,0.500000,0.281079,0.000000,0.000000,0.000000,0.000000,0.000000,0.000000,310.775694,0.000000,0.000000,7.896251,0.000000,,5,0,0,0,0,0,0,0,0,0,0,0,0,0,0,0.000000,0.000000,0.000000,0.000000,0.000000,1.000000,1.000000,0.000000,0.000000,0.000000,5.858333,5.858333,0.000000,2.000000,701.000000,701.000000,30.000000,0.000000,0.000000,0.000000,0.000000,0.000000,98.000000,98.000000,0.000000,0.000000,6.422222,7.333333,6.422222,0.000000,0.000000,0.000000,1.000000,0.000000,9.530898,10.492191,0.000000,0.000000,0.000000,0.000000,0.000000,0.000000,2.000000,1.000000,0.000000,0.000000,0.000000,0.000000,0.000000,0.000000,0.000000,0.000000,0.000000,5.858333,5.858333,7.131667,4.266667,7.450000,0.000000,0.000000,0.000000,0.000000,0.000000,0.000000,0.000000,0.000000,0.000000,0.000000,2.000000,1.000000,0.000000,0.000000,350.500000,1.000000,,66.000000,,89.000000,166.000000,166.000000,166.000000,343.112324,0.000000,0.000000,7.896251,6.730271,0.000000,0.000000,0.000000,0.000000,0.000000,0.000000,0.000000,0.000000,0.000000,0.000000,0.000000,0.000000,3.000000,0.000000,0.000000,54.000000,0.000000,0.000000,0.000000,178.209164,12.385975,178.209164,12.385975,108.331456,6.446307,108.331456,6.446307,3.141107,0.696214,1.470966,0.582193,1.132828,0.105249,4177.000000,309.000000,0.000000,0.000000,38.000000,60.000000,0.000000,0.000000,0.000000
15,1500,-0.139559,118.695075,1.388764,-0.070121,0.069438,60,60,0,10,10,0,0.085224,1.284080,,0.000000,,,,,100,50,100,0,9,0,0,0,,0,9,0,,,27,0,0,0,0,27,0.000000,0.771429,0.000000,0.000000,0.000000,0,paper_3v3_joint_eq15_23_v1,paper_joint,paper_3v3_v1,paper_fixed_v1,paper_3v3_pid_v1,0.800000,paper_3v3_eq9_11_v1,vanilla_mappo_paper_3v3_v2,tanh_squashed_diag_gaussian_v1,pre_tanh_base_normal_entropy_v1,3686728c40163c88388932de0beb132e15024687879e03f982fd4715aa6d4d9d,simple_dynamic_pursuit_with_mws,,,3,3,1400,eq17_minimal_finite_tail_v1,"{""d_att_max_m"":10000.000001,""h_adv_m"":5000.0,""h_att_m"":2000.0,""h_max_m"":10000.0,""h_min_m"":0.0,""high_altitude_tail"":0.0,""version"":""eq17_minimal_finite_tail_v1""}",,,,,,,,,,,,,,0.385224,0.300598,0.444247,-0.961438,0.385224,0.300598,0.444247,0.000000,0.000000,0,5046,0,4,9432,1286,0,9432,9061,5364,0,1822,0,116,615,3419,0.000000,0.000793,0.000000,0.534987,0,0,0,0,0.000000,0.000000,0.000000,0.000000,0.000000,0.000000,0.000000,0.000000,0.000000,0.000000,0.000000,2627.630117,2098.397090,2464.340198,2993.573226,20.695004,24.122818,130.825464,128.023917,143.328544,792.361697,1.000000,0.312769,0.000000,0.000000,0.000000,0.000000,0.000000,,,0.000000,,,0.000000,,0,0,0,0,0,0,0,0,0,0,0,0,0,0,0,0.000000,0.000000,0.000000,0.000000,0.000000,2.000000,0.000000,0.000000,0.000000,0.000000,4.608333,4.608333,0.000000,2.000000,551.000000,551.000000,30.000000,0.000000,0.000000,0.000000,0.000000,0.000000,0.000000,0.000000,0.000000,0.000000,0.000000,0.000000,0.000000,0.000000,0.000000,0.000000,0.000000,1.000000,9.082123,11.010641,0.000000,0.000000,0.000000,0.000000,0.000000,0.000000,4.000000,0.000000,0.000000,0.000000,0.000000,0.000000,0.000000,0.000000,0.000000,0.000000,0.000000,4.608333,4.608333,4.815000,4.350000,4.866667,0.000000,0.000000,0.000000,0.000000,0.000000,0.000000,0.000000,0.000000,0.000000,0.000000,2.000000,1.000000,0.000000,0.000000,275.500000,1.000000,,,,,,,,317.874312,0.000000,0.000000,0.000000,0.000000,0.000000,0.000000,0.000000,0.000000,0.000000,0.000000,0.000000,0.000000,0.000000,0.000000,0.000000,0.000000,0.000000,0.000000,0.000000,0.000000,0.000000,0.000000,0.000000,0.000000,0.000000,0.000000,0.000000,0.000000,0.000000,0.000000,0.000000,0.000000,0.000000,0.000000,0.000000,0.000000,0.000000,0.000000,0.000000,0.000000,0.000000,0.000000,0.000000,0.000000,0.000000,0.000000
16,1600,-0.628551,753.168549,1.385427,-0.559279,0.069271,80,80,0,10,10,0,0.081623,1.272078,-272.0988,0.000000,22.1616,0.000000,0.0,3.4,100,50,100,0,11,0,0,0,,0,11,0,0.0000,3.0000,33,0,0,0,0,33,0.000000,0.891892,0.000000,0.000000,0.000000,0,paper_3v3_joint_eq15_23_v1,paper_joint,paper_3v3_v1,paper_fixed_v1,paper_3v3_pid_v1,0.800000,paper_3v3_eq9_11_v1,vanilla_mappo_paper_3v3_v2,tanh_squashed_diag_gaussian_v1,pre_tanh_base_normal_entropy_v1,3686728c40163c88388932de0beb132e15024687879e03f982fd4715aa6d4d9d,simple_dynamic_pursuit_with_mws,,,3,3,1400,eq17_minimal_finite_tail_v1,"{""d_att_max_m"":10000.000001,""h_adv_m"":5000.0,""h_att_m"":2000.0,""h_max_m"":10000.0,""h_min_m"":0.0,""high_altitude_tail"":0.0,""version"":""eq17_minimal_finite_tail_v1""}",-0.000046,-0.000015,-0.001348,-0.000449,0.234602,0.078201,0.000000,0.000000,0.000000,0.000000,-182.332010,-60.777337,-90.000000,0.381623,0.293338,0.447000,-0.971944,0.381623,0.293338,0.447000,0.000000,0.000000,0,2226,0,2,7254,2875,387,7254,5193,4050,0,1739,0,19,888,2615,0.000000,0.000898,0.000000,0.306865,0,0,120,120,0.000000,0.000000,0.000000,0.000000,0.000000,0.000000,0.000000,0.000000,0.000000,0.000000,0.000000,2548.001170,2266.982739,2548.001170,2829.019601,44.055096,44.055096,166.321260,166.321260,-58.467639,649.518160,0.800000,0.292052,0.000000,0.000000,0.000000,0.000000,0.000000,0.000000,310.980657,0.000000,0.000000,9.333423,0.000000,,12,0,0,0,0,0,0,2,2,0,0,0,0,0,0,0.000000,0.000000,0.000000,0.000000,0.000000,4.000000,0.000000,1.000000,0.000000,0.000000,4.943333,4.783333,0.000000,5.000000,1479.000000,1479.000000,30.000000,0.000000,0.000000,0.000000,0.000000,0.000000,186.000000,186.000000,0.000000,0.000000,4.677083,4.504167,4.761111,0.000000,0.000000,0.000000,2.000000,0.000000,8.542326,11.706413,0.000000,0.000000,0.000000,0.000000,0.000000,0.000000,2.000000,0.000000,1.000000,0.000000,0.000000,0.000000,0.000000,0.000000,0.000000,0.000000,0.000000,4.943333,4.783333,6.473333,2.700000,6.800000,0.000000,0.000000,0.000000,0.000000,0.000000,0.000000,0.000000,0.000000,0.000000,0.000000,5.000000,1.000000,0.000000,0.000000,295.800000,1.000000,,73.500000,,102.500000,149.000000,149.000000,165.800000,290.439094,0.000000,0.000000,9.333423,7.110083,19.000000,0.000000,19.000000,0.000000,1.000000,0.000000,0.000000,0.000000,0.000000,0.000000,0.000000,0.000000,8.000000,0.000000,0.000000,70.000000,0.000000,0.000000,0.000000,179.829578,125.654562,179.829578,125.654562,118.726904,50.885024,118.726904,50.885024,3.141501,1.363597,1.565503,1.287059,8.285756,0.391881,8319.000000,1576.000000,0.000000,0.000000,34.000000,60.000000,0.000000,0.000000,0.000000
17,1700,-0.105784,510.362674,1.499632,-0.030802,0.074982,60,60,0,10,10,0,0.089645,1.298816,,0.000000,,,,,100,50,100,0,11,0,0,0,,0,11,0,,,33,0,0,0,0,33,0.000000,0.891892,0.000000,0.000000,0.000000,0,paper_3v3_joint_eq15_23_v1,paper_joint,paper_3v3_v1,paper_fixed_v1,paper_3v3_pid_v1,0.800000,paper_3v3_eq9_11_v1,vanilla_mappo_paper_3v3_v2,tanh_squashed_diag_gaussian_v1,pre_tanh_base_normal_entropy_v1,3686728c40163c88388932de0beb132e15024687879e03f982fd4715aa6d4d9d,simple_dynamic_pursuit_with_mws,,,3,3,1400,eq17_minimal_finite_tail_v1,"{""d_att_max_m"":10000.000001,""h_adv_m"":5000.0,""h_att_m"":2000.0,""h_max_m"":10000.0,""h_min_m"":0.0,""high_altitude_tail"":0.0,""version"":""eq17_minimal_finite_tail_v1""}",,,,,,,,,,,,,,0.389645,0.305502,0.444212,-0.950761,0.389645,0.305502,0.444212,0.000000,0.000000,0,987,0,0,10800,4406,0,10800,10800,987,0,0,0,0,1622,3558,0.000000,0.000000,0.000000,0.091389,0,0,0,0,0.000000,0.000000,0.000000,0.000000,0.000000,0.000000,0.000000,0.000000,0.000000,0.000000,0.000000,0.000000,0.000000,0.000000,0.000000,0.000000,0.000000,0.000000,0.000000,0.000000,0.000000,0.000000,0.298474,0.000000,0.000000,0.000000,0.000000,0.000000,,,0.000000,,,0.000000,,0,0,0,0,0,0,0,0,0,0,0,0,0,0,0,0.000000,0.000000,0.000000,0.000000,0.000000,0.000000,0.000000,0.000000,0.000000,0.000000,0.000000,0.000000,0.000000,0.000000,0.000000,0.000000,0.000000,0.000000,0.000000,0.000000,0.000000,0.000000,0.000000,0.000000,0.000000,0.000000,0.000000,0.000000,0.000000,0.000000,0.000000,0.000000,0.000000,1.000000,9.744667,10.262024,0.000000,0.000000,0.000000,0.000000,0.000000,0.000000,0.000000,0.000000,0.000000,0.000000,0.000000,0.000000,0.000000,0.000000,0.000000,0.000000,0.000000,0.000000,0.000000,0.000000,0.000000,0.000000,0.000000,0.000000,0.000000,0.000000,0.000000,0.000000,0.000000,0.000000,0.000000,0.000000,0.000000,0.000000,0.000000,0.000000,0.000000,0.000000,,,,,,,,321.574001,0.000000,0.000000,0.000000,0.000000,0.000000,0.000000,0.000000,0.000000,0.000000,0.000000,0.000000,0.000000,0.000000,0.000000,0.000000,0.000000,0.000000,0.000000,0.000000,0.000000,0.000000,0.000000,0.000000,0.000000,0.000000,0.000000,0.000000,0.000000,0.000000,0.000000,0.000000,0.000000,0.000000,0.000000,0.000000,0.000000,0.000000,0.000000,0.000000,0.000000,0.000000,0.000000,0.000000,0.000000,0.000000,0.000000
18,1800,-0.159684,107.831538,1.648683,-0.077250,0.082434,60,60,0,10,10,0,0.110059,1.366862,,0.000000,,,,,100,50,100,0,11,0,0,0,,0,11,0,,,33,0,0,0,0,33,0.000000,0.767442,0.000000,0.000000,0.000000,0,paper_3v3_joint_eq15_23_v1,paper_joint,paper_3v3_v1,paper_fixed_v1,paper_3v3_pid_v1,0.800000,paper_3v3_eq9_11_v1,vanilla_mappo_paper_3v3_v2,tanh_squashed_diag_gaussian_v1,pre_tanh_base_normal_entropy_v1,3686728c40163c88388932de0beb132e15024687879e03f982fd4715aa6d4d9d,simple_dynamic_pursuit_with_mws,,,3,3,1400,eq17_minimal_finite_tail_v1,"{""d_att_max_m"":10000.000001,""h_adv_m"":5000.0,""h_att_m"":2000.0,""h_max_m"":10000.0,""h_min_m"":0.0,""high_altitude_tail"":0.0,""version"":""eq17_minimal_finite_tail_v1""}",,,,,,,,,,,,,,0.410059,0.313156,0.475663,-0.900415,0.410059,0.313156,0.475663,0.000000,0.000000,0,6295,0,6,9792,24,474,9792,7744,8096,0,2580,0,160,0,3243,0.000000,0.000953,0.000000,0.642872,0,0,0,0,0.000000,0.000000,0.000000,0.000000,0.000000,0.000000,0.000000,0.000000,0.000000,0.000000,0.000000,2951.737663,2511.427586,2794.998595,3380.769567,24.157823,23.829579,114.491335,101.625791,176.412340,491.679348,0.500000,0.315260,0.000000,0.000000,0.000000,0.000000,0.000000,,,0.000000,,,0.000000,,0,0,0,0,0,0,0,0,0,0,0,0,0,0,0,0.000000,0.000000,0.000000,0.000000,0.000000,2.000000,1.000000,1.000000,0.000000,0.000000,4.725000,4.641667,0.000000,4.000000,1131.000000,1131.000000,30.000000,0.000000,0.000000,0.000000,0.000000,0.000000,0.000000,0.000000,0.000000,0.000000,0.000000,0.000000,0.000000,0.000000,0.000000,0.000000,0.000000,1.000000,9.184079,10.888408,0.000000,0.000000,0.000000,0.000000,0.000000,0.000000,6.000000,1.000000,1.000000,0.000000,0.000000,0.000000,0.000000,0.000000,0.000000,0.000000,0.000000,4.725000,4.641667,5.341667,4.150000,5.466667,0.000000,0.000000,0.000000,0.000000,0.000000,0.000000,0.000000,0.000000,0.000000,0.000000,4.000000,1.000000,0.000000,0.000000,282.750000,1.000000,,,,,,,,293.890518,0.000000,0.000000,0.000000,0.000000,0.000000,0.000000,0.000000,0.000000,0.000000,0.000000,0.000000,0.000000,0.000000,0.000000,0.000000,0.000000,0.000000,0.000000,0.000000,0.000000,0.000000,0.000000,0.000000,0.000000,0.000000,0.000000,0.000000,0.000000,0.000000,0.000000,0.000000,0.000000,0.000000,0.000000,0.000000,0.000000,0.000000,0.000000,0.000000,0.000000,0.000000,0.000000,0.000000,0.000000,0.000000,0.000000
19,1900,-0.131730,699.856445,1.631772,-0.050142,0.081589,70,70,0,10,10,0,0.119952,1.399839,-269.6329,0.000000,22.7397,0.000000,0.0,3.3,100,50,100,0,12,0,0,0,,0,12,0,0.0000,3.0000,36,0,0,0,0,36,0.000000,0.818182,0.000000,0.000000,0.000000,0,paper_3v3_joint_eq15_23_v1,paper_joint,paper_3v3_v1,paper_fixed_v1,paper_3v3_pid_v1,0.800000,paper_3v3_eq9_11_v1,vanilla_mappo_paper_3v3_v2,tanh_squashed_diag_gaussian_v1,pre_tanh_base_normal_entropy_v1,3686728c40163c88388932de0beb132e15024687879e03f982fd4715aa6d4d9d,simple_dynamic_pursuit_with_mws,,,3,3,1400,eq17_minimal_finite_tail_v1,"{""d_att_max_m"":10000.000001,""h_adv_m"":5000.0,""h_att_m"":2000.0,""h_max_m"":10000.0,""h_min_m"":0.0,""high_altitude_tail"":0.0,""version"":""eq17_minimal_finite_tail_v1""}",-0.000042,-0.000014,-0.001235,-0.000412,0.293988,0.097996,0.000000,0.000000,0.000000,0.000000,-179.925605,-59.975202,-90.000000,0.419952,0.297746,0.494513,-0.876901,0.419952,0.297746,0.494513,0.000000,0.000000,0,1858,0,1,7827,3368,949,7827,5422,3845,0,850,0,29,1132,2476,0.000000,0.000538,0.000000,0.237383,0,0,60,60,0.000000,0.000000,0.000000,0.000000,0.000000,0.000000,0.000000,0.000000,0.000000,0.000000,0.000000,2433.248425,2433.248425,2433.248425,2433.248425,36.362090,36.362090,161.098320,161.098320,1.442696,524.025537,1.000000,0.319013,0.000000,0.000000,0.000000,0.000000,0.000000,0.000000,303.748873,0.000000,0.000000,7.275072,0.000000,,5,0,0,0,0,0,0,0,0,0,0,0,0,0,0,0.000000,0.000000,0.000000,0.000000,0.000000,3.000000,0.000000,0.000000,0.000000,0.000000,5.366667,4.966667,0.000000,3.000000,963.000000,963.000000,30.000000,0.000000,0.000000,0.000000,0.000000,0.000000,73.000000,73.000000,0.000000,0.000000,4.794444,4.783333,4.794444,0.000000,0.000000,0.000000,1.000000,0.000000,8.466407,11.811385,0.000000,0.000000,0.000000,0.000000,0.000000,0.000000,1.000000,0.000000,0.000000,0.000000,0.000000,0.000000,0.000000,0.000000,0.000000,0.000000,0.000000,5.366667,4.966667,6.380000,4.400000,6.733333,0.000000,0.000000,0.000000,0.000000,0.000000,0.000000,0.000000,0.000000,0.000000,0.000000,3.000000,1.000000,0.000000,0.000000,321.000000,1.000000,,60.000000,,88.000000,123.000000,123.000000,123.000000,262.458626,0.000000,0.000000,7.275072,6.360839,0.000000,0.000000,0.000000,0.000000,0.000000,0.000000,0.000000,0.000000,0.000000,0.000000,0.000000,0.000000,3.000000,0.000000,0.000000,15.000000,0.000000,0.000000,0.000000,178.316249,25.526881,178.316249,25.526881,113.318291,18.884758,113.318291,18.884758,3.138027,0.912047,1.532021,0.811331,2.544732,0.145554,3448.000000,500.000000,0.000000,0.000000,28.000000,60.000000,0.000000,0.000000,0.000000
20,2000,0.153718,99.731375,1.731870,0.240311,0.086594,40,40,0,10,10,0,0.128712,1.429040,,0.000000,,,,,100,50,100,0,12,0,0,0,,0,12,0,,,36,0,0,0,0,36,0.000000,0.800000,0.000000,0.000000,0.000000,0,paper_3v3_joint_eq15_23_v1,paper_joint,paper_3v3_v1,paper_fixed_v1,paper_3v3_pid_v1,0.800000,paper_3v3_eq9_11_v1,vanilla_mappo_paper_3v3_v2,tanh_squashed_diag_gaussian_v1,pre_tanh_base_normal_entropy_v1,3686728c40163c88388932de0beb132e15024687879e03f982fd4715aa6d4d9d,simple_dynamic_pursuit_with_mws,,,3,3,1400,eq17_minimal_finite_tail_v1,"{""d_att_max_m"":10000.000001,""h_adv_m"":5000.0,""h_att_m"":2000.0,""h_max_m"":10000.0,""h_min_m"":0.0,""high_altitude_tail"":0.0,""version"":""eq17_minimal_finite_tail_v1""}",,,,,,,,,,,,,,0.428712,0.330613,0.499539,-0.856083,0.428712,0.330613,0.499539,0.000000,0.000000,0,1099,0,1,7200,1777,88,7200,6497,1165,0,168,0,29,1034,2895,0.000000,0.000910,0.000000,0.152639,0,0,0,0,0.000000,0.000000,0.000000,0.000000,0.000000,0.000000,0.000000,0.000000,0.000000,0.000000,0.000000,2245.964932,2245.964932,2245.964932,2245.964932,23.677004,23.677004,90.006299,90.006299,274.949710,74.248938,0.000000,0.326730,0.000000,0.000000,0.000000,0.000000,0.000000,,,0.000000,,,0.000000,,0,0,0,0,0,0,0,0,0,0,0,0,0,0,0,0.000000,0.000000,0.000000,0.000000,0.000000,0.000000,0.000000,0.000000,0.000000,0.000000,0.000000,0.000000,0.000000,0.000000,0.000000,0.000000,0.000000,0.000000,0.000000,0.000000,0.000000,0.000000,0.000000,0.000000,0.000000,0.000000,0.000000,0.000000,0.000000,0.000000,0.000000,0.000000,0.000000,1.000000,7.946438,12.584256,0.000000,0.000000,0.000000,0.000000,0.000000,0.000000,1.000000,0.000000,0.000000,0.000000,0.000000,0.000000,0.000000,0.000000,0.000000,0.000000,0.000000,0.000000,0.000000,0.000000,0.000000,0.000000,0.000000,0.000000,0.000000,0.000000,0.000000,0.000000,0.000000,0.000000,0.000000,0.000000,0.000000,0.000000,0.000000,0.000000,0.000000,0.000000,,,,,,,,238.393125,0.000000,0.000000,0.000000,0.000000,0.000000,0.000000,0.000000,0.000000,0.000000,0.000000,0.000000,0.000000,0.000000,0.000000,0.000000,0.000000,0.000000,0.000000,0.000000,0.000000,0.000000,0.000000,0.000000,0.000000,0.000000,0.000000,0.000000,0.000000,0.000000,0.000000,0.000000,0.000000,0.000000,0.000000,0.000000,0.000000,0.000000,0.000000,0.000000,0.000000,0.000000,0.000000,0.000000,0.000000,0.000000,0.000000
21,2100,-0.100675,480.759103,1.852511,-0.008049,0.092626,60,60,0,10,10,0,0.144802,1.482675,,0.000000,,,,,100,50,100,0,12,1,3,1,,0,12,0,,,36,0,0,0,0,36,0.000000,0.782609,0.000000,0.000000,0.000000,0,paper_3v3_joint_eq15_23_v1,paper_joint,paper_3v3_v1,paper_fixed_v1,paper_3v3_pid_v1,0.800000,paper_3v3_eq9_11_v1,vanilla_mappo_paper_3v3_v2,tanh_squashed_diag_gaussian_v1,pre_tanh_base_normal_entropy_v1,3686728c40163c88388932de0beb132e15024687879e03f982fd4715aa6d4d9d,simple_dynamic_pursuit_with_mws,,,3,3,1400,eq17_minimal_finite_tail_v1,"{""d_att_max_m"":10000.000001,""h_adv_m"":5000.0,""h_att_m"":2000.0,""h_max_m"":10000.0,""h_min_m"":0.0,""high_altitude_tail"":0.0,""version"":""eq17_minimal_finite_tail_v1""}",,,,,,,,,,,,,,0.444802,0.305571,0.510442,-0.817021,0.444802,0.305571,0.510442,0.000000,0.000000,0,728,0,1,10506,4121,444,10506,5921,5134,0,340,0,29,1476,2133,0.000000,0.001374,0.000000,0.069294,0,0,60,60,0.000000,0.000000,0.000000,0.000000,0.000000,0.000000,0.000000,0.000000,0.000000,0.000000,0.000000,1206.407876,1206.407876,1206.407876,1206.407876,13.949972,13.949972,90.552916,90.552916,302.147528,353.750541,0.000000,0.336599,0.000000,0.000000,0.000000,0.000000,0.000000,0.000000,311.570655,0.000000,0.000000,368.650793,0.000000,,5,0,0,0,0,0,0,3,3,0,0,0,0,0,0,0.000000,0.000000,0.000000,0.000000,0.000000,0.000000,0.000000,2.000000,0.000000,0.000000,3.275000,3.275000,0.000000,2.000000,393.000000,393.000000,30.000000,0.000000,0.000000,0.000000,0.000000,0.000000,96.000000,96.000000,0.000000,0.000000,4.941667,4.550000,5.416667,0.000000,0.000000,0.000000,0.000000,1.000000,10.243118,9.762652,0.000000,0.000000,0.000000,0.000000,0.000000,0.000000,1.000000,0.000000,2.000000,0.000000,0.000000,0.000000,0.000000,0.000000,0.000000,0.000000,0.000000,3.275000,3.275000,4.068333,2.283333,4.266667,0.000000,0.000000,0.000000,0.000000,0.000000,0.000000,0.000000,0.000000,0.000000,0.000000,2.000000,1.000000,0.000000,0.000000,196.500000,1.000000,,,,,,,,297.050434,0.000000,0.000000,368.650793,8.277179,7.000000,0.000000,6.000000,0.000000,1.000000,0.000000,0.000000,0.000000,1.000000,0.000000,0.000000,0.000000,4.000000,0.000000,0.000000,19.000000,0.000000,0.000000,0.000000,179.361790,63.651843,179.361790,63.651843,105.782383,25.914398,105.782383,25.914398,3.136020,1.414621,1.549319,1.388999,9.053867,0.314826,5702.000000,1957.000000,0.000000,0.000000,33.000000,60.000000,0.000000,1.000000,0.000000
22,2200,-0.148869,408.007098,1.850544,-0.056342,0.092527,60,60,0,10,10,0,0.149894,1.499646,,0.000000,,,,,100,50,100,0,12,1,0,0,,0,12,0,,,36,0,0,0,0,36,0.000000,0.692308,0.000000,0.000000,0.000000,0,paper_3v3_joint_eq15_23_v1,paper_joint,paper_3v3_v1,paper_fixed_v1,paper_3v3_pid_v1,0.800000,paper_3v3_eq9_11_v1,vanilla_mappo_paper_3v3_v2,tanh_squashed_diag_gaussian_v1,pre_tanh_base_normal_entropy_v1,3686728c40163c88388932de0beb132e15024687879e03f982fd4715aa6d4d9d,simple_dynamic_pursuit_with_mws,,,3,3,1400,eq17_minimal_finite_tail_v1,"{""d_att_max_m"":10000.000001,""h_adv_m"":5000.0,""h_att_m"":2000.0,""h_max_m"":10000.0,""h_min_m"":0.0,""high_altitude_tail"":0.0,""version"":""eq17_minimal_finite_tail_v1""}",,,,,,,,,,,,,,0.449894,0.354606,0.520784,-0.805328,0.449894,0.354606,0.520784,0.000000,0.000000,0,2969,0,6,10545,64,75,10545,5555,7850,0,1399,0,162,43,2132,0.000000,0.002021,0.000000,0.281555,0,0,0,0,0.000000,0.000000,0.000000,0.000000,0.000000,0.000000,0.000000,0.000000,0.000000,0.000000,0.000000,2976.076942,2778.937846,2982.237865,3162.740127,30.914550,33.718747,113.046228,114.247285,150.831887,530.170053,1.000000,0.338674,0.000000,0.000000,0.000000,0.000000,0.000000,,,0.000000,,,0.000000,,0,0,0,0,0,0,0,0,0,0,0,0,0,0,0,0.000000,0.000000,0.000000,0.000000,0.000000,1.000000,0.000000,0.000000,0.000000,0.000000,5.516667,5.516667,0.000000,1.000000,330.000000,330.000000,30.000000,0.000000,0.000000,0.000000,0.000000,0.000000,0.000000,0.000000,0.000000,0.000000,0.000000,0.000000,0.000000,0.000000,0.000000,0.000000,0.000000,1.000000,10.100521,9.900479,0.000000,0.000000,0.000000,0.000000,0.000000,0.000000,6.000000,0.000000,0.000000,0.000000,0.000000,0.000000,0.000000,0.000000,0.000000,0.000000,0.000000,5.516667,5.516667,5.516667,5.516667,5.516667,0.000000,0.000000,0.000000,0.000000,0.000000,0.000000,0.000000,0.000000,0.000000,0.000000,1.000000,1.000000,0.000000,0.000000,330.000000,1.000000,,,,,,,,282.814594,0.000000,0.000000,0.000000,0.000000,0.000000,0.000000,0.000000,0.000000,0.000000,0.000000,0.000000,0.000000,0.000000,0.000000,0.000000,0.000000,0.000000,0.000000,0.000000,0.000000,0.000000,0.000000,0.000000,0.000000,0.000000,0.000000,0.000000,0.000000,0.000000,0.000000,0.000000,0.000000,0.000000,0.000000,0.000000,0.000000,0.000000,0.000000,0.000000,0.000000,0.000000,0.000000,0.000000,0.000000,0.000000,0.000000
23,2300,-0.299483,379.550623,1.963724,-0.201297,0.098186,80,80,0,10,10,0,0.147285,1.490949,-267.7665,0.000000,22.7842,0.000000,0.0,3.4,100,50,100,0,13,1,0,0,,0,13,0,0.0000,3.0000,39,0,0,0,0,39,0.000000,0.722222,0.000000,0.000000,0.000000,0,paper_3v3_joint_eq15_23_v1,paper_joint,paper_3v3_v1,paper_fixed_v1,paper_3v3_pid_v1,0.800000,paper_3v3_eq9_11_v1,vanilla_mappo_paper_3v3_v2,tanh_squashed_diag_gaussian_v1,pre_tanh_base_normal_entropy_v1,3686728c40163c88388932de0beb132e15024687879e03f982fd4715aa6d4d9d,simple_dynamic_pursuit_with_mws,,,3,3,1400,eq17_minimal_finite_tail_v1,"{""d_att_max_m"":10000.000001,""h_adv_m"":5000.0,""h_att_m"":2000.0,""h_max_m"":10000.0,""h_min_m"":0.0,""high_altitude_tail"":0.0,""version"":""eq17_minimal_finite_tail_v1""}",-0.000039,-0.000013,-0.001140,-0.000380,0.450378,0.150126,0.000000,0.000000,0.000000,0.000000,-178.215744,-59.405248,-90.000000,0.447285,0.306637,0.526872,-0.812954,0.447285,0.306637,0.526872,0.000000,0.000000,0,4190,0,2,6885,1512,0,6885,5702,5433,0,1972,0,43,462,2437,0.000000,0.000477,0.000000,0.608569,0,0,60,60,0.000000,0.000000,0.000000,0.000000,0.000000,0.000000,0.000000,0.000000,0.000000,0.000000,0.000000,2843.695963,2803.997415,2843.695963,2883.394510,35.209638,35.209638,163.945452,163.945452,-43.793598,633.867406,0.500000,0.348547,0.000000,0.000000,0.000000,0.000000,0.000000,0.000000,304.298774,0.000000,0.000000,7.623792,0.000000,,5,0,0,0,0,0,0,2,2,0,0,0,0,0,0,0.000000,0.000000,0.000000,0.000000,0.000000,3.000000,0.000000,3.000000,0.000000,0.000000,5.377778,5.700000,0.000000,6.000000,1933.000000,1933.000000,30.000000,0.000000,0.000000,0.000000,0.000000,0.000000,98.000000,98.000000,0.000000,0.000000,5.050000,5.083333,5.138889,0.000000,0.000000,0.000000,1.000000,0.000000,8.554692,11.689491,0.000000,0.000000,0.000000,0.000000,0.000000,0.000000,2.000000,0.000000,3.000000,0.000000,0.000000,0.000000,0.000000,0.000000,0.000000,0.000000,0.000000,5.377778,5.700000,5.975000,4.116667,6.033333,0.000000,0.000000,0.000000,0.000000,0.000000,0.000000,0.000000,0.000000,0.000000,0.000000,6.000000,1.000000,0.000000,0.000000,322.166667,1.000000,,63.000000,,90.000000,133.000000,133.000000,133.000000,230.976695,0.000000,0.000000,7.623792,6.692254,0.000000,0.000000,0.000000,0.000000,0.000000,0.000000,0.000000,0.000000,0.000000,0.000000,0.000000,0.000000,4.000000,0.000000,0.000000,7.000000,0.000000,0.000000,0.000000,179.998619,35.794184,179.998619,35.794184,120.317427,43.235811,120.317427,43.235811,3.137488,1.058335,1.568274,0.946349,1.787124,0.169269,3584.000000,948.000000,0.000000,0.000000,30.000000,60.000000,0.000000,0.000000,0.000000
24,2400,-0.306106,398.535611,2.051220,-0.203545,0.102561,60,60,0,10,10,0,0.189058,1.630194,,0.000000,,,,,100,50,100,0,13,2,33,1,,0,13,0,,,39,0,0,0,0,39,0.000000,0.722222,0.000000,0.000000,0.000000,0,paper_3v3_joint_eq15_23_v1,paper_joint,paper_3v3_v1,paper_fixed_v1,paper_3v3_pid_v1,0.800000,paper_3v3_eq9_11_v1,vanilla_mappo_paper_3v3_v2,tanh_squashed_diag_gaussian_v1,pre_tanh_base_normal_entropy_v1,3686728c40163c88388932de0beb132e15024687879e03f982fd4715aa6d4d9d,simple_dynamic_pursuit_with_mws,,,3,3,1400,eq17_minimal_finite_tail_v1,"{""d_att_max_m"":10000.000001,""h_adv_m"":5000.0,""h_att_m"":2000.0,""h_max_m"":10000.0,""h_min_m"":0.0,""high_altitude_tail"":0.0,""version"":""eq17_minimal_finite_tail_v1""}",,,,,,,,,,,,,,0.489058,0.314809,0.559456,-0.722115,0.489058,0.314809,0.559456,0.000000,0.000000,0,1333,0,0,8352,4557,0,8352,8412,1333,0,3,0,0,1700,3473,0.000000,0.000000,0.000000,0.159602,0,0,60,60,0.000000,0.000000,0.000000,0.000000,0.000000,0.000000,0.000000,0.000000,0.000000,0.000000,0.000000,0.000000,0.000000,0.000000,0.000000,0.000000,0.000000,0.000000,0.000000,0.000000,0.000000,1.000000,0.349064,0.000000,0.000000,0.000000,0.000000,0.000000,0.000000,331.282572,0.000000,0.000000,42679.566771,0.000000,,5,0,0,0,0,0,0,0,0,0,0,0,0,0,0,0.000000,0.000000,0.000000,0.000000,0.000000,1.000000,0.000000,0.000000,0.000000,0.000000,5.383333,5.383333,0.000000,1.000000,322.000000,322.000000,30.000000,0.000000,0.000000,0.000000,0.000000,0.000000,130.000000,130.000000,0.000000,0.000000,4.766667,5.383333,5.383333,0.000000,0.000000,0.000000,0.000000,1.000000,8.291642,12.060338,0.000000,0.000000,0.000000,0.000000,0.000000,0.000000,0.000000,0.000000,0.000000,0.000000,0.000000,0.000000,0.000000,0.000000,0.000000,0.000000,0.000000,5.383333,5.383333,5.383333,5.383333,5.383333,0.000000,0.000000,0.000000,0.000000,0.000000,0.000000,0.000000,0.000000,0.000000,0.000000,1.000000,1.000000,0.000000,0.000000,322.000000,1.000000,,,,,,,,215.582684,0.000000,0.000000,42679.566771,8.072182,19.000000,0.000000,10.000000,0.000000,1.000000,0.000000,0.000000,0.000000,2.000000,0.000000,0.000000,0.000000,6.000000,0.000000,0.000000,2.000000,0.000000,0.000000,0.000000,179.459811,15.609174,179.459811,15.609174,116.882397,35.726674,116.882397,35.726674,3.141039,1.497577,1.557739,1.404225,15.286368,0.600291,7673.000000,3092.000000,0.000000,0.000000,28.000000,60.000000,0.000000,1.000000,0.000000
25,2500,-0.170233,297.653931,2.113224,-0.064572,0.105661,60,60,0,10,10,0,0.175773,1.585910,,0.000000,,,,,100,50,100,0,13,2,0,0,,0,13,0,,,39,0,0,0,0,39,0.000000,0.696429,0.000000,0.000000,0.000000,0,paper_3v3_joint_eq15_23_v1,paper_joint,paper_3v3_v1,paper_fixed_v1,paper_3v3_pid_v1,0.800000,paper_3v3_eq9_11_v1,vanilla_mappo_paper_3v3_v2,tanh_squashed_diag_gaussian_v1,pre_tanh_base_normal_entropy_v1,3686728c40163c88388932de0beb132e15024687879e03f982fd4715aa6d4d9d,simple_dynamic_pursuit_with_mws,,,3,3,1400,eq17_minimal_finite_tail_v1,"{""d_att_max_m"":10000.000001,""h_adv_m"":5000.0,""h_att_m"":2000.0,""h_max_m"":10000.0,""h_min_m"":0.0,""high_altitude_tail"":0.0,""version"":""eq17_minimal_finite_tail_v1""}",,,,,,,,,,,,,,0.475773,0.344591,0.557932,-0.748195,0.475773,0.344591,0.557932,0.000000,0.000000,41,1399,1,2,10347,2831,444,10347,8357,3072,40,632,29,58,1305,3004,0.024390,0.001430,0.003963,0.135208,0,0,0,0,287.307068,287.307068,287.307068,287.307068,36.448805,36.448805,90.432465,90.432465,226.537027,94.733974,0.000000,2023.809327,2013.099304,2023.809327,2034.519350,19.473675,19.473675,91.721343,91.721343,263.788229,350.812181,0.500000,0.340786,0.000000,0.000000,0.000000,0.000000,0.000000,,,0.000000,,,0.000000,,0,0,0,0,0,0,0,0,0,0,0,0,0,0,0,0.000000,0.000000,1.000000,0.000000,0.000000,1.000000,0.000000,1.000000,0.000000,0.000000,2.650000,2.816667,0.000000,3.000000,476.000000,476.000000,30.000000,0.000000,0.000000,0.000000,0.000000,0.000000,0.000000,0.000000,0.000000,0.000000,0.000000,0.000000,0.000000,0.000000,0.000000,0.000000,0.000000,1.000000,11.591421,8.627070,1.000000,0.000000,1.000000,0.000000,0.000000,0.000000,2.000000,0.000000,1.000000,0.000000,0.000000,0.000000,1.000000,1.000000,1.000000,1.000000,1.000000,3.475000,3.475000,4.001667,2.816667,4.133333,0.000000,0.000000,0.000000,0.000000,0.000000,0.000000,0.000000,0.000000,1.000000,1.000000,2.000000,1.000000,60.000000,1.000000,208.000000,1.000000,,,,,,,,289.785520,0.000000,0.000000,0.000000,0.000000,0.000000,0.000000,0.000000,0.000000,0.000000,0.000000,0.000000,0.000000,0.000000,0.000000,0.000000,0.000000,0.000000,0.000000,0.000000,0.000000,0.000000,0.000000,0.000000,0.000000,0.000000,0.000000,0.000000,0.000000,0.000000,0.000000,0.000000,0.000000,0.000000,0.000000,0.000000,0.000000,0.000000,0.000000,0.000000,0.000000,0.000000,0.000000,0.000000,0.000000,0.000000,0.000000
26,2600,-0.328693,129.992496,2.000868,-0.228650,0.100043,50,50,0,10,10,0,0.177722,1.592407,,0.000000,,,,,100,50,100,0,13,2,0,0,,0,13,0,,,39,0,0,0,0,39,0.000000,0.672414,0.000000,0.000000,0.000000,0,paper_3v3_joint_eq15_23_v1,paper_joint,paper_3v3_v1,paper_fixed_v1,paper_3v3_pid_v1,0.800000,paper_3v3_eq9_11_v1,vanilla_mappo_paper_3v3_v2,tanh_squashed_diag_gaussian_v1,pre_tanh_base_normal_entropy_v1,3686728c40163c88388932de0beb132e15024687879e03f982fd4715aa6d4d9d,simple_dynamic_pursuit_with_mws,,,3,3,1400,eq17_minimal_finite_tail_v1,"{""d_att_max_m"":10000.000001,""h_adv_m"":5000.0,""h_att_m"":2000.0,""h_max_m"":10000.0,""h_min_m"":0.0,""high_altitude_tail"":0.0,""version"":""eq17_minimal_finite_tail_v1""}",,,,,,,,,,,,,,0.477722,0.358162,0.560001,-0.744434,0.477722,0.358162,0.560001,0.000000,0.000000,0,1373,0,2,8310,235,2204,8310,2479,6733,0,305,0,58,235,1038,0.000000,0.001457,0.000000,0.165223,0,0,0,0,0.000000,0.000000,0.000000,0.000000,0.000000,0.000000,0.000000,0.000000,0.000000,0.000000,0.000000,1680.849874,1636.882269,1680.849874,1724.817480,22.118921,22.118921,90.091944,90.091944,247.645250,390.811987,0.500000,0.349132,0.000000,0.000000,0.000000,0.000000,0.000000,,,0.000000,,,0.000000,,0,0,0,0,0,0,0,0,0,0,0,0,0,0,0,0.000000,0.000000,0.000000,0.000000,0.000000,1.000000,0.000000,1.000000,0.000000,0.000000,2.608333,2.608333,0.000000,2.000000,312.000000,312.000000,30.000000,0.000000,0.000000,0.000000,0.000000,0.000000,0.000000,0.000000,0.000000,0.000000,0.000000,0.000000,0.000000,0.000000,0.000000,0.000000,0.000000,1.000000,8.662068,11.544587,0.000000,0.000000,0.000000,0.000000,0.000000,0.000000,2.000000,0.000000,1.000000,0.000000,0.000000,0.000000,0.000000,0.000000,0.000000,0.000000,0.000000,2.608333,2.608333,3.068333,2.033333,3.183333,0.000000,0.000000,0.000000,0.000000,0.000000,0.000000,0.000000,0.000000,0.000000,0.000000,2.000000,1.000000,0.000000,0.000000,156.000000,1.000000,,,,,,,,207.889639,0.000000,0.000000,0.000000,0.000000,0.000000,0.000000,0.000000,0.000000,0.000000,0.000000,0.000000,0.000000,0.000000,0.000000,0.000000,0.000000,0.000000,0.000000,0.000000,0.000000,0.000000,0.000000,0.000000,0.000000,0.000000,0.000000,0.000000,0.000000,0.000000,0.000000,0.000000,0.000000,0.000000,0.000000,0.000000,0.000000,0.000000,0.000000,0.000000,0.000000,0.000000,0.000000,0.000000,0.000000,0.000000,0.000000
27,2700,-0.145125,40.288527,1.897276,-0.050262,0.094864,40,40,0,10,10,0,0.160129,1.533762,,0.000000,,,,,100,50,100,0,13,2,0,0,,0,13,0,,,39,0,0,0,0,39,0.000000,0.629032,0.000000,0.000000,0.000000,0,paper_3v3_joint_eq15_23_v1,paper_joint,paper_3v3_v1,paper_fixed_v1,paper_3v3_pid_v1,0.800000,paper_3v3_eq9_11_v1,vanilla_mappo_paper_3v3_v2,tanh_squashed_diag_gaussian_v1,pre_tanh_base_normal_entropy_v1,3686728c40163c88388932de0beb132e15024687879e03f982fd4715aa6d4d9d,simple_dynamic_pursuit_with_mws,,,3,3,1400,eq17_minimal_finite_tail_v1,"{""d_att_max_m"":10000.000001,""h_adv_m"":5000.0,""h_att_m"":2000.0,""h_max_m"":10000.0,""h_min_m"":0.0,""high_altitude_tail"":0.0,""version"":""eq17_minimal_finite_tail_v1""}",,,,,,,,,,,,,,0.460129,0.351795,0.552716,-0.781674,0.460129,0.351795,0.552716,0.000000,0.000000,0,1206,0,4,7200,0,1260,7200,1206,7200,0,782,0,116,0,961,0.000000,0.003317,0.000000,0.167500,0,0,0,0,0.000000,0.000000,0.000000,0.000000,0.000000,0.000000,0.000000,0.000000,0.000000,0.000000,0.000000,4357.355480,4151.974858,4358.832167,4564.212789,37.145065,41.180892,139.820411,134.501863,-8.018864,1656.084475,0.000000,0.354342,0.000000,0.000000,0.000000,0.000000,0.000000,,,0.000000,,,0.000000,,0,0,0,0,0,0,0,0,0,0,0,0,0,0,0,0.000000,0.000000,0.000000,0.000000,0.000000,0.000000,0.000000,1.000000,0.000000,0.000000,4.700000,4.700000,0.000000,1.000000,282.000000,282.000000,30.000000,0.000000,0.000000,0.000000,0.000000,0.000000,0.000000,0.000000,0.000000,0.000000,0.000000,0.000000,0.000000,0.000000,0.000000,0.000000,0.000000,1.000000,7.711472,12.967693,0.000000,0.000000,0.000000,0.000000,0.000000,0.000000,4.000000,0.000000,1.000000,0.000000,0.000000,0.000000,0.000000,0.000000,0.000000,0.000000,0.000000,4.700000,4.700000,4.700000,4.700000,4.700000,0.000000,0.000000,0.000000,0.000000,0.000000,0.000000,0.000000,0.000000,0.000000,0.000000,1.000000,1.000000,0.000000,0.000000,282.000000,1.000000,,,,,,,,177.363858,0.000000,0.000000,0.000000,0.000000,0.000000,0.000000,0.000000,0.000000,0.000000,0.000000,0.000000,0.000000,0.000000,0.000000,0.000000,0.000000,0.000000,0.000000,0.000000,0.000000,0.000000,0.000000,0.000000,0.000000,0.000000,0.000000,0.000000,0.000000,0.000000,0.000000,0.000000,0.000000,0.000000,0.000000,0.000000,0.000000,0.000000,0.000000,0.000000,0.000000,0.000000,0.000000,0.000000,0.000000,0.000000,0.000000
28,2800,0.134548,119.429648,2.170577,0.243077,0.108529,50,50,0,10,10,0,0.178873,1.596243,,0.000000,,,,,100,50,100,0,13,3,31,1,,0,13,0,,,39,0,0,0,0,39,0.000000,0.609375,0.000000,0.000000,0.000000,0,paper_3v3_joint_eq15_23_v1,paper_joint,paper_3v3_v1,paper_fixed_v1,paper_3v3_pid_v1,0.800000,paper_3v3_eq9_11_v1,vanilla_mappo_paper_3v3_v2,tanh_squashed_diag_gaussian_v1,pre_tanh_base_normal_entropy_v1,3686728c40163c88388932de0beb132e15024687879e03f982fd4715aa6d4d9d,simple_dynamic_pursuit_with_mws,,,3,3,1400,eq17_minimal_finite_tail_v1,"{""d_att_max_m"":10000.000001,""h_adv_m"":5000.0,""h_att_m"":2000.0,""h_max_m"":10000.0,""h_min_m"":0.0,""high_altitude_tail"":0.0,""version"":""eq17_minimal_finite_tail_v1""}",,,,,,,,,,,,,,0.478873,0.305798,0.559293,-0.743932,0.478873,0.305798,0.559293,0.000000,0.000000,0,1977,0,2,6282,2052,33,6282,4029,4225,0,791,0,52,642,2226,0.000000,0.001012,0.000000,0.314709,0,0,60,60,0.000000,0.000000,0.000000,0.000000,0.000000,0.000000,0.000000,0.000000,0.000000,0.000000,0.000000,7329.116161,6144.570108,7329.116161,8513.662214,43.015020,43.015020,148.551008,148.551008,-75.481732,5102.392400,0.400000,0.344010,0.000000,0.000000,0.000000,0.000000,0.000000,0.000000,3009.372761,0.000000,0.000000,4408143.250847,0.000000,,8,0,0,0,2,2,0,5,6,0,0,0,0,0,0,0.000000,0.000000,0.000000,0.000000,0.000000,2.000000,0.000000,2.000000,0.000000,1.000000,4.746667,4.816667,0.000000,5.000000,1421.000000,1421.000000,30.000000,0.000000,0.000000,0.000000,0.000000,0.000000,100.000000,100.000000,2.000000,2.000000,3.750000,4.258333,4.466667,0.983333,0.983333,0.000000,0.000000,1.000000,6.660997,15.012768,0.000000,0.000000,0.000000,0.000000,0.000000,0.000000,2.000000,0.000000,2.000000,0.000000,1.000000,0.000000,0.000000,0.000000,0.000000,0.000000,0.000000,4.746667,4.816667,8.533333,0.416667,10.000000,0.000000,0.000000,0.000000,0.000000,0.000000,0.000000,0.000000,0.000000,0.000000,0.000000,5.000000,1.000000,0.000000,0.000000,284.200000,1.000000,,,,,,,,146.541934,0.000000,0.000000,4408143.250847,7.134119,50.000000,0.000000,33.000000,0.000000,1.000000,0.000000,0.000000,0.000000,2.000000,0.000000,0.000000,0.000000,6.000000,0.000000,0.000000,3.000000,0.000000,0.000000,0.000000,179.981428,91.169269,179.981428,91.169269,142.669798,38.118751,142.669798,38.118751,3.139975,3.141075,1.554436,1.415877,494.581196,0.632060,6214.000000,3882.000000,0.000000,0.000000,32.000000,60.000000,0.000000,1.000000,0.000000
29,2900,0.027956,270.391045,2.290767,0.142494,0.114538,40,40,0,10,10,0,0.219215,1.730716,,0.000000,,,,,100,50,100,0,13,3,0,0,,0,13,0,,,39,0,0,0,0,39,0.000000,0.590909,0.000000,0.000000,0.000000,0,paper_3v3_joint_eq15_23_v1,paper_joint,paper_3v3_v1,paper_fixed_v1,paper_3v3_pid_v1,0.800000,paper_3v3_eq9_11_v1,vanilla_mappo_paper_3v3_v2,tanh_squashed_diag_gaussian_v1,pre_tanh_base_normal_entropy_v1,3686728c40163c88388932de0beb132e15024687879e03f982fd4715aa6d4d9d,simple_dynamic_pursuit_with_mws,,,3,3,1400,eq17_minimal_finite_tail_v1,"{""d_att_max_m"":10000.000001,""h_adv_m"":5000.0,""h_att_m"":2000.0,""h_max_m"":10000.0,""h_min_m"":0.0,""high_altitude_tail"":0.0,""version"":""eq17_minimal_finite_tail_v1""}",,,,,,,,,,,,,,0.519215,0.371461,0.579508,-0.661927,0.519215,0.371461,0.579508,0.000000,0.000000,0,1685,0,2,7200,3566,0,7200,6938,1766,0,1214,0,58,1482,3443,0.000000,0.001187,0.000000,0.234028,0,0,0,0,0.000000,0.000000,0.000000,0.000000,0.000000,0.000000,0.000000,0.000000,0.000000,0.000000,0.000000,3179.045875,3071.950412,3179.045875,3286.141339,33.857511,33.857511,105.053601,105.053601,130.637397,901.640046,0.000000,0.390420,0.000000,0.000000,0.000000,0.000000,0.000000,,,0.000000,,,0.000000,,0,0,0,0,0,0,0,0,0,0,0,0,0,0,0,0.000000,0.000000,0.000000,0.000000,0.000000,0.000000,0.000000,2.000000,0.000000,0.000000,3.383333,3.383333,0.000000,2.000000,406.000000,406.000000,30.000000,0.000000,0.000000,0.000000,0.000000,0.000000,0.000000,0.000000,0.000000,0.000000,0.000000,0.000000,0.000000,0.000000,0.000000,0.000000,0.000000,1.000000,8.684463,11.514817,0.000000,0.000000,0.000000,0.000000,0.000000,0.000000,2.000000,0.000000,2.000000,0.000000,0.000000,0.000000,0.000000,0.000000,0.000000,0.000000,0.000000,3.383333,3.383333,3.556667,3.166667,3.600000,0.000000,0.000000,0.000000,0.000000,0.000000,0.000000,0.000000,0.000000,0.000000,0.000000,2.000000,1.000000,0.000000,0.000000,203.000000,1.000000,,,,,,,,182.373715,0.000000,0.000000,0.000000,0.000000,0.000000,0.000000,0.000000,0.000000,0.000000,0.000000,0.000000,0.000000,0.000000,0.000000,0.000000,0.000000,0.000000,0.000000,0.000000,0.000000,0.000000,0.000000,0.000000,0.000000,0.000000,0.000000,0.000000,0.000000,0.000000,0.000000,0.000000,0.000000,0.000000,0.000000,0.000000,0.000000,0.000000,0.000000,0.000000,0.000000,0.000000,0.000000,0.000000,0.000000,0.000000,0.000000
30,3000,0.199369,87.970929,2.322731,0.315505,0.116137,60,60,0,10,10,0,0.217588,1.725295,,0.000000,,,,,100,50,100,0,13,4,38,1,,0,13,0,,,39,0,0,0,0,39,0.000000,0.573529,0.000000,0.000000,0.000000,0,paper_3v3_joint_eq15_23_v1,paper_joint,paper_3v3_v1,paper_fixed_v1,paper_3v3_pid_v1,0.800000,paper_3v3_eq9_11_v1,vanilla_mappo_paper_3v3_v2,tanh_squashed_diag_gaussian_v1,pre_tanh_base_normal_entropy_v1,3686728c40163c88388932de0beb132e15024687879e03f982fd4715aa6d4d9d,simple_dynamic_pursuit_with_mws,,,3,3,1400,eq17_minimal_finite_tail_v1,"{""d_att_max_m"":10000.000001,""h_adv_m"":5000.0,""h_att_m"":2000.0,""h_max_m"":10000.0,""h_min_m"":0.0,""high_altitude_tail"":0.0,""version"":""eq17_minimal_finite_tail_v1""}",,,,,,,,,,,,,,0.517588,0.315686,0.582930,-0.665401,0.517588,0.315686,0.582930,0.000000,0.000000,0,1594,0,2,8001,1743,1419,8001,3755,5236,0,168,0,38,668,2354,0.000000,0.001255,0.000000,0.199225,0,0,60,60,0.000000,0.000000,0.000000,0.000000,0.000000,0.000000,0.000000,0.000000,0.000000,0.000000,0.000000,1355.655336,1186.545321,1355.655336,1524.765352,34.008166,34.008166,90.030473,90.030473,234.818583,337.016719,0.000000,0.396831,0.000000,0.000000,0.000000,0.000000,0.000000,0.000000,312.108240,0.000000,0.000000,137.335686,0.000000,,3,0,0,0,0,0,0,1,1,0,0,0,0,0,0,0.000000,0.000000,0.000000,0.000000,0.000000,0.000000,0.000000,2.000000,0.000000,0.000000,2.325000,2.325000,0.000000,2.000000,279.000000,279.000000,30.000000,0.000000,0.000000,0.000000,0.000000,0.000000,100.000000,100.000000,0.000000,0.000000,3.950000,3.058333,5.958333,0.000000,0.000000,0.000000,0.000000,1.000000,9.483887,10.544200,0.000000,0.000000,0.000000,0.000000,0.000000,0.000000,2.000000,0.000000,2.000000,0.000000,0.000000,0.000000,0.000000,0.000000,0.000000,0.000000,0.000000,2.325000,2.325000,2.865000,1.650000,3.000000,0.000000,0.000000,0.000000,0.000000,0.000000,0.000000,0.000000,0.000000,0.000000,0.000000,2.000000,1.000000,0.000000,0.000000,139.500000,1.000000,,,,,,,,189.677740,0.000000,0.000000,137.335686,8.376229,88.000000,0.000000,28.000000,0.000000,1.000000,0.000000,0.000000,0.000000,1.000000,0.000000,0.000000,0.000000,6.000000,0.000000,0.000000,38.000000,0.000000,0.000000,0.000000,179.575825,170.207995,179.575825,170.207995,126.120499,42.286946,126.120499,42.286946,3.141392,3.141370,1.537446,1.564655,2.695234,5.819913,6448.000000,4397.000000,0.000000,0.000000,50.000000,60.000000,0.000000,1.000000,0.000000
31,3100,-0.224826,431.735245,2.475062,-0.101073,0.123753,60,60,0,10,10,0,0.244400,1.814667,,0.000000,,,,,100,50,100,0,13,4,0,0,,0,13,0,,,39,0,0,0,0,39,0.000000,0.557143,0.000000,0.000000,0.000000,0,paper_3v3_joint_eq15_23_v1,paper_joint,paper_3v3_v1,paper_fixed_v1,paper_3v3_pid_v1,0.800000,paper_3v3_eq9_11_v1,vanilla_mappo_paper_3v3_v2,tanh_squashed_diag_gaussian_v1,pre_tanh_base_normal_entropy_v1,3686728c40163c88388932de0beb132e15024687879e03f982fd4715aa6d4d9d,simple_dynamic_pursuit_with_mws,,,3,3,1400,eq17_minimal_finite_tail_v1,"{""d_att_max_m"":10000.000001,""h_adv_m"":5000.0,""h_att_m"":2000.0,""h_max_m"":10000.0,""h_min_m"":0.0,""high_altitude_tail"":0.0,""version"":""eq17_minimal_finite_tail_v1""}",,,,,,,,,,,,,,0.544400,0.409713,0.594543,-0.611530,0.544400,0.409713,0.594543,0.000000,0.000000,0,1115,0,2,10197,4897,1460,10197,6513,4797,0,451,0,58,1746,2636,0.000000,0.001794,0.000000,0.109346,0,0,0,0,0.000000,0.000000,0.000000,0.000000,0.000000,0.000000,0.000000,0.000000,0.000000,0.000000,0.000000,3417.096249,3344.164179,3417.096249,3490.028319,43.419026,43.419026,172.376252,172.376252,-29.990131,927.926344,1.000000,0.404156,0.000000,0.000000,0.000000,0.000000,0.000000,,,0.000000,,,0.000000,,0,0,0,0,0,0,0,0,0,0,0,0,0,0,0,0.000000,0.000000,0.000000,0.000000,0.000000,2.000000,0.000000,0.000000,0.000000,0.000000,6.316667,6.316667,0.000000,2.000000,756.000000,756.000000,30.000000,0.000000,0.000000,0.000000,0.000000,0.000000,0.000000,0.000000,0.000000,0.000000,0.000000,0.000000,0.000000,0.000000,0.000000,0.000000,0.000000,1.000000,10.681276,9.362177,0.000000,0.000000,0.000000,0.000000,0.000000,0.000000,2.000000,0.000000,0.000000,0.000000,0.000000,0.000000,0.000000,0.000000,0.000000,0.000000,0.000000,6.316667,6.316667,6.450000,6.150000,6.483333,0.000000,0.000000,0.000000,0.000000,0.000000,0.000000,0.000000,0.000000,0.000000,0.000000,2.000000,1.000000,0.000000,0.000000,378.000000,1.000000,,,,,,,,202.944250,0.000000,0.000000,0.000000,0.000000,0.000000,0.000000,0.000000,0.000000,0.000000,0.000000,0.000000,0.000000,0.000000,0.000000,0.000000,0.000000,0.000000,0.000000,0.000000,0.000000,0.000000,0.000000,0.000000,0.000000,0.000000,0.000000,0.000000,0.000000,0.000000,0.000000,0.000000,0.000000,0.000000,0.000000,0.000000,0.000000,0.000000,0.000000,0.000000,0.000000,0.000000,0.000000,0.000000,0.000000,0.000000,0.000000
32,3200,-0.403116,34.779550,2.436789,-0.281277,0.121839,40,40,0,10,10,0,0.247224,1.824079,,0.000000,,,,,100,50,100,0,13,4,0,0,,0,13,0,,,39,0,0,0,0,39,0.000000,0.541667,0.000000,0.000000,0.000000,0,paper_3v3_joint_eq15_23_v1,paper_joint,paper_3v3_v1,paper_fixed_v1,paper_3v3_pid_v1,0.800000,paper_3v3_eq9_11_v1,vanilla_mappo_paper_3v3_v2,tanh_squashed_diag_gaussian_v1,pre_tanh_base_normal_entropy_v1,3686728c40163c88388932de0beb132e15024687879e03f982fd4715aa6d4d9d,simple_dynamic_pursuit_with_mws,,,3,3,1400,eq17_minimal_finite_tail_v1,"{""d_att_max_m"":10000.000001,""h_adv_m"":5000.0,""h_att_m"":2000.0,""h_max_m"":10000.0,""h_min_m"":0.0,""high_altitude_tail"":0.0,""version"":""eq17_minimal_finite_tail_v1""}",,,,,,,,,,,,,,0.547224,0.423896,0.590564,-0.605479,0.547224,0.423896,0.590564,0.000000,0.000000,0,932,0,2,7200,834,2457,7200,2345,4553,0,65,0,37,374,1835,0.000000,0.002146,0.000000,0.129444,0,0,0,0,0.000000,0.000000,0.000000,0.000000,0.000000,0.000000,0.000000,0.000000,0.000000,0.000000,0.000000,5017.246768,3193.583826,5017.246768,6840.909710,40.305158,40.305158,115.101980,115.101980,67.648244,2835.942424,0.000000,0.407522,0.000000,0.000000,0.000000,0.000000,0.000000,,,0.000000,,,0.000000,,0,0,0,0,0,0,0,0,0,0,0,0,0,0,0,0.000000,0.000000,0.000000,0.000000,0.000000,0.000000,0.000000,1.000000,0.000000,0.000000,2.300000,2.300000,0.000000,1.000000,138.000000,138.000000,30.000000,0.000000,0.000000,0.000000,0.000000,0.000000,0.000000,0.000000,0.000000,0.000000,0.000000,0.000000,0.000000,0.000000,0.000000,0.000000,0.000000,1.000000,7.878021,12.693543,0.000000,0.000000,0.000000,0.000000,0.000000,0.000000,2.000000,0.000000,1.000000,0.000000,0.000000,0.000000,0.000000,0.000000,0.000000,0.000000,0.000000,2.300000,2.300000,2.300000,2.300000,2.300000,0.000000,0.000000,0.000000,0.000000,0.000000,0.000000,0.000000,0.000000,0.000000,0.000000,1.000000,1.000000,0.000000,0.000000,138.000000,1.000000,,,,,,,,141.804378,0.000000,0.000000,0.000000,0.000000,0.000000,0.000000,0.000000,0.000000,0.000000,0.000000,0.000000,0.000000,0.000000,0.000000,0.000000,0.000000,0.000000,0.000000,0.000000,0.000000,0.000000,0.000000,0.000000,0.000000,0.000000,0.000000,0.000000,0.000000,0.000000,0.000000,0.000000,0.000000,0.000000,0.000000,0.000000,0.000000,0.000000,0.000000,0.000000,0.000000,0.000000,0.000000,0.000000,0.000000,0.000000,0.000000
33,3300,-0.053371,59.316529,2.491496,0.071204,0.124575,60,60,0,10,10,0,0.243715,1.812385,,0.000000,,,,,100,50,100,0,13,5,16,1,,0,13,0,,,39,0,0,0,0,39,0.000000,0.520000,0.000000,0.000000,0.000000,0,paper_3v3_joint_eq15_23_v1,paper_joint,paper_3v3_v1,paper_fixed_v1,paper_3v3_pid_v1,0.800000,paper_3v3_eq9_11_v1,vanilla_mappo_paper_3v3_v2,tanh_squashed_diag_gaussian_v1,pre_tanh_base_normal_entropy_v1,3686728c40163c88388932de0beb132e15024687879e03f982fd4715aa6d4d9d,simple_dynamic_pursuit_with_mws,,,3,3,1400,eq17_minimal_finite_tail_v1,"{""d_att_max_m"":10000.000001,""h_adv_m"":5000.0,""h_att_m"":2000.0,""h_max_m"":10000.0,""h_min_m"":0.0,""high_altitude_tail"":0.0,""version"":""eq17_minimal_finite_tail_v1""}",,,,,,,,,,,,,,0.543715,0.350137,0.593129,-0.613123,0.543715,0.350137,0.593129,0.000000,0.000000,0,1561,0,3,9564,3672,1603,9564,5233,5952,0,1184,0,102,1182,2355,0.000000,0.001922,0.000000,0.163216,0,0,60,60,0.000000,0.000000,0.000000,0.000000,0.000000,0.000000,0.000000,0.000000,0.000000,0.000000,0.000000,3292.435455,3260.361949,3278.793016,3317.687741,41.753767,41.743645,158.811907,158.778029,42.315958,1457.807069,0.000000,0.401105,0.000000,0.000000,0.000000,0.000000,0.000000,0.000000,309.875921,0.000000,0.000000,313.033413,0.000000,,5,0,0,0,0,0,0,3,3,0,0,0,0,0,0,0.000000,0.000000,0.000000,0.000000,0.000000,0.000000,0.000000,0.000000,0.000000,1.000000,3.333333,3.333333,0.000000,1.000000,199.000000,199.000000,18.347547,0.000000,0.000000,0.000000,0.000000,0.000000,95.000000,95.000000,0.000000,0.000000,4.016667,3.283333,6.225000,0.000000,0.000000,0.000000,0.000000,1.000000,9.682104,10.328334,0.000000,0.000000,0.000000,0.000000,0.000000,0.000000,3.000000,0.000000,0.000000,0.000000,1.000000,0.000000,0.000000,0.000000,0.000000,0.000000,0.000000,3.333333,3.333333,3.333333,3.333333,3.333333,0.000000,0.000000,0.000000,0.000000,0.000000,0.000000,0.000000,0.000000,0.000000,0.000000,1.000000,1.000000,0.000000,0.000000,199.000000,1.000000,,,,,,,,164.595765,0.000000,0.000000,313.033413,7.411607,173.000000,0.000000,165.000000,0.000000,1.000000,0.000000,0.000000,0.000000,1.000000,0.000000,0.000000,0.000000,5.000000,0.000000,0.000000,43.000000,0.000000,0.000000,0.000000,179.455876,58.584584,179.455876,58.584584,128.158479,42.302913,128.158479,42.302913,3.141524,2.964656,1.546719,1.547266,2.324106,3.278127,6271.000000,3465.000000,0.000000,0.000000,33.000000,60.000000,0.000000,1.000000,0.000000
34,3400,-0.666204,171.701967,2.538285,-0.539289,0.126914,60,60,0,10,10,0,0.267487,1.891624,,0.000000,,,,,100,50,100,0,13,5,0,0,,0,13,0,,,39,0,0,0,0,39,0.000000,0.513158,0.000000,0.000000,0.000000,0,paper_3v3_joint_eq15_23_v1,paper_joint,paper_3v3_v1,paper_fixed_v1,paper_3v3_pid_v1,0.800000,paper_3v3_eq9_11_v1,vanilla_mappo_paper_3v3_v2,tanh_squashed_diag_gaussian_v1,pre_tanh_base_normal_entropy_v1,3686728c40163c88388932de0beb132e15024687879e03f982fd4715aa6d4d9d,simple_dynamic_pursuit_with_mws,,,3,3,1400,eq17_minimal_finite_tail_v1,"{""d_att_max_m"":10000.000001,""h_adv_m"":5000.0,""h_att_m"":2000.0,""h_max_m"":10000.0,""h_min_m"":0.0,""high_altitude_tail"":0.0,""version"":""eq17_minimal_finite_tail_v1""}",,,,,,,,,,,,,,0.567487,0.460902,0.595899,-0.567982,0.567487,0.460902,0.595899,0.000000,0.000000,0,1765,0,1,7593,3611,0,7593,6873,2280,0,1488,0,29,1350,3267,0.000000,0.000567,0.000000,0.232451,0,0,0,0,0.000000,0.000000,0.000000,0.000000,0.000000,0.000000,0.000000,0.000000,0.000000,0.000000,0.000000,8723.281770,8723.281770,8723.281770,8723.281770,39.822241,39.822241,141.262610,141.262610,-101.842518,3855.526302,0.666667,0.420035,0.000000,0.000000,0.000000,0.000000,0.000000,,,0.000000,,,0.000000,,0,0,0,0,0,0,0,0,0,0,0,0,0,0,0,0.000000,0.000000,0.000000,0.000000,0.000000,2.000000,0.000000,1.000000,0.000000,0.000000,5.211111,5.133333,0.000000,3.000000,936.000000,936.000000,30.000000,0.000000,0.000000,0.000000,0.000000,0.000000,0.000000,0.000000,0.000000,0.000000,0.000000,0.000000,0.000000,0.000000,0.000000,0.000000,0.000000,1.000000,8.857235,11.290205,0.000000,0.000000,0.000000,0.000000,0.000000,0.000000,1.000000,0.000000,1.000000,0.000000,0.000000,0.000000,0.000000,0.000000,0.000000,0.000000,0.000000,5.211111,5.133333,5.680000,4.683333,5.816667,0.000000,0.000000,0.000000,0.000000,0.000000,0.000000,0.000000,0.000000,0.000000,0.000000,3.000000,1.000000,0.000000,0.000000,312.000000,1.000000,,,,,,,,141.715762,0.000000,0.000000,0.000000,0.000000,0.000000,0.000000,0.000000,0.000000,0.000000,0.000000,0.000000,0.000000,0.000000,0.000000,0.000000,0.000000,0.000000,0.000000,0.000000,0.000000,0.000000,0.000000,0.000000,0.000000,0.000000,0.000000,0.000000,0.000000,0.000000,0.000000,0.000000,0.000000,0.000000,0.000000,0.000000,0.000000,0.000000,0.000000,0.000000,0.000000,0.000000,0.000000,0.000000,0.000000,0.000000,0.000000
35,3500,-0.603208,537.122687,2.207089,-0.492854,0.110354,70,70,0,10,10,0,0.250281,1.834271,-268.4135,0.000000,22.0789,0.000000,0.0,3.5,100,50,100,0,14,5,0,0,,0,14,0,0.0000,3.0000,42,0,0,0,0,42,0.000000,0.538462,0.000000,0.000000,0.000000,0,paper_3v3_joint_eq15_23_v1,paper_joint,paper_3v3_v1,paper_fixed_v1,paper_3v3_pid_v1,0.800000,paper_3v3_eq9_11_v1,vanilla_mappo_paper_3v3_v2,tanh_squashed_diag_gaussian_v1,pre_tanh_base_normal_entropy_v1,3686728c40163c88388932de0beb132e15024687879e03f982fd4715aa6d4d9d,simple_dynamic_pursuit_with_mws,,,3,3,1400,eq17_minimal_finite_tail_v1,"{""d_att_max_m"":10000.000001,""h_adv_m"":5000.0,""h_att_m"":2000.0,""h_max_m"":10000.0,""h_min_m"":0.0,""high_altitude_tail"":0.0,""version"":""eq17_minimal_finite_tail_v1""}",-0.000043,-0.000014,-0.001686,-0.000562,0.764673,0.254891,0.000000,0.000000,0.000000,0.000000,-179.176398,-59.725466,-90.000000,0.550281,0.364012,0.592798,-0.599676,0.550281,0.364012,0.592798,0.000000,0.000000,0,2226,0,2,6822,216,3507,6822,2475,6542,0,2237,0,58,30,2273,0.000000,0.000898,0.000000,0.326297,0,0,60,60,0.000000,0.000000,0.000000,0.000000,0.000000,0.000000,0.000000,0.000000,0.000000,0.000000,0.000000,1988.913937,1882.420471,1988.913937,2095.407403,32.446726,32.446726,138.362174,138.362174,99.677812,175.051076,0.666667,0.420411,0.000000,0.000000,0.000000,0.000000,0.000000,0.000000,317.220767,0.000000,0.000000,8.751986,0.000000,,8,0,0,0,0,0,0,2,2,0,0,0,0,0,0,0.000000,0.000000,0.000000,0.000000,0.000000,2.000000,0.000000,1.000000,0.000000,0.000000,8.500000,4.250000,0.000000,3.000000,1528.000000,1528.000000,30.000000,0.000000,0.000000,0.000000,0.000000,0.000000,171.000000,171.000000,0.000000,0.000000,7.056667,4.933333,9.405556,0.000000,0.000000,0.000000,1.000000,0.000000,8.424720,11.869831,0.000000,0.000000,0.000000,0.000000,0.000000,0.000000,2.000000,0.000000,1.000000,0.000000,0.000000,0.000000,0.000000,0.000000,0.000000,0.000000,0.000000,8.500000,4.250000,15.196667,3.316667,17.933333,0.000000,0.000000,0.000000,0.000000,0.000000,0.000000,0.000000,0.000000,0.000000,0.000000,3.000000,1.000000,0.000000,0.000000,509.333333,1.000000,,85.000000,,167.000000,260.000000,260.000000,260.000000,126.370800,0.000000,0.000000,8.377714,8.751986,0.000000,0.000000,0.000000,0.000000,0.000000,0.000000,0.000000,0.000000,0.000000,0.000000,0.000000,0.000000,5.000000,0.000000,0.000000,29.000000,0.000000,0.000000,0.000000,179.648625,63.880040,179.648625,63.880040,163.798240,37.438330,163.798240,37.438330,3.141568,3.141453,1.548560,1.555996,4.396628,1.844109,5997.000000,3624.000000,0.000000,0.000000,90.000000,60.000000,0.000000,0.000000,0.000000
36,3600,0.007831,345.646826,2.541912,0.134927,0.127096,50,50,0,10,10,0,0.263695,1.878983,,0.000000,,,,,100,50,100,0,14,5,0,0,,0,14,0,,,42,0,0,0,0,42,0.000000,0.525000,0.000000,0.000000,0.000000,0,paper_3v3_joint_eq15_23_v1,paper_joint,paper_3v3_v1,paper_fixed_v1,paper_3v3_pid_v1,0.800000,paper_3v3_eq9_11_v1,vanilla_mappo_paper_3v3_v2,tanh_squashed_diag_gaussian_v1,pre_tanh_base_normal_entropy_v1,3686728c40163c88388932de0beb132e15024687879e03f982fd4715aa6d4d9d,simple_dynamic_pursuit_with_mws,,,3,3,1400,eq17_minimal_finite_tail_v1,"{""d_att_max_m"":10000.000001,""h_adv_m"":5000.0,""h_att_m"":2000.0,""h_max_m"":10000.0,""h_min_m"":0.0,""high_altitude_tail"":0.0,""version"":""eq17_minimal_finite_tail_v1""}",,,,,,,,,,,,,,0.563695,0.437580,0.596613,-0.574743,0.563695,0.437580,0.596613,0.000000,0.000000,0,657,0,2,9000,4959,1558,9000,6057,3600,0,387,0,58,1695,2176,0.000000,0.003044,0.000000,0.073000,0,0,0,0,0.000000,0.000000,0.000000,0.000000,0.000000,0.000000,0.000000,0.000000,0.000000,0.000000,0.000000,6542.048559,6537.056665,6542.048559,6547.040453,27.427575,27.427575,165.809710,165.809710,-1.087529,834.310163,0.000000,0.447703,0.000000,0.000000,0.000000,0.000000,0.000000,,,0.000000,,,0.000000,,0,0,0,0,0,0,0,0,0,0,0,0,0,0,0,0.000000,0.000000,0.000000,0.000000,0.000000,0.000000,0.000000,1.000000,0.000000,0.000000,2.666667,2.666667,0.000000,1.000000,160.000000,160.000000,30.000000,0.000000,0.000000,0.000000,0.000000,0.000000,0.000000,0.000000,0.000000,0.000000,0.000000,0.000000,0.000000,0.000000,0.000000,0.000000,0.000000,1.000000,4.558076,21.939079,0.000000,0.000000,0.000000,0.000000,0.000000,0.000000,2.000000,0.000000,1.000000,0.000000,0.000000,0.000000,0.000000,0.000000,0.000000,0.000000,0.000000,2.666667,2.666667,2.666667,2.666667,2.666667,0.000000,0.000000,0.000000,0.000000,0.000000,0.000000,0.000000,0.000000,0.000000,0.000000,1.000000,1.000000,0.000000,0.000000,160.000000,1.000000,,,,,,,,63.813070,0.000000,0.000000,0.000000,0.000000,0.000000,0.000000,0.000000,0.000000,0.000000,0.000000,0.000000,0.000000,0.000000,0.000000,0.000000,0.000000,0.000000,0.000000,0.000000,0.000000,0.000000,0.000000,0.000000,0.000000,0.000000,0.000000,0.000000,0.000000,0.000000,0.000000,0.000000,0.000000,0.000000,0.000000,0.000000,0.000000,0.000000,0.000000,0.000000,0.000000,0.000000,0.000000,0.000000,0.000000,0.000000,0.000000
37,3700,-0.352204,100.537007,2.484450,-0.227981,0.124223,50,50,0,10,10,0,0.254790,1.849299,,0.000000,,,,,100,50,100,0,14,5,0,0,,0,14,0,,,42,0,0,0,0,42,0.000000,0.512195,0.000000,0.000000,0.000000,0,paper_3v3_joint_eq15_23_v1,paper_joint,paper_3v3_v1,paper_fixed_v1,paper_3v3_pid_v1,0.800000,paper_3v3_eq9_11_v1,vanilla_mappo_paper_3v3_v2,tanh_squashed_diag_gaussian_v1,pre_tanh_base_normal_entropy_v1,3686728c40163c88388932de0beb132e15024687879e03f982fd4715aa6d4d9d,simple_dynamic_pursuit_with_mws,,,3,3,1400,eq17_minimal_finite_tail_v1,"{""d_att_max_m"":10000.000001,""h_adv_m"":5000.0,""h_att_m"":2000.0,""h_max_m"":10000.0,""h_min_m"":0.0,""high_altitude_tail"":0.0,""version"":""eq17_minimal_finite_tail_v1""}",,,,,,,,,,,,,,0.554790,0.469505,0.594893,-0.590500,0.554790,0.469505,0.594893,0.000000,0.000000,0,2511,0,2,8096,889,1290,8096,5098,5343,0,683,0,57,545,2503,0.000000,0.000796,0.000000,0.310153,0,0,904,904,0.000000,0.000000,0.000000,0.000000,0.000000,0.000000,0.000000,0.000000,0.000000,0.000000,0.000000,1428.867455,1305.186570,1428.867455,1552.548341,34.504533,34.504533,90.166516,90.166516,232.224645,438.823660,0.000000,0.412141,0.000000,0.000000,0.000000,0.000000,0.000000,,,0.000000,,,0.000000,,0,0,0,0,0,0,0,0,0,0,0,0,0,0,0,0.000000,0.000000,0.000000,0.000000,0.000000,0.000000,0.000000,2.000000,0.000000,0.000000,3.983333,3.983333,0.000000,2.000000,478.000000,478.000000,30.000000,0.000000,0.000000,0.000000,0.000000,0.000000,0.000000,0.000000,0.000000,0.000000,0.000000,0.000000,0.000000,0.000000,0.000000,0.000000,0.000000,1.000000,3.312516,30.188536,0.000000,0.000000,0.000000,0.000000,0.000000,0.000000,2.000000,0.000000,2.000000,0.000000,0.000000,0.000000,0.000000,0.000000,0.000000,0.000000,0.000000,3.983333,3.983333,5.690000,1.850000,6.116667,0.000000,0.000000,0.000000,0.000000,0.000000,0.000000,0.000000,0.000000,0.000000,0.000000,2.000000,1.000000,0.000000,0.000000,239.000000,1.000000,,,,,,,,43.062704,0.000000,0.000000,0.000000,0.000000,0.000000,0.000000,0.000000,0.000000,0.000000,0.000000,0.000000,0.000000,0.000000,0.000000,0.000000,0.000000,0.000000,0.000000,0.000000,0.000000,0.000000,0.000000,0.000000,0.000000,0.000000,0.000000,0.000000,0.000000,0.000000,0.000000,0.000000,0.000000,0.000000,0.000000,0.000000,0.000000,0.000000,0.000000,0.000000,0.000000,0.000000,0.000000,0.000000,0.000000,0.000000,0.000000
38,3800,-0.021101,329.887396,2.533058,0.105552,0.126653,60,60,0,10,10,0,0.261117,1.870389,,0.000000,,,,,100,50,100,0,14,6,15,1,,0,14,0,,,42,0,0,0,0,42,0.000000,0.506024,0.000000,0.000000,0.000000,0,paper_3v3_joint_eq15_23_v1,paper_joint,paper_3v3_v1,paper_fixed_v1,paper_3v3_pid_v1,0.800000,paper_3v3_eq9_11_v1,vanilla_mappo_paper_3v3_v2,tanh_squashed_diag_gaussian_v1,pre_tanh_base_normal_entropy_v1,3686728c40163c88388932de0beb132e15024687879e03f982fd4715aa6d4d9d,simple_dynamic_pursuit_with_mws,,,3,3,1400,eq17_minimal_finite_tail_v1,"{""d_att_max_m"":10000.000001,""h_adv_m"":5000.0,""h_att_m"":2000.0,""h_max_m"":10000.0,""h_min_m"":0.0,""high_altitude_tail"":0.0,""version"":""eq17_minimal_finite_tail_v1""}",,,,,,,,,,,,,,0.561117,0.363118,0.595331,-0.579652,0.561117,0.363118,0.595331,0.000000,0.000000,0,1458,0,1,9826,3780,2929,9826,5591,6364,0,483,0,29,1218,2048,0.000000,0.000686,0.000000,0.148382,0,0,413,413,0.000000,0.000000,0.000000,0.000000,0.000000,0.000000,0.000000,0.000000,0.000000,0.000000,0.000000,2407.058858,2407.058858,2407.058858,2407.058858,42.131897,42.131897,128.772884,128.772884,51.627070,597.529915,0.000000,0.430201,0.000000,0.000000,0.000000,0.000000,0.000000,0.000000,330.833226,0.000000,0.000000,219.370796,0.000000,,9,0,0,0,0,0,0,7,7,0,0,0,0,0,0,0.000000,0.000000,0.000000,0.000000,0.000000,0.000000,0.000000,1.000000,0.000000,0.000000,2.766667,2.766667,0.000000,1.000000,166.000000,166.000000,30.000000,0.000000,0.000000,0.000000,0.000000,0.000000,65.000000,65.000000,0.000000,0.000000,3.933333,3.641667,3.200000,0.000000,0.000000,0.000000,0.000000,1.000000,3.686084,27.129065,0.000000,0.000000,0.000000,0.000000,0.000000,0.000000,1.000000,0.000000,1.000000,0.000000,0.000000,0.000000,0.000000,0.000000,0.000000,0.000000,0.000000,2.766667,2.766667,2.766667,2.766667,2.766667,0.000000,0.000000,0.000000,0.000000,0.000000,0.000000,0.000000,0.000000,0.000000,0.000000,1.000000,1.000000,0.000000,0.000000,166.000000,1.000000,,,,,,,,44.233003,0.000000,0.000000,219.370796,7.730258,2.000000,0.000000,2.000000,0.000000,1.000000,0.000000,0.000000,0.000000,1.000000,0.000000,0.000000,0.000000,4.000000,0.000000,0.000000,26.000000,0.000000,0.000000,0.000000,179.771605,117.733210,179.771605,117.733210,145.812521,37.765920,145.812521,37.765920,3.139477,3.141001,1.544317,1.570393,3.790767,5.595541,6880.000000,3690.000000,0.000000,0.000000,25.000000,60.000000,0.000000,1.000000,0.000000
39,3900,-0.186213,267.660213,2.509547,-0.060735,0.125477,60,60,0,10,10,0,0.261613,1.872044,,0.000000,,,,,100,50,100,0,14,6,0,0,,0,14,0,,,42,0,0,0,0,42,0.000000,0.494118,0.000000,0.000000,0.000000,0,paper_3v3_joint_eq15_23_v1,paper_joint,paper_3v3_v1,paper_fixed_v1,paper_3v3_pid_v1,0.800000,paper_3v3_eq9_11_v1,vanilla_mappo_paper_3v3_v2,tanh_squashed_diag_gaussian_v1,pre_tanh_base_normal_entropy_v1,3686728c40163c88388932de0beb132e15024687879e03f982fd4715aa6d4d9d,simple_dynamic_pursuit_with_mws,,,3,3,1400,eq17_minimal_finite_tail_v1,"{""d_att_max_m"":10000.000001,""h_adv_m"":5000.0,""h_att_m"":2000.0,""h_max_m"":10000.0,""h_min_m"":0.0,""high_altitude_tail"":0.0,""version"":""eq17_minimal_finite_tail_v1""}",,,,,,,,,,,,,,0.561613,0.481961,0.594259,-0.577830,0.561613,0.481961,0.594259,0.000000,0.000000,142,1487,0,2,9789,3398,981,9789,5697,3320,0,1099,0,58,1460,3101,0.000000,0.001345,0.014506,0.151905,0,0,0,0,0.000000,0.000000,0.000000,0.000000,0.000000,0.000000,0.000000,0.000000,0.000000,0.000000,0.000000,3204.885065,2884.568110,3204.885065,3525.202019,22.553082,22.553082,167.034204,167.034204,-3.912532,1140.869553,0.500000,0.422604,0.000000,0.000000,0.000000,0.000000,0.000000,,,0.000000,,,0.000000,,0,0,0,0,0,0,0,0,0,0,0,0,0,0,0,0.000000,0.000000,0.000000,0.000000,0.000000,1.000000,0.000000,1.000000,0.000000,0.000000,6.333333,6.333333,0.000000,2.000000,759.000000,759.000000,30.000000,0.000000,0.000000,0.000000,0.000000,0.000000,0.000000,0.000000,0.000000,0.000000,0.000000,0.000000,0.000000,0.000000,0.000000,0.000000,0.000000,1.000000,4.967289,20.131707,0.000000,0.000000,0.000000,0.000000,0.000000,0.000000,2.000000,0.000000,1.000000,0.000000,0.000000,0.000000,0.000000,0.000000,0.000000,0.000000,0.000000,6.333333,6.333333,7.626667,4.716667,7.950000,0.000000,0.000000,0.000000,0.000000,0.000000,0.000000,0.000000,0.000000,0.000000,0.000000,2.000000,1.000000,0.000000,0.000000,379.500000,1.000000,,,,,,,,54.640176,0.000000,0.000000,0.000000,0.000000,0.000000,0.000000,0.000000,0.000000,0.000000,0.000000,0.000000,0.000000,0.000000,0.000000,0.000000,0.000000,0.000000,0.000000,0.000000,0.000000,0.000000,0.000000,0.000000,0.000000,0.000000,0.000000,0.000000,0.000000,0.000000,0.000000,0.000000,0.000000,0.000000,0.000000,0.000000,0.000000,0.000000,0.000000,0.000000,0.000000,0.000000,0.000000,0.000000,0.000000,0.000000,0.000000
40,4000,0.002011,378.729694,2.540205,0.129021,0.127010,70,70,0,10,10,0,0.258862,1.862873,-267.2946,0.000000,21.7372,0.000000,0.0,3.6,100,50,100,0,15,6,0,0,,0,15,0,0.0000,3.0000,44,1,0,0,0,44,0.000000,0.505747,0.000000,0.000000,0.000000,0,paper_3v3_joint_eq15_23_v1,paper_joint,paper_3v3_v1,paper_fixed_v1,paper_3v3_pid_v1,0.800000,paper_3v3_eq9_11_v1,vanilla_mappo_paper_3v3_v2,tanh_squashed_diag_gaussian_v1,pre_tanh_base_normal_entropy_v1,3686728c40163c88388932de0beb132e15024687879e03f982fd4715aa6d4d9d,simple_dynamic_pursuit_with_mws,,,3,3,1400,eq17_minimal_finite_tail_v1,"{""d_att_max_m"":10000.000001,""h_adv_m"":5000.0,""h_att_m"":2000.0,""h_max_m"":10000.0,""h_min_m"":0.0,""high_altitude_tail"":0.0,""version"":""eq17_minimal_finite_tail_v1""}",-0.028382,-0.009461,-0.009456,-0.003152,0.993181,0.331060,0.000000,0.000000,0.000000,0.000000,-178.249950,-59.416650,-90.000000,0.558862,0.362394,0.597037,-0.583946,0.558862,0.362394,0.597037,0.000000,0.000000,51,289,0,2,10074,4632,3419,10074,4840,5302,0,308,0,39,1536,1765,0.000000,0.006920,0.005063,0.028688,0,0,60,60,0.000000,0.000000,0.000000,0.000000,0.000000,0.000000,0.000000,0.000000,0.000000,0.000000,0.000000,2527.843008,2523.337256,2527.843008,2532.348760,42.515215,42.515215,166.674952,166.674952,-36.125100,330.939084,1.000000,0.430634,0.000000,0.000000,0.000000,0.000000,0.000000,0.000000,322.261536,0.000000,0.000000,219.958654,0.000000,,7,0,0,0,0,0,0,4,4,0,0,0,0,0,0,0.000000,0.000000,0.000000,0.000000,0.000000,1.000000,0.000000,0.000000,0.000000,0.000000,7.616667,7.616667,0.000000,1.000000,456.000000,456.000000,30.000000,0.000000,0.000000,0.000000,0.000000,0.000000,107.000000,107.000000,0.000000,0.000000,4.836667,4.583333,6.041667,0.000000,0.000000,0.000000,1.000000,0.000000,4.865476,20.552974,0.000000,0.000000,0.000000,0.000000,0.000000,0.000000,2.000000,0.000000,0.000000,0.000000,0.000000,0.000000,0.000000,0.000000,0.000000,0.000000,0.000000,7.616667,7.616667,7.616667,7.616667,7.616667,0.000000,0.000000,0.000000,0.000000,0.000000,0.000000,0.000000,0.000000,0.000000,0.000000,1.000000,1.000000,0.000000,0.000000,456.000000,1.000000,,83.000000,,192.000000,211.000000,211.000000,211.000000,48.654759,0.000000,0.000000,219.958654,10.597222,183.000000,152.000000,141.000000,48.000000,1.000000,1.000000,0.000000,0.000000,1.000000,0.000000,0.000000,0.000000,6.000000,0.000000,0.000000,44.000000,0.000000,0.000000,0.000000,179.670721,113.082538,179.670721,113.082538,151.784202,42.604079,151.784202,42.604079,3.141497,3.108005,1.548120,1.557716,1.783494,6.300101,6249.000000,2467.000000,0.000000,0.000000,38.000000,60.000000,0.000000,0.000000,0.000000
41,4100,-0.164146,65.394405,2.560260,-0.036132,0.128013,60,60,0,10,10,0,0.264295,1.880983,,0.000000,,,,,100,50,100,0,15,6,0,0,,0,15,0,,,44,1,0,0,0,44,0.000000,0.483516,0.000000,0.000000,0.000000,0,paper_3v3_joint_eq15_23_v1,paper_joint,paper_3v3_v1,paper_fixed_v1,paper_3v3_pid_v1,0.800000,paper_3v3_eq9_11_v1,vanilla_mappo_paper_3v3_v2,tanh_squashed_diag_gaussian_v1,pre_tanh_base_normal_entropy_v1,3686728c40163c88388932de0beb132e15024687879e03f982fd4715aa6d4d9d,simple_dynamic_pursuit_with_mws,,,3,3,1400,eq17_minimal_finite_tail_v1,"{""d_att_max_m"":10000.000001,""h_adv_m"":5000.0,""h_att_m"":2000.0,""h_max_m"":10000.0,""h_min_m"":0.0,""high_altitude_tail"":0.0,""version"":""eq17_minimal_finite_tail_v1""}",,,,,,,,,,,,,,0.564295,0.460992,0.597350,-0.573418,0.564295,0.460992,0.597350,0.000000,0.000000,0,3615,0,4,10800,2688,216,10800,8087,5381,0,1569,0,135,1057,3294,0.000000,0.001107,0.000000,0.334722,0,0,0,0,0.000000,0.000000,0.000000,0.000000,0.000000,0.000000,0.000000,0.000000,0.000000,0.000000,0.000000,2766.173244,2535.340256,2675.124160,2905.957147,23.177601,22.244404,167.029371,171.779712,33.302440,368.751325,0.000000,0.429549,0.000000,0.000000,0.000000,0.000000,0.000000,,,0.000000,,,0.000000,,0,0,0,0,0,0,0,0,0,0,0,0,0,0,0,0.000000,0.000000,0.000000,0.000000,0.000000,0.000000,1.000000,4.000000,0.000000,0.000000,4.976667,5.566667,0.000000,5.000000,1492.000000,1492.000000,30.000000,0.000000,0.000000,0.000000,0.000000,0.000000,0.000000,0.000000,0.000000,0.000000,0.000000,0.000000,0.000000,0.000000,0.000000,0.000000,0.000000,1.000000,5.596437,17.868512,0.000000,0.000000,0.000000,0.000000,0.000000,0.000000,4.000000,1.000000,4.000000,0.000000,0.000000,0.000000,0.000000,0.000000,0.000000,0.000000,0.000000,4.976667,5.566667,7.573333,2.066667,7.733333,0.000000,0.000000,0.000000,0.000000,0.000000,0.000000,0.000000,0.000000,0.000000,0.000000,5.000000,1.000000,0.000000,0.000000,298.400000,1.000000,,,,,,,,50.367932,0.000000,0.000000,0.000000,0.000000,0.000000,0.000000,0.000000,0.000000,0.000000,0.000000,0.000000,0.000000,0.000000,0.000000,0.000000,0.000000,0.000000,0.000000,0.000000,0.000000,0.000000,0.000000,0.000000,0.000000,0.000000,0.000000,0.000000,0.000000,0.000000,0.000000,0.000000,0.000000,0.000000,0.000000,0.000000,0.000000,0.000000,0.000000,0.000000,0.000000,0.000000,0.000000,0.000000,0.000000,0.000000,0.000000
42,4200,0.127041,71.914137,2.596429,0.256862,0.129821,60,60,0,10,10,0,0.269704,1.899013,,0.000000,,,,,100,50,100,0,15,7,29,1,,0,15,0,,,44,1,0,0,0,44,0.000000,0.473118,0.000000,0.000000,0.000000,0,paper_3v3_joint_eq15_23_v1,paper_joint,paper_3v3_v1,paper_fixed_v1,paper_3v3_pid_v1,0.800000,paper_3v3_eq9_11_v1,vanilla_mappo_paper_3v3_v2,tanh_squashed_diag_gaussian_v1,pre_tanh_base_normal_entropy_v1,3686728c40163c88388932de0beb132e15024687879e03f982fd4715aa6d4d9d,simple_dynamic_pursuit_with_mws,,,3,3,1400,eq17_minimal_finite_tail_v1,"{""d_att_max_m"":10000.000001,""h_adv_m"":5000.0,""h_att_m"":2000.0,""h_max_m"":10000.0,""h_min_m"":0.0,""high_altitude_tail"":0.0,""version"":""eq17_minimal_finite_tail_v1""}",,,,,,,,,,,,,,0.569704,0.379902,0.597630,-0.564257,0.569704,0.379902,0.597630,0.000000,0.000000,0,2433,0,2,10068,2268,3568,10068,4807,7754,0,319,0,52,714,1925,0.000000,0.000822,0.000000,0.241657,0,0,60,60,0.000000,0.000000,0.000000,0.000000,0.000000,0.000000,0.000000,0.000000,0.000000,0.000000,0.000000,3179.020859,3133.776837,3179.020859,3224.264880,42.766028,42.766028,151.418767,151.418767,-36.835665,822.013936,1.000000,0.432029,0.000000,0.000000,0.000000,0.000000,0.000000,0.000000,315.367662,0.000000,0.000000,157.870820,0.000000,,2,0,0,0,0,0,0,3,3,0,0,0,0,0,0,0.000000,0.000000,0.000000,0.000000,0.000000,1.000000,0.000000,0.000000,0.000000,0.000000,5.300000,5.300000,0.000000,1.000000,317.000000,317.000000,30.000000,0.000000,0.000000,0.000000,0.000000,0.000000,129.000000,129.000000,0.000000,0.000000,4.888889,5.350000,5.200000,0.000000,0.000000,0.000000,0.000000,1.000000,4.675687,21.387231,0.000000,0.000000,0.000000,0.000000,0.000000,0.000000,2.000000,0.000000,0.000000,0.000000,0.000000,0.000000,0.000000,0.000000,0.000000,0.000000,0.000000,5.300000,5.300000,5.300000,5.300000,5.300000,0.000000,0.000000,0.000000,0.000000,0.000000,0.000000,0.000000,0.000000,0.000000,0.000000,1.000000,1.000000,0.000000,0.000000,317.000000,1.000000,,,,,,,,37.405496,0.000000,0.000000,157.870820,9.164022,93.000000,7.000000,34.000000,5.000000,1.000000,1.000000,0.000000,0.000000,1.000000,0.000000,0.000000,0.000000,7.000000,0.000000,0.000000,61.000000,0.000000,0.000000,0.000000,179.297540,110.513612,179.297540,110.513612,137.221808,21.181922,137.221808,21.181922,3.141084,3.137775,1.559237,1.563811,8.578767,5.574488,6491.000000,1890.000000,0.000000,0.000000,32.000000,60.000000,0.000000,1.000000,0.000000
43,4300,-0.401556,227.482283,2.620452,-0.270533,0.131023,60,60,0,10,10,0,0.282388,1.941294,,0.000000,,,,,100,50,100,0,15,7,0,0,,0,15,0,,,44,1,0,0,0,44,0.000000,0.463158,0.000000,0.000000,0.000000,0,paper_3v3_joint_eq15_23_v1,paper_joint,paper_3v3_v1,paper_fixed_v1,paper_3v3_pid_v1,0.800000,paper_3v3_eq9_11_v1,vanilla_mappo_paper_3v3_v2,tanh_squashed_diag_gaussian_v1,pre_tanh_base_normal_entropy_v1,3686728c40163c88388932de0beb132e15024687879e03f982fd4715aa6d4d9d,simple_dynamic_pursuit_with_mws,,,3,3,1400,eq17_minimal_finite_tail_v1,"{""d_att_max_m"":10000.000001,""h_adv_m"":5000.0,""h_att_m"":2000.0,""h_max_m"":10000.0,""h_min_m"":0.0,""high_altitude_tail"":0.0,""version"":""eq17_minimal_finite_tail_v1""}",,,,,,,,,,,,,,0.582388,0.518857,0.597860,-0.540898,0.582388,0.518857,0.597860,0.000000,0.000000,0,2402,0,2,8892,2838,0,8892,7802,3492,0,1432,0,64,989,3424,0.000000,0.000833,0.000000,0.270130,0,0,0,0,0.000000,0.000000,0.000000,0.000000,0.000000,0.000000,0.000000,0.000000,0.000000,0.000000,0.000000,4866.928229,4849.956053,4866.928229,4883.900404,30.358027,30.358027,147.760728,147.760728,36.947136,400.641592,0.666667,0.441879,0.000000,0.000000,0.000000,0.000000,0.000000,,,0.000000,,,0.000000,,0,0,0,0,0,0,0,0,0,0,0,0,0,0,0,0.000000,0.000000,0.000000,0.000000,0.000000,2.000000,0.000000,1.000000,0.000000,0.000000,4.911111,5.916667,0.000000,3.000000,882.000000,882.000000,30.000000,0.000000,0.000000,0.000000,0.000000,0.000000,0.000000,0.000000,0.000000,0.000000,0.000000,0.000000,0.000000,0.000000,0.000000,0.000000,0.000000,1.000000,4.800953,20.829197,0.000000,0.000000,0.000000,0.000000,0.000000,0.000000,2.000000,0.000000,1.000000,0.000000,0.000000,0.000000,0.000000,0.000000,0.000000,0.000000,0.000000,4.911111,5.916667,6.010000,2.783333,6.033333,0.000000,0.000000,0.000000,0.000000,0.000000,0.000000,0.000000,0.000000,0.000000,0.000000,3.000000,1.000000,0.000000,0.000000,294.000000,1.000000,,,,,,,,33.606672,0.000000,0.000000,0.000000,0.000000,0.000000,0.000000,0.000000,0.000000,0.000000,0.000000,0.000000,0.000000,0.000000,0.000000,0.000000,0.000000,0.000000,0.000000,0.000000,0.000000,0.000000,0.000000,0.000000,0.000000,0.000000,0.000000,0.000000,0.000000,0.000000,0.000000,0.000000,0.000000,0.000000,0.000000,0.000000,0.000000,0.000000,0.000000,0.000000,0.000000,0.000000,0.000000,0.000000,0.000000,0.000000,0.000000
44,4400,-0.651988,161.603371,2.493570,-0.527310,0.124679,40,40,0,10,10,0,0.265977,1.886591,,0.000000,,,,,100,50,100,0,15,7,0,0,,0,15,0,,,44,1,0,0,0,44,0.000000,0.444444,0.000000,0.000000,0.000000,0,paper_3v3_joint_eq15_23_v1,paper_joint,paper_3v3_v1,paper_fixed_v1,paper_3v3_pid_v1,0.800000,paper_3v3_eq9_11_v1,vanilla_mappo_paper_3v3_v2,tanh_squashed_diag_gaussian_v1,pre_tanh_base_normal_entropy_v1,3686728c40163c88388932de0beb132e15024687879e03f982fd4715aa6d4d9d,simple_dynamic_pursuit_with_mws,,,3,3,1400,eq17_minimal_finite_tail_v1,"{""d_att_max_m"":10000.000001,""h_adv_m"":5000.0,""h_att_m"":2000.0,""h_max_m"":10000.0,""h_min_m"":0.0,""high_altitude_tail"":0.0,""version"":""eq17_minimal_finite_tail_v1""}",,,,,,,,,,,,,,0.565977,0.503816,0.595040,-0.569774,0.565977,0.503816,0.595040,0.000000,0.000000,0,2248,0,4,7200,0,2570,7200,3932,4909,0,2003,0,102,0,2984,0.000000,0.001779,0.000000,0.312222,0,0,0,0,0.000000,0.000000,0.000000,0.000000,0.000000,0.000000,0.000000,0.000000,0.000000,0.000000,0.000000,3001.731792,2126.943515,3250.425349,4125.213627,23.076949,23.464021,130.510989,129.150962,32.490349,1149.070003,0.000000,0.444570,0.000000,0.000000,0.000000,0.000000,0.000000,,,0.000000,,,0.000000,,0,0,0,0,0,0,0,0,0,0,0,0,0,0,0,0.000000,0.000000,0.000000,0.000000,0.000000,0.000000,0.000000,4.000000,0.000000,0.000000,3.020833,3.300000,0.000000,4.000000,725.000000,725.000000,30.000000,0.000000,0.000000,0.000000,0.000000,0.000000,0.000000,0.000000,0.000000,0.000000,0.000000,0.000000,0.000000,0.000000,0.000000,0.000000,0.000000,1.000000,4.233726,23.619854,0.000000,0.000000,0.000000,0.000000,0.000000,0.000000,4.000000,0.000000,4.000000,0.000000,0.000000,0.000000,0.000000,0.000000,0.000000,0.000000,0.000000,3.020833,3.300000,3.380000,2.083333,3.400000,0.000000,0.000000,0.000000,0.000000,0.000000,0.000000,0.000000,0.000000,0.000000,0.000000,4.000000,1.000000,0.000000,0.000000,181.250000,1.000000,,,,,,,,25.402358,0.000000,0.000000,0.000000,0.000000,0.000000,0.000000,0.000000,0.000000,0.000000,0.000000,0.000000,0.000000,0.000000,0.000000,0.000000,0.000000,0.000000,0.000000,0.000000,0.000000,0.000000,0.000000,0.000000,0.000000,0.000000,0.000000,0.000000,0.000000,0.000000,0.000000,0.000000,0.000000,0.000000,0.000000,0.000000,0.000000,0.000000,0.000000,0.000000,0.000000,0.000000,0.000000,0.000000,0.000000,0.000000,0.000000
45,4500,-0.097224,100.848997,2.480466,0.026799,0.124023,60,60,0,10,10,0,0.249932,1.833107,,0.000000,,,,,100,50,100,0,15,8,23,1,,0,15,0,,,44,1,0,0,0,44,0.000000,0.431373,0.000000,0.000000,0.000000,0,paper_3v3_joint_eq15_23_v1,paper_joint,paper_3v3_v1,paper_fixed_v1,paper_3v3_pid_v1,0.800000,paper_3v3_eq9_11_v1,vanilla_mappo_paper_3v3_v2,tanh_squashed_diag_gaussian_v1,pre_tanh_base_normal_entropy_v1,3686728c40163c88388932de0beb132e15024687879e03f982fd4715aa6d4d9d,simple_dynamic_pursuit_with_mws,,,3,3,1400,eq17_minimal_finite_tail_v1,"{""d_att_max_m"":10000.000001,""h_adv_m"":5000.0,""h_att_m"":2000.0,""h_max_m"":10000.0,""h_min_m"":0.0,""high_altitude_tail"":0.0,""version"":""eq17_minimal_finite_tail_v1""}",,,,,,,,,,,,,,0.549932,0.378845,0.597642,-0.600851,0.549932,0.378845,0.597642,0.000000,0.000000,0,2825,0,3,8229,2916,548,8229,5741,5373,0,995,0,73,930,2915,0.000000,0.001062,0.000000,0.343298,0,0,60,60,0.000000,0.000000,0.000000,0.000000,0.000000,0.000000,0.000000,0.000000,0.000000,0.000000,0.000000,3067.690288,2638.251081,3045.593356,3486.081028,39.765677,41.348982,148.517724,144.324286,-13.002091,672.104494,0.500000,0.428467,0.000000,0.000000,0.000000,0.000000,0.000000,0.000000,319.760185,0.000000,0.000000,1304.881684,0.000000,,12,0,0,0,0,0,0,8,8,0,0,0,0,0,0,0.000000,0.000000,0.000000,0.000000,0.000000,1.000000,0.000000,1.000000,0.000000,0.000000,5.700000,5.700000,0.000000,2.000000,683.000000,683.000000,30.000000,0.000000,0.000000,0.000000,0.000000,0.000000,103.000000,103.000000,0.000000,0.000000,3.977778,3.250000,5.800000,0.000000,0.000000,0.000000,0.000000,1.000000,4.760986,21.004051,0.000000,0.000000,0.000000,0.000000,0.000000,0.000000,3.000000,0.000000,1.000000,0.000000,0.000000,0.000000,0.000000,0.000000,0.000000,0.000000,0.000000,5.700000,5.700000,6.500000,4.700000,6.700000,0.000000,0.000000,0.000000,0.000000,0.000000,0.000000,0.000000,0.000000,0.000000,0.000000,2.000000,1.000000,0.000000,0.000000,341.500000,1.000000,,,,,,,,23.804932,0.000000,0.000000,1304.881684,9.086861,143.000000,1.000000,76.000000,1.000000,1.000000,1.000000,0.000000,0.000000,2.000000,0.000000,0.000000,0.000000,6.000000,0.000000,0.000000,35.000000,0.000000,0.000000,0.000000,179.363388,74.181396,179.363388,74.181396,156.890999,44.014649,156.890999,44.014649,3.140083,3.141533,1.566720,1.549516,12.323304,4.180130,6586.000000,3295.000000,0.000000,0.000000,30.000000,60.000000,0.000000,1.000000,0.000000
46,4600,0.014480,547.869537,2.593474,0.144154,0.129674,80,80,0,10,10,0,0.276270,1.920900,-265.3842,0.000000,22.3096,0.000000,0.0,3.7,100,50,100,0,16,8,0,0,,0,16,0,0.0000,3.0000,47,1,0,0,0,47,0.000000,0.460784,0.000000,0.000000,0.000000,0,paper_3v3_joint_eq15_23_v1,paper_joint,paper_3v3_v1,paper_fixed_v1,paper_3v3_pid_v1,0.800000,paper_3v3_eq9_11_v1,vanilla_mappo_paper_3v3_v2,tanh_squashed_diag_gaussian_v1,pre_tanh_base_normal_entropy_v1,3686728c40163c88388932de0beb132e15024687879e03f982fd4715aa6d4d9d,simple_dynamic_pursuit_with_mws,,,3,3,1400,eq17_minimal_finite_tail_v1,"{""d_att_max_m"":10000.000001,""h_adv_m"":5000.0,""h_att_m"":2000.0,""h_max_m"":10000.0,""h_min_m"":0.0,""high_altitude_tail"":0.0,""version"":""eq17_minimal_finite_tail_v1""}",-0.026733,-0.008911,-0.013512,-0.004504,0.931994,0.310665,0.000000,0.000000,0.000000,0.000000,-176.275949,-58.758650,-90.000000,0.576270,0.392721,0.597533,-0.552242,0.576270,0.392721,0.597533,0.000000,0.000000,0,513,0,0,10122,6529,0,10122,10081,595,0,356,0,0,2210,3490,0.000000,0.000000,0.000000,0.050682,0,0,60,60,0.000000,0.000000,0.000000,0.000000,0.000000,0.000000,0.000000,0.000000,0.000000,0.000000,0.000000,0.000000,0.000000,0.000000,0.000000,0.000000,0.000000,0.000000,0.000000,0.000000,0.000000,1.000000,0.460511,0.000000,0.000000,0.000000,0.000000,0.000000,0.000000,310.456480,0.000000,0.000000,9.975420,0.000000,,13,0,0,0,0,0,0,7,7,0,0,0,0,0,0,0.000000,0.000000,0.000000,0.000000,0.000000,2.000000,0.000000,0.000000,0.000000,0.000000,6.616667,6.616667,0.000000,2.000000,792.000000,792.000000,30.000000,0.000000,0.000000,0.000000,0.000000,0.000000,124.000000,124.000000,0.000000,0.000000,5.223333,5.633333,5.827778,0.000000,0.000000,0.000000,1.000000,0.000000,4.749701,21.053959,0.000000,0.000000,0.000000,0.000000,0.000000,0.000000,0.000000,0.000000,0.000000,0.000000,0.000000,0.000000,0.000000,0.000000,0.000000,0.000000,0.000000,6.616667,6.616667,7.256667,5.816667,7.416667,0.000000,0.000000,0.000000,0.000000,0.000000,0.000000,0.000000,0.000000,0.000000,0.000000,2.000000,1.000000,0.000000,0.000000,396.000000,1.000000,,87.000000,,148.000000,182.000000,182.000000,182.000000,18.998802,0.000000,0.000000,9.975420,8.785575,37.000000,0.000000,35.000000,0.000000,1.000000,0.000000,0.000000,0.000000,0.000000,0.000000,0.000000,0.000000,5.000000,0.000000,0.000000,62.000000,0.000000,0.000000,0.000000,179.572767,149.534735,179.572767,149.534735,142.805196,26.769791,142.805196,26.769791,3.138063,2.876896,1.564118,1.516265,3.619280,2.324360,5073.000000,1641.000000,0.000000,0.000000,37.000000,60.000000,0.000000,0.000000,0.000000
47,4700,-0.163379,68.080496,2.582570,-0.034251,0.129129,60,60,0,10,10,0,0.275845,1.919483,,0.000000,,,,,100,50,100,0,16,8,0,0,,0,16,0,,,47,1,0,0,0,47,0.000000,0.447619,0.000000,0.000000,0.000000,0,paper_3v3_joint_eq15_23_v1,paper_joint,paper_3v3_v1,paper_fixed_v1,paper_3v3_pid_v1,0.800000,paper_3v3_eq9_11_v1,vanilla_mappo_paper_3v3_v2,tanh_squashed_diag_gaussian_v1,pre_tanh_base_normal_entropy_v1,3686728c40163c88388932de0beb132e15024687879e03f982fd4715aa6d4d9d,simple_dynamic_pursuit_with_mws,,,3,3,1400,eq17_minimal_finite_tail_v1,"{""d_att_max_m"":10000.000001,""h_adv_m"":5000.0,""h_att_m"":2000.0,""h_max_m"":10000.0,""h_min_m"":0.0,""high_altitude_tail"":0.0,""version"":""eq17_minimal_finite_tail_v1""}",,,,,,,,,,,,,,0.575845,0.502397,0.598166,-0.552412,0.575845,0.502397,0.598166,0.000000,0.000000,0,313,0,3,10800,1174,2419,10800,5568,4331,0,241,0,75,427,2292,0.000000,0.009585,0.000000,0.028981,0,0,0,0,0.000000,0.000000,0.000000,0.000000,0.000000,0.000000,0.000000,0.000000,0.000000,0.000000,0.000000,2459.762166,2312.826568,2568.671357,2661.152360,41.243029,43.277474,144.368802,164.460646,-0.706135,1102.456559,0.000000,0.430245,0.000000,0.000000,0.000000,0.000000,0.000000,,,0.000000,,,0.000000,,0,0,0,0,0,0,0,0,0,0,0,0,0,0,0,0.000000,0.000000,0.000000,0.000000,0.000000,0.000000,0.000000,1.000000,0.000000,0.000000,6.400000,6.400000,0.000000,1.000000,384.000000,384.000000,30.000000,0.000000,0.000000,0.000000,0.000000,0.000000,0.000000,0.000000,0.000000,0.000000,0.000000,0.000000,0.000000,0.000000,0.000000,0.000000,0.000000,1.000000,5.425431,18.431715,0.000000,0.000000,0.000000,0.000000,0.000000,0.000000,3.000000,0.000000,1.000000,0.000000,0.000000,0.000000,0.000000,0.000000,0.000000,0.000000,0.000000,6.400000,6.400000,6.400000,6.400000,6.400000,0.000000,0.000000,0.000000,0.000000,0.000000,0.000000,0.000000,0.000000,0.000000,0.000000,1.000000,1.000000,0.000000,0.000000,384.000000,1.000000,,,,,,,,16.276293,0.000000,0.000000,0.000000,0.000000,0.000000,0.000000,0.000000,0.000000,0.000000,0.000000,0.000000,0.000000,0.000000,0.000000,0.000000,0.000000,0.000000,0.000000,0.000000,0.000000,0.000000,0.000000,0.000000,0.000000,0.000000,0.000000,0.000000,0.000000,0.000000,0.000000,0.000000,0.000000,0.000000,0.000000,0.000000,0.000000,0.000000,0.000000,0.000000,0.000000,0.000000,0.000000,0.000000,0.000000,0.000000,0.000000
48,4800,0.269577,39.276735,2.515271,0.395341,0.125764,60,60,0,10,10,0,0.253181,1.843937,,0.000000,,,,,100,50,100,0,16,9,41,1,,0,16,0,,,47,1,0,0,0,47,0.000000,0.423423,0.000000,0.000000,0.000000,0,paper_3v3_joint_eq15_23_v1,paper_joint,paper_3v3_v1,paper_fixed_v1,paper_3v3_pid_v1,0.800000,paper_3v3_eq9_11_v1,vanilla_mappo_paper_3v3_v2,tanh_squashed_diag_gaussian_v1,pre_tanh_base_normal_entropy_v1,3686728c40163c88388932de0beb132e15024687879e03f982fd4715aa6d4d9d,simple_dynamic_pursuit_with_mws,,,3,3,1400,eq17_minimal_finite_tail_v1,"{""d_att_max_m"":10000.000001,""h_adv_m"":5000.0,""h_att_m"":2000.0,""h_max_m"":10000.0,""h_min_m"":0.0,""high_altitude_tail"":0.0,""version"":""eq17_minimal_finite_tail_v1""}",,,,,,,,,,,,,,0.553181,0.390261,0.597056,-0.594740,0.553181,0.390261,0.597056,0.000000,0.000000,0,2787,0,6,9825,972,3471,9825,4425,8211,0,2198,0,174,282,2724,0.000000,0.002153,0.000000,0.283664,0,0,60,60,0.000000,0.000000,0.000000,0.000000,0.000000,0.000000,0.000000,0.000000,0.000000,0.000000,0.000000,3106.761699,2604.321016,2719.056643,3444.408068,32.487947,38.184989,132.771037,136.366865,-10.584559,2174.730240,0.166667,0.444362,0.000000,0.000000,0.000000,0.000000,0.000000,0.000000,328.215568,0.000000,0.000000,3141.256446,0.000000,,13,0,0,0,0,0,0,3,3,0,0,0,0,0,0,0.000000,0.000000,0.000000,0.000000,0.000000,1.000000,1.000000,3.000000,0.000000,1.000000,5.138889,5.258333,0.000000,6.000000,1847.000000,1847.000000,30.000000,0.000000,0.000000,0.000000,0.000000,0.000000,78.000000,78.000000,0.000000,0.000000,6.794444,6.250000,5.216667,0.000000,0.000000,0.000000,0.000000,1.000000,4.928960,20.288256,0.000000,0.000000,0.000000,0.000000,0.000000,0.000000,6.000000,1.000000,3.000000,0.000000,1.000000,0.000000,0.000000,0.000000,0.000000,0.000000,0.000000,5.138889,5.258333,7.958333,2.033333,8.966667,0.000000,0.000000,0.000000,0.000000,0.000000,0.000000,0.000000,0.000000,0.000000,0.000000,6.000000,1.000000,0.000000,0.000000,307.833333,1.000000,,,,,,,,9.857920,0.000000,0.000000,3141.256446,9.316962,6.000000,16.000000,4.000000,13.000000,1.000000,1.000000,0.000000,0.000000,2.000000,0.000000,0.000000,0.000000,14.000000,0.000000,0.000000,18.000000,0.000000,0.000000,0.000000,179.733732,101.801500,179.733732,101.801500,137.589539,39.093355,137.589539,39.093355,3.139953,1.558955,1.526646,1.366157,24.839300,0.361110,5071.000000,1677.000000,0.000000,0.000000,27.000000,60.000000,0.000000,1.000000,0.000000
49,4900,-0.756683,1077.508667,2.556812,-0.628842,0.127841,60,60,0,10,10,0,0.285916,1.953053,,0.000000,,,,,100,50,100,0,16,10,40,1,,0,16,0,,,47,1,0,0,0,47,0.000000,0.419643,0.000000,0.000000,0.000000,0,paper_3v3_joint_eq15_23_v1,paper_joint,paper_3v3_v1,paper_fixed_v1,paper_3v3_pid_v1,0.800000,paper_3v3_eq9_11_v1,vanilla_mappo_paper_3v3_v2,tanh_squashed_diag_gaussian_v1,pre_tanh_base_normal_entropy_v1,3686728c40163c88388932de0beb132e15024687879e03f982fd4715aa6d4d9d,simple_dynamic_pursuit_with_mws,,,3,3,1400,eq17_minimal_finite_tail_v1,"{""d_att_max_m"":10000.000001,""h_adv_m"":5000.0,""h_att_m"":2000.0,""h_max_m"":10000.0,""h_min_m"":0.0,""high_altitude_tail"":0.0,""version"":""eq17_minimal_finite_tail_v1""}",,,,,,,,,,,,,,0.585916,0.402908,0.598797,-0.535370,0.585916,0.402908,0.598797,0.000000,0.000000,0,898,0,1,9768,4194,1668,9768,7378,3348,0,328,0,29,1278,2948,0.000000,0.001114,0.000000,0.091933,0,0,60,60,0.000000,0.000000,0.000000,0.000000,0.000000,0.000000,0.000000,0.000000,0.000000,0.000000,0.000000,4624.350771,4624.350771,4624.350771,4624.350771,43.383570,43.383570,150.801668,150.801668,9.910400,467.306293,1.000000,0.453020,0.000000,0.000000,0.000000,0.000000,0.000000,0.000000,336.683532,0.000000,0.000000,141.003996,0.000000,,5,0,0,0,0,0,0,5,5,0,0,0,0,0,0,0.000000,0.000000,0.000000,0.000000,0.000000,1.000000,0.000000,0.000000,0.000000,0.000000,4.716667,4.716667,0.000000,1.000000,282.000000,282.000000,26.683478,0.000000,0.000000,0.000000,0.000000,0.000000,99.000000,99.000000,0.000000,0.000000,4.173333,4.583333,4.583333,0.000000,0.000000,0.000000,0.000000,1.000000,4.640216,21.550722,0.000000,0.000000,0.000000,0.000000,0.000000,0.000000,1.000000,0.000000,0.000000,0.000000,0.000000,0.000000,0.000000,0.000000,0.000000,0.000000,0.000000,4.716667,4.716667,4.716667,4.716667,4.716667,0.000000,0.000000,0.000000,0.000000,0.000000,0.000000,0.000000,0.000000,0.000000,0.000000,1.000000,1.000000,0.000000,0.000000,282.000000,1.000000,,,,,,,,4.640216,0.000000,0.000000,141.003996,11.020798,179.000000,74.000000,63.000000,35.000000,1.000000,1.000000,0.000000,0.000000,1.000000,0.000000,0.000000,0.000000,6.000000,0.000000,0.000000,39.000000,0.000000,0.000000,0.000000,179.794457,155.427838,179.794457,155.427838,145.867678,48.383986,145.867678,48.383986,3.140356,1.522995,1.522559,1.525668,5.347006,1.394038,5589.000000,1412.000000,0.000000,0.000000,35.000000,60.000000,0.000000,1.000000,0.000000
50,5000,-0.171089,475.735013,2.479849,-0.047097,0.123992,60,60,0,10,10,0,0.260814,1.869381,,0.000000,,,,,100,50,100,0,16,10,0,0,,0,16,0,,,47,1,0,0,0,47,0.000000,0.408696,0.000000,0.000000,0.000000,0,paper_3v3_joint_eq15_23_v1,paper_joint,paper_3v3_v1,paper_fixed_v1,paper_3v3_pid_v1,0.800000,paper_3v3_eq9_11_v1,vanilla_mappo_paper_3v3_v2,tanh_squashed_diag_gaussian_v1,pre_tanh_base_normal_entropy_v1,3686728c40163c88388932de0beb132e15024687879e03f982fd4715aa6d4d9d,simple_dynamic_pursuit_with_mws,,,3,3,1400,eq17_minimal_finite_tail_v1,"{""d_att_max_m"":10000.000001,""h_adv_m"":5000.0,""h_att_m"":2000.0,""h_max_m"":10000.0,""h_min_m"":0.0,""high_altitude_tail"":0.0,""version"":""eq17_minimal_finite_tail_v1""}",,,,,,,,,,,,,,0.560814,0.443790,0.597840,-0.580220,0.560814,0.443790,0.597840,0.000000,0.000000,0,477,0,3,10800,3860,597,10800,9533,1196,0,472,0,73,1302,3269,0.000000,0.006289,0.000000,0.044167,0,0,0,0,0.000000,0.000000,0.000000,0.000000,0.000000,0.000000,0.000000,0.000000,0.000000,0.000000,0.000000,2171.680303,1995.859774,2050.934454,2287.127907,37.123170,38.546780,94.001140,90.712941,43.670462,1871.772895,0.000000,0.423261,0.000000,0.000000,0.000000,0.000000,0.000000,,,0.000000,,,0.000000,,0,0,0,0,0,0,0,0,0,0,0,0,0,0,0,0.000000,0.000000,0.000000,0.000000,0.000000,0.000000,0.000000,0.000000,0.000000,0.000000,0.000000,0.000000,0.000000,0.000000,0.000000,0.000000,0.000000,0.000000,0.000000,0.000000,0.000000,0.000000,0.000000,0.000000,0.000000,0.000000,0.000000,0.000000,0.000000,0.000000,0.000000,0.000000,0.000000,1.000000,5.765901,17.343343,0.000000,0.000000,0.000000,0.000000,0.000000,0.000000,3.000000,0.000000,0.000000,0.000000,0.000000,0.000000,0.000000,0.000000,0.000000,0.000000,0.000000,0.000000,0.000000,0.000000,0.000000,0.000000,0.000000,0.000000,0.000000,0.000000,0.000000,0.000000,0.000000,0.000000,0.000000,0.000000,0.000000,0.000000,0.000000,0.000000,0.000000,0.000000,,,,,,,,0.000000,0.000000,0.000000,0.000000,0.000000,0.000000,0.000000,0.000000,0.000000,0.000000,0.000000,0.000000,0.000000,0.000000,0.000000,0.000000,0.000000,0.000000,0.000000,0.000000,0.000000,0.000000,0.000000,0.000000,0.000000,0.000000,0.000000,0.000000,0.000000,0.000000,0.000000,0.000000,0.000000,0.000000,0.000000,0.000000,0.000000,0.000000,0.000000,0.000000,0.000000,0.000000,0.000000,0.000000,0.000000,0.000000,0.000000
