Iteration,Step,ActorLoss,CriticLoss,LatentEntropy,RedMeanReward,RedWinRate,RedRewardStd,WinRateRecent,RedMissiles,BlueMissiles,Episodes,RedWins,BlueWins,Draws,RedAliveMean,BlueAliveMean,RedDeathsMissile,RedDeathsCrash,BlueDeathsMissile,BlueDeathsCrash,RedMissileHits,BlueMissileHits,RedMissileHitRate,BlueMissileHitRate,KD_Red_AllDeaths,KD_Red_MissileOnly,RWR,RWRDenominatorZero,RewardVersion,RewardMode,ObsNormalization,PIDProfile,PIDThrottleBase,MissileGuidanceMode,CheckpointSchema,ActionDistribution,AltitudeRewardConfigVersion,AltitudeRewardConfig,r_pitch_team_sum,r_pitch_per_agent_mean,r_roll_team_sum,r_roll_per_agent_mean,r_alt_team_sum,r_alt_per_agent_mean,r_bound_team_sum,r_bound_per_agent_mean,r_vel_team_sum,r_vel_per_agent_mean,r_adv_team_sum,r_adv_per_agent_mean,r_end_team,ActionStdMean,ActionStdMin,ActionStdMax,ActionLogStdMean,LaunchDiagRedGeometryOk,LaunchDiagBlueGeometryOk,LaunchDiagRedLaunches,LaunchDiagBlueLaunches,LaunchDiagRedRangeOk,LaunchDiagRedAoOk,LaunchDiagRedTaOk,LaunchDiagBlueRangeOk,LaunchDiagBlueAoOk,LaunchDiagBlueTaOk,LaunchDiagRedEngagedBlocked,LaunchDiagBlueEngagedBlocked,LaunchDiagRedCooldownBlocked,LaunchDiagBlueCooldownBlocked,LaunchDiagRedKillCooldownBlocked,LaunchDiagBlueKillCooldownBlocked,LaunchDiagRedLockMature,LaunchDiagBlueLockMature,RedGeometryToLaunchRate,BlueGeometryToLaunchRate,RedRangeToGeometryRate,BlueRangeToGeometryRate,RedLaunchRangeMean,RedLaunchRangeP25,RedLaunchRangeP50,RedLaunchRangeP75,RedLaunchAoDegMean,RedLaunchAoDegP50,RedLaunchTaDegMean,RedLaunchTaDegP50,RedLaunchClosingSpeedMean,RedLaunchAltitudeDiffAbsMean,RedLaunchHitRateFromQualityRecords,BlueLaunchRangeMean,BlueLaunchRangeP25,BlueLaunchRangeP50,BlueLaunchRangeP75,BlueLaunchAoDegMean,BlueLaunchAoDegP50,BlueLaunchTaDegMean,BlueLaunchTaDegP50,BlueLaunchClosingSpeedMean,BlueLaunchAltitudeDiffAbsMean,BlueLaunchHitRateFromQualityRecords,RedActionAbsMean,RedActionNearBoundFrac,RedActionNearBoundFracPitch,RedActionNearBoundFracHeading,RedActionNearBoundFracVelocity
1,2000,-0.002506,3330.402832,0.654248,-402.8745,0.000000,20.2777,0.000000,0.0,3.3,14,0,14,0,0.0000,3.0000,42,0,0,0,0,42,0.000000,0.777778,0.000000,0.000000,0.000000,0,paper_literal_eq15_eq20_joint_v3,paper_joint,paper_fixed_v1,paper,0.000000,paper_eq9,vanilla_mappo_paper_env_v2,tanh_squashed_normal_v1,eq17_engineering_thresholds_unbounded_tail_v2,"{""d_att_max_m"":null,""h_adv_m"":5000.0,""h_att_m"":2000.0,""h_max_m"":10000.0,""h_min_m"":0.0,""high_altitude_tail"":0.1,""version"":""eq17_engineering_thresholds_unbounded_tail_v2""}",-0.000044,-0.000015,-0.001527,-0.000509,0.149206,0.049735,0.000000,0.000000,0.000000,0.000000,-313.022158,-104.340719,-90.000000,0.301754,0.300464,0.303019,-1.198150,0,1286,0,54,195257,64595,0,116466,116884,1286,0,78791,0,43,0,0,0,97,0.000000,0.041991,0.000000,0.011042,0.000000,0.000000,0.000000,0.000000,0.000000,0.000000,0.000000,0.000000,0.000000,0.000000,0.000000,4899.835276,4492.624733,4934.962008,5356.132366,11.922554,12.280260,97.388374,95.948840,223.625991,638.646541,0.901961,0.237969,0.000000,0.000000,0.000000,0.000000
2,4000,-0.048858,3183.922241,0.679262,-390.1391,0.000000,24.2888,0.000000,0.0,3.2,32,0,32,0,0.0000,3.0000,96,0,0,0,0,96,0.000000,0.813559,0.000000,0.000000,0.000000,0,paper_literal_eq15_eq20_joint_v3,paper_joint,paper_fixed_v1,paper,0.000000,paper_eq9,vanilla_mappo_paper_env_v2,tanh_squashed_normal_v1,eq17_engineering_thresholds_unbounded_tail_v2,"{""d_att_max_m"":null,""h_adv_m"":5000.0,""h_att_m"":2000.0,""h_max_m"":10000.0,""h_min_m"":0.0,""high_altitude_tail"":0.1,""version"":""eq17_engineering_thresholds_unbounded_tail_v2""}",-0.000023,-0.000008,-0.000810,-0.000270,0.162968,0.054323,0.000000,0.000000,0.000000,0.000000,-300.301221,-100.100407,-90.000000,0.305194,0.304069,0.306150,-1.186811,0,1402,0,64,201958,54098,0,114048,114371,1402,0,87910,0,75,0,0,0,139,0.000000,0.045649,0.000000,0.012293,0.000000,0.000000,0.000000,0.000000,0.000000,0.000000,0.000000,0.000000,0.000000,0.000000,0.000000,5005.267003,4629.789965,4993.004964,5466.104033,10.479740,9.621151,95.331104,94.760006,238.926596,540.024530,0.982456,0.237615,0.000000,0.000000,0.000000,0.000000
3,6000,-0.024791,3072.230225,0.707068,-392.0084,0.000000,22.3418,0.000000,0.0,3.2,51,0,51,0,0.0000,3.0000,153,0,0,0,0,153,0.000000,0.894737,0.000000,0.000000,0.000000,0,paper_literal_eq15_eq20_joint_v3,paper_joint,paper_fixed_v1,paper,0.000000,paper_eq9,vanilla_mappo_paper_env_v2,tanh_squashed_normal_v1,eq17_engineering_thresholds_unbounded_tail_v2,"{""d_att_max_m"":null,""h_adv_m"":5000.0,""h_att_m"":2000.0,""h_max_m"":10000.0,""h_min_m"":0.0,""high_altitude_tail"":0.1,""version"":""eq17_engineering_thresholds_unbounded_tail_v2""}",-0.000020,-0.000007,-0.000585,-0.000195,0.193087,0.064362,0.000000,0.000000,0.000000,0.000000,-302.200824,-100.733608,-90.000000,0.307225,0.306760,0.308017,-1.180177,0,1298,0,53,192196,61106,0,108131,108511,1298,0,84065,0,62,0,0,0,115,0.000000,0.040832,0.000000,0.012004,0.000000,0.000000,0.000000,0.000000,0.000000,0.000000,0.000000,0.000000,0.000000,0.000000,0.000000,4775.549402,4428.924354,4789.319880,5196.626087,11.554252,11.506876,98.138064,95.927676,222.569455,574.287896,0.913793,0.240839,0.000000,0.000000,0.000000,0.000000
4,8000,0.020435,2479.425244,0.731848,-387.2308,0.000000,20.4012,0.000000,0.0,3.3,66,0,66,0,0.0000,3.0000,198,0,0,0,0,198,0.000000,0.828452,0.000000,0.000000,0.000000,0,paper_literal_eq15_eq20_joint_v3,paper_joint,paper_fixed_v1,paper,0.000000,paper_eq9,vanilla_mappo_paper_env_v2,tanh_squashed_normal_v1,eq17_engineering_thresholds_unbounded_tail_v2,"{""d_att_max_m"":null,""h_adv_m"":5000.0,""h_att_m"":2000.0,""h_max_m"":10000.0,""h_min_m"":0.0,""high_altitude_tail"":0.1,""version"":""eq17_engineering_thresholds_unbounded_tail_v2""}",-0.000012,-0.000004,-0.000075,-0.000025,0.253802,0.084601,0.000000,0.000000,0.000000,0.000000,-297.484538,-99.161513,-90.000000,0.310354,0.308579,0.312883,-1.170060,0,1737,0,68,183519,46916,0,95632,95903,1751,0,87887,0,49,0,0,0,117,0.000000,0.039148,0.000000,0.018163,0.000000,0.000000,0.000000,0.000000,0.000000,0.000000,0.000000,0.000000,0.000000,0.000000,0.000000,4696.337011,4038.975852,4870.559227,5215.565495,13.038432,12.705488,99.123477,95.994703,210.328778,534.860406,0.796610,0.241788,0.000000,0.000000,0.000000,0.000000
5,10000,0.035349,2534.396997,0.764183,-391.6011,0.000000,21.2545,0.000000,0.0,3.5,81,0,81,0,0.0000,3.0000,243,0,0,0,0,243,0.000000,0.818182,0.000000,0.000000,0.000000,0,paper_literal_eq15_eq20_joint_v3,paper_joint,paper_fixed_v1,paper,0.000000,paper_eq9,vanilla_mappo_paper_env_v2,tanh_squashed_normal_v1,eq17_engineering_thresholds_unbounded_tail_v2,"{""d_att_max_m"":null,""h_adv_m"":5000.0,""h_att_m"":2000.0,""h_max_m"":10000.0,""h_min_m"":0.0,""high_altitude_tail"":0.1,""version"":""eq17_engineering_thresholds_unbounded_tail_v2""}",-0.000011,-0.000004,-0.000075,-0.000025,0.460816,0.153605,0.000000,0.000000,0.000000,0.000000,-302.061838,-100.687279,-90.000000,0.313783,0.311236,0.315973,-1.159075,0,1554,0,58,180570,46062,0,95039,95282,1596,0,85531,0,33,0,0,0,91,0.000000,0.037323,0.000000,0.016351,0.000000,0.000000,0.000000,0.000000,0.000000,0.000000,0.000000,0.000000,0.000000,0.000000,0.000000,4502.560798,4039.846849,4714.446171,4997.525874,13.040243,11.470362,99.903636,95.901035,201.648389,558.099723,0.777778,0.244510,0.000000,0.000000,0.000000,0.000000
6,12000,0.010516,2589.131665,0.795304,-391.8695,0.000000,21.2394,0.000000,0.0,3.8,97,0,97,0,0.0000,3.0000,291,0,0,0,0,291,0.000000,0.819718,0.000000,0.000000,0.000000,0,paper_literal_eq15_eq20_joint_v3,paper_joint,paper_fixed_v1,paper,0.000000,paper_eq9,vanilla_mappo_paper_env_v2,tanh_squashed_normal_v1,eq17_engineering_thresholds_unbounded_tail_v2,"{""d_att_max_m"":null,""h_adv_m"":5000.0,""h_att_m"":2000.0,""h_max_m"":10000.0,""h_min_m"":0.0,""high_altitude_tail"":0.1,""version"":""eq17_engineering_thresholds_unbounded_tail_v2""}",-0.000015,-0.000005,-0.000018,-0.000006,0.791024,0.263675,0.000000,0.000000,0.000000,0.000000,-302.660461,-100.886820,-90.000000,0.316974,0.315370,0.318237,-1.148943,0,1528,0,58,182966,52667,0,99472,98397,2853,0,83494,0,55,0,0,0,113,0.000000,0.037958,0.000000,0.015361,0.000000,0.000000,0.000000,0.000000,0.000000,0.000000,0.000000,0.000000,0.000000,0.000000,0.000000,4553.308522,4185.593162,4695.201496,5092.379122,13.050852,11.667258,99.303907,95.501167,207.049818,584.452938,0.839286,0.247469,0.000000,0.000000,0.000000,0.000000
7,14000,-0.026487,2606.140039,0.822586,-387.9544,0.000000,21.9269,0.000000,0.0,3.7,115,0,115,0,0.0000,3.0000,345,0,0,0,0,345,0.000000,0.845588,0.000000,0.000000,0.000000,0,paper_literal_eq15_eq20_joint_v3,paper_joint,paper_fixed_v1,paper,0.000000,paper_eq9,vanilla_mappo_paper_env_v2,tanh_squashed_normal_v1,eq17_engineering_thresholds_unbounded_tail_v2,"{""d_att_max_m"":null,""h_adv_m"":5000.0,""h_att_m"":2000.0,""h_max_m"":10000.0,""h_min_m"":0.0,""high_altitude_tail"":0.1,""version"":""eq17_engineering_thresholds_unbounded_tail_v2""}",-0.000013,-0.000004,-0.000030,-0.000010,0.792114,0.264038,0.000000,0.000000,0.000000,0.000000,-298.746447,-99.582149,-90.000000,0.319567,0.317974,0.322062,-1.140804,0,1299,0,53,187698,57720,0,108989,109331,1299,0,78709,0,38,0,0,0,91,0.000000,0.040801,0.000000,0.011919,0.000000,0.000000,0.000000,0.000000,0.000000,0.000000,0.000000,0.000000,0.000000,0.000000,0.000000,4697.430497,4167.893589,4837.256366,5268.554573,12.571248,12.726245,97.474636,95.256111,217.818516,559.303751,0.892857,0.250975,0.000000,0.000000,0.000000,0.000000
8,16000,-0.086591,2696.897412,0.847629,-383.4168,0.000000,19.7555,0.000000,0.0,3.3,135,0,135,0,0.0000,3.0000,405,0,0,0,0,405,0.000000,0.865385,0.000000,0.000000,0.000000,0,paper_literal_eq15_eq20_joint_v3,paper_joint,paper_fixed_v1,paper,0.000000,paper_eq9,vanilla_mappo_paper_env_v2,tanh_squashed_normal_v1,eq17_engineering_thresholds_unbounded_tail_v2,"{""d_att_max_m"":null,""h_adv_m"":5000.0,""h_att_m"":2000.0,""h_max_m"":10000.0,""h_min_m"":0.0,""high_altitude_tail"":0.1,""version"":""eq17_engineering_thresholds_unbounded_tail_v2""}",-0.000021,-0.000007,-0.000520,-0.000173,0.542946,0.180982,0.000000,0.000000,0.000000,0.000000,-293.959247,-97.986416,-90.000000,0.322443,0.320407,0.325688,-1.131854,0,1231,0,60,198592,56490,0,109818,110198,1231,0,88774,0,8,0,0,0,68,0.000000,0.048741,0.000000,0.011209,0.000000,0.000000,0.000000,0.000000,0.000000,0.000000,0.000000,0.000000,0.000000,0.000000,0.000000,4881.771609,4596.750508,4826.967843,5287.307039,11.200437,10.179202,95.573379,95.405106,236.114982,495.747084,0.967213,0.250053,0.000000,0.000000,0.000000,0.000000
9,18000,-0.016466,2541.794556,0.873465,-384.3952,0.000000,23.5651,0.000000,0.0,3.2,152,0,152,0,0.0000,3.0000,456,0,0,0,0,456,0.000000,0.862004,0.000000,0.000000,0.000000,0,paper_literal_eq15_eq20_joint_v3,paper_joint,paper_fixed_v1,paper,0.000000,paper_eq9,vanilla_mappo_paper_env_v2,tanh_squashed_normal_v1,eq17_engineering_thresholds_unbounded_tail_v2,"{""d_att_max_m"":null,""h_adv_m"":5000.0,""h_att_m"":2000.0,""h_max_m"":10000.0,""h_min_m"":0.0,""high_altitude_tail"":0.1,""version"":""eq17_engineering_thresholds_unbounded_tail_v2""}",-0.000017,-0.000006,-0.000510,-0.000170,0.398421,0.132807,0.000000,0.000000,0.000000,0.000000,-294.793105,-98.264368,-90.000000,0.324954,0.322056,0.328741,-1.124108,0,1374,0,61,193477,58678,18,111190,111480,1390,0,82287,0,28,0,0,0,89,0.000000,0.044396,0.000000,0.012357,0.000000,0.000000,0.000000,0.000000,0.000000,0.000000,0.000000,0.000000,0.000000,0.000000,0.000000,4644.075353,4221.875700,4721.469661,5281.823607,12.453292,11.852282,96.872820,95.337312,223.101480,576.123261,0.881356,0.255357,0.000000,0.000000,0.000000,0.000000
10,20000,-0.067024,2359.788257,0.898272,-383.6655,0.000000,22.9290,0.000000,0.0,3.2,171,0,171,0,0.0000,3.0000,513,0,0,0,0,513,0.000000,0.875427,0.000000,0.000000,0.000000,0,paper_literal_eq15_eq20_joint_v3,paper_joint,paper_fixed_v1,paper,0.000000,paper_eq9,vanilla_mappo_paper_env_v2,tanh_squashed_normal_v1,eq17_engineering_thresholds_unbounded_tail_v2,"{""d_att_max_m"":null,""h_adv_m"":5000.0,""h_att_m"":2000.0,""h_max_m"":10000.0,""h_min_m"":0.0,""high_altitude_tail"":0.1,""version"":""eq17_engineering_thresholds_unbounded_tail_v2""}",-0.000442,-0.000147,-0.001018,-0.000339,0.512824,0.170941,0.000000,0.000000,0.000000,0.000000,-294.176830,-98.058943,-90.000000,0.327844,0.323805,0.333013,-1.115286,0,1239,0,57,195503,58109,0,111035,111396,1239,0,84468,0,15,0,0,0,72,0.000000,0.046005,0.000000,0.011159,0.000000,0.000000,0.000000,0.000000,0.000000,0.000000,0.000000,0.000000,0.000000,0.000000,0.000000,4862.929024,4459.710124,4930.564799,5409.033735,11.806211,11.467098,96.191452,95.314635,231.976731,472.987216,0.933333,0.256437,0.000000,0.000000,0.000000,0.000000
11,22000,-0.033772,2017.143970,0.923677,-381.8415,0.000000,25.5250,0.000000,0.0,3.3,188,0,188,0,0.0000,3.0000,564,0,0,0,0,564,0.000000,0.873065,0.000000,0.000000,0.000000,0,paper_literal_eq15_eq20_joint_v3,paper_joint,paper_fixed_v1,paper,0.000000,paper_eq9,vanilla_mappo_paper_env_v2,tanh_squashed_normal_v1,eq17_engineering_thresholds_unbounded_tail_v2,"{""d_att_max_m"":null,""h_adv_m"":5000.0,""h_att_m"":2000.0,""h_max_m"":10000.0,""h_min_m"":0.0,""high_altitude_tail"":0.1,""version"":""eq17_engineering_thresholds_unbounded_tail_v2""}",-0.000431,-0.000144,-0.000562,-0.000187,0.507526,0.169175,0.000000,0.000000,0.000000,0.000000,-292.348045,-97.449348,-90.000000,0.330532,0.326192,0.337003,-1.107152,0,1298,0,60,190972,53134,0,101861,102184,1298,0,89111,0,12,0,0,0,72,0.000000,0.046225,0.000000,0.012743,0.000000,0.000000,0.000000,0.000000,0.000000,0.000000,0.000000,0.000000,0.000000,0.000000,0.000000,4801.528765,4347.343044,4792.682875,5341.840966,12.676463,10.979385,97.678684,94.775275,224.922557,537.022254,0.879310,0.259586,0.000000,0.000000,0.000000,0.000000
12,24000,-0.021016,1840.589734,0.949171,-377.9877,0.000000,23.0655,0.000000,0.0,3.3,203,0,203,0,0.0000,3.0000,609,0,0,0,0,609,0.000000,0.866287,0.000000,0.000000,0.000000,0,paper_literal_eq15_eq20_joint_v3,paper_joint,paper_fixed_v1,paper,0.000000,paper_eq9,vanilla_mappo_paper_env_v2,tanh_squashed_normal_v1,eq17_engineering_thresholds_unbounded_tail_v2,"{""d_att_max_m"":null,""h_adv_m"":5000.0,""h_att_m"":2000.0,""h_max_m"":10000.0,""h_min_m"":0.0,""high_altitude_tail"":0.1,""version"":""eq17_engineering_thresholds_unbounded_tail_v2""}",-0.000441,-0.000147,-0.001279,-0.000426,0.533898,0.177966,0.000000,0.000000,0.000000,0.000000,-288.519843,-96.173281,-90.000000,0.333644,0.328755,0.339583,-1.097771,0,1335,0,57,188205,55959,0,103011,103296,1335,0,85194,0,48,0,0,0,105,0.000000,0.042697,0.000000,0.012960,0.000000,0.000000,0.000000,0.000000,0.000000,0.000000,0.000000,0.000000,0.000000,0.000000,0.000000,4661.691630,4214.642005,4694.083735,5276.921023,14.181202,14.153761,98.012506,96.297873,213.885241,583.842856,0.909091,0.261406,0.000000,0.000000,0.000000,0.000000
13,26000,-0.037506,1879.047156,0.978873,-374.9665,0.000000,23.1691,0.000000,0.0,3.3,222,0,222,0,0.0000,3.0000,666,0,0,0,0,666,0.000000,0.876316,0.000000,0.000000,0.000000,0,paper_literal_eq15_eq20_joint_v3,paper_joint,paper_fixed_v1,paper,0.000000,paper_eq9,vanilla_mappo_paper_env_v2,tanh_squashed_normal_v1,eq17_engineering_thresholds_unbounded_tail_v2,"{""d_att_max_m"":null,""h_adv_m"":5000.0,""h_att_m"":2000.0,""h_max_m"":10000.0,""h_min_m"":0.0,""high_altitude_tail"":0.1,""version"":""eq17_engineering_thresholds_unbounded_tail_v2""}",-0.000025,-0.000008,-0.001365,-0.000455,0.413263,0.137754,0.000000,0.000000,0.000000,0.000000,-285.378377,-95.126126,-90.000000,0.337044,0.331508,0.341452,-1.087617,0,1266,0,57,194273,61059,0,107932,108293,1266,0,86341,0,64,0,0,0,121,0.000000,0.045024,0.000000,0.011730,0.000000,0.000000,0.000000,0.000000,0.000000,0.000000,0.000000,0.000000,0.000000,0.000000,0.000000,4685.301252,4214.755284,4741.863585,5183.213765,11.769855,11.943752,96.331360,94.515412,229.625624,597.570717,0.900000,0.262136,0.000000,0.000000,0.000000,0.000000
14,28000,-0.041865,1747.842834,1.011887,-374.4304,0.000000,20.2738,0.000000,0.0,3.3,239,0,239,0,0.0000,3.0000,717,0,0,0,0,717,0.000000,0.876528,0.000000,0.000000,0.000000,0,paper_literal_eq15_eq20_joint_v3,paper_joint,paper_fixed_v1,paper,0.000000,paper_eq9,vanilla_mappo_paper_env_v2,tanh_squashed_normal_v1,eq17_engineering_thresholds_unbounded_tail_v2,"{""d_att_max_m"":null,""h_adv_m"":5000.0,""h_att_m"":2000.0,""h_max_m"":10000.0,""h_min_m"":0.0,""high_altitude_tail"":0.1,""version"":""eq17_engineering_thresholds_unbounded_tail_v2""}",-0.000050,-0.000017,-0.002251,-0.000750,0.396429,0.132143,0.000000,0.000000,0.000000,0.000000,-284.824512,-94.941504,-90.000000,0.341100,0.334264,0.346474,-1.075691,0,1301,0,58,192397,63702,0,116161,116484,1301,0,76236,0,24,0,0,0,82,0.000000,0.044581,0.000000,0.011200,0.000000,0.000000,0.000000,0.000000,0.000000,0.000000,0.000000,0.000000,0.000000,0.000000,0.000000,4405.727366,3791.887724,4536.046004,4935.485738,14.141902,13.400395,96.885298,95.369514,213.692915,578.714123,0.888889,0.268954,0.000000,0.000000,0.000000,0.000000
15,30000,-0.070390,1441.023596,1.044753,-372.0094,0.000000,20.5251,0.000000,0.0,3.4,257,0,257,0,0.0000,3.0000,771,0,0,0,0,771,0.000000,0.881143,0.000000,0.000000,0.000000,0,paper_literal_eq15_eq20_joint_v3,paper_joint,paper_fixed_v1,paper,0.000000,paper_eq9,vanilla_mappo_paper_env_v2,tanh_squashed_normal_v1,eq17_engineering_thresholds_unbounded_tail_v2,"{""d_att_max_m"":null,""h_adv_m"":5000.0,""h_att_m"":2000.0,""h_max_m"":10000.0,""h_min_m"":0.0,""high_altitude_tail"":0.1,""version"":""eq17_engineering_thresholds_unbounded_tail_v2""}",-0.000059,-0.000020,-0.001753,-0.000584,0.408312,0.136104,0.000000,0.000000,0.000000,0.000000,-282.415934,-94.138645,-90.000000,0.344370,0.337986,0.349344,-1.066133,0,1201,0,57,190101,59533,0,108669,109001,1211,0,81432,0,15,0,0,0,72,0.000000,0.047460,0.000000,0.011052,0.000000,0.000000,0.000000,0.000000,0.000000,0.000000,0.000000,0.000000,0.000000,0.000000,0.000000,4402.739198,3613.865631,4545.891443,4996.278137,16.136727,15.041131,98.710309,95.880586,206.806870,619.661347,0.903226,0.268976,0.000000,0.000000,0.000000,0.000000
16,32000,-0.045644,1347.124768,1.076441,-371.6299,0.000000,22.4049,0.000000,0.0,3.4,273,0,273,0,0.0000,3.0000,819,0,0,0,0,819,0.000000,0.877814,0.000000,0.000000,0.000000,0,paper_literal_eq15_eq20_joint_v3,paper_joint,paper_fixed_v1,paper,0.000000,paper_eq9,vanilla_mappo_paper_env_v2,tanh_squashed_normal_v1,eq17_engineering_thresholds_unbounded_tail_v2,"{""d_att_max_m"":null,""h_adv_m"":5000.0,""h_att_m"":2000.0,""h_max_m"":10000.0,""h_min_m"":0.0,""high_altitude_tail"":0.1,""version"":""eq17_engineering_thresholds_unbounded_tail_v2""}",-0.000078,-0.000026,-0.002242,-0.000747,0.473437,0.157812,0.000000,0.000000,0.000000,0.000000,-282.101034,-94.033678,-90.000000,0.348432,0.342683,0.353662,-1.054396,0,1283,0,58,189734,59461,0,107720,108024,1283,0,82014,0,34,0,0,0,92,0.000000,0.045207,0.000000,0.011911,0.000000,0.000000,0.000000,0.000000,0.000000,0.000000,0.000000,0.000000,0.000000,0.000000,0.000000,4487.399056,3812.760471,4540.164245,5006.074456,14.378527,13.212006,98.642998,95.137175,208.215682,602.357201,0.892857,0.272673,0.000000,0.000000,0.000000,0.000000
17,34000,-0.068340,1371.253442,1.107709,-369.4269,0.000000,21.6353,0.000000,0.0,3.3,290,0,290,0,0.0000,3.0000,870,0,0,0,0,870,0.000000,0.878788,0.000000,0.000000,0.000000,0,paper_literal_eq15_eq20_joint_v3,paper_joint,paper_fixed_v1,paper,0.000000,paper_eq9,vanilla_mappo_paper_env_v2,tanh_squashed_normal_v1,eq17_engineering_thresholds_unbounded_tail_v2,"{""d_att_max_m"":null,""h_adv_m"":5000.0,""h_att_m"":2000.0,""h_max_m"":10000.0,""h_min_m"":0.0,""high_altitude_tail"":0.1,""version"":""eq17_engineering_thresholds_unbounded_tail_v2""}",-0.000056,-0.000019,-0.001817,-0.000606,0.404299,0.134766,0.000000,0.000000,0.000000,0.000000,-279.829340,-93.276447,-90.000000,0.351627,0.345422,0.357188,-1.045278,0,1310,0,57,188491,59956,0,108330,108639,1324,0,80161,0,24,0,0,0,81,0.000000,0.043511,0.000000,0.012093,0.000000,0.000000,0.000000,0.000000,0.000000,0.000000,0.000000,0.000000,0.000000,0.000000,0.000000,4418.721902,3700.999759,4489.921066,5246.654899,14.198721,13.725869,97.553729,95.424879,218.833798,558.804575,0.910714,0.274804,0.000000,0.000000,0.000000,0.000000
18,36000,-0.062635,1265.008118,1.133026,-365.9567,0.000000,23.8615,0.000000,0.0,3.2,309,0,309,0,0.0000,3.0000,927,0,0,0,0,927,0.000000,0.887081,0.000000,0.000000,0.000000,0,paper_literal_eq15_eq20_joint_v3,paper_joint,paper_fixed_v1,paper,0.000000,paper_eq9,vanilla_mappo_paper_env_v2,tanh_squashed_normal_v1,eq17_engineering_thresholds_unbounded_tail_v2,"{""d_att_max_m"":null,""h_adv_m"":5000.0,""h_att_m"":2000.0,""h_max_m"":10000.0,""h_min_m"":0.0,""high_altitude_tail"":0.1,""version"":""eq17_engineering_thresholds_unbounded_tail_v2""}",-0.000049,-0.000016,-0.002051,-0.000684,0.384849,0.128283,0.000000,0.000000,0.000000,0.000000,-276.339408,-92.113136,-90.000000,0.354245,0.347009,0.359322,-1.037876,0,1183,0,55,196319,71609,0,120819,121180,1183,0,75500,0,49,0,0,0,104,0.000000,0.046492,0.000000,0.009792,0.000000,0.000000,0.000000,0.000000,0.000000,0.000000,0.000000,0.000000,0.000000,0.000000,0.000000,4464.787594,3773.296633,4470.877711,5008.240452,14.080317,13.629195,96.446926,95.911101,217.933483,636.779543,0.982456,0.282220,0.000000,0.000000,0.000000,0.000000
19,38000,-0.059822,1284.429053,1.157872,-357.4354,0.000000,28.0097,0.000000,0.0,3.2,325,0,325,0,0.0000,3.0000,975,0,0,0,0,975,0.000000,0.888788,0.000000,0.000000,0.000000,0,paper_literal_eq15_eq20_joint_v3,paper_joint,paper_fixed_v1,paper,0.000000,paper_eq9,vanilla_mappo_paper_env_v2,tanh_squashed_normal_v1,eq17_engineering_thresholds_unbounded_tail_v2,"{""d_att_max_m"":null,""h_adv_m"":5000.0,""h_att_m"":2000.0,""h_max_m"":10000.0,""h_min_m"":0.0,""high_altitude_tail"":0.1,""version"":""eq17_engineering_thresholds_unbounded_tail_v2""}",-0.000046,-0.000015,-0.002385,-0.000795,0.378089,0.126030,0.000000,0.000000,0.000000,0.000000,-267.811101,-89.270367,-90.000000,0.357669,0.350328,0.363612,-1.028268,0,1117,0,52,188693,66099,139,115510,115759,1131,0,73183,0,27,0,0,0,79,0.000000,0.046553,0.000000,0.009670,0.000000,0.000000,0.000000,0.000000,0.000000,0.000000,0.000000,0.000000,0.000000,0.000000,0.000000,4271.435012,3729.301879,4335.226345,4926.825634,15.918089,14.652144,98.593336,95.936228,201.955304,654.253712,0.943396,0.281105,0.000000,0.000000,0.000000,0.000000
20,40000,-0.074551,1176.176990,1.189081,-358.0122,0.000000,35.0471,0.000000,0.0,3.2,341,0,341,0,0.0000,3.0000,1023,0,0,0,0,1023,0.000000,0.884948,0.000000,0.000000,0.000000,0,paper_literal_eq15_eq20_joint_v3,paper_joint,paper_fixed_v1,paper,0.000000,paper_eq9,vanilla_mappo_paper_env_v2,tanh_squashed_normal_v1,eq17_engineering_thresholds_unbounded_tail_v2,"{""d_att_max_m"":null,""h_adv_m"":5000.0,""h_att_m"":2000.0,""h_max_m"":10000.0,""h_min_m"":0.0,""high_altitude_tail"":0.1,""version"":""eq17_engineering_thresholds_unbounded_tail_v2""}",-0.000070,-0.000023,-0.002863,-0.000954,0.627774,0.209258,0.000000,0.000000,0.000000,0.000000,-268.636994,-89.545665,-90.000000,0.361641,0.355529,0.367563,-1.017195,0,1350,0,59,186203,55092,0,103394,103580,1378,0,82809,0,62,0,0,0,121,0.000000,0.043704,0.000000,0.013057,0.000000,0.000000,0.000000,0.000000,0.000000,0.000000,0.000000,0.000000,0.000000,0.000000,0.000000,4294.717527,3599.873911,4375.120786,5006.644796,15.555028,15.421296,101.367041,95.598216,192.887501,697.544338,0.867925,0.284545,0.000000,0.000000,0.000000,0.000000
21,42000,-0.073552,1175.363647,1.220419,-351.9810,0.000000,33.2814,0.000000,0.0,3.3,360,0,360,0,0.0000,3.0000,1080,0,0,0,0,1080,0.000000,0.893300,0.000000,0.000000,0.000000,0,paper_literal_eq15_eq20_joint_v3,paper_joint,paper_fixed_v1,paper,0.000000,paper_eq9,vanilla_mappo_paper_env_v2,tanh_squashed_normal_v1,eq17_engineering_thresholds_unbounded_tail_v2,"{""d_att_max_m"":null,""h_adv_m"":5000.0,""h_att_m"":2000.0,""h_max_m"":10000.0,""h_min_m"":0.0,""high_altitude_tail"":0.1,""version"":""eq17_engineering_thresholds_unbounded_tail_v2""}",-0.000498,-0.000166,-0.003321,-0.001107,0.541790,0.180597,0.000000,0.000000,0.000000,0.000000,-262.518988,-87.506329,-90.000000,0.365076,0.359413,0.371574,-1.007744,0,1080,0,53,194528,75172,494,123215,123257,1097,0,71391,0,24,0,0,0,77,0.000000,0.049074,0.000000,0.008765,0.000000,0.000000,0.000000,0.000000,0.000000,0.000000,0.000000,0.000000,0.000000,0.000000,0.000000,4041.645430,3199.461798,4209.061869,4956.889784,19.155459,18.288600,97.474942,95.832321,196.409709,767.723228,0.932203,0.293482,0.000000,0.000000,0.000000,0.000000
22,44000,-0.091977,1275.531799,1.250065,-345.2475,0.000000,32.3989,0.000000,0.0,3.3,378,0,378,0,0.0000,3.0000,1134,0,0,0,0,1134,0.000000,0.899286,0.000000,0.000000,0.000000,0,paper_literal_eq15_eq20_joint_v3,paper_joint,paper_fixed_v1,paper,0.000000,paper_eq9,vanilla_mappo_paper_env_v2,tanh_squashed_normal_v1,eq17_engineering_thresholds_unbounded_tail_v2,"{""d_att_max_m"":null,""h_adv_m"":5000.0,""h_att_m"":2000.0,""h_max_m"":10000.0,""h_min_m"":0.0,""high_altitude_tail"":0.1,""version"":""eq17_engineering_thresholds_unbounded_tail_v2""}",-0.002143,-0.000714,-0.005250,-0.001750,0.529661,0.176554,0.000000,0.000000,0.000000,0.000000,-255.769778,-85.256593,-90.000000,0.369015,0.362194,0.376294,-0.997040,0,1069,0,52,193368,72723,394,125703,125854,1097,0,67665,0,54,0,0,0,106,0.000000,0.048644,0.000000,0.008504,0.000000,0.000000,0.000000,0.000000,0.000000,0.000000,0.000000,0.000000,0.000000,0.000000,0.000000,3875.905330,2980.075325,4032.175903,4571.604437,19.558359,17.917375,97.656766,95.744894,189.269873,737.180413,0.962963,0.297384,0.000000,0.000000,0.000000,0.000000
23,46000,-0.101048,1333.177759,1.284415,-337.5520,0.000000,28.2546,0.000000,0.0,3.2,391,0,391,0,0.0000,3.0000,1173,0,0,0,0,1173,0.000000,0.889985,0.000000,0.000000,0.000000,0,paper_literal_eq15_eq20_joint_v3,paper_joint,paper_fixed_v1,paper,0.000000,paper_eq9,vanilla_mappo_paper_env_v2,tanh_squashed_normal_v1,eq17_engineering_thresholds_unbounded_tail_v2,"{""d_att_max_m"":null,""h_adv_m"":5000.0,""h_att_m"":2000.0,""h_max_m"":10000.0,""h_min_m"":0.0,""high_altitude_tail"":0.1,""version"":""eq17_engineering_thresholds_unbounded_tail_v2""}",-0.002160,-0.000720,-0.006121,-0.002040,0.397779,0.132593,0.000000,0.000000,0.000000,0.000000,-247.941543,-82.647181,-90.000000,0.373569,0.366549,0.381054,-0.984778,0,1319,0,57,185111,60241,600,113210,111541,2711,0,72108,0,51,0,0,0,108,0.000000,0.043215,0.000000,0.011651,0.000000,0.000000,0.000000,0.000000,0.000000,0.000000,0.000000,0.000000,0.000000,0.000000,0.000000,3790.918900,3293.033079,3789.401825,4544.696507,19.880998,18.205961,97.013398,94.717855,184.541317,743.065849,0.914894,0.296266,0.000000,0.000000,0.000000,0.000000
24,48000,-0.088540,1159.335779,1.309298,-340.5050,0.000000,31.2041,0.000000,0.0,3.2,406,0,406,0,0.0000,3.0000,1218,0,0,0,0,1218,0.000000,0.893617,0.000000,0.000000,0.000000,0,paper_literal_eq15_eq20_joint_v3,paper_joint,paper_fixed_v1,paper,0.000000,paper_eq9,vanilla_mappo_paper_env_v2,tanh_squashed_normal_v1,eq17_engineering_thresholds_unbounded_tail_v2,"{""d_att_max_m"":null,""h_adv_m"":5000.0,""h_att_m"":2000.0,""h_max_m"":10000.0,""h_min_m"":0.0,""high_altitude_tail"":0.1,""version"":""eq17_engineering_thresholds_unbounded_tail_v2""}",-0.001803,-0.000601,-0.008215,-0.002738,0.548903,0.182968,0.000000,0.000000,0.000000,0.000000,-251.043912,-83.681304,-90.000000,0.374987,0.367736,0.383617,-0.981016,0,896,0,45,175740,60787,450,110962,109323,2477,0,64778,0,15,0,0,0,60,0.000000,0.050223,0.000000,0.008075,0.000000,0.000000,0.000000,0.000000,0.000000,0.000000,0.000000,0.000000,0.000000,0.000000,0.000000,3567.509954,2867.268016,3446.259585,4175.536505,23.659453,20.856285,102.194205,96.547936,143.862971,1070.491253,0.870370,0.303789,0.000000,0.000000,0.000000,0.000000
25,50000,-0.095020,1064.680432,1.323405,-338.9342,0.000000,37.9430,0.000000,0.0,3.4,420,0,420,0,0.0000,3.0000,1260,0,0,0,0,1260,0.000000,0.891720,0.000000,0.000000,0.000000,0,paper_literal_eq15_eq20_joint_v3,paper_joint,paper_fixed_v1,paper,0.000000,paper_eq9,vanilla_mappo_paper_env_v2,tanh_squashed_normal_v1,eq17_engineering_thresholds_unbounded_tail_v2,"{""d_att_max_m"":null,""h_adv_m"":5000.0,""h_att_m"":2000.0,""h_max_m"":10000.0,""h_min_m"":0.0,""high_altitude_tail"":0.1,""version"":""eq17_engineering_thresholds_unbounded_tail_v2""}",-0.006659,-0.002220,-0.011167,-0.003722,0.841793,0.280598,0.000000,0.000000,0.000000,0.000000,-249.758160,-83.252720,-90.000000,0.377470,0.371626,0.387659,-0.974447,6,1095,0,50,180336,73852,616,121418,120522,1704,0,59189,0,15,0,0,0,65,0.000000,0.045662,0.000033,0.009018,0.000000,0.000000,0.000000,0.000000,0.000000,0.000000,0.000000,0.000000,0.000000,0.000000,0.000000,3564.579451,3019.027828,3557.629930,4277.895860,22.251110,21.897047,105.215938,95.831407,164.506950,803.537069,0.826087,0.307098,0.000000,0.000000,0.000000,0.000000
26,52000,-0.118580,1153.546167,1.341415,-335.8604,0.000000,44.9218,0.000000,0.0,3.5,436,0,436,0,0.0000,3.0000,1308,0,0,0,0,1308,0.000000,0.889796,0.000000,0.000000,0.000000,0,paper_literal_eq15_eq20_joint_v3,paper_joint,paper_fixed_v1,paper,0.000000,paper_eq9,vanilla_mappo_paper_env_v2,tanh_squashed_normal_v1,eq17_engineering_thresholds_unbounded_tail_v2,"{""d_att_max_m"":null,""h_adv_m"":5000.0,""h_att_m"":2000.0,""h_max_m"":10000.0,""h_min_m"":0.0,""high_altitude_tail"":0.1,""version"":""eq17_engineering_thresholds_unbounded_tail_v2""}",-0.010658,-0.003553,-0.011623,-0.003874,1.218501,0.406167,0.000000,0.000000,0.000000,0.000000,-247.056665,-82.352222,-90.000000,0.379349,0.373623,0.389200,-0.969468,0,1156,0,57,186548,70227,2436,117290,114893,3338,0,69480,0,30,0,0,0,87,0.000000,0.049308,0.000000,0.009856,0.000000,0.000000,0.000000,0.000000,0.000000,0.000000,0.000000,0.000000,0.000000,0.000000,0.000000,3230.450852,2322.108390,3193.034371,4074.411607,24.171887,23.900899,102.764350,95.577009,152.923614,719.961173,0.866667,0.307721,0.000000,0.000000,0.000000,0.000000
27,54000,-0.107931,942.162274,1.363333,-324.3702,0.000000,47.8068,0.000000,0.0,3.5,448,0,448,0,0.0000,3.0000,1344,0,0,0,0,1344,0.000000,0.883629,0.000000,0.000000,0.000000,0,paper_literal_eq15_eq20_joint_v3,paper_joint,paper_fixed_v1,paper,0.000000,paper_eq9,vanilla_mappo_paper_env_v2,tanh_squashed_normal_v1,eq17_engineering_thresholds_unbounded_tail_v2,"{""d_att_max_m"":null,""h_adv_m"":5000.0,""h_att_m"":2000.0,""h_max_m"":10000.0,""h_min_m"":0.0,""high_altitude_tail"":0.1,""version"":""eq17_engineering_thresholds_unbounded_tail_v2""}",-0.010689,-0.003563,-0.012861,-0.004287,1.277224,0.425741,0.000000,0.000000,0.000000,0.000000,-235.623873,-78.541291,-90.000000,0.383227,0.376387,0.394352,-0.959342,0,950,0,51,176131,60355,7464,110380,101078,5599,0,65806,0,9,0,0,0,60,0.000000,0.053684,0.000000,0.008607,0.000000,0.000000,0.000000,0.000000,0.000000,0.000000,0.000000,0.000000,0.000000,0.000000,0.000000,3784.064557,2974.728788,3915.980458,4879.862721,23.898029,23.164821,103.866828,96.341996,169.575284,695.697110,0.877551,0.309593,0.000000,0.000000,0.000000,0.000000
28,56000,-0.101197,740.217554,1.394529,-317.3585,0.000000,48.3215,0.000000,0.0,3.5,462,0,462,0,0.0000,2.9800,1386,0,1,0,1,1386,1.000000,0.883929,0.000722,0.000722,0.000000,0,paper_literal_eq15_eq20_joint_v3,paper_joint,paper_fixed_v1,paper,0.000000,paper_eq9,vanilla_mappo_paper_env_v2,tanh_squashed_normal_v1,eq17_engineering_thresholds_unbounded_tail_v2,"{""d_att_max_m"":null,""h_adv_m"":5000.0,""h_att_m"":2000.0,""h_max_m"":10000.0,""h_min_m"":0.0,""high_altitude_tail"":0.1,""version"":""eq17_engineering_thresholds_unbounded_tail_v2""}",-0.015280,-0.005093,-0.011830,-0.003943,1.674955,0.558318,0.000000,0.000000,0.000000,0.000000,-229.606307,-76.535436,-89.400000,0.387212,0.381900,0.397323,-0.948951,15,965,1,47,163253,68863,5321,106977,97757,7519,283,56707,0,7,0,0,1,54,0.066667,0.048705,0.000092,0.009021,1029.678063,1029.678063,1029.678063,1029.678063,29.993362,29.993362,94.786808,94.786808,198.543149,341.236016,1.000000,3071.371367,1975.585234,3013.513330,3930.972718,28.390044,29.689324,111.214131,96.340736,114.030425,759.553644,0.770833,0.319421,0.000000,0.000000,0.000000,0.000000
29,58000,-0.120126,860.842542,1.419781,-311.2345,0.000000,42.5618,0.000000,0.0,3.6,475,0,475,0,0.0000,2.9800,1425,0,1,0,1,1425,1.000000,0.881262,0.000702,0.000702,0.000000,0,paper_literal_eq15_eq20_joint_v3,paper_joint,paper_fixed_v1,paper,0.000000,paper_eq9,vanilla_mappo_paper_env_v2,tanh_squashed_normal_v1,eq17_engineering_thresholds_unbounded_tail_v2,"{""d_att_max_m"":null,""h_adv_m"":5000.0,""h_att_m"":2000.0,""h_max_m"":10000.0,""h_min_m"":0.0,""high_altitude_tail"":0.1,""version"":""eq17_engineering_thresholds_unbounded_tail_v2""}",-0.005051,-0.001684,-0.009303,-0.003101,2.106283,0.702094,0.000000,0.000000,0.000000,0.000000,-223.926481,-74.642160,-89.400000,0.389514,0.381907,0.400860,-0.943074,0,1110,0,49,170926,67088,4805,111545,105144,5240,0,59517,0,35,0,0,0,84,0.000000,0.044144,0.000000,0.009951,0.000000,0.000000,0.000000,0.000000,0.000000,0.000000,0.000000,0.000000,0.000000,0.000000,0.000000,3491.642095,2446.949706,3240.139263,4631.348809,27.438611,26.026933,106.858279,96.021182,138.490873,701.821364,0.812500,0.316946,0.000000,0.000000,0.000000,0.000000
30,60000,-0.126886,954.864661,1.440802,-305.1989,0.000000,36.9814,0.000000,0.0,3.6,488,0,488,0,0.0000,2.9800,1464,0,1,0,1,1464,1.000000,0.876647,0.000683,0.000683,0.000000,0,paper_literal_eq15_eq20_joint_v3,paper_joint,paper_fixed_v1,paper,0.000000,paper_eq9,vanilla_mappo_paper_env_v2,tanh_squashed_normal_v1,eq17_engineering_thresholds_unbounded_tail_v2,"{""d_att_max_m"":null,""h_adv_m"":5000.0,""h_att_m"":2000.0,""h_max_m"":10000.0,""h_min_m"":0.0,""high_altitude_tail"":0.1,""version"":""eq17_engineering_thresholds_unbounded_tail_v2""}",-0.005009,-0.001670,-0.008614,-0.002871,2.794916,0.931639,0.000000,0.000000,0.000000,0.000000,-218.580219,-72.860073,-89.400000,0.393099,0.384616,0.406975,-0.934007,0,1221,0,53,169427,52486,2674,100194,92967,6530,0,69233,0,16,0,0,0,69,0.000000,0.043407,0.000000,0.012186,0.000000,0.000000,0.000000,0.000000,0.000000,0.000000,0.000000,0.000000,0.000000,0.000000,0.000000,3765.688756,3053.902841,3773.060606,4687.994010,23.909714,22.991796,111.375577,97.075704,143.523070,923.255205,0.773585,0.316636,0.000000,0.000000,0.000000,0.000000
31,62000,-0.105193,727.315259,1.462125,-306.4349,0.000000,35.8560,0.000000,0.0,3.8,501,0,501,0,0.0000,2.9800,1503,0,1,0,1,1503,1.000000,0.878947,0.000665,0.000665,0.000000,0,paper_literal_eq15_eq20_joint_v3,paper_joint,paper_fixed_v1,paper,0.000000,paper_eq9,vanilla_mappo_paper_env_v2,tanh_squashed_normal_v1,eq17_engineering_thresholds_unbounded_tail_v2,"{""d_att_max_m"":null,""h_adv_m"":5000.0,""h_att_m"":2000.0,""h_max_m"":10000.0,""h_min_m"":0.0,""high_altitude_tail"":0.1,""version"":""eq17_engineering_thresholds_unbounded_tail_v2""}",-0.002465,-0.000822,-0.007968,-0.002656,3.844829,1.281610,0.000000,0.000000,0.000000,0.000000,-220.869328,-73.623109,-89.400000,0.394881,0.387200,0.409739,-0.929520,0,990,0,40,152128,67234,5248,99156,92805,4171,0,53184,0,38,0,0,0,78,0.000000,0.040404,0.000000,0.009984,0.000000,0.000000,0.000000,0.000000,0.000000,0.000000,0.000000,0.000000,0.000000,0.000000,0.000000,3215.275470,2073.632420,3140.457098,4411.893215,28.092452,29.012939,109.768436,96.547897,135.089637,779.478190,0.785714,0.325884,0.000000,0.000000,0.000000,0.000000
32,64000,-0.105149,726.549829,1.479924,-304.5808,0.000000,37.4912,0.000000,0.0,3.8,512,0,512,0,0.0000,3.0000,1536,0,1,0,1,1536,1.000000,0.873223,0.000651,0.000651,0.000000,0,paper_literal_eq15_eq20_joint_v3,paper_joint,paper_fixed_v1,paper,0.000000,paper_eq9,vanilla_mappo_paper_env_v2,tanh_squashed_normal_v1,eq17_engineering_thresholds_unbounded_tail_v2,"{""d_att_max_m"":null,""h_adv_m"":5000.0,""h_att_m"":2000.0,""h_max_m"":10000.0,""h_min_m"":0.0,""high_altitude_tail"":0.1,""version"":""eq17_engineering_thresholds_unbounded_tail_v2""}",-0.003693,-0.001231,-0.008879,-0.002960,3.907029,1.302343,0.000000,0.000000,0.000000,0.000000,-218.475292,-72.825097,-90.000000,0.397993,0.389726,0.414428,-0.921742,0,1041,0,49,164958,63306,7101,108478,98219,7001,0,56656,0,7,0,0,0,56,0.000000,0.047070,0.000000,0.009596,0.000000,0.000000,0.000000,0.000000,0.000000,0.000000,0.000000,0.000000,0.000000,0.000000,0.000000,2977.588597,1970.750825,2752.797666,3647.382196,28.276102,28.933475,108.737550,97.748356,119.452251,839.349063,0.770833,0.321529,0.000000,0.000000,0.000000,0.000000
33,66000,-0.119588,660.332343,1.506352,-303.7648,0.000000,38.3537,0.000000,0.0,3.8,524,0,524,0,0.0000,3.0000,1572,0,1,0,1,1572,0.250000,0.873819,0.000636,0.000636,0.000000,0,paper_literal_eq15_eq20_joint_v3,paper_joint,paper_fixed_v1,paper,0.000000,paper_eq9,vanilla_mappo_paper_env_v2,tanh_squashed_normal_v1,eq17_engineering_thresholds_unbounded_tail_v2,"{""d_att_max_m"":null,""h_adv_m"":5000.0,""h_att_m"":2000.0,""h_max_m"":10000.0,""h_min_m"":0.0,""high_altitude_tail"":0.1,""version"":""eq17_engineering_thresholds_unbounded_tail_v2""}",-0.009511,-0.003170,-0.010436,-0.003479,3.818444,1.272815,0.000000,0.000000,0.000000,0.000000,-217.563329,-72.521110,-90.000000,0.401644,0.394169,0.415725,-0.912494,53,806,3,40,163554,68103,10446,108882,97034,6824,806,55478,0,22,0,0,3,62,0.056604,0.049628,0.000324,0.007403,880.133367,804.429730,818.283260,924.911951,40.041452,38.589183,95.804995,96.280627,197.750730,323.424625,1.000000,3344.157978,2350.331850,3177.520807,4431.258776,30.447855,31.205736,106.535052,95.893012,124.325296,863.810165,0.829268,0.327918,0.000000,0.000000,0.000000,0.000000
34,68000,-0.120700,522.647363,1.533278,-298.8526,0.000000,44.0622,0.000000,0.1,3.8,533,0,533,0,0.0000,2.9600,1599,0,3,0,3,1599,0.750000,0.865728,0.001876,0.001876,0.000000,0,paper_literal_eq15_eq20_joint_v3,paper_joint,paper_fixed_v1,paper,0.000000,paper_eq9,vanilla_mappo_paper_env_v2,tanh_squashed_normal_v1,eq17_engineering_thresholds_unbounded_tail_v2,"{""d_att_max_m"":null,""h_adv_m"":5000.0,""h_att_m"":2000.0,""h_max_m"":10000.0,""h_min_m"":0.0,""high_altitude_tail"":0.1,""version"":""eq17_engineering_thresholds_unbounded_tail_v2""}",-0.014594,-0.004865,-0.012542,-0.004181,4.132355,1.377452,0.000000,0.000000,0.000000,0.000000,-214.157829,-71.385943,-88.800000,0.405311,0.396771,0.420345,-0.903443,12,1010,0,48,150988,51852,12857,95184,77839,11591,0,56042,0,16,0,0,0,64,0.000000,0.047525,0.000079,0.010611,0.000000,0.000000,0.000000,0.000000,0.000000,0.000000,0.000000,0.000000,0.000000,0.000000,0.000000,3186.094862,2249.223016,3007.639182,4232.193718,28.238462,28.843774,118.220282,100.308055,97.982801,1026.526289,0.720930,0.328966,0.000000,0.000000,0.000000,0.000000
35,70000,-0.067368,562.732703,1.563288,-300.5249,0.000000,42.6527,0.000000,0.1,4.0,545,0,545,0,0.0000,2.9600,1635,0,3,0,3,1635,0.750000,0.866914,0.001835,0.001835,0.000000,0,paper_literal_eq15_eq20_joint_v3,paper_joint,paper_fixed_v1,paper,0.000000,paper_eq9,vanilla_mappo_paper_env_v2,tanh_squashed_normal_v1,eq17_engineering_thresholds_unbounded_tail_v2,"{""d_att_max_m"":null,""h_adv_m"":5000.0,""h_att_m"":2000.0,""h_max_m"":10000.0,""h_min_m"":0.0,""high_altitude_tail"":0.1,""version"":""eq17_engineering_thresholds_unbounded_tail_v2""}",-0.022865,-0.007622,-0.015626,-0.005209,4.930731,1.643577,0.000000,0.000000,0.000000,0.000000,-216.617130,-72.205710,-88.800000,0.409952,0.401159,0.426291,-0.892108,0,890,0,39,150955,58566,8589,99202,85928,8118,0,51753,0,26,0,0,0,65,0.000000,0.043820,0.000000,0.008972,0.000000,0.000000,0.000000,0.000000,0.000000,0.000000,0.000000,0.000000,0.000000,0.000000,0.000000,3062.037146,2401.948632,3139.301197,3516.274408,30.445283,33.505878,121.062937,100.098538,91.894314,1104.248191,0.711111,0.339841,0.000000,0.000000,0.000000,0.000000
36,72000,-0.124609,411.325082,1.587069,-306.4777,0.000000,45.0627,0.000000,0.1,4.1,554,0,554,0,0.0000,2.9400,1662,0,4,0,4,1662,0.800000,0.862928,0.002407,0.002407,0.000000,0,paper_literal_eq15_eq20_joint_v3,paper_joint,paper_fixed_v1,paper,0.000000,paper_eq9,vanilla_mappo_paper_env_v2,tanh_squashed_normal_v1,eq17_engineering_thresholds_unbounded_tail_v2,"{""d_att_max_m"":null,""h_adv_m"":5000.0,""h_att_m"":2000.0,""h_max_m"":10000.0,""h_min_m"":0.0,""high_altitude_tail"":0.1,""version"":""eq17_engineering_thresholds_unbounded_tail_v2""}",-0.046946,-0.015649,-0.020649,-0.006883,4.717666,1.572555,0.000000,0.000000,0.000000,0.000000,-222.927810,-74.309270,-88.200000,0.411194,0.401794,0.427405,-0.889076,42,966,1,40,148981,56991,16283,95099,71243,16741,264,54314,0,23,0,0,1,63,0.023810,0.041408,0.000282,0.010158,749.566980,749.566980,749.566980,749.566980,37.688314,37.688314,98.895791,98.895791,193.982976,354.182731,1.000000,2976.733795,2124.391653,2882.000800,3652.076558,30.647411,31.743332,129.070550,128.659984,51.829012,922.318169,0.658537,0.340870,0.000000,0.000000,0.000000,0.000000
37,74000,-0.137104,351.684863,1.600288,-307.5409,0.000000,43.9543,0.000000,0.1,4.2,560,0,560,0,0.0000,2.9400,1680,0,4,0,4,1680,0.500000,0.856706,0.002381,0.002381,0.000000,0,paper_literal_eq15_eq20_joint_v3,paper_joint,paper_fixed_v1,paper,0.000000,paper_eq9,vanilla_mappo_paper_env_v2,tanh_squashed_normal_v1,eq17_engineering_thresholds_unbounded_tail_v2,"{""d_att_max_m"":null,""h_adv_m"":5000.0,""h_att_m"":2000.0,""h_max_m"":10000.0,""h_min_m"":0.0,""high_altitude_tail"":0.1,""version"":""eq17_engineering_thresholds_unbounded_tail_v2""}",-0.052221,-0.017407,-0.023019,-0.007673,5.008364,1.669455,0.000000,0.000000,0.000000,0.000000,-224.274009,-74.758003,-88.200000,0.414082,0.402972,0.429882,-0.882073,56,854,3,35,151352,58803,19928,98229,72999,17984,1089,54212,0,21,0,0,3,56,0.053571,0.040984,0.000370,0.008694,1636.632382,917.831919,1135.050087,2104.641696,39.768029,39.345870,104.705587,101.827559,165.719078,928.054683,1.000000,2951.436340,2153.994448,2766.212645,3779.716608,31.335406,35.347110,127.174173,119.363407,69.049573,964.768971,0.647059,0.342158,0.000000,0.000000,0.000000,0.000000
38,76000,-0.141527,265.400912,1.625565,-303.4153,0.000000,43.8282,0.000000,0.1,4.2,569,0,569,0,0.0000,2.8800,1707,0,7,0,7,1707,0.777778,0.854354,0.004101,0.004101,0.000000,0,paper_literal_eq15_eq20_joint_v3,paper_joint,paper_fixed_v1,paper,0.000000,paper_eq9,vanilla_mappo_paper_env_v2,tanh_squashed_normal_v1,eq17_engineering_thresholds_unbounded_tail_v2,"{""d_att_max_m"":null,""h_adv_m"":5000.0,""h_att_m"":2000.0,""h_max_m"":10000.0,""h_min_m"":0.0,""high_altitude_tail"":0.1,""version"":""eq17_engineering_thresholds_unbounded_tail_v2""}",-0.077157,-0.025719,-0.028183,-0.009394,6.053833,2.017944,0.000000,0.000000,0.000000,0.000000,-222.963752,-74.321251,-86.400000,0.418071,0.406393,0.433616,-0.872475,15,750,1,37,146131,54280,14584,93696,73121,15112,360,52795,0,1,0,0,1,38,0.066667,0.049333,0.000103,0.008005,2944.736697,2944.736697,2944.736697,2944.736697,41.990909,41.990909,95.939852,95.939852,211.851835,1547.923772,1.000000,3207.331766,2473.148242,3046.329842,3629.733148,32.399455,37.117247,130.832780,120.427637,23.614228,951.491719,0.696970,0.339629,0.000000,0.000000,0.000000,0.000000
39,78000,-0.164542,312.025967,1.655959,-299.9030,0.000000,50.6286,0.000000,0.1,4.3,577,0,577,0,0.0000,2.8800,1731,0,8,0,8,1731,0.800000,0.850196,0.004622,0.004622,0.000000,0,paper_literal_eq15_eq20_joint_v3,paper_joint,paper_fixed_v1,paper,0.000000,paper_eq9,vanilla_mappo_paper_env_v2,tanh_squashed_normal_v1,eq17_engineering_thresholds_unbounded_tail_v2,"{""d_att_max_m"":null,""h_adv_m"":5000.0,""h_att_m"":2000.0,""h_max_m"":10000.0,""h_min_m"":0.0,""high_altitude_tail"":0.1,""version"":""eq17_engineering_thresholds_unbounded_tail_v2""}",-0.074964,-0.024988,-0.029378,-0.009793,6.467127,2.155709,0.000000,0.000000,0.000000,0.000000,-219.865806,-73.288602,-86.400000,0.422815,0.411205,0.436386,-0.861120,15,798,1,38,152671,54201,19272,99357,74703,15673,631,54092,0,16,0,0,1,54,0.066667,0.047619,0.000098,0.008032,2876.732968,2876.732968,2876.732968,2876.732968,42.437363,42.437363,126.404693,126.404693,172.523229,1848.399124,1.000000,2897.547424,2006.474092,2623.525508,3650.822476,34.119500,38.483925,124.144945,108.520222,47.703608,914.744233,0.769231,0.338127,0.000000,0.000000,0.000000,0.000000
40,80000,-0.150124,374.494601,1.686566,-295.3762,0.000000,49.4584,0.000000,0.1,4.4,588,0,588,0,0.0000,2.8800,1763,1,9,0,9,1763,0.900000,0.848820,0.005102,0.005105,0.000000,0,paper_literal_eq15_eq20_joint_v3,paper_joint,paper_fixed_v1,paper,0.000000,paper_eq9,vanilla_mappo_paper_env_v2,tanh_squashed_normal_v1,eq17_engineering_thresholds_unbounded_tail_v2,"{""d_att_max_m"":null,""h_adv_m"":5000.0,""h_att_m"":2000.0,""h_max_m"":10000.0,""h_min_m"":0.0,""high_altitude_tail"":0.1,""version"":""eq17_engineering_thresholds_unbounded_tail_v2""}",-0.111922,-0.037307,-0.036630,-0.012210,6.123920,2.041307,0.000000,0.000000,0.000000,0.000000,-214.951549,-71.650516,-86.400000,0.426391,0.414580,0.440774,-0.852720,0,836,0,41,152850,56383,20025,99075,76312,14479,0,53822,0,15,0,0,0,56,0.000000,0.049043,0.000000,0.008438,0.000000,0.000000,0.000000,0.000000,0.000000,0.000000,0.000000,0.000000,0.000000,0.000000,0.000000,2999.386933,2219.147738,2719.340116,3830.454020,32.234300,34.477913,121.017791,99.438073,60.729784,1054.543826,0.681818,0.345239,0.000000,0.000000,0.000000,0.000000
41,82000,-0.111175,271.422673,1.711007,-297.1955,0.000000,50.9868,0.000000,0.1,4.3,597,0,597,0,0.0000,2.8800,1790,1,9,0,9,1790,0.900000,0.848341,0.005025,0.005028,0.000000,0,paper_literal_eq15_eq20_joint_v3,paper_joint,paper_fixed_v1,paper,0.000000,paper_eq9,vanilla_mappo_paper_env_v2,tanh_squashed_normal_v1,eq17_engineering_thresholds_unbounded_tail_v2,"{""d_att_max_m"":null,""h_adv_m"":5000.0,""h_att_m"":2000.0,""h_max_m"":10000.0,""h_min_m"":0.0,""high_altitude_tail"":0.1,""version"":""eq17_engineering_thresholds_unbounded_tail_v2""}",-0.127251,-0.042417,-0.038917,-0.012972,5.555201,1.851734,0.000000,0.000000,0.000000,0.000000,-216.184554,-72.061518,-86.400000,0.429903,0.417017,0.444873,-0.844550,0,779,0,33,151508,59615,15324,101806,80896,12064,0,49702,0,13,0,0,0,46,0.000000,0.042362,0.000000,0.007652,0.000000,0.000000,0.000000,0.000000,0.000000,0.000000,0.000000,0.000000,0.000000,0.000000,0.000000,2855.192828,2113.321931,2439.586564,3394.015047,33.552394,36.838126,124.619670,114.637779,47.020353,1126.403929,0.735294,0.352064,0.000000,0.000000,0.000000,0.000000
42,84000,-0.143575,366.543423,1.734677,-296.5513,0.000000,53.2289,0.000000,0.1,4.3,607,0,607,0,0.0000,2.9000,1820,1,9,0,9,1820,0.900000,0.846118,0.004942,0.004945,0.000000,0,paper_literal_eq15_eq20_joint_v3,paper_joint,paper_fixed_v1,paper,0.000000,paper_eq9,vanilla_mappo_paper_env_v2,tanh_squashed_normal_v1,eq17_engineering_thresholds_unbounded_tail_v2,"{""d_att_max_m"":null,""h_adv_m"":5000.0,""h_att_m"":2000.0,""h_max_m"":10000.0,""h_min_m"":0.0,""high_altitude_tail"":0.1,""version"":""eq17_engineering_thresholds_unbounded_tail_v2""}",-0.119356,-0.039785,-0.039751,-0.013250,4.968311,1.656104,0.000000,0.000000,0.000000,0.000000,-214.360497,-71.453499,-87.000000,0.433102,0.422519,0.447745,-0.837084,7,985,0,41,157400,56989,18645,100241,75194,20828,0,57159,0,22,0,0,0,63,0.000000,0.041624,0.000044,0.009826,0.000000,0.000000,0.000000,0.000000,0.000000,0.000000,0.000000,0.000000,0.000000,0.000000,0.000000,2879.702871,2163.085968,2515.046245,3218.381363,33.178168,37.611952,139.635596,152.488450,-1.855818,1140.517079,0.619048,0.360608,0.000000,0.000000,0.000000,0.000000
43,86000,-0.119813,280.299979,1.760425,-301.4697,0.000000,56.2102,0.000000,0.1,4.3,614,0,614,0,0.0000,2.9200,1841,1,9,0,9,1841,0.900000,0.840639,0.004886,0.004889,0.000000,0,paper_literal_eq15_eq20_joint_v3,paper_joint,paper_fixed_v1,paper,0.000000,paper_eq9,vanilla_mappo_paper_env_v2,tanh_squashed_normal_v1,eq17_engineering_thresholds_unbounded_tail_v2,"{""d_att_max_m"":null,""h_adv_m"":5000.0,""h_att_m"":2000.0,""h_max_m"":10000.0,""h_min_m"":0.0,""high_altitude_tail"":0.1,""version"":""eq17_engineering_thresholds_unbounded_tail_v2""}",-0.126369,-0.042123,-0.040894,-0.013631,4.262976,1.420992,0.000000,0.000000,0.000000,0.000000,-217.965487,-72.655162,-87.600000,0.437165,0.426490,0.451256,-0.827725,0,892,0,39,158602,59166,17388,104342,81438,15920,0,54260,0,34,0,0,0,73,0.000000,0.043722,0.000000,0.008549,0.000000,0.000000,0.000000,0.000000,0.000000,0.000000,0.000000,0.000000,0.000000,0.000000,0.000000,3010.158287,2426.288053,2834.373335,3328.576472,32.149110,35.650491,129.285470,130.041639,29.631766,1337.548555,0.666667,0.359643,0.000000,0.000000,0.000000,0.000000
44,88000,-0.114267,270.416893,1.783273,-311.8008,0.000000,55.1369,0.000000,0.0,4.3,624,0,624,0,0.0000,2.9600,1871,1,10,0,10,1871,0.833333,0.841655,0.005342,0.005345,0.000000,0,paper_literal_eq15_eq20_joint_v3,paper_joint,paper_fixed_v1,paper,0.000000,paper_eq9,vanilla_mappo_paper_env_v2,tanh_squashed_normal_v1,eq17_engineering_thresholds_unbounded_tail_v2,"{""d_att_max_m"":null,""h_adv_m"":5000.0,""h_att_m"":2000.0,""h_max_m"":10000.0,""h_min_m"":0.0,""high_altitude_tail"":0.1,""version"":""eq17_engineering_thresholds_unbounded_tail_v2""}",-0.140431,-0.046810,-0.042396,-0.014132,4.292657,1.430886,0.000000,0.000000,0.000000,0.000000,-227.110618,-75.703539,-88.800000,0.439780,0.428119,0.453324,-0.821757,30,673,2,33,156816,60086,18109,109512,85886,15532,762,48066,0,5,0,0,2,38,0.066667,0.049034,0.000191,0.006145,1326.431804,1170.168116,1326.431804,1482.695492,37.177118,37.177118,109.440519,109.440519,228.809619,680.217594,1.000000,2768.476910,2178.184938,2772.453357,3044.131667,31.955846,35.462088,116.342092,100.209198,51.094136,1197.776226,0.833333,0.363986,0.000000,0.000000,0.000000,0.000000
45,90000,-0.096361,274.258649,1.809588,-320.3327,0.000000,46.1856,0.000000,0.0,4.2,631,0,631,0,0.0000,2.9600,1890,3,11,0,11,1890,0.916667,0.832966,0.005811,0.005820,0.000000,0,paper_literal_eq15_eq20_joint_v3,paper_joint,paper_fixed_v1,paper,0.000000,paper_eq9,vanilla_mappo_paper_env_v2,tanh_squashed_normal_v1,eq17_engineering_thresholds_unbounded_tail_v2,"{""d_att_max_m"":null,""h_adv_m"":5000.0,""h_att_m"":2000.0,""h_max_m"":10000.0,""h_min_m"":0.0,""high_altitude_tail"":0.1,""version"":""eq17_engineering_thresholds_unbounded_tail_v2""}",-0.162548,-0.054183,-0.045555,-0.015185,3.560473,1.186824,0.000000,0.000000,0.000000,0.000000,-234.885088,-78.295029,-88.800000,0.444932,0.434658,0.457396,-0.810057,0,997,0,46,144946,46338,14951,90237,73391,10033,0,54709,0,15,0,0,0,61,0.000000,0.046138,0.000000,0.011049,0.000000,0.000000,0.000000,0.000000,0.000000,0.000000,0.000000,0.000000,0.000000,0.000000,0.000000,2591.153619,1981.365285,2330.624105,2932.062122,31.046432,33.246792,126.586767,109.781659,43.828321,1259.639465,0.589744,0.360281,0.000000,0.000000,0.000000,0.000000
46,92000,-0.065778,196.740080,1.844279,-324.8381,0.000000,49.7800,0.000000,0.0,4.3,638,0,638,0,0.0000,2.9600,1911,3,11,0,11,1911,0.916667,0.826557,0.005747,0.005756,0.000000,0,paper_literal_eq15_eq20_joint_v3,paper_joint,paper_fixed_v1,paper,0.000000,paper_eq9,vanilla_mappo_paper_env_v2,tanh_squashed_normal_v1,eq17_engineering_thresholds_unbounded_tail_v2,"{""d_att_max_m"":null,""h_adv_m"":5000.0,""h_att_m"":2000.0,""h_max_m"":10000.0,""h_min_m"":0.0,""high_altitude_tail"":0.1,""version"":""eq17_engineering_thresholds_unbounded_tail_v2""}",-0.136085,-0.045362,-0.045059,-0.015020,3.521984,1.173995,0.000000,0.000000,0.000000,0.000000,-239.378944,-79.792981,-88.800000,0.449834,0.438161,0.463247,-0.799139,0,1184,0,43,143014,42873,16030,79242,59676,13170,0,63772,0,3,0,0,0,46,0.000000,0.036318,0.000000,0.014942,0.000000,0.000000,0.000000,0.000000,0.000000,0.000000,0.000000,0.000000,0.000000,0.000000,0.000000,3021.078647,2310.312898,2875.823736,3291.859683,32.047957,35.615398,138.549640,146.091623,1.394086,1540.634136,0.488372,0.366422,0.000000,0.000000,0.000000,0.000000
47,94000,-0.168674,326.932602,1.868397,-330.1371,0.000000,49.2881,0.000000,0.0,4.6,647,0,647,0,0.0000,2.9600,1938,3,11,0,11,1938,0.916667,0.826439,0.005667,0.005676,0.000000,0,paper_literal_eq15_eq20_joint_v3,paper_joint,paper_fixed_v1,paper,0.000000,paper_eq9,vanilla_mappo_paper_env_v2,tanh_squashed_normal_v1,eq17_engineering_thresholds_unbounded_tail_v2,"{""d_att_max_m"":null,""h_adv_m"":5000.0,""h_att_m"":2000.0,""h_max_m"":10000.0,""h_min_m"":0.0,""high_altitude_tail"":0.1,""version"":""eq17_engineering_thresholds_unbounded_tail_v2""}",-0.139948,-0.046649,-0.046889,-0.015630,4.520546,1.506849,0.000000,0.000000,0.000000,0.000000,-245.670805,-81.890268,-88.800000,0.452160,0.439758,0.464857,-0.793977,7,831,0,33,151686,55286,17853,99783,74442,15104,0,51903,0,0,0,0,0,33,0.000000,0.039711,0.000046,0.008328,0.000000,0.000000,0.000000,0.000000,0.000000,0.000000,0.000000,0.000000,0.000000,0.000000,0.000000,3300.841351,2647.483984,2957.090052,4023.851088,29.451620,33.302157,134.185006,137.971015,42.972833,1324.985637,0.648649,0.369772,0.000000,0.000000,0.000000,0.000000
48,96000,-0.172104,283.870923,1.881737,-334.1211,0.000000,64.0732,0.000000,0.0,4.8,654,0,654,0,0.0000,2.9600,1958,4,11,0,11,1958,0.916667,0.821653,0.005607,0.005618,0.000000,0,paper_literal_eq15_eq20_joint_v3,paper_joint,paper_fixed_v1,paper,0.000000,paper_eq9,vanilla_mappo_paper_env_v2,tanh_squashed_normal_v1,eq17_engineering_thresholds_unbounded_tail_v2,"{""d_att_max_m"":null,""h_adv_m"":5000.0,""h_att_m"":2000.0,""h_max_m"":10000.0,""h_min_m"":0.0,""high_altitude_tail"":0.1,""version"":""eq17_engineering_thresholds_unbounded_tail_v2""}",-0.169296,-0.056432,-0.047834,-0.015945,5.358460,1.786153,0.000000,0.000000,0.000000,0.000000,-250.462452,-83.487484,-88.800000,0.454039,0.442427,0.467855,-0.789839,2,1052,0,38,140440,43566,15559,81835,59847,16205,0,58605,0,0,0,0,0,38,0.000000,0.036122,0.000014,0.012855,0.000000,0.000000,0.000000,0.000000,0.000000,0.000000,0.000000,0.000000,0.000000,0.000000,0.000000,3415.194463,2338.418405,2985.019636,4456.830595,29.161305,28.631140,138.522995,155.860334,-1.684533,1228.672034,0.513514,0.376584,0.000000,0.000000,0.000000,0.000000
49,98000,-0.097186,290.289899,1.901364,-332.6766,0.000000,63.2413,0.000000,0.0,4.8,662,0,662,0,0.0000,2.9600,1979,7,11,0,11,1979,0.785714,0.817431,0.005539,0.005558,0.000000,0,paper_literal_eq15_eq20_joint_v3,paper_joint,paper_fixed_v1,paper,0.000000,paper_eq9,vanilla_mappo_paper_env_v2,tanh_squashed_normal_v1,eq17_engineering_thresholds_unbounded_tail_v2,"{""d_att_max_m"":null,""h_adv_m"":5000.0,""h_att_m"":2000.0,""h_max_m"":10000.0,""h_min_m"":0.0,""high_altitude_tail"":0.1,""version"":""eq17_engineering_thresholds_unbounded_tail_v2""}",-0.196890,-0.065630,-0.049180,-0.016393,6.057528,2.019176,0.000000,0.000000,0.000000,0.000000,-249.687997,-83.229332,-88.800000,0.458513,0.447663,0.472148,-0.780011,30,936,2,38,160565,59365,21877,106285,80798,16836,955,55235,0,18,0,0,2,56,0.066667,0.040598,0.000187,0.008807,2161.064464,2133.712712,2161.064464,2188.416217,43.464426,43.464426,121.732723,121.732723,244.601775,1758.023086,0.000000,3172.743845,2393.998114,2811.547245,3515.892789,30.916965,36.955890,140.434667,145.547974,-22.783660,1664.188661,0.486486,0.374037,0.000000,0.000000,0.000000,0.000000
50,100000,-0.129638,231.236035,1.933558,-335.3541,0.000000,69.6707,0.000000,0.1,4.9,668,0,668,0,0.0000,2.9200,1997,7,13,0,13,1997,0.928571,0.813111,0.006487,0.006510,0.000000,0,paper_literal_eq15_eq20_joint_v3,paper_joint,paper_fixed_v1,paper,0.000000,paper_eq9,vanilla_mappo_paper_env_v2,tanh_squashed_normal_v1,eq17_engineering_thresholds_unbounded_tail_v2,"{""d_att_max_m"":null,""h_adv_m"":5000.0,""h_att_m"":2000.0,""h_max_m"":10000.0,""h_min_m"":0.0,""high_altitude_tail"":0.1,""version"":""eq17_engineering_thresholds_unbounded_tail_v2""}",-0.197984,-0.065995,-0.052482,-0.017494,5.879935,1.959978,0.000000,0.000000,0.000000,0.000000,-253.383526,-84.461175,-87.600000,0.463175,0.452995,0.477329,-0.769898,0,741,0,35,145726,45320,24605,93484,64087,20454,465,54598,0,20,0,0,0,55,0.000000,0.047233,0.000000,0.007926,0.000000,0.000000,0.000000,0.000000,0.000000,0.000000,0.000000,0.000000,0.000000,0.000000,1.000000,2906.999150,1996.162538,2659.827399,3881.522795,29.456578,35.827803,139.648470,147.320839,-1.639422,1320.491202,0.611111,0.377524,0.000000,0.000000,0.000000,0.000000
51,102000,-0.132507,317.425317,1.961345,-343.1304,0.000000,70.6349,0.000000,0.0,5.2,676,0,676,0,0.0000,2.9600,2020,8,13,0,13,2020,0.928571,0.809619,0.006410,0.006436,0.000000,0,paper_literal_eq15_eq20_joint_v3,paper_joint,paper_fixed_v1,paper,0.000000,paper_eq9,vanilla_mappo_paper_env_v2,tanh_squashed_normal_v1,eq17_engineering_thresholds_unbounded_tail_v2,"{""d_att_max_m"":null,""h_adv_m"":5000.0,""h_att_m"":2000.0,""h_max_m"":10000.0,""h_min_m"":0.0,""high_altitude_tail"":0.1,""version"":""eq17_engineering_thresholds_unbounded_tail_v2""}",-0.223011,-0.074337,-0.057884,-0.019295,7.017436,2.339145,0.000000,0.000000,0.000000,0.000000,-261.066906,-87.022302,-88.800000,0.467321,0.459382,0.479598,-0.760914,0,977,0,39,152074,48616,16086,93106,72248,16967,0,58968,0,10,0,0,0,49,0.000000,0.039918,0.000000,0.010493,0.000000,0.000000,0.000000,0.000000,0.000000,0.000000,0.000000,0.000000,0.000000,0.000000,0.000000,3023.208685,2165.817381,2795.726234,3326.277277,31.433161,37.722998,133.228456,132.298097,5.959333,1563.553880,0.625000,0.379620,0.000000,0.000000,0.000000,0.000000
52,104000,-0.136704,213.330634,1.987659,-348.3191,0.000000,75.4042,0.000000,0.0,5.3,684,0,684,0,0.0000,2.9600,2043,9,13,0,13,2043,0.928571,0.804965,0.006335,0.006363,0.000000,0,paper_literal_eq15_eq20_joint_v3,paper_joint,paper_fixed_v1,paper,0.000000,paper_eq9,vanilla_mappo_paper_env_v2,tanh_squashed_normal_v1,eq17_engineering_thresholds_unbounded_tail_v2,"{""d_att_max_m"":null,""h_adv_m"":5000.0,""h_att_m"":2000.0,""h_max_m"":10000.0,""h_min_m"":0.0,""high_altitude_tail"":0.1,""version"":""eq17_engineering_thresholds_unbounded_tail_v2""}",-0.235908,-0.078636,-0.060474,-0.020158,7.685483,2.561828,0.000000,0.000000,0.000000,0.000000,-266.908202,-88.969401,-88.800000,0.471403,0.462586,0.482795,-0.752203,0,1079,0,43,146601,50477,17336,81996,66351,13120,0,66208,0,0,0,0,0,43,0.000000,0.039852,0.000000,0.013159,0.000000,0.000000,0.000000,0.000000,0.000000,0.000000,0.000000,0.000000,0.000000,0.000000,0.000000,3057.716469,2595.198540,3097.766118,3717.504464,28.852637,32.294932,140.707854,152.989957,5.002737,1038.239234,0.465116,0.380355,0.000000,0.000000,0.000000,0.000000
53,106000,-0.233922,196.304411,2.007228,-352.9261,0.000000,75.5574,0.000000,0.0,5.3,691,0,691,0,0.0000,2.9600,2064,9,13,0,13,2064,0.928571,0.800000,0.006271,0.006298,0.000000,0,paper_literal_eq15_eq20_joint_v3,paper_joint,paper_fixed_v1,paper,0.000000,paper_eq9,vanilla_mappo_paper_env_v2,tanh_squashed_normal_v1,eq17_engineering_thresholds_unbounded_tail_v2,"{""d_att_max_m"":null,""h_adv_m"":5000.0,""h_att_m"":2000.0,""h_max_m"":10000.0,""h_min_m"":0.0,""high_altitude_tail"":0.1,""version"":""eq17_engineering_thresholds_unbounded_tail_v2""}",-0.262731,-0.087577,-0.064659,-0.021553,7.990659,2.663553,0.000000,0.000000,0.000000,0.000000,-271.789355,-90.596452,-88.800000,0.473254,0.464908,0.484554,-0.748276,0,1082,0,42,143691,42773,19908,81316,59904,17959,0,65014,0,15,0,0,0,57,0.000000,0.038817,0.000000,0.013306,0.000000,0.000000,0.000000,0.000000,0.000000,0.000000,0.000000,0.000000,0.000000,0.000000,0.000000,3115.818415,2419.242707,2951.586256,3766.837328,31.871029,35.797244,139.656091,144.743959,-9.182798,1634.208380,0.487805,0.391204,0.000000,0.000000,0.000000,0.000000
54,108000,-0.225414,185.558180,2.019719,-356.4144,0.000000,81.3582,0.000000,0.0,5.2,696,0,696,0,0.0000,2.9600,2078,10,13,0,13,2078,0.928571,0.794343,0.006226,0.006256,0.000000,0,paper_literal_eq15_eq20_joint_v3,paper_joint,paper_fixed_v1,paper,0.000000,paper_eq9,vanilla_mappo_paper_env_v2,tanh_squashed_normal_v1,eq17_engineering_thresholds_unbounded_tail_v2,"{""d_att_max_m"":null,""h_adv_m"":5000.0,""h_att_m"":2000.0,""h_max_m"":10000.0,""h_min_m"":0.0,""high_altitude_tail"":0.1,""version"":""eq17_engineering_thresholds_unbounded_tail_v2""}",-0.257401,-0.085800,-0.067515,-0.022505,7.230424,2.410141,0.000000,0.000000,0.000000,0.000000,-274.519950,-91.506650,-88.800000,0.475498,0.466216,0.488317,-0.743586,0,985,0,36,148131,45500,16668,83746,63769,15402,0,64385,0,19,0,0,0,55,0.000000,0.036548,0.000000,0.011762,0.000000,0.000000,0.000000,0.000000,0.000000,0.000000,0.000000,0.000000,0.000000,0.000000,0.000000,3821.207494,2646.382023,3380.794937,4417.276580,26.169959,30.300273,147.164915,157.155216,-4.468478,1498.158564,0.457143,0.382459,0.000000,0.000000,0.000000,0.000000
55,110000,-0.221069,147.537779,2.036644,-367.6206,0.000000,88.7332,0.000000,0.0,5.5,701,0,701,0,0.0000,2.9600,2092,11,13,0,13,2092,0.928571,0.791525,0.006182,0.006214,0.000000,0,paper_literal_eq15_eq20_joint_v3,paper_joint,paper_fixed_v1,paper,0.000000,paper_eq9,vanilla_mappo_paper_env_v2,tanh_squashed_normal_v1,eq17_engineering_thresholds_unbounded_tail_v2,"{""d_att_max_m"":null,""h_adv_m"":5000.0,""h_att_m"":2000.0,""h_max_m"":10000.0,""h_min_m"":0.0,""high_altitude_tail"":0.1,""version"":""eq17_engineering_thresholds_unbounded_tail_v2""}",-0.265710,-0.088570,-0.073983,-0.024661,7.666543,2.555514,0.000000,0.000000,0.000000,0.000000,-286.147445,-95.382482,-88.800000,0.478726,0.468688,0.491122,-0.736814,0,665,0,27,132235,36386,15890,69072,50699,14348,0,63163,0,15,0,0,0,42,0.000000,0.040602,0.000000,0.009628,0.000000,0.000000,0.000000,0.000000,0.000000,0.000000,0.000000,0.000000,0.000000,0.000000,0.000000,3465.019121,2497.280679,3460.596423,3765.284065,26.409755,28.377532,146.296791,155.467609,-15.699196,1473.784164,0.482759,0.394213,0.000000,0.000000,0.000000,0.000000
56,112000,-0.031565,159.228809,2.057166,-372.3623,0.000000,90.2556,0.000000,0.0,5.5,708,0,708,0,0.0000,2.9600,2113,11,13,0,13,2113,0.928571,0.786672,0.006121,0.006152,0.000000,0,paper_literal_eq15_eq20_joint_v3,paper_joint,paper_fixed_v1,paper,0.000000,paper_eq9,vanilla_mappo_paper_env_v2,tanh_squashed_normal_v1,eq17_engineering_thresholds_unbounded_tail_v2,"{""d_att_max_m"":null,""h_adv_m"":5000.0,""h_att_m"":2000.0,""h_max_m"":10000.0,""h_min_m"":0.0,""high_altitude_tail"":0.1,""version"":""eq17_engineering_thresholds_unbounded_tail_v2""}",-0.251665,-0.083888,-0.076769,-0.025590,9.489161,3.163054,0.000000,0.000000,0.000000,0.000000,-292.722982,-97.574327,-88.800000,0.482283,0.473228,0.494088,-0.729388,0,1031,0,43,152893,41510,20202,85336,61009,21801,0,67557,0,0,0,0,0,43,0.000000,0.041707,0.000000,0.012082,0.000000,0.000000,0.000000,0.000000,0.000000,0.000000,0.000000,0.000000,0.000000,0.000000,0.000000,3478.926759,2451.836086,3074.682249,3878.258705,29.491319,35.395687,142.426222,149.869984,-9.109278,1528.808415,0.583333,0.392165,0.000000,0.000000,0.000000,0.000000
57,114000,-0.070680,124.926054,2.082727,-371.2341,0.000000,87.3782,0.000000,0.0,5.5,716,0,716,0,0.0000,3.0000,2137,11,13,0,13,2137,0.928571,0.786240,0.006052,0.006083,0.000000,0,paper_literal_eq15_eq20_joint_v3,paper_joint,paper_fixed_v1,paper,0.000000,paper_eq9,vanilla_mappo_paper_env_v2,tanh_squashed_normal_v1,eq17_engineering_thresholds_unbounded_tail_v2,"{""d_att_max_m"":null,""h_adv_m"":5000.0,""h_att_m"":2000.0,""h_max_m"":10000.0,""h_min_m"":0.0,""high_altitude_tail"":0.1,""version"":""eq17_engineering_thresholds_unbounded_tail_v2""}",-0.258293,-0.086098,-0.078868,-0.026289,9.413336,3.137779,0.000000,0.000000,0.000000,0.000000,-290.310225,-96.770075,-90.000000,0.486578,0.478324,0.498158,-0.720506,0,896,0,32,142879,47303,7443,78127,68290,7118,0,64752,0,8,0,0,0,40,0.000000,0.035714,0.000000,0.011469,0.000000,0.000000,0.000000,0.000000,0.000000,0.000000,0.000000,0.000000,0.000000,0.000000,0.000000,3202.166151,2489.424560,2943.923255,3497.858725,25.014506,25.129282,149.783211,163.596136,-1.136239,1375.263978,0.512195,0.392116,0.000000,0.000000,0.000000,0.000000
58,116000,-0.228896,130.928651,2.105716,-378.2951,0.000000,88.8262,0.000000,0.0,5.8,723,0,723,0,0.0000,3.0000,2158,11,13,0,13,2158,0.928571,0.783588,0.005994,0.006024,0.000000,0,paper_literal_eq15_eq20_joint_v3,paper_joint,paper_fixed_v1,paper,0.000000,paper_eq9,vanilla_mappo_paper_env_v2,tanh_squashed_normal_v1,eq17_engineering_thresholds_unbounded_tail_v2,"{""d_att_max_m"":null,""h_adv_m"":5000.0,""h_att_m"":2000.0,""h_max_m"":10000.0,""h_min_m"":0.0,""high_altitude_tail"":0.1,""version"":""eq17_engineering_thresholds_unbounded_tail_v2""}",-0.261258,-0.087086,-0.080141,-0.026714,11.603818,3.867939,0.000000,0.000000,0.000000,0.000000,-299.557447,-99.852482,-90.000000,0.489777,0.480958,0.501877,-0.713967,0,952,0,36,136407,31975,18639,67479,44220,17752,0,68928,0,25,0,0,0,61,0.000000,0.037815,0.000000,0.014108,0.000000,0.000000,0.000000,0.000000,0.000000,0.000000,0.000000,0.000000,0.000000,0.000000,0.000000,3542.365652,2597.748755,3128.036545,4612.979897,29.637189,37.491988,145.944975,153.543963,-23.700295,1578.045600,0.487179,0.394198,0.000000,0.000000,0.000000,0.000000
59,118000,-0.088907,180.917340,2.131640,-373.1646,0.000000,88.7463,0.000000,0.0,5.8,729,0,729,0,0.0000,3.0000,2174,13,13,0,13,2174,0.928571,0.777261,0.005944,0.005980,0.000000,0,paper_literal_eq15_eq20_joint_v3,paper_joint,paper_fixed_v1,paper,0.000000,paper_eq9,vanilla_mappo_paper_env_v2,tanh_squashed_normal_v1,eq17_engineering_thresholds_unbounded_tail_v2,"{""d_att_max_m"":null,""h_adv_m"":5000.0,""h_att_m"":2000.0,""h_max_m"":10000.0,""h_min_m"":0.0,""high_altitude_tail"":0.1,""version"":""eq17_engineering_thresholds_unbounded_tail_v2""}",-0.293166,-0.097722,-0.084385,-0.028128,11.493244,3.831081,0.000000,0.000000,0.000000,0.000000,-294.280282,-98.093427,-90.000000,0.495362,0.485259,0.506958,-0.702628,0,1000,0,43,172318,47433,23079,97902,69535,22294,0,74492,0,29,0,0,0,72,0.000000,0.043000,0.000000,0.010214,0.000000,0.000000,0.000000,0.000000,0.000000,0.000000,0.000000,0.000000,0.000000,0.000000,0.000000,3174.001835,2416.346306,3010.226431,3899.079468,33.432503,40.819820,145.542034,156.634509,-34.146113,1316.455744,0.473684,0.396007,0.000000,0.000000,0.000000,0.000000
60,120000,-0.153911,146.346913,2.159596,-374.1865,0.000000,87.5512,0.000000,0.0,5.7,733,0,733,0,0.0000,3.0000,2186,13,13,0,13,2186,0.928571,0.771893,0.005912,0.005947,0.000000,0,paper_literal_eq15_eq20_joint_v3,paper_joint,paper_fixed_v1,paper,0.000000,paper_eq9,vanilla_mappo_paper_env_v2,tanh_squashed_normal_v1,eq17_engineering_thresholds_unbounded_tail_v2,"{""d_att_max_m"":null,""h_adv_m"":5000.0,""h_att_m"":2000.0,""h_max_m"":10000.0,""h_min_m"":0.0,""high_altitude_tail"":0.1,""version"":""eq17_engineering_thresholds_unbounded_tail_v2""}",-0.301199,-0.100400,-0.086535,-0.028845,12.553836,4.184612,0.000000,0.000000,0.000000,0.000000,-296.352542,-98.784181,-90.000000,0.498632,0.489429,0.510483,-0.696043,0,786,0,35,127614,24810,11487,59337,42541,12725,0,68277,0,4,0,0,0,39,0.000000,0.044529,0.000000,0.013246,0.000000,0.000000,0.000000,0.000000,0.000000,0.000000,0.000000,0.000000,0.000000,0.000000,0.000000,3543.249176,2571.245464,3192.091331,4062.741223,31.070964,34.824239,141.003828,153.342239,-1.719329,1835.445664,0.470588,0.401393,0.000000,0.000000,0.000000,0.000000
61,122000,-0.160267,161.535344,2.179432,-383.9208,0.000000,87.3344,0.000000,0.0,5.8,738,0,738,0,0.0000,3.0000,2201,13,13,0,13,2201,0.928571,0.764502,0.005872,0.005906,0.000000,0,paper_literal_eq15_eq20_joint_v3,paper_joint,paper_fixed_v1,paper,0.000000,paper_eq9,vanilla_mappo_paper_env_v2,tanh_squashed_normal_v1,eq17_engineering_thresholds_unbounded_tail_v2,"{""d_att_max_m"":null,""h_adv_m"":5000.0,""h_att_m"":2000.0,""h_max_m"":10000.0,""h_min_m"":0.0,""high_altitude_tail"":0.1,""version"":""eq17_engineering_thresholds_unbounded_tail_v2""}",-0.284581,-0.094860,-0.086874,-0.028958,12.545507,4.181836,0.000000,0.000000,0.000000,0.000000,-306.094799,-102.031600,-90.000000,0.502243,0.492899,0.516150,-0.688870,0,1148,0,47,156172,40410,22578,82581,57431,19992,0,73591,0,1,0,0,0,48,0.000000,0.040941,0.000000,0.013902,0.000000,0.000000,0.000000,0.000000,0.000000,0.000000,0.000000,0.000000,0.000000,0.000000,0.000000,3708.967685,2664.815038,3039.982134,4036.275745,25.176920,24.071367,154.505454,160.549059,-39.010337,1425.210063,0.340909,0.406872,0.000000,0.000000,0.000000,0.000000
62,124000,-0.073499,158.435724,2.203145,-377.8280,0.000000,84.4108,0.000000,0.0,6.0,744,0,744,0,0.0000,3.0000,2218,14,13,0,13,2218,0.812500,0.760370,0.005824,0.005861,0.000000,0,paper_literal_eq15_eq20_joint_v3,paper_joint,paper_fixed_v1,paper,0.000000,paper_eq9,vanilla_mappo_paper_env_v2,tanh_squashed_normal_v1,eq17_engineering_thresholds_unbounded_tail_v2,"{""d_att_max_m"":null,""h_adv_m"":5000.0,""h_att_m"":2000.0,""h_max_m"":10000.0,""h_min_m"":0.0,""high_altitude_tail"":0.1,""version"":""eq17_engineering_thresholds_unbounded_tail_v2""}",-0.312976,-0.104325,-0.089574,-0.029858,13.888904,4.629635,0.000000,0.000000,0.000000,0.000000,-301.314341,-100.438114,-90.000000,0.506439,0.496814,0.520054,-0.680541,30,862,2,38,156607,46091,23873,94315,65383,20708,2286,65468,0,10,0,0,2,48,0.066667,0.044084,0.000192,0.009140,3919.802353,3868.085221,3919.802353,3971.519486,43.769155,43.769155,116.650726,116.650726,120.882506,2679.112708,1.000000,3611.595057,2699.068173,3204.838607,4004.540759,30.370272,36.731455,143.102180,151.061128,-7.352773,1905.388178,0.487179,0.410609,0.000000,0.000000,0.000000,0.000000
63,126000,-0.105488,119.238657,2.224279,-372.7785,0.000000,75.9439,0.000000,0.0,6.1,751,0,751,0,0.0000,2.9800,2238,15,14,0,14,2238,0.875000,0.757873,0.006214,0.006256,0.000000,0,paper_literal_eq15_eq20_joint_v3,paper_joint,paper_fixed_v1,paper,0.000000,paper_eq9,vanilla_mappo_paper_env_v2,tanh_squashed_normal_v1,eq17_engineering_thresholds_unbounded_tail_v2,"{""d_att_max_m"":null,""h_adv_m"":5000.0,""h_att_m"":2000.0,""h_max_m"":10000.0,""h_min_m"":0.0,""high_altitude_tail"":0.1,""version"":""eq17_engineering_thresholds_unbounded_tail_v2""}",-0.346913,-0.115638,-0.090749,-0.030250,15.224685,5.074895,0.000000,0.000000,0.000000,0.000000,-298.165421,-99.388474,-89.400000,0.509547,0.499075,0.522554,-0.674416,0,912,0,36,148706,45627,16767,82530,62722,14453,0,66176,0,0,0,0,0,36,0.000000,0.039474,0.000000,0.011051,0.000000,0.000000,0.000000,0.000000,0.000000,0.000000,0.000000,0.000000,0.000000,0.000000,0.000000,3200.431027,2494.328158,3094.194570,3644.762693,29.888115,35.534189,147.920507,152.065439,-17.057272,1513.380200,0.472222,0.410146,0.000000,0.000000,0.000000,0.000000
64,128000,-0.146976,174.207155,2.245086,-370.1331,0.000000,65.8105,0.000000,0.0,6.1,758,0,758,0,0.0000,2.9800,2258,16,14,0,14,2258,0.875000,0.754931,0.006157,0.006200,0.000000,0,paper_literal_eq15_eq20_joint_v3,paper_joint,paper_fixed_v1,paper,0.000000,paper_eq9,vanilla_mappo_paper_env_v2,tanh_squashed_normal_v1,eq17_engineering_thresholds_unbounded_tail_v2,"{""d_att_max_m"":null,""h_adv_m"":5000.0,""h_att_m"":2000.0,""h_max_m"":10000.0,""h_min_m"":0.0,""high_altitude_tail"":0.1,""version"":""eq17_engineering_thresholds_unbounded_tail_v2""}",-0.396700,-0.132233,-0.094133,-0.031378,13.193955,4.397985,0.000000,0.000000,0.000000,0.000000,-293.436199,-97.812066,-89.400000,0.513522,0.501518,0.528739,-0.666705,0,1114,0,38,149506,41151,15251,84005,63250,16142,0,65501,0,1,0,0,0,39,0.000000,0.034111,0.000000,0.013261,0.000000,0.000000,0.000000,0.000000,0.000000,0.000000,0.000000,0.000000,0.000000,0.000000,0.000000,3487.992738,3015.475016,3381.584759,3926.511795,26.653142,24.309215,144.077695,145.812760,-29.699894,1487.164403,0.452381,0.411898,0.000000,0.000000,0.000000,0.000000
65,130000,-0.011585,111.608840,2.267602,-373.3825,0.000000,70.0318,0.000000,0.0,6.4,764,0,764,0,0.0000,2.9800,2275,17,14,0,14,2275,0.875000,0.751818,0.006108,0.006154,0.000000,0,paper_literal_eq15_eq20_joint_v3,paper_joint,paper_fixed_v1,paper,0.000000,paper_eq9,vanilla_mappo_paper_env_v2,tanh_squashed_normal_v1,eq17_engineering_thresholds_unbounded_tail_v2,"{""d_att_max_m"":null,""h_adv_m"":5000.0,""h_att_m"":2000.0,""h_max_m"":10000.0,""h_min_m"":0.0,""high_altitude_tail"":0.1,""version"":""eq17_engineering_thresholds_unbounded_tail_v2""}",-0.409999,-0.136666,-0.097065,-0.032355,14.406618,4.802206,0.000000,0.000000,0.000000,0.000000,-297.881960,-99.293987,-89.400000,0.517492,0.506125,0.532970,-0.659000,0,862,0,35,136744,32391,13265,72728,51235,17292,0,64016,0,0,0,0,0,35,0.000000,0.040603,0.000000,0.011852,0.000000,0.000000,0.000000,0.000000,0.000000,0.000000,0.000000,0.000000,0.000000,0.000000,0.000000,3540.226675,2736.199214,3384.632939,4133.464235,29.097715,32.916929,154.011841,167.975568,-27.620433,1922.114669,0.416667,0.421680,0.000000,0.000000,0.000000,0.000000
66,132000,-0.161408,152.151820,2.295157,-379.5128,0.000000,71.4956,0.000000,0.0,6.6,770,0,770,0,0.0000,2.9800,2291,19,14,0,14,2291,0.875000,0.746254,0.006061,0.006111,0.000000,0,paper_literal_eq15_eq20_joint_v3,paper_joint,paper_fixed_v1,paper,0.000000,paper_eq9,vanilla_mappo_paper_env_v2,tanh_squashed_normal_v1,eq17_engineering_thresholds_unbounded_tail_v2,"{""d_att_max_m"":null,""h_adv_m"":5000.0,""h_att_m"":2000.0,""h_max_m"":10000.0,""h_min_m"":0.0,""high_altitude_tail"":0.1,""version"":""eq17_engineering_thresholds_unbounded_tail_v2""}",-0.437088,-0.145696,-0.101557,-0.033852,14.883124,4.961041,0.000000,0.000000,0.000000,0.000000,-304.457210,-101.485737,-89.400000,0.522538,0.513633,0.537797,-0.649271,0,1101,0,44,158763,39706,21119,76939,53709,18855,0,81824,0,15,0,0,0,59,0.000000,0.039964,0.000000,0.014310,0.000000,0.000000,0.000000,0.000000,0.000000,0.000000,0.000000,0.000000,0.000000,0.000000,0.000000,4544.751754,3200.333678,3950.701480,5107.772372,26.994398,33.055168,146.419444,150.595677,-14.075631,1955.363791,0.333333,0.418264,0.000000,0.000000,0.000000,0.000000
67,134000,-0.179929,138.068600,2.321937,-374.8623,0.000000,71.4167,0.000000,0.1,6.4,776,0,776,0,0.0000,2.9800,2307,21,14,0,14,2307,0.823529,0.743235,0.006014,0.006068,0.000000,0,paper_literal_eq15_eq20_joint_v3,paper_joint,paper_fixed_v1,paper,0.000000,paper_eq9,vanilla_mappo_paper_env_v2,tanh_squashed_normal_v1,eq17_engineering_thresholds_unbounded_tail_v2,"{""d_att_max_m"":null,""h_adv_m"":5000.0,""h_att_m"":2000.0,""h_max_m"":10000.0,""h_min_m"":0.0,""high_altitude_tail"":0.1,""version"":""eq17_engineering_thresholds_unbounded_tail_v2""}",-0.445480,-0.148493,-0.104576,-0.034859,14.347825,4.782608,0.000000,0.000000,0.000000,0.000000,-299.259991,-99.753330,-89.400000,0.526740,0.516517,0.543452,-0.641302,15,811,1,34,145475,39613,26582,82829,60042,16181,843,69767,0,21,0,0,1,55,0.066667,0.041924,0.000103,0.009791,9954.521115,9954.521115,9954.521115,9954.521115,18.094583,18.094583,118.099084,118.099084,191.139511,4208.921494,0.000000,3616.459666,2405.290016,3148.247458,4087.897399,29.274661,36.465991,138.030110,142.676810,-28.760610,1570.026677,0.487179,0.418940,0.000000,0.000000,0.000000,0.000000
68,136000,-0.100911,122.184745,2.350618,-377.0931,0.000000,71.2863,0.000000,0.1,6.6,782,0,782,0,0.0000,2.9800,2323,23,14,0,14,2323,0.823529,0.738163,0.005968,0.006027,0.000000,0,paper_literal_eq15_eq20_joint_v3,paper_joint,paper_fixed_v1,paper,0.000000,paper_eq9,vanilla_mappo_paper_env_v2,tanh_squashed_normal_v1,eq17_engineering_thresholds_unbounded_tail_v2,"{""d_att_max_m"":null,""h_adv_m"":5000.0,""h_att_m"":2000.0,""h_max_m"":10000.0,""h_min_m"":0.0,""high_altitude_tail"":0.1,""version"":""eq17_engineering_thresholds_unbounded_tail_v2""}",-0.441960,-0.147320,-0.107460,-0.035820,14.885507,4.961836,0.000000,0.000000,0.000000,0.000000,-302.029156,-100.676385,-89.400000,0.533162,0.524196,0.547646,-0.629117,0,1169,0,43,151842,39885,23543,82685,58147,21552,0,69157,0,22,0,0,0,65,0.000000,0.036784,0.000000,0.014138,0.000000,0.000000,0.000000,0.000000,0.000000,0.000000,0.000000,0.000000,0.000000,0.000000,0.000000,3489.950199,2820.688218,3389.267301,3929.633880,30.554164,35.563998,148.441923,155.432311,-35.722008,1684.175686,0.394737,0.422555,0.000000,0.000000,0.000000,0.000000
69,138000,-0.050198,127.232283,2.388345,-375.3769,0.000000,68.8787,0.000000,0.1,6.4,786,0,786,0,0.0000,2.9800,2334,24,14,0,14,2334,0.823529,0.732350,0.005937,0.005998,0.000000,0,paper_literal_eq15_eq20_joint_v3,paper_joint,paper_fixed_v1,paper,0.000000,paper_eq9,vanilla_mappo_paper_env_v2,tanh_squashed_normal_v1,eq17_engineering_thresholds_unbounded_tail_v2,"{""d_att_max_m"":null,""h_adv_m"":5000.0,""h_att_m"":2000.0,""h_max_m"":10000.0,""h_min_m"":0.0,""high_altitude_tail"":0.1,""version"":""eq17_engineering_thresholds_unbounded_tail_v2""}",-0.466431,-0.155477,-0.110840,-0.036947,14.041619,4.680540,0.000000,0.000000,0.000000,0.000000,-299.441139,-99.813713,-89.400000,0.539539,0.529948,0.552257,-0.617190,0,1098,0,40,142223,28179,18774,73793,48410,19450,0,68430,0,19,0,0,0,59,0.000000,0.036430,0.000000,0.014879,0.000000,0.000000,0.000000,0.000000,0.000000,0.000000,0.000000,0.000000,0.000000,0.000000,0.000000,3577.296009,3125.666556,3506.881138,4064.317547,29.606743,35.871847,151.681051,164.742085,-26.495198,2047.932469,0.307692,0.432242,0.000000,0.000000,0.000000,0.000000
70,140000,-0.139273,150.031891,2.416365,-378.5996,0.000000,67.7744,0.000000,0.1,6.8,791,0,791,0,0.0000,2.9800,2346,27,14,0,14,2346,0.823529,0.726991,0.005900,0.005968,0.000000,0,paper_literal_eq15_eq20_joint_v3,paper_joint,paper_fixed_v1,paper,0.000000,paper_eq9,vanilla_mappo_paper_env_v2,tanh_squashed_normal_v1,eq17_engineering_thresholds_unbounded_tail_v2,"{""d_att_max_m"":null,""h_adv_m"":5000.0,""h_att_m"":2000.0,""h_max_m"":10000.0,""h_min_m"":0.0,""high_altitude_tail"":0.1,""version"":""eq17_engineering_thresholds_unbounded_tail_v2""}",-0.514349,-0.171450,-0.118022,-0.039341,15.878318,5.292773,0.000000,0.000000,0.000000,0.000000,-304.445478,-101.481826,-89.400000,0.543201,0.534329,0.554942,-0.610402,8,1292,0,40,141719,33037,16597,68263,50939,12276,0,73456,0,0,0,0,0,40,0.000000,0.030960,0.000056,0.018927,0.000000,0.000000,0.000000,0.000000,0.000000,0.000000,0.000000,0.000000,0.000000,0.000000,0.000000,3337.334631,2661.619331,3287.902298,4078.651766,25.477194,22.273070,152.815053,163.762175,-33.246963,1504.686655,0.400000,0.431294,0.000000,0.000000,0.000000,0.000000
71,142000,-0.068008,208.814441,2.438422,-386.9904,0.000000,65.3503,0.000000,0.0,6.8,798,0,798,0,0.0000,3.0000,2363,31,14,0,14,2363,0.823529,0.724402,0.005848,0.005925,0.000000,0,paper_literal_eq15_eq20_joint_v3,paper_joint,paper_fixed_v1,paper,0.000000,paper_eq9,vanilla_mappo_paper_env_v2,tanh_squashed_normal_v1,eq17_engineering_thresholds_unbounded_tail_v2,"{""d_att_max_m"":null,""h_adv_m"":5000.0,""h_att_m"":2000.0,""h_max_m"":10000.0,""h_min_m"":0.0,""high_altitude_tail"":0.1,""version"":""eq17_engineering_thresholds_unbounded_tail_v2""}",-0.552434,-0.184145,-0.123790,-0.041263,15.418377,5.139459,0.000000,0.000000,0.000000,0.000000,-311.732514,-103.910838,-90.000000,0.547723,0.541252,0.557698,-0.602071,0,905,0,35,151889,43087,20017,80726,59584,16886,0,71163,0,6,0,0,0,41,0.000000,0.038674,0.000000,0.011211,0.000000,0.000000,0.000000,0.000000,0.000000,0.000000,0.000000,0.000000,0.000000,0.000000,0.000000,3446.179112,2817.712175,3398.969485,4305.739804,30.798740,37.997361,148.390283,155.922649,-38.844977,1664.438802,0.384615,0.444880,0.000000,0.000000,0.000000,0.000000
72,144000,-0.032464,142.284859,2.459219,-389.8755,0.000000,66.8458,0.000000,0.0,6.7,804,0,804,0,0.0000,3.0000,2381,31,14,0,14,2381,0.823529,0.719770,0.005804,0.005880,0.000000,0,paper_literal_eq15_eq20_joint_v3,paper_joint,paper_fixed_v1,paper,0.000000,paper_eq9,vanilla_mappo_paper_env_v2,tanh_squashed_normal_v1,eq17_engineering_thresholds_unbounded_tail_v2,"{""d_att_max_m"":null,""h_adv_m"":5000.0,""h_att_m"":2000.0,""h_max_m"":10000.0,""h_min_m"":0.0,""high_altitude_tail"":0.1,""version"":""eq17_engineering_thresholds_unbounded_tail_v2""}",-0.536127,-0.178709,-0.124517,-0.041506,15.404049,5.134683,0.000000,0.000000,0.000000,0.000000,-314.618868,-104.872956,-90.000000,0.550692,0.543740,0.559773,-0.596653,0,1117,0,46,155290,36797,25071,77222,55263,17808,0,82190,0,29,0,0,0,75,0.000000,0.041182,0.000000,0.014465,0.000000,0.000000,0.000000,0.000000,0.000000,0.000000,0.000000,0.000000,0.000000,0.000000,0.000000,4004.851133,3002.080299,3602.835560,4393.891091,28.293603,36.029155,148.291604,157.969197,-32.024871,1789.102208,0.380952,0.436820,0.000000,0.000000,0.000000,0.000000
73,146000,-0.174280,141.248764,2.473402,-390.7781,0.000000,63.8922,0.000000,0.0,6.7,811,0,811,0,0.0000,3.0000,2399,34,14,0,14,2399,0.823529,0.717190,0.005754,0.005836,0.000000,0,paper_literal_eq15_eq20_joint_v3,paper_joint,paper_fixed_v1,paper,0.000000,paper_eq9,vanilla_mappo_paper_env_v2,tanh_squashed_normal_v1,eq17_engineering_thresholds_unbounded_tail_v2,"{""d_att_max_m"":null,""h_adv_m"":5000.0,""h_att_m"":2000.0,""h_max_m"":10000.0,""h_min_m"":0.0,""high_altitude_tail"":0.1,""version"":""eq17_engineering_thresholds_unbounded_tail_v2""}",-0.577010,-0.192337,-0.132084,-0.044028,15.303208,5.101069,0.000000,0.000000,0.000000,0.000000,-315.372159,-105.124053,-90.000000,0.552903,0.544398,0.563126,-0.592670,0,973,0,37,144525,35775,16199,79176,57628,16301,0,72525,0,0,0,0,0,37,0.000000,0.038027,0.000000,0.012289,0.000000,0.000000,0.000000,0.000000,0.000000,0.000000,0.000000,0.000000,0.000000,0.000000,0.000000,3715.872672,2978.609910,3401.003843,4304.567372,29.393041,35.794590,143.633056,152.003472,-14.125254,1776.558671,0.452381,0.439102,0.000000,0.000000,0.000000,0.000000
74,148000,-0.132010,139.612602,2.488238,-398.1389,0.000000,68.0471,0.000000,0.0,6.7,816,0,816,0,0.0000,3.0000,2412,36,14,0,14,2412,0.823529,0.712135,0.005719,0.005804,0.000000,0,paper_literal_eq15_eq20_joint_v3,paper_joint,paper_fixed_v1,paper,0.000000,paper_eq9,vanilla_mappo_paper_env_v2,tanh_squashed_normal_v1,eq17_engineering_thresholds_unbounded_tail_v2,"{""d_att_max_m"":null,""h_adv_m"":5000.0,""h_att_m"":2000.0,""h_max_m"":10000.0,""h_min_m"":0.0,""high_altitude_tail"":0.1,""version"":""eq17_engineering_thresholds_unbounded_tail_v2""}",-0.581870,-0.193957,-0.131650,-0.043883,15.730765,5.243588,0.000000,0.000000,0.000000,0.000000,-323.156093,-107.718698,-90.000000,0.556642,0.547718,0.565189,-0.585915,0,1212,0,42,150678,31833,22655,75732,50717,19746,0,77233,0,18,0,0,0,60,0.000000,0.034653,0.000000,0.016004,0.000000,0.000000,0.000000,0.000000,0.000000,0.000000,0.000000,0.000000,0.000000,0.000000,0.000000,3655.755434,3142.585759,3454.837597,4183.399364,26.362224,25.347357,156.232593,167.752593,-48.618014,1613.828410,0.307692,0.442039,0.000000,0.000000,0.000000,0.000000
75,150000,-0.131730,184.371999,2.509590,-404.4062,0.000000,71.5026,0.000000,0.0,6.8,822,0,822,0,0.0000,3.0000,2425,41,14,0,14,2425,0.823529,0.707410,0.005677,0.005773,0.000000,0,paper_literal_eq15_eq20_joint_v3,paper_joint,paper_fixed_v1,paper,0.000000,paper_eq9,vanilla_mappo_paper_env_v2,tanh_squashed_normal_v1,eq17_engineering_thresholds_unbounded_tail_v2,"{""d_att_max_m"":null,""h_adv_m"":5000.0,""h_att_m"":2000.0,""h_max_m"":10000.0,""h_min_m"":0.0,""high_altitude_tail"":0.1,""version"":""eq17_engineering_thresholds_unbounded_tail_v2""}",-0.639514,-0.213171,-0.136081,-0.045360,16.582798,5.527599,0.000000,0.000000,0.000000,0.000000,-330.213375,-110.071125,-90.000000,0.560334,0.553351,0.566928,-0.579271,0,881,0,41,142002,33188,26186,75036,56562,13006,0,73434,0,0,0,0,0,41,0.000000,0.046538,0.000000,0.011741,0.000000,0.000000,0.000000,0.000000,0.000000,0.000000,0.000000,0.000000,0.000000,0.000000,0.000000,4246.448756,3377.089610,4068.517285,5012.867024,26.743245,26.865969,148.460516,162.206742,-37.517052,2236.576338,0.348837,0.444620,0.000000,0.000000,0.000000,0.000000
76,152000,-0.091179,104.336356,2.531433,-407.5122,0.000000,69.7563,0.000000,0.0,7.1,826,0,826,0,0.0000,3.0000,2437,41,14,0,14,2437,0.823529,0.701901,0.005650,0.005745,0.000000,0,paper_literal_eq15_eq20_joint_v3,paper_joint,paper_fixed_v1,paper,0.000000,paper_eq9,vanilla_mappo_paper_env_v2,tanh_squashed_normal_v1,eq17_engineering_thresholds_unbounded_tail_v2,"{""d_att_max_m"":null,""h_adv_m"":5000.0,""h_att_m"":2000.0,""h_max_m"":10000.0,""h_min_m"":0.0,""high_altitude_tail"":0.1,""version"":""eq17_engineering_thresholds_unbounded_tail_v2""}",-0.668659,-0.222886,-0.136516,-0.045505,16.910342,5.636781,0.000000,0.000000,0.000000,0.000000,-333.617349,-111.205783,-90.000000,0.564736,0.560822,0.569471,-0.571417,0,1223,0,44,145586,29003,19495,74803,53823,13146,0,72208,0,28,0,0,0,72,0.000000,0.035977,0.000000,0.016350,0.000000,0.000000,0.000000,0.000000,0.000000,0.000000,0.000000,0.000000,0.000000,0.000000,0.000000,3398.290076,2916.091472,3333.215002,3837.832348,29.294101,33.413765,143.542853,155.926442,-15.430320,1964.273855,0.368421,0.448019,0.000000,0.000000,0.000000,0.000000
77,154000,-0.228466,159.414761,2.552216,-409.7180,0.000000,71.8478,0.000000,0.0,7.0,833,0,833,0,0.0000,3.0000,2454,45,14,0,14,2454,0.823529,0.699544,0.005602,0.005705,0.000000,0,paper_literal_eq15_eq20_joint_v3,paper_joint,paper_fixed_v1,paper,0.000000,paper_eq9,vanilla_mappo_paper_env_v2,tanh_squashed_normal_v1,eq17_engineering_thresholds_unbounded_tail_v2,"{""d_att_max_m"":null,""h_adv_m"":5000.0,""h_att_m"":2000.0,""h_max_m"":10000.0,""h_min_m"":0.0,""high_altitude_tail"":0.1,""version"":""eq17_engineering_thresholds_unbounded_tail_v2""}",-0.736244,-0.245415,-0.142292,-0.047431,15.895535,5.298512,0.000000,0.000000,0.000000,0.000000,-334.734954,-111.578318,-90.000000,0.568029,0.563043,0.571008,-0.565602,0,916,0,36,144977,41858,21678,85196,63475,16246,0,61826,0,0,0,0,0,36,0.000000,0.039301,0.000000,0.010752,0.000000,0.000000,0.000000,0.000000,0.000000,0.000000,0.000000,0.000000,0.000000,0.000000,0.000000,4180.546612,2785.685583,3709.931287,4618.566023,27.569737,34.539042,153.277657,159.091196,-49.582223,1845.545232,0.351351,0.450252,0.000000,0.000000,0.000000,0.000000
78,156000,-0.016975,100.582188,2.572734,-410.5928,0.000000,76.7040,0.000000,0.0,7.0,837,0,837,0,0.0000,3.0000,2464,47,14,0,14,2464,0.823529,0.695456,0.005575,0.005682,0.000000,0,paper_literal_eq15_eq20_joint_v3,paper_joint,paper_fixed_v1,paper,0.000000,paper_eq9,vanilla_mappo_paper_env_v2,tanh_squashed_normal_v1,eq17_engineering_thresholds_unbounded_tail_v2,"{""d_att_max_m"":null,""h_adv_m"":5000.0,""h_att_m"":2000.0,""h_max_m"":10000.0,""h_min_m"":0.0,""high_altitude_tail"":0.1,""version"":""eq17_engineering_thresholds_unbounded_tail_v2""}",-0.776647,-0.258882,-0.145842,-0.048614,15.873174,5.291058,0.000000,0.000000,0.000000,0.000000,-335.543459,-111.847820,-90.000000,0.573138,0.568188,0.577007,-0.556650,0,1102,0,35,113430,16974,8345,38253,29693,5663,0,77247,0,15,0,0,0,50,0.000000,0.031760,0.000000,0.028808,0.000000,0.000000,0.000000,0.000000,0.000000,0.000000,0.000000,0.000000,0.000000,0.000000,0.000000,3955.997886,2968.202940,3813.680378,4793.575192,25.057743,27.711753,146.546284,155.149926,-13.302821,2065.829113,0.333333,0.456076,0.000000,0.000000,0.000000,0.000000
79,158000,0.026329,133.957470,2.606362,-408.8994,0.000000,78.0552,0.000000,0.0,7.0,844,0,844,0,0.0000,3.0000,2481,51,14,0,14,2481,0.823529,0.693792,0.005529,0.005643,0.000000,0,paper_literal_eq15_eq20_joint_v3,paper_joint,paper_fixed_v1,paper,0.000000,paper_eq9,vanilla_mappo_paper_env_v2,tanh_squashed_normal_v1,eq17_engineering_thresholds_unbounded_tail_v2,"{""d_att_max_m"":null,""h_adv_m"":5000.0,""h_att_m"":2000.0,""h_max_m"":10000.0,""h_min_m"":0.0,""high_altitude_tail"":0.1,""version"":""eq17_engineering_thresholds_unbounded_tail_v2""}",-0.782770,-0.260923,-0.146125,-0.048708,17.294602,5.764867,0.000000,0.000000,0.000000,0.000000,-335.265025,-111.755008,-90.000000,0.580676,0.576615,0.584571,-0.543578,0,969,0,33,137264,38678,13120,81242,65834,12507,0,56022,0,0,0,0,0,33,0.000000,0.034056,0.000000,0.011927,0.000000,0.000000,0.000000,0.000000,0.000000,0.000000,0.000000,0.000000,0.000000,0.000000,0.000000,3591.480475,2776.254714,3674.610650,4145.551064,26.774809,27.199448,153.921157,166.671410,-38.458503,1839.810023,0.333333,0.462645,0.000000,0.000000,0.000000,0.000000
80,160000,-0.067928,152.938547,2.638263,-406.9830,0.000000,77.3539,0.000000,0.0,6.9,850,0,850,0,0.0000,3.0000,2493,57,14,0,14,2493,0.823529,0.689055,0.005490,0.005616,0.000000,0,paper_literal_eq15_eq20_joint_v3,paper_joint,paper_fixed_v1,paper,0.000000,paper_eq9,vanilla_mappo_paper_env_v2,tanh_squashed_normal_v1,eq17_engineering_thresholds_unbounded_tail_v2,"{""d_att_max_m"":null,""h_adv_m"":5000.0,""h_att_m"":2000.0,""h_max_m"":10000.0,""h_min_m"":0.0,""high_altitude_tail"":0.1,""version"":""eq17_engineering_thresholds_unbounded_tail_v2""}",-0.796235,-0.265412,-0.150411,-0.050137,15.756391,5.252130,0.000000,0.000000,0.000000,0.000000,-331.792760,-110.597587,-90.000000,0.585069,0.583563,0.586837,-0.536028,0,1102,0,42,145064,31815,17829,81195,58669,13415,0,67890,0,2,0,0,0,44,0.000000,0.038113,0.000000,0.013572,0.000000,0.000000,0.000000,0.000000,0.000000,0.000000,0.000000,0.000000,0.000000,0.000000,0.000000,3994.393471,3117.538920,3552.434246,5021.467225,27.765048,31.227028,140.725873,141.307933,-16.912217,2025.067834,0.348837,0.462209,0.000000,0.000000,0.000000,0.000000
81,162000,-0.059190,142.890303,2.665261,-406.0115,0.000000,76.4231,0.000000,0.0,6.9,856,0,856,0,0.0000,3.0000,2508,60,14,0,14,2508,0.823529,0.684872,0.005452,0.005582,0.000000,0,paper_literal_eq15_eq20_joint_v3,paper_joint,paper_fixed_v1,paper,0.000000,paper_eq9,vanilla_mappo_paper_env_v2,tanh_squashed_normal_v1,eq17_engineering_thresholds_unbounded_tail_v2,"{""d_att_max_m"":null,""h_adv_m"":5000.0,""h_att_m"":2000.0,""h_max_m"":10000.0,""h_min_m"":0.0,""high_altitude_tail"":0.1,""version"":""eq17_engineering_thresholds_unbounded_tail_v2""}",-0.825846,-0.275282,-0.154864,-0.051621,16.141106,5.380369,0.000000,0.000000,0.000000,0.000000,-331.171863,-110.390621,-90.000000,0.591678,0.589631,0.595681,-0.524805,0,925,0,44,155050,34022,26513,82283,59670,17960,0,73123,0,15,0,0,0,59,0.000000,0.047568,0.000000,0.011242,0.000000,0.000000,0.000000,0.000000,0.000000,0.000000,0.000000,0.000000,0.000000,0.000000,0.000000,3624.802862,3075.167549,3459.498381,4166.227952,30.815456,38.803565,144.006265,160.992590,-30.626249,1867.353686,0.428571,0.461597,0.000000,0.000000,0.000000,0.000000
82,164000,-0.170876,117.424542,2.693730,-405.9196,0.000000,75.3259,0.000000,0.0,7.0,859,0,859,0,0.0000,3.0000,2516,61,14,0,14,2516,0.823529,0.679449,0.005433,0.005564,0.000000,0,paper_literal_eq15_eq20_joint_v3,paper_joint,paper_fixed_v1,paper,0.000000,paper_eq9,vanilla_mappo_paper_env_v2,tanh_squashed_normal_v1,eq17_engineering_thresholds_unbounded_tail_v2,"{""d_att_max_m"":null,""h_adv_m"":5000.0,""h_att_m"":2000.0,""h_max_m"":10000.0,""h_min_m"":0.0,""high_altitude_tail"":0.1,""version"":""eq17_engineering_thresholds_unbounded_tail_v2""}",-0.858204,-0.286068,-0.157499,-0.052500,16.409114,5.469705,0.000000,0.000000,0.000000,0.000000,-331.312994,-110.437665,-90.000000,0.595590,0.591997,0.602033,-0.518233,0,1350,0,41,112668,16515,11418,36727,28911,5486,0,79502,0,0,0,0,0,41,0.000000,0.030370,0.000000,0.036758,0.000000,0.000000,0.000000,0.000000,0.000000,0.000000,0.000000,0.000000,0.000000,0.000000,0.000000,3713.669788,2966.861670,3441.464976,4130.203156,19.873975,17.663824,158.266304,166.292313,-30.777753,1524.801633,0.270833,0.456939,0.000000,0.000000,0.000000,0.000000
83,166000,-0.013825,113.419714,2.713678,-401.8393,0.000000,70.6322,0.000000,0.0,7.3,864,0,864,0,0.0000,3.0000,2529,63,14,0,14,2529,0.823529,0.675842,0.005401,0.005536,0.000000,0,paper_literal_eq15_eq20_joint_v3,paper_joint,paper_fixed_v1,paper,0.000000,paper_eq9,vanilla_mappo_paper_env_v2,tanh_squashed_normal_v1,eq17_engineering_thresholds_unbounded_tail_v2,"{""d_att_max_m"":null,""h_adv_m"":5000.0,""h_att_m"":2000.0,""h_max_m"":10000.0,""h_min_m"":0.0,""high_altitude_tail"":0.1,""version"":""eq17_engineering_thresholds_unbounded_tail_v2""}",-0.880179,-0.293393,-0.160023,-0.053341,17.939509,5.979836,0.000000,0.000000,0.000000,0.000000,-328.738591,-109.579530,-90.000000,0.600621,0.597461,0.606928,-0.509818,0,1206,0,39,122939,24666,10782,51992,39377,10279,0,70947,0,1,0,0,0,40,0.000000,0.032338,0.000000,0.023196,0.000000,0.000000,0.000000,0.000000,0.000000,0.000000,0.000000,0.000000,0.000000,0.000000,0.000000,3601.411288,2892.385876,3540.780504,4073.347807,27.039190,24.697237,154.753781,164.517504,-15.159581,1528.250375,0.282051,0.470521,0.000000,0.000000,0.000000,0.000000
84,168000,-0.041320,146.586937,2.746632,-405.0604,0.000000,78.4338,0.000000,0.0,7.3,869,0,869,0,0.0000,3.0000,2540,67,14,0,14,2540,0.777778,0.670893,0.005370,0.005512,0.000000,0,paper_literal_eq15_eq20_joint_v3,paper_joint,paper_fixed_v1,paper,0.000000,paper_eq9,vanilla_mappo_paper_env_v2,tanh_squashed_normal_v1,eq17_engineering_thresholds_unbounded_tail_v2,"{""d_att_max_m"":null,""h_adv_m"":5000.0,""h_att_m"":2000.0,""h_max_m"":10000.0,""h_min_m"":0.0,""high_altitude_tail"":0.1,""version"":""eq17_engineering_thresholds_unbounded_tail_v2""}",-0.889351,-0.296450,-0.162148,-0.054049,18.668082,6.222694,0.000000,0.000000,0.000000,0.000000,-332.676910,-110.892303,-90.000000,0.608396,0.603920,0.615093,-0.496960,15,1104,1,44,124406,24834,16811,61864,44659,12281,1096,67807,0,0,0,0,1,44,0.066667,0.039855,0.000121,0.017846,7796.961965,7796.961965,7796.961965,7796.961965,42.206184,42.206184,115.975388,115.975388,63.516652,4501.628691,0.000000,4396.853268,3089.222758,3857.113119,5456.260044,27.353550,25.370225,139.726217,146.474629,-5.069511,2216.001446,0.318182,0.472550,0.000000,0.000000,0.000000,0.000000
85,170000,-0.071969,112.138359,2.778537,-392.6141,0.000000,72.0683,0.000000,0.0,7.5,873,0,873,0,0.0000,3.0000,2551,68,14,0,14,2551,0.777778,0.665016,0.005346,0.005488,0.000000,0,paper_literal_eq15_eq20_joint_v3,paper_joint,paper_fixed_v1,paper,0.000000,paper_eq9,vanilla_mappo_paper_env_v2,tanh_squashed_normal_v1,eq17_engineering_thresholds_unbounded_tail_v2,"{""d_att_max_m"":null,""h_adv_m"":5000.0,""h_att_m"":2000.0,""h_max_m"":10000.0,""h_min_m"":0.0,""high_altitude_tail"":0.1,""version"":""eq17_engineering_thresholds_unbounded_tail_v2""}",-0.921912,-0.307304,-0.163463,-0.054488,19.529095,6.509698,0.000000,0.000000,0.000000,0.000000,-321.057768,-107.019256,-90.000000,0.613423,0.608011,0.620133,-0.488735,0,1489,0,50,123719,17359,17684,50229,37417,9870,0,80436,0,15,0,0,0,65,0.000000,0.033580,0.000000,0.029644,0.000000,0.000000,0.000000,0.000000,0.000000,0.000000,0.000000,0.000000,0.000000,0.000000,0.000000,3942.781645,3299.325006,3892.309621,4505.812807,19.924199,16.476303,152.970191,166.368326,-15.602163,1742.655317,0.183673,0.480475,0.000000,0.000000,0.000000,0.000000
86,172000,-0.063909,133.657223,2.806709,-400.7680,0.000000,78.7560,0.000000,0.0,7.6,878,0,878,0,0.0000,3.0000,2564,70,14,0,14,2564,0.777778,0.662875,0.005315,0.005460,0.000000,0,paper_literal_eq15_eq20_joint_v3,paper_joint,paper_fixed_v1,paper,0.000000,paper_eq9,vanilla_mappo_paper_env_v2,tanh_squashed_normal_v1,eq17_engineering_thresholds_unbounded_tail_v2,"{""d_att_max_m"":null,""h_adv_m"":5000.0,""h_att_m"":2000.0,""h_max_m"":10000.0,""h_min_m"":0.0,""high_altitude_tail"":0.1,""version"":""eq17_engineering_thresholds_unbounded_tail_v2""}",-0.952576,-0.317525,-0.169017,-0.056339,20.078624,6.692875,0.000000,0.000000,0.000000,0.000000,-329.725008,-109.908336,-90.000000,0.620280,0.614619,0.627940,-0.477626,0,876,0,32,117626,23794,11201,56407,42410,9596,0,64036,0,0,0,0,0,32,0.000000,0.036530,0.000000,0.015530,0.000000,0.000000,0.000000,0.000000,0.000000,0.000000,0.000000,0.000000,0.000000,0.000000,0.000000,4055.856461,3590.380750,3993.558410,4380.952717,26.768272,28.622186,142.460693,148.895810,6.416010,2074.068194,0.314286,0.488638,0.000000,0.000000,0.000000,0.000000
87,174000,-0.108814,168.436839,2.839273,-393.7721,0.000000,75.1827,0.000000,0.0,7.7,884,0,884,0,0.0000,3.0000,2576,76,14,0,14,2576,0.777778,0.659667,0.005279,0.005435,0.000000,0,paper_literal_eq15_eq20_joint_v3,paper_joint,paper_fixed_v1,paper,0.000000,paper_eq9,vanilla_mappo_paper_env_v2,tanh_squashed_normal_v1,eq17_engineering_thresholds_unbounded_tail_v2,"{""d_att_max_m"":null,""h_adv_m"":5000.0,""h_att_m"":2000.0,""h_max_m"":10000.0,""h_min_m"":0.0,""high_altitude_tail"":0.1,""version"":""eq17_engineering_thresholds_unbounded_tail_v2""}",-1.018770,-0.339590,-0.174751,-0.058250,21.360854,7.120285,0.000000,0.000000,0.000000,0.000000,-323.939362,-107.979787,-90.000000,0.626505,0.621606,0.635268,-0.467648,0,1023,0,37,137963,36605,19163,84815,64332,13191,0,59043,0,0,0,0,0,37,0.000000,0.036168,0.000000,0.012062,0.000000,0.000000,0.000000,0.000000,0.000000,0.000000,0.000000,0.000000,0.000000,0.000000,0.000000,3564.294207,2648.313878,3616.040259,4334.990066,25.396781,23.981444,147.706749,159.962913,11.309848,1705.228247,0.323529,0.495426,0.000000,0.000000,0.000000,0.000000
88,176000,-0.160354,199.877220,2.866845,-391.0525,0.000000,76.4877,0.000000,0.0,7.5,890,0,890,0,0.0000,3.0000,2588,82,14,0,14,2588,0.777778,0.655854,0.005243,0.005410,0.000000,0,paper_literal_eq15_eq20_joint_v3,paper_joint,paper_fixed_v1,paper,0.000000,paper_eq9,vanilla_mappo_paper_env_v2,tanh_squashed_normal_v1,eq17_engineering_thresholds_unbounded_tail_v2,"{""d_att_max_m"":null,""h_adv_m"":5000.0,""h_att_m"":2000.0,""h_max_m"":10000.0,""h_min_m"":0.0,""high_altitude_tail"":0.1,""version"":""eq17_engineering_thresholds_unbounded_tail_v2""}",-1.121322,-0.373774,-0.182889,-0.060963,19.546587,6.515529,0.000000,0.000000,0.000000,0.000000,-319.294807,-106.431602,-90.000000,0.631814,0.624459,0.640600,-0.459216,0,1283,0,41,130822,28490,13194,69724,57212,9047,0,64925,0,0,0,0,0,41,0.000000,0.031956,0.000000,0.018401,0.000000,0.000000,0.000000,0.000000,0.000000,0.000000,0.000000,0.000000,0.000000,0.000000,0.000000,3701.941171,3026.600749,3566.151968,4392.320419,23.018671,20.746616,152.336990,166.060426,-22.433049,1714.711788,0.261905,0.483584,0.000000,0.000000,0.000000,0.000000
89,178000,-0.168549,152.332727,2.887484,-392.8283,0.000000,74.7175,0.000000,0.0,7.6,896,0,896,0,0.0000,3.0000,2600,88,14,0,14,2600,0.777778,0.652283,0.005208,0.005385,0.000000,0,paper_literal_eq15_eq20_joint_v3,paper_joint,paper_fixed_v1,paper,0.000000,paper_eq9,vanilla_mappo_paper_env_v2,tanh_squashed_normal_v1,eq17_engineering_thresholds_unbounded_tail_v2,"{""d_att_max_m"":null,""h_adv_m"":5000.0,""h_att_m"":2000.0,""h_max_m"":10000.0,""h_min_m"":0.0,""high_altitude_tail"":0.1,""version"":""eq17_engineering_thresholds_unbounded_tail_v2""}",-1.161027,-0.387009,-0.184924,-0.061641,19.870398,6.623466,0.000000,0.000000,0.000000,0.000000,-321.352692,-107.117564,-90.000000,0.635338,0.626050,0.646801,-0.453690,0,1277,0,40,134021,26972,17113,71944,55958,10271,0,63959,0,28,0,0,0,68,0.000000,0.031323,0.000000,0.017750,0.000000,0.000000,0.000000,0.000000,0.000000,0.000000,0.000000,0.000000,0.000000,0.000000,0.000000,4559.107634,3461.293785,4062.829617,5053.954564,25.883567,29.392641,142.476165,148.357565,-39.676827,2590.820223,0.325000,0.495383,0.000000,0.000000,0.000000,0.000000
90,180000,-0.178357,189.969682,2.904689,-399.4338,0.000000,83.9745,0.000000,0.0,7.7,902,0,902,0,0.0000,3.0000,2612,94,14,0,14,2612,0.777778,0.649105,0.005174,0.005360,0.000000,0,paper_literal_eq15_eq20_joint_v3,paper_joint,paper_fixed_v1,paper,0.000000,paper_eq9,vanilla_mappo_paper_env_v2,tanh_squashed_normal_v1,eq17_engineering_thresholds_unbounded_tail_v2,"{""d_att_max_m"":null,""h_adv_m"":5000.0,""h_att_m"":2000.0,""h_max_m"":10000.0,""h_min_m"":0.0,""high_altitude_tail"":0.1,""version"":""eq17_engineering_thresholds_unbounded_tail_v2""}",-1.212547,-0.404182,-0.185872,-0.061957,21.090658,7.030219,0.000000,0.000000,0.000000,0.000000,-329.125985,-109.708662,-90.000000,0.639032,0.628706,0.651099,-0.447904,0,1211,0,38,138260,30500,15106,74777,60027,7157,0,65158,0,15,0,0,0,53,0.000000,0.031379,0.000000,0.016195,0.000000,0.000000,0.000000,0.000000,0.000000,0.000000,0.000000,0.000000,0.000000,0.000000,0.000000,4502.845618,3580.373366,4098.403139,4716.179656,17.552863,11.973092,154.074859,171.102130,-8.064819,1746.490760,0.285714,0.498832,0.000000,0.000000,0.000000,0.000000
91,182000,-0.197100,156.657910,2.923398,-402.4788,0.000000,83.4904,0.000000,0.0,7.8,906,0,906,0,0.0000,3.0000,2621,97,14,0,14,2621,0.777778,0.644297,0.005151,0.005341,0.000000,0,paper_literal_eq15_eq20_joint_v3,paper_joint,paper_fixed_v1,paper,0.000000,paper_eq9,vanilla_mappo_paper_env_v2,tanh_squashed_normal_v1,eq17_engineering_thresholds_unbounded_tail_v2,"{""d_att_max_m"":null,""h_adv_m"":5000.0,""h_att_m"":2000.0,""h_max_m"":10000.0,""h_min_m"":0.0,""high_altitude_tail"":0.1,""version"":""eq17_engineering_thresholds_unbounded_tail_v2""}",-1.261762,-0.420587,-0.190068,-0.063356,20.899535,6.966512,0.000000,0.000000,0.000000,0.000000,-331.926474,-110.642158,-90.000000,0.643487,0.633497,0.655850,-0.440957,0,1196,0,44,129788,20434,18623,55771,38357,13351,0,76282,0,2,0,0,0,46,0.000000,0.036789,0.000000,0.021445,0.000000,0.000000,0.000000,0.000000,0.000000,0.000000,0.000000,0.000000,0.000000,0.000000,0.000000,4182.211562,3243.017681,3815.695540,4409.134177,28.129701,32.499634,148.647251,158.755259,-41.101371,2213.592520,0.250000,0.507714,0.000000,0.000000,0.000000,0.000000
92,184000,-0.139437,198.325626,2.941284,-411.5120,0.000000,92.5805,0.000000,0.0,7.7,913,0,913,0,0.0000,3.0000,2636,103,14,0,14,2636,0.777778,0.642300,0.005111,0.005311,0.000000,0,paper_literal_eq15_eq20_joint_v3,paper_joint,paper_fixed_v1,paper,0.000000,paper_eq9,vanilla_mappo_paper_env_v2,tanh_squashed_normal_v1,eq17_engineering_thresholds_unbounded_tail_v2,"{""d_att_max_m"":null,""h_adv_m"":5000.0,""h_att_m"":2000.0,""h_max_m"":10000.0,""h_min_m"":0.0,""high_altitude_tail"":0.1,""version"":""eq17_engineering_thresholds_unbounded_tail_v2""}",-1.308352,-0.436117,-0.192612,-0.064204,20.518546,6.839515,0.000000,0.000000,0.000000,0.000000,-340.529479,-113.509826,-90.000000,0.646902,0.636801,0.661600,-0.435695,0,1073,0,36,120570,30566,15717,60113,46116,9503,0,62508,0,15,0,0,0,51,0.000000,0.033551,0.000000,0.017850,0.000000,0.000000,0.000000,0.000000,0.000000,0.000000,0.000000,0.000000,0.000000,0.000000,0.000000,4156.792632,3409.395202,4074.496296,4777.611605,22.846889,18.266996,149.879220,158.388729,-0.784106,2033.277922,0.275000,0.496631,0.000000,0.000000,0.000000,0.000000
93,186000,-0.070845,112.093415,2.964355,-411.0328,0.000000,91.6975,0.000000,0.0,7.5,915,0,915,0,0.0000,3.0000,2639,106,14,0,14,2639,0.777778,0.635904,0.005100,0.005305,0.000000,0,paper_literal_eq15_eq20_joint_v3,paper_joint,paper_fixed_v1,paper,0.000000,paper_eq9,vanilla_mappo_paper_env_v2,tanh_squashed_normal_v1,eq17_engineering_thresholds_unbounded_tail_v2,"{""d_att_max_m"":null,""h_adv_m"":5000.0,""h_att_m"":2000.0,""h_max_m"":10000.0,""h_min_m"":0.0,""high_altitude_tail"":0.1,""version"":""eq17_engineering_thresholds_unbounded_tail_v2""}",-1.326371,-0.442124,-0.196479,-0.065493,20.572571,6.857524,0.000000,0.000000,0.000000,0.000000,-340.082446,-113.360815,-90.000000,0.653603,0.644303,0.669241,-0.425399,0,1252,0,46,115327,12503,15126,46343,32858,9972,0,71088,0,0,0,0,0,46,0.000000,0.036741,0.000000,0.027016,0.000000,0.000000,0.000000,0.000000,0.000000,0.000000,0.000000,0.000000,0.000000,0.000000,0.000000,4895.086274,3447.659311,4042.564168,6782.343507,23.032886,17.259006,146.641001,156.133048,-26.425317,2059.062055,0.119048,0.492280,0.000000,0.000000,0.000000,0.000000
94,188000,-0.221269,154.326785,2.993296,-414.4306,0.000000,93.5724,0.000000,0.0,7.6,923,0,923,0,0.0000,3.0000,2654,115,14,0,14,2654,0.777778,0.634170,0.005056,0.005275,0.000000,0,paper_literal_eq15_eq20_joint_v3,paper_joint,paper_fixed_v1,paper,0.000000,paper_eq9,vanilla_mappo_paper_env_v2,tanh_squashed_normal_v1,eq17_engineering_thresholds_unbounded_tail_v2,"{""d_att_max_m"":null,""h_adv_m"":5000.0,""h_att_m"":2000.0,""h_max_m"":10000.0,""h_min_m"":0.0,""high_altitude_tail"":0.1,""version"":""eq17_engineering_thresholds_unbounded_tail_v2""}",-1.380927,-0.460309,-0.202462,-0.067487,20.463382,6.821127,0.000000,0.000000,0.000000,0.000000,-343.310553,-114.436851,-90.000000,0.658715,0.647964,0.670831,-0.417566,0,1053,0,35,139742,39138,15968,84627,68512,11535,0,58291,0,0,0,0,0,35,0.000000,0.033238,0.000000,0.012443,0.000000,0.000000,0.000000,0.000000,0.000000,0.000000,0.000000,0.000000,0.000000,0.000000,0.000000,4160.385485,3299.814219,3991.472043,4756.866907,24.296277,25.197849,131.440953,121.871543,18.826344,1921.931485,0.388889,0.498797,0.000000,0.000000,0.000000,0.000000
95,190000,-0.250445,133.335265,3.014088,-408.0753,0.000000,98.6287,0.000000,0.0,7.5,926,0,926,0,0.0000,3.0000,2659,119,14,0,14,2659,0.777778,0.628160,0.005040,0.005265,0.000000,0,paper_literal_eq15_eq20_joint_v3,paper_joint,paper_fixed_v1,paper,0.000000,paper_eq9,vanilla_mappo_paper_env_v2,tanh_squashed_normal_v1,eq17_engineering_thresholds_unbounded_tail_v2,"{""d_att_max_m"":null,""h_adv_m"":5000.0,""h_att_m"":2000.0,""h_max_m"":10000.0,""h_min_m"":0.0,""high_altitude_tail"":0.1,""version"":""eq17_engineering_thresholds_unbounded_tail_v2""}",-1.416668,-0.472223,-0.204565,-0.068188,20.597453,6.865818,0.000000,0.000000,0.000000,0.000000,-337.051471,-112.350490,-90.000000,0.662422,0.651456,0.674142,-0.411951,0,1252,0,48,137529,18580,23246,57464,38779,14658,0,82372,0,15,0,0,0,63,0.000000,0.038339,0.000000,0.021788,0.000000,0.000000,0.000000,0.000000,0.000000,0.000000,0.000000,0.000000,0.000000,0.000000,0.000000,3751.987248,2813.566549,3574.048872,4391.964679,25.040188,23.520224,152.210496,162.583563,-32.020369,1837.923856,0.260870,0.501183,0.000000,0.000000,0.000000,0.000000
96,192000,-0.261340,182.549716,3.029429,-409.7117,0.000000,97.8057,0.000000,0.0,7.2,934,0,934,0,0.0000,3.0000,2673,129,14,0,14,2673,0.777778,0.626876,0.004996,0.005238,0.000000,0,paper_literal_eq15_eq20_joint_v3,paper_joint,paper_fixed_v1,paper,0.000000,paper_eq9,vanilla_mappo_paper_env_v2,tanh_squashed_normal_v1,eq17_engineering_thresholds_unbounded_tail_v2,"{""d_att_max_m"":null,""h_adv_m"":5000.0,""h_att_m"":2000.0,""h_max_m"":10000.0,""h_min_m"":0.0,""high_altitude_tail"":0.1,""version"":""eq17_engineering_thresholds_unbounded_tail_v2""}",-1.433890,-0.477963,-0.207461,-0.069154,18.608930,6.202977,0.000000,0.000000,0.000000,0.000000,-336.679176,-112.226392,-90.000000,0.665804,0.656007,0.676950,-0.406844,0,849,0,31,120555,36734,17494,77432,57002,12899,0,51236,0,35,0,0,0,66,0.000000,0.036514,0.000000,0.010964,0.000000,0.000000,0.000000,0.000000,0.000000,0.000000,0.000000,0.000000,0.000000,0.000000,0.000000,4805.285291,3491.056198,4206.953068,6351.830253,24.095519,23.905959,143.734238,157.517051,-1.130843,2574.090607,0.272727,0.495975,0.000000,0.000000,0.000000,0.000000
97,194000,-0.127265,208.759512,3.050012,-410.2337,0.000000,98.0825,0.000000,0.0,7.2,938,0,938,0,0.0000,3.0000,2683,131,14,0,14,2683,0.777778,0.621065,0.004975,0.005218,0.000000,0,paper_literal_eq15_eq20_joint_v3,paper_joint,paper_fixed_v1,paper,0.000000,paper_eq9,vanilla_mappo_paper_env_v2,tanh_squashed_normal_v1,eq17_engineering_thresholds_unbounded_tail_v2,"{""d_att_max_m"":null,""h_adv_m"":5000.0,""h_att_m"":2000.0,""h_max_m"":10000.0,""h_min_m"":0.0,""high_altitude_tail"":0.1,""version"":""eq17_engineering_thresholds_unbounded_tail_v2""}",-1.383100,-0.461033,-0.203934,-0.067978,19.158934,6.386311,0.000000,0.000000,0.000000,0.000000,-337.805575,-112.601858,-90.000000,0.671804,0.662587,0.682015,-0.397858,0,1685,0,56,166295,29096,25989,77404,60527,10966,0,93124,0,1,0,0,0,57,0.000000,0.033234,0.000000,0.021769,0.000000,0.000000,0.000000,0.000000,0.000000,0.000000,0.000000,0.000000,0.000000,0.000000,0.000000,3713.836508,2691.742740,3596.407470,4729.736673,27.495235,26.556620,151.945072,161.479924,-18.399431,1685.194050,0.274510,0.508501,0.000000,0.000000,0.000000,0.000000
98,196000,-0.168759,166.003391,3.078015,-413.7034,0.000000,96.7386,0.000000,0.0,7.5,941,0,941,0,0.0000,3.0000,2691,132,14,0,14,2691,0.666667,0.617202,0.004959,0.005203,0.000000,0,paper_literal_eq15_eq20_joint_v3,paper_joint,paper_fixed_v1,paper,0.000000,paper_eq9,vanilla_mappo_paper_env_v2,tanh_squashed_normal_v1,eq17_engineering_thresholds_unbounded_tail_v2,"{""d_att_max_m"":null,""h_adv_m"":5000.0,""h_att_m"":2000.0,""h_max_m"":10000.0,""h_min_m"":0.0,""high_altitude_tail"":0.1,""version"":""eq17_engineering_thresholds_unbounded_tail_v2""}",-1.358998,-0.452999,-0.203714,-0.067905,19.875513,6.625171,0.000000,0.000000,0.000000,0.000000,-342.016200,-114.005400,-90.000000,0.678055,0.667435,0.688790,-0.388610,83,1131,3,40,98673,16240,11361,35047,19837,11871,867,72570,15,15,0,0,18,55,0.036145,0.035367,0.000841,0.032271,3078.938206,2570.332612,3557.501688,3826.825541,21.774276,20.570250,118.076624,123.769258,267.104024,3014.965424,0.000000,4403.256745,3029.955411,3895.879292,4948.183149,25.291535,27.416509,147.481295,156.470660,-8.279258,2022.662524,0.152174,0.499519,0.000000,0.000000,0.000000,0.000000
99,198000,-0.227786,156.415121,3.102562,-410.8289,0.000000,97.0456,0.000000,0.0,7.8,946,0,946,0,0.0000,2.9800,2701,137,15,0,15,2701,0.714286,0.614143,0.005285,0.005553,0.000000,0,paper_literal_eq15_eq20_joint_v3,paper_joint,paper_fixed_v1,paper,0.000000,paper_eq9,vanilla_mappo_paper_env_v2,tanh_squashed_normal_v1,eq17_engineering_thresholds_unbounded_tail_v2,"{""d_att_max_m"":null,""h_adv_m"":5000.0,""h_att_m"":2000.0,""h_max_m"":10000.0,""h_min_m"":0.0,""high_altitude_tail"":0.1,""version"":""eq17_engineering_thresholds_unbounded_tail_v2""}",-1.352034,-0.450678,-0.199724,-0.066575,21.499394,7.166465,0.000000,0.000000,0.000000,0.000000,-341.376481,-113.792160,-89.400000,0.683249,0.671195,0.695539,-0.381002,0,1131,0,38,126975,26383,20226,74707,48428,18585,79,55475,0,0,0,0,0,38,0.000000,0.033599,0.000000,0.015139,0.000000,0.000000,0.000000,0.000000,0.000000,0.000000,0.000000,0.000000,0.000000,0.000000,1.000000,4206.846254,3311.796651,3846.897670,4854.255963,26.358360,26.738920,153.450199,166.135451,-38.989236,2149.099539,0.216216,0.500559,0.000000,0.000000,0.000000,0.000000
100,200000,-0.195242,125.628856,3.125221,-405.6426,0.000000,101.7207,0.000000,0.1,8.2,951,0,951,0,0.0000,2.9800,2713,140,15,0,15,2713,0.681818,0.610074,0.005258,0.005529,0.000000,0,paper_literal_eq15_eq20_joint_v3,paper_joint,paper_fixed_v1,paper,0.000000,paper_eq9,vanilla_mappo_paper_env_v2,tanh_squashed_normal_v1,eq17_engineering_thresholds_unbounded_tail_v2,"{""d_att_max_m"":null,""h_adv_m"":5000.0,""h_att_m"":2000.0,""h_max_m"":10000.0,""h_min_m"":0.0,""high_altitude_tail"":0.1,""version"":""eq17_engineering_thresholds_unbounded_tail_v2""}",-1.397875,-0.465958,-0.205022,-0.068341,24.329192,8.109731,0.000000,0.000000,0.000000,0.000000,-338.968816,-112.989605,-89.400000,0.688536,0.675114,0.704421,-0.373342,15,1403,1,49,137068,34560,16068,68784,57101,9114,190,74744,0,18,0,0,1,67,0.066667,0.034925,0.000109,0.020397,1049.798019,1049.798019,1049.798019,1049.798019,22.230841,22.230841,133.124454,133.124454,358.336159,1046.339718,0.000000,4520.764287,2957.680364,3774.100942,5226.170794,22.870632,25.140902,142.837845,154.391235,-7.036725,1869.552206,0.279070,0.509192,0.000000,0.000000,0.000000,0.000000
101,202000,-0.198129,154.094185,3.152069,-407.4344,0.000000,103.9080,0.000000,0.1,8.6,956,0,956,0,0.0000,2.9800,2725,143,15,0,15,2725,0.681818,0.607581,0.005230,0.005505,0.000000,0,paper_literal_eq15_eq20_joint_v3,paper_joint,paper_fixed_v1,paper,0.000000,paper_eq9,vanilla_mappo_paper_env_v2,tanh_squashed_normal_v1,eq17_engineering_thresholds_unbounded_tail_v2,"{""d_att_max_m"":null,""h_adv_m"":5000.0,""h_att_m"":2000.0,""h_max_m"":10000.0,""h_min_m"":0.0,""high_altitude_tail"":0.1,""version"":""eq17_engineering_thresholds_unbounded_tail_v2""}",-1.401628,-0.467209,-0.203593,-0.067864,26.483382,8.827794,0.000000,0.000000,0.000000,0.000000,-342.912504,-114.304168,-89.400000,0.695342,0.683474,0.706587,-0.363445,0,1062,0,38,106084,28081,13456,45449,36383,8396,0,67642,0,0,0,0,0,38,0.000000,0.035782,0.000000,0.023367,0.000000,0.000000,0.000000,0.000000,0.000000,0.000000,0.000000,0.000000,0.000000,0.000000,0.000000,3949.230992,3217.558490,3821.228715,4411.141145,22.034175,19.852544,146.447396,157.774847,0.874453,1839.160817,0.260870,0.510455,0.000000,0.000000,0.000000,0.000000
102,204000,-0.090133,164.912111,3.180595,-393.9254,0.000000,98.0495,0.000000,0.1,8.6,962,0,962,0,0.0000,2.9800,2738,148,15,0,15,2738,0.681818,0.602951,0.005198,0.005478,0.000000,0,paper_literal_eq15_eq20_joint_v3,paper_joint,paper_fixed_v1,paper,0.000000,paper_eq9,vanilla_mappo_paper_env_v2,tanh_squashed_normal_v1,eq17_engineering_thresholds_unbounded_tail_v2,"{""d_att_max_m"":null,""h_adv_m"":5000.0,""h_att_m"":2000.0,""h_max_m"":10000.0,""h_min_m"":0.0,""high_altitude_tail"":0.1,""version"":""eq17_engineering_thresholds_unbounded_tail_v2""}",-1.389472,-0.463157,-0.205554,-0.068518,27.060566,9.020189,0.000000,0.000000,0.000000,0.000000,-329.990879,-109.996960,-89.400000,0.701809,0.692868,0.709275,-0.354141,0,1391,0,56,161428,35894,26778,88658,68217,13331,0,73862,0,16,0,0,0,72,0.000000,0.040259,0.000000,0.015690,0.000000,0.000000,0.000000,0.000000,0.000000,0.000000,0.000000,0.000000,0.000000,0.000000,0.000000,3240.548671,2670.434560,3196.061809,3799.071763,29.723386,31.277283,148.970975,161.571336,-40.467366,1957.050394,0.244898,0.517556,0.000000,0.000000,0.000000,0.000000
103,206000,-0.149578,112.390421,3.207413,-387.9807,0.000000,98.6305,0.000000,0.1,8.5,965,0,965,0,0.0000,2.9800,2744,151,15,0,15,2744,0.681818,0.596781,0.005181,0.005466,0.000000,0,paper_literal_eq15_eq20_joint_v3,paper_joint,paper_fixed_v1,paper,0.000000,paper_eq9,vanilla_mappo_paper_env_v2,tanh_squashed_normal_v1,eq17_engineering_thresholds_unbounded_tail_v2,"{""d_att_max_m"":null,""h_adv_m"":5000.0,""h_att_m"":2000.0,""h_max_m"":10000.0,""h_min_m"":0.0,""high_altitude_tail"":0.1,""version"":""eq17_engineering_thresholds_unbounded_tail_v2""}",-1.382665,-0.460888,-0.202216,-0.067405,25.882315,8.627438,0.000000,0.000000,0.000000,0.000000,-322.878131,-107.626044,-89.400000,0.707813,0.699660,0.715694,-0.345618,0,1398,0,57,124647,17232,30279,45166,29332,11666,0,96255,0,1,0,0,0,58,0.000000,0.040773,0.000000,0.030952,0.000000,0.000000,0.000000,0.000000,0.000000,0.000000,0.000000,0.000000,0.000000,0.000000,0.000000,3999.432478,3225.014232,3851.378970,4610.590126,24.109774,23.952818,153.714320,168.191844,-37.137111,1961.820452,0.158730,0.520799,0.000000,0.000000,0.000000,0.000000
104,208000,-0.259758,239.597908,3.228023,-378.5023,0.000000,88.6599,0.000000,0.1,8.7,972,0,972,0,0.0000,2.9800,2758,158,15,0,15,2758,0.681818,0.594268,0.005144,0.005439,0.000000,0,paper_literal_eq15_eq20_joint_v3,paper_joint,paper_fixed_v1,paper,0.000000,paper_eq9,vanilla_mappo_paper_env_v2,tanh_squashed_normal_v1,eq17_engineering_thresholds_unbounded_tail_v2,"{""d_att_max_m"":null,""h_adv_m"":5000.0,""h_att_m"":2000.0,""h_max_m"":10000.0,""h_min_m"":0.0,""high_altitude_tail"":0.1,""version"":""eq17_engineering_thresholds_unbounded_tail_v2""}",-1.364343,-0.454781,-0.198481,-0.066160,27.581285,9.193762,0.000000,0.000000,0.000000,0.000000,-315.120699,-105.040233,-89.400000,0.711336,0.704455,0.720312,-0.340654,0,901,0,43,143232,39378,26987,88943,64447,21648,0,60584,0,0,0,0,0,43,0.000000,0.047725,0.000000,0.010130,0.000000,0.000000,0.000000,0.000000,0.000000,0.000000,0.000000,0.000000,0.000000,0.000000,0.000000,3931.417541,2924.843792,3350.864071,4682.028798,31.448087,37.584854,142.445052,151.688534,-6.295899,2090.663588,0.297297,0.528390,0.000000,0.000000,0.000000,0.000000
105,210000,-0.140963,121.617619,3.247403,-384.5209,0.000000,90.6951,0.000000,0.1,9.2,975,0,975,0,0.0000,2.9800,2764,161,15,0,15,2764,0.625000,0.589968,0.005128,0.005427,0.000000,0,paper_literal_eq15_eq20_joint_v3,paper_joint,paper_fixed_v1,paper,0.000000,paper_eq9,vanilla_mappo_paper_env_v2,tanh_squashed_normal_v1,eq17_engineering_thresholds_unbounded_tail_v2,"{""d_att_max_m"":null,""h_adv_m"":5000.0,""h_att_m"":2000.0,""h_max_m"":10000.0,""h_min_m"":0.0,""high_altitude_tail"":0.1,""version"":""eq17_engineering_thresholds_unbounded_tail_v2""}",-1.354382,-0.451461,-0.199140,-0.066380,29.934882,9.978294,0.000000,0.000000,0.000000,0.000000,-323.502163,-107.834054,-89.400000,0.717153,0.712379,0.723482,-0.332487,30,1190,2,44,110265,10810,12527,34100,24453,10018,3286,84064,0,8,0,0,2,52,0.066667,0.036975,0.000272,0.034897,8656.076542,8618.324527,8656.076542,8693.828557,41.528888,41.528888,91.908602,91.908602,231.410897,3912.945837,1.000000,4831.404931,3587.719807,4601.880831,5569.361814,26.903834,31.649698,146.315629,151.497085,-8.022536,2522.855652,0.187500,0.528405,0.000100,0.000000,0.000299,0.000000
106,212000,-0.041915,99.775527,3.275586,-376.1393,0.000000,89.5442,0.000000,0.1,9.4,979,0,979,0,0.0000,2.9400,2775,162,17,0,17,2775,0.708333,0.588547,0.005788,0.006126,0.000000,0,paper_literal_eq15_eq20_joint_v3,paper_joint,paper_fixed_v1,paper,0.000000,paper_eq9,vanilla_mappo_paper_env_v2,tanh_squashed_normal_v1,eq17_engineering_thresholds_unbounded_tail_v2,"{""d_att_max_m"":null,""h_adv_m"":5000.0,""h_att_m"":2000.0,""h_max_m"":10000.0,""h_min_m"":0.0,""high_altitude_tail"":0.1,""version"":""eq17_engineering_thresholds_unbounded_tail_v2""}",-1.339579,-0.446526,-0.196150,-0.065383,32.663068,10.887689,0.000000,0.000000,0.000000,0.000000,-319.066575,-106.355525,-88.200000,0.724857,0.718006,0.729626,-0.321805,0,752,0,30,107015,26796,11966,53376,41366,9874,202,54288,0,0,0,0,0,30,0.000000,0.039894,0.000000,0.014089,0.000000,0.000000,0.000000,0.000000,0.000000,0.000000,0.000000,0.000000,0.000000,0.000000,1.000000,3850.708015,2897.315597,3576.143434,4527.734927,26.197316,25.769526,149.399533,154.363095,1.514652,2078.221676,0.290323,0.521385,0.000000,0.000000,0.000000,0.000000
107,214000,-0.169421,93.132652,3.302603,-377.4075,0.000000,89.7328,0.000000,0.1,9.9,982,0,982,0,0.0000,2.9400,2783,163,17,0,17,2783,0.708333,0.583560,0.005771,0.006109,0.000000,0,paper_literal_eq15_eq20_joint_v3,paper_joint,paper_fixed_v1,paper,0.000000,paper_eq9,vanilla_mappo_paper_env_v2,tanh_squashed_normal_v1,eq17_engineering_thresholds_unbounded_tail_v2,"{""d_att_max_m"":null,""h_adv_m"":5000.0,""h_att_m"":2000.0,""h_max_m"":10000.0,""h_min_m"":0.0,""high_altitude_tail"":0.1,""version"":""eq17_engineering_thresholds_unbounded_tail_v2""}",-1.320237,-0.440079,-0.196531,-0.065510,35.026407,11.675469,0.000000,0.000000,0.000000,0.000000,-322.717096,-107.572365,-88.200000,0.730272,0.720973,0.736698,-0.314381,0,1720,0,54,128486,19846,12405,52579,37740,11783,0,78741,0,18,0,0,0,72,0.000000,0.031395,0.000000,0.032713,0.000000,0.000000,0.000000,0.000000,0.000000,0.000000,0.000000,0.000000,0.000000,0.000000,0.000000,3956.749043,3112.571531,3648.581562,4675.869165,22.137243,19.598588,154.848161,169.246017,-47.037575,1784.234932,0.122449,0.520162,0.000000,0.000000,0.000000,0.000000
108,216000,-0.227830,148.704295,3.325690,-380.1770,0.000000,85.5555,0.000000,0.1,10.3,988,0,988,0,0.0000,2.9400,2798,166,17,0,17,2798,0.708333,0.581342,0.005735,0.006076,0.000000,0,paper_literal_eq15_eq20_joint_v3,paper_joint,paper_fixed_v1,paper,0.000000,paper_eq9,vanilla_mappo_paper_env_v2,tanh_squashed_normal_v1,eq17_engineering_thresholds_unbounded_tail_v2,"{""d_att_max_m"":null,""h_adv_m"":5000.0,""h_att_m"":2000.0,""h_max_m"":10000.0,""h_min_m"":0.0,""high_altitude_tail"":0.1,""version"":""eq17_engineering_thresholds_unbounded_tail_v2""}",-1.306627,-0.435542,-0.193275,-0.064425,35.377274,11.792425,0.000000,0.000000,0.000000,0.000000,-325.854267,-108.618089,-88.200000,0.735758,0.726770,0.743449,-0.306897,0,1263,0,44,150465,38860,18493,79520,63131,12811,0,70945,0,7,0,0,0,51,0.000000,0.034838,0.000000,0.015883,0.000000,0.000000,0.000000,0.000000,0.000000,0.000000,0.000000,0.000000,0.000000,0.000000,0.000000,3244.705759,2553.777990,3191.454328,4028.093251,29.419027,31.075347,141.785637,148.202701,-39.833784,1896.249878,0.302326,0.531639,0.000000,0.000000,0.000000,0.000000
109,218000,-0.293254,174.264619,3.346922,-377.9772,0.000000,85.4714,0.000000,0.1,10.3,991,0,991,0,0.0000,2.9400,2803,170,17,0,17,2803,0.680000,0.575683,0.005718,0.006065,0.000000,0,paper_literal_eq15_eq20_joint_v3,paper_joint,paper_fixed_v1,paper,0.000000,paper_eq9,vanilla_mappo_paper_env_v2,tanh_squashed_normal_v1,eq17_engineering_thresholds_unbounded_tail_v2,"{""d_att_max_m"":null,""h_adv_m"":5000.0,""h_att_m"":2000.0,""h_max_m"":10000.0,""h_min_m"":0.0,""high_altitude_tail"":0.1,""version"":""eq17_engineering_thresholds_unbounded_tail_v2""}",-1.320855,-0.440285,-0.195528,-0.065176,35.684275,11.894758,0.000000,0.000000,0.000000,0.000000,-323.945004,-107.981668,-88.200000,0.740540,0.731636,0.748018,-0.300418,25,1575,1,56,149082,24641,17350,56473,36834,15303,262,92871,0,5,0,0,1,61,0.040000,0.035556,0.000168,0.027889,3268.050815,3268.050815,3268.050815,3268.050815,41.369233,41.369233,100.054301,100.054301,281.797905,2626.130249,0.000000,4425.021638,2967.738260,4043.359057,5117.049132,26.324656,28.119458,152.573057,162.869187,-28.387421,1848.918873,0.160714,0.533974,0.000000,0.000000,0.000000,0.000000
110,220000,-0.202272,108.099089,3.367031,-381.8614,0.000000,89.2623,0.000000,0.1,10.4,993,0,993,0,0.0000,2.9400,2808,171,17,0,17,2808,0.607143,0.571894,0.005707,0.006054,0.000000,0,paper_literal_eq15_eq20_joint_v3,paper_joint,paper_fixed_v1,paper,0.000000,paper_eq9,vanilla_mappo_paper_env_v2,tanh_squashed_normal_v1,eq17_engineering_thresholds_unbounded_tail_v2,"{""d_att_max_m"":null,""h_adv_m"":5000.0,""h_att_m"":2000.0,""h_max_m"":10000.0,""h_min_m"":0.0,""high_altitude_tail"":0.1,""version"":""eq17_engineering_thresholds_unbounded_tail_v2""}",-1.340212,-0.446737,-0.198243,-0.066081,35.535526,11.845175,0.000000,0.000000,0.000000,0.000000,-327.658340,-109.219447,-88.200000,0.745615,0.737463,0.751294,-0.293578,45,974,3,41,110047,11849,13767,34846,20585,9717,2279,79279,0,0,0,0,3,41,0.066667,0.042094,0.000409,0.027952,4947.914069,4237.536530,4441.508569,5405.088857,36.621674,41.595350,114.520170,116.380130,239.802956,3481.935713,0.333333,4262.473514,3068.527935,3930.189743,5090.284571,25.840387,26.270247,150.641891,158.052262,-17.977164,2108.205801,0.204545,0.528885,0.000104,0.000311,0.000000,0.000000
111,222000,-0.175309,150.413330,3.388429,-381.1588,0.000000,88.5657,0.000000,0.1,10.4,997,0,997,0,0.0000,2.9600,2818,173,17,0,17,2818,0.607143,0.569984,0.005684,0.006033,0.000000,0,paper_literal_eq15_eq20_joint_v3,paper_joint,paper_fixed_v1,paper,0.000000,paper_eq9,vanilla_mappo_paper_env_v2,tanh_squashed_normal_v1,eq17_engineering_thresholds_unbounded_tail_v2,"{""d_att_max_m"":null,""h_adv_m"":5000.0,""h_att_m"":2000.0,""h_max_m"":10000.0,""h_min_m"":0.0,""high_altitude_tail"":0.1,""version"":""eq17_engineering_thresholds_unbounded_tail_v2""}",-1.281384,-0.427128,-0.193944,-0.064648,34.629139,11.543046,0.000000,0.000000,0.000000,0.000000,-325.512484,-108.504161,-88.800000,0.751637,0.742649,0.758957,-0.285542,0,757,0,34,126323,24948,17877,62272,40195,17176,0,64051,0,0,0,0,0,34,0.000000,0.044914,0.000000,0.012156,0.000000,0.000000,0.000000,0.000000,0.000000,0.000000,0.000000,0.000000,0.000000,0.000000,0.000000,3657.426277,2895.560695,3634.363470,4218.454062,33.581486,38.542007,135.803023,138.986826,11.252008,2185.249091,0.187500,0.531833,0.000000,0.000000,0.000000,0.000000
112,224000,-0.198120,184.716609,3.408135,-379.7617,0.000000,86.7537,0.000000,0.1,10.6,1002,0,1002,0,0.0000,2.9400,2831,175,18,0,18,2831,0.600000,0.566313,0.005988,0.006358,0.000000,0,paper_literal_eq15_eq20_joint_v3,paper_joint,paper_fixed_v1,paper,0.000000,paper_eq9,vanilla_mappo_paper_env_v2,tanh_squashed_normal_v1,eq17_engineering_thresholds_unbounded_tail_v2,"{""d_att_max_m"":null,""h_adv_m"":5000.0,""h_att_m"":2000.0,""h_max_m"":10000.0,""h_min_m"":0.0,""high_altitude_tail"":0.1,""version"":""eq17_engineering_thresholds_unbounded_tail_v2""}",-1.224698,-0.408233,-0.189174,-0.063058,36.328015,12.109338,0.000000,0.000000,0.000000,0.000000,-326.475721,-108.825240,-88.200000,0.755138,0.747424,0.760741,-0.280883,30,1272,2,55,127285,26278,27502,55848,40416,12065,544,82415,0,0,0,0,2,55,0.066667,0.043239,0.000236,0.022776,1048.978061,940.188797,1048.978061,1157.767324,33.941040,33.941040,102.364612,102.364612,205.622996,1029.117237,1.000000,3819.582366,2804.605257,3772.129282,4687.522856,25.016600,25.027282,150.495285,159.130007,-14.519781,1619.194565,0.137931,0.543515,0.000000,0.000000,0.000000,0.000000
113,226000,-0.281101,166.916566,3.421172,-380.4010,0.000000,85.7744,0.000000,0.2,10.7,1008,0,1008,0,0.0000,2.9000,2840,184,20,0,20,2840,0.588235,0.564612,0.006614,0.007042,0.000000,0,paper_literal_eq15_eq20_joint_v3,paper_joint,paper_fixed_v1,paper,0.000000,paper_eq9,vanilla_mappo_paper_env_v2,tanh_squashed_normal_v1,eq17_engineering_thresholds_unbounded_tail_v2,"{""d_att_max_m"":null,""h_adv_m"":5000.0,""h_att_m"":2000.0,""h_max_m"":10000.0,""h_min_m"":0.0,""high_altitude_tail"":0.1,""version"":""eq17_engineering_thresholds_unbounded_tail_v2""}",-1.282529,-0.427510,-0.195841,-0.065280,36.722282,12.240761,0.000000,0.000000,0.000000,0.000000,-328.644744,-109.548248,-87.000000,0.758360,0.750019,0.764944,-0.276631,60,778,4,31,113602,29323,17788,73922,42396,22556,11086,52508,0,0,0,0,4,31,0.066667,0.039846,0.000528,0.010525,3628.692701,1511.149593,3488.067040,5605.610148,25.997567,28.964283,111.816554,104.307313,159.634289,2895.407971,0.000000,3975.023337,3191.654131,3734.428990,4745.625260,28.884869,35.806637,150.846739,159.075890,-24.902922,2164.005314,0.257143,0.534209,0.000089,0.000266,0.000000,0.000000
114,228000,-0.233817,149.808977,3.436830,-383.7931,0.000000,85.3377,0.000000,0.2,10.8,1013,0,1013,0,0.0000,2.9000,2850,189,20,0,20,2850,0.571429,0.561909,0.006581,0.007018,0.000000,0,paper_literal_eq15_eq20_joint_v3,paper_joint,paper_fixed_v1,paper,0.000000,paper_eq9,vanilla_mappo_paper_env_v2,tanh_squashed_normal_v1,eq17_engineering_thresholds_unbounded_tail_v2,"{""d_att_max_m"":null,""h_adv_m"":5000.0,""h_att_m"":2000.0,""h_max_m"":10000.0,""h_min_m"":0.0,""high_altitude_tail"":0.1,""version"":""eq17_engineering_thresholds_unbounded_tail_v2""}",-1.237068,-0.412356,-0.195863,-0.065288,37.016971,12.338990,0.000000,0.000000,0.000000,0.000000,-332.377003,-110.792334,-87.000000,0.763425,0.752558,0.771288,-0.269995,39,1009,1,42,146220,35498,18032,77540,55949,13739,1868,70548,4,0,0,0,5,42,0.025641,0.041625,0.000267,0.013013,798.401421,798.401421,798.401421,798.401421,34.162798,34.162798,104.974982,104.974982,89.852579,708.999029,0.000000,3683.444732,2792.837755,3389.410881,4253.627244,32.248799,37.859659,143.650770,153.888225,-26.570483,2045.375850,0.277778,0.541344,0.000081,0.000243,0.000000,0.000000
115,230000,-0.153561,90.004202,3.453833,-385.8836,0.000000,86.0333,0.000000,0.3,11.0,1016,0,1016,0,0.0000,2.9000,2856,192,20,0,20,2856,0.571429,0.556942,0.006562,0.007003,0.000000,0,paper_literal_eq15_eq20_joint_v3,paper_joint,paper_fixed_v1,paper,0.000000,paper_eq9,vanilla_mappo_paper_env_v2,tanh_squashed_normal_v1,eq17_engineering_thresholds_unbounded_tail_v2,"{""d_att_max_m"":null,""h_adv_m"":5000.0,""h_att_m"":2000.0,""h_max_m"":10000.0,""h_min_m"":0.0,""high_altitude_tail"":0.1,""version"":""eq17_engineering_thresholds_unbounded_tail_v2""}",-1.233310,-0.411103,-0.196056,-0.065352,38.406304,12.802101,0.000000,0.000000,0.000000,0.000000,-335.860376,-111.953459,-87.000000,0.766950,0.755479,0.773724,-0.265391,0,1369,0,56,158205,22559,21944,63058,44493,10347,0,95147,0,0,0,0,0,56,0.000000,0.040906,0.000000,0.021710,0.000000,0.000000,0.000000,0.000000,0.000000,0.000000,0.000000,0.000000,0.000000,0.000000,0.000000,3534.416389,2586.144554,3128.542468,3971.490852,26.231974,26.704942,150.664376,162.327874,-39.097712,1619.336711,0.163636,0.551635,0.000076,0.000000,0.000000,0.000227
116,232000,-0.128352,76.622727,3.470294,-386.4029,0.000000,85.6562,0.000000,0.3,11.1,1018,0,1018,0,0.0000,2.9000,2861,193,20,0,20,2861,0.571429,0.553921,0.006549,0.006991,0.000000,0,paper_literal_eq15_eq20_joint_v3,paper_joint,paper_fixed_v1,paper,0.000000,paper_eq9,vanilla_mappo_paper_env_v2,tanh_squashed_normal_v1,eq17_engineering_thresholds_unbounded_tail_v2,"{""d_att_max_m"":null,""h_adv_m"":5000.0,""h_att_m"":2000.0,""h_max_m"":10000.0,""h_min_m"":0.0,""high_altitude_tail"":0.1,""version"":""eq17_engineering_thresholds_unbounded_tail_v2""}",-1.240531,-0.413510,-0.196150,-0.065383,38.822406,12.940802,0.000000,0.000000,0.000000,0.000000,-336.788495,-112.262832,-87.000000,0.772256,0.759390,0.778865,-0.258509,0,980,0,37,108768,13783,10131,39674,25335,12537,0,69094,0,0,0,0,0,37,0.000000,0.037755,0.000000,0.024701,0.000000,0.000000,0.000000,0.000000,0.000000,0.000000,0.000000,0.000000,0.000000,0.000000,0.000000,3924.190986,3322.109955,3974.845204,4757.813109,32.376632,40.615508,142.629830,152.579399,-16.440709,2614.849930,0.162162,0.542454,0.000110,0.000000,0.000330,0.000000
117,234000,-0.168138,154.264925,3.490989,-390.9473,0.000000,84.1158,0.000000,0.3,11.1,1023,0,1023,0,0.0000,2.9000,2871,198,20,0,20,2871,0.571429,0.551585,0.006517,0.006966,0.000000,0,paper_literal_eq15_eq20_joint_v3,paper_joint,paper_fixed_v1,paper,0.000000,paper_eq9,vanilla_mappo_paper_env_v2,tanh_squashed_normal_v1,eq17_engineering_thresholds_unbounded_tail_v2,"{""d_att_max_m"":null,""h_adv_m"":5000.0,""h_att_m"":2000.0,""h_max_m"":10000.0,""h_min_m"":0.0,""high_altitude_tail"":0.1,""version"":""eq17_engineering_thresholds_unbounded_tail_v2""}",-1.259426,-0.419809,-0.198833,-0.066278,38.317291,12.772430,0.000000,0.000000,0.000000,0.000000,-340.806252,-113.602084,-87.000000,0.776659,0.765081,0.782655,-0.252809,0,1031,0,40,137811,27489,14048,71094,49147,13822,0,66717,0,0,0,0,0,40,0.000000,0.038797,0.000000,0.014502,0.000000,0.000000,0.000000,0.000000,0.000000,0.000000,0.000000,0.000000,0.000000,0.000000,0.000000,4404.954058,3133.387747,4144.506855,5330.146176,32.443629,40.841953,145.704249,156.504641,-27.852011,2211.069402,0.250000,0.547152,0.000000,0.000000,0.000000,0.000000
118,236000,-0.210609,171.793442,3.507389,-387.8735,0.000000,78.9815,0.000000,0.2,10.5,1030,0,1030,0,0.0000,2.9400,2885,205,20,0,20,2885,0.571429,0.549629,0.006472,0.006932,0.000000,0,paper_literal_eq15_eq20_joint_v3,paper_joint,paper_fixed_v1,paper,0.000000,paper_eq9,vanilla_mappo_paper_env_v2,tanh_squashed_normal_v1,eq17_engineering_thresholds_unbounded_tail_v2,"{""d_att_max_m"":null,""h_adv_m"":5000.0,""h_att_m"":2000.0,""h_max_m"":10000.0,""h_min_m"":0.0,""high_altitude_tail"":0.1,""version"":""eq17_engineering_thresholds_unbounded_tail_v2""}",-1.268164,-0.422721,-0.197879,-0.065960,34.888971,11.629657,0.000000,0.000000,0.000000,0.000000,-333.096291,-111.032097,-88.200000,0.781220,0.766780,0.789581,-0.246986,0,1058,0,44,134441,39915,13721,74501,60269,10631,0,61244,0,24,0,0,0,68,0.000000,0.041588,0.000000,0.014201,0.000000,0.000000,0.000000,0.000000,0.000000,0.000000,0.000000,0.000000,0.000000,0.000000,0.000000,3449.055586,3022.335265,3444.354530,3898.201592,28.886263,31.311111,144.097389,147.134107,-17.823031,1918.481157,0.250000,0.555129,0.000088,0.000000,0.000000,0.000264
119,238000,-0.215589,101.325551,3.530713,-377.9515,0.000000,79.9354,0.000000,0.2,10.0,1034,0,1034,0,0.0000,2.9400,2890,212,20,0,20,2890,0.571429,0.544154,0.006447,0.006920,0.000000,0,paper_literal_eq15_eq20_joint_v3,paper_joint,paper_fixed_v1,paper,0.000000,paper_eq9,vanilla_mappo_paper_env_v2,tanh_squashed_normal_v1,eq17_engineering_thresholds_unbounded_tail_v2,"{""d_att_max_m"":null,""h_adv_m"":5000.0,""h_att_m"":2000.0,""h_max_m"":10000.0,""h_min_m"":0.0,""high_altitude_tail"":0.1,""version"":""eq17_engineering_thresholds_unbounded_tail_v2""}",-1.247370,-0.415790,-0.195189,-0.065063,32.991779,10.997260,0.000000,0.000000,0.000000,0.000000,-321.300595,-107.100198,-88.200000,0.788744,0.771754,0.797666,-0.237430,0,1510,0,62,155213,23462,23513,71428,47425,16090,0,93730,0,5,0,0,0,67,0.000000,0.041060,0.000000,0.021140,0.000000,0.000000,0.000000,0.000000,0.000000,0.000000,0.000000,0.000000,0.000000,0.000000,0.000000,4228.054175,2855.094981,4177.987675,5327.619188,21.643646,19.142026,158.197238,169.442902,-42.106417,1754.272675,0.140351,0.558422,0.000145,0.000435,0.000000,0.000000
120,240000,-0.208313,136.971225,3.560994,-383.3141,0.000000,89.9430,0.000000,0.2,10.3,1038,0,1038,0,0.0000,2.9400,2901,213,20,0,20,2901,0.571429,0.542040,0.006423,0.006894,0.000000,0,paper_literal_eq15_eq20_joint_v3,paper_joint,paper_fixed_v1,paper,0.000000,paper_eq9,vanilla_mappo_paper_env_v2,tanh_squashed_normal_v1,eq17_engineering_thresholds_unbounded_tail_v2,"{""d_att_max_m"":null,""h_adv_m"":5000.0,""h_att_m"":2000.0,""h_max_m"":10000.0,""h_min_m"":0.0,""high_altitude_tail"":0.1,""version"":""eq17_engineering_thresholds_unbounded_tail_v2""}",-1.226718,-0.408906,-0.192471,-0.064157,34.888174,11.629391,0.000000,0.000000,0.000000,0.000000,-328.582947,-109.527649,-88.200000,0.797285,0.778478,0.807511,-0.226684,0,1061,0,41,123330,24287,9266,47367,37790,7559,0,83635,0,2,0,0,0,43,0.000000,0.038643,0.000000,0.022400,0.000000,0.000000,0.000000,0.000000,0.000000,0.000000,0.000000,0.000000,0.000000,0.000000,0.000000,4094.197921,2711.923512,3584.125070,5584.324098,23.760297,21.920857,141.536937,146.298527,-5.790214,2131.624075,0.220000,0.556798,0.000000,0.000000,0.000000,0.000000
121,242000,-0.294512,101.673390,3.588061,-382.5949,0.000000,88.1613,0.000000,0.2,10.6,1043,0,1043,0,0.0000,2.9400,2912,217,20,0,20,2912,0.571429,0.539659,0.006392,0.006868,0.000000,0,paper_literal_eq15_eq20_joint_v3,paper_joint,paper_fixed_v1,paper,0.000000,paper_eq9,vanilla_mappo_paper_env_v2,tanh_squashed_normal_v1,eq17_engineering_thresholds_unbounded_tail_v2,"{""d_att_max_m"":null,""h_adv_m"":5000.0,""h_att_m"":2000.0,""h_max_m"":10000.0,""h_min_m"":0.0,""high_altitude_tail"":0.1,""version"":""eq17_engineering_thresholds_unbounded_tail_v2""}",-1.195353,-0.398451,-0.187499,-0.062500,36.582045,12.194015,0.000000,0.000000,0.000000,0.000000,-329.593902,-109.864634,-88.200000,0.802743,0.786570,0.812528,-0.219825,0,1253,0,44,134177,26871,20309,70491,46175,18182,0,66247,0,0,0,0,0,44,0.000000,0.035116,0.000000,0.017775,0.000000,0.000000,0.000000,0.000000,0.000000,0.000000,0.000000,0.000000,0.000000,0.000000,0.000000,4077.117585,3058.787318,3909.094673,5023.480241,27.363921,26.740437,150.309210,158.462151,-33.670945,1957.337041,0.195122,0.554555,0.000000,0.000000,0.000000,0.000000
122,244000,-0.195275,177.169485,3.602910,-387.4693,0.000000,91.5610,0.000000,0.2,10.3,1048,0,1048,0,0.0000,2.9400,2921,223,20,0,20,2921,0.571429,0.537245,0.006361,0.006847,0.000000,0,paper_literal_eq15_eq20_joint_v3,paper_joint,paper_fixed_v1,paper,0.000000,paper_eq9,vanilla_mappo_paper_env_v2,tanh_squashed_normal_v1,eq17_engineering_thresholds_unbounded_tail_v2,"{""d_att_max_m"":null,""h_adv_m"":5000.0,""h_att_m"":2000.0,""h_max_m"":10000.0,""h_min_m"":0.0,""high_altitude_tail"":0.1,""version"":""eq17_engineering_thresholds_unbounded_tail_v2""}",-1.205258,-0.401753,-0.189962,-0.063321,34.760216,11.586739,0.000000,0.000000,0.000000,0.000000,-332.634122,-110.878041,-88.200000,0.805884,0.789072,0.815436,-0.215926,0,1402,0,41,116365,25108,9463,54709,44595,7846,0,63035,0,1,0,0,0,42,0.000000,0.029244,0.000000,0.025626,0.000000,0.000000,0.000000,0.000000,0.000000,0.000000,0.000000,0.000000,0.000000,0.000000,0.000000,3707.364259,2840.231817,3453.231446,4249.726807,19.973586,16.195457,149.315267,157.978588,-7.401012,1546.322113,0.227273,0.563867,0.000305,0.000610,0.000000,0.000305
123,246000,-0.255624,93.061982,3.615854,-386.0848,0.000000,78.3130,0.000000,0.1,10.1,1051,0,1051,0,0.0000,2.9600,2927,226,20,0,20,2927,0.571429,0.533054,0.006343,0.006833,0.000000,0,paper_literal_eq15_eq20_joint_v3,paper_joint,paper_fixed_v1,paper,0.000000,paper_eq9,vanilla_mappo_paper_env_v2,tanh_squashed_normal_v1,eq17_engineering_thresholds_unbounded_tail_v2,"{""d_att_max_m"":null,""h_adv_m"":5000.0,""h_att_m"":2000.0,""h_max_m"":10000.0,""h_min_m"":0.0,""high_altitude_tail"":0.1,""version"":""eq17_engineering_thresholds_unbounded_tail_v2""}",-1.222800,-0.407600,-0.190558,-0.063519,33.461367,11.153789,0.000000,0.000000,0.000000,0.000000,-329.332636,-109.777545,-88.800000,0.809185,0.792646,0.818634,-0.211833,0,1445,0,54,136816,23244,10846,52468,40019,9914,0,85300,0,0,0,0,0,54,0.000000,0.037370,0.000000,0.027541,0.000000,0.000000,0.000000,0.000000,0.000000,0.000000,0.000000,0.000000,0.000000,0.000000,0.000000,3838.325107,3143.042779,3620.968871,4315.351579,26.301172,29.449246,152.744919,164.473726,-45.144163,1799.655967,0.137255,0.560406,0.000000,0.000000,0.000000,0.000000
124,248000,-0.189921,106.869052,3.630685,-386.3760,0.000000,78.6770,0.000000,0.1,10.4,1055,0,1055,0,0.0000,3.0000,2938,227,20,0,20,2938,0.571429,0.530516,0.006319,0.006807,0.000000,0,paper_literal_eq15_eq20_joint_v3,paper_joint,paper_fixed_v1,paper,0.000000,paper_eq9,vanilla_mappo_paper_env_v2,tanh_squashed_normal_v1,eq17_engineering_thresholds_unbounded_tail_v2,"{""d_att_max_m"":null,""h_adv_m"":5000.0,""h_att_m"":2000.0,""h_max_m"":10000.0,""h_min_m"":0.0,""high_altitude_tail"":0.1,""version"":""eq17_engineering_thresholds_unbounded_tail_v2""}",-1.180133,-0.393378,-0.184432,-0.061477,34.757157,11.585719,0.000000,0.000000,0.000000,0.000000,-329.768425,-109.922808,-90.000000,0.813990,0.800889,0.823714,-0.205878,0,1171,0,47,123740,18829,15893,50770,31872,13038,0,74526,0,0,0,0,0,47,0.000000,0.040137,0.000000,0.023065,0.000000,0.000000,0.000000,0.000000,0.000000,0.000000,0.000000,0.000000,0.000000,0.000000,0.000000,3834.340427,2848.372779,3527.176851,4682.319266,28.897054,35.215098,141.941285,152.183722,-35.724583,2156.593987,0.222222,0.560716,0.000191,0.000287,0.000287,0.000000
125,250000,-0.112798,89.373313,3.653394,-387.9073,0.000000,80.3378,0.000000,0.0,10.3,1058,0,1058,0,0.0000,3.0000,2945,229,20,0,20,2945,0.555556,0.526551,0.006301,0.006791,0.000000,0,paper_literal_eq15_eq20_joint_v3,paper_joint,paper_fixed_v1,paper,0.000000,paper_eq9,vanilla_mappo_paper_env_v2,tanh_squashed_normal_v1,eq17_engineering_thresholds_unbounded_tail_v2,"{""d_att_max_m"":null,""h_adv_m"":5000.0,""h_att_m"":2000.0,""h_max_m"":10000.0,""h_min_m"":0.0,""high_altitude_tail"":0.1,""version"":""eq17_engineering_thresholds_unbounded_tail_v2""}",-1.111896,-0.370632,-0.178805,-0.059602,34.218294,11.406098,0.000000,0.000000,0.000000,0.000000,-330.834696,-110.278232,-90.000000,0.821291,0.809481,0.831319,-0.196938,17,1657,1,55,133149,11830,20924,44050,28790,10686,1145,91908,0,38,0,0,1,93,0.058824,0.033193,0.000128,0.037616,7956.466872,7956.466872,7956.466872,7956.466872,41.678126,41.678126,125.213046,125.213046,-31.397024,5594.653675,1.000000,4258.507129,3340.827028,3954.165133,4734.134002,23.720908,18.957525,158.504754,167.110385,-37.462044,2067.105936,0.122807,0.571911,0.000000,0.000000,0.000000,0.000000
126,252000,-0.199340,113.541029,3.676955,-391.4474,0.000000,81.0447,0.000000,0.0,10.9,1062,0,1062,0,0.0000,2.9800,2953,233,21,0,21,2953,0.583333,0.523025,0.006591,0.007111,0.000000,0,paper_literal_eq15_eq20_joint_v3,paper_joint,paper_fixed_v1,paper,0.000000,paper_eq9,vanilla_mappo_paper_env_v2,tanh_squashed_normal_v1,eq17_engineering_thresholds_unbounded_tail_v2,"{""d_att_max_m"":null,""h_adv_m"":5000.0,""h_att_m"":2000.0,""h_max_m"":10000.0,""h_min_m"":0.0,""high_altitude_tail"":0.1,""version"":""eq17_engineering_thresholds_unbounded_tail_v2""}",-1.135095,-0.378365,-0.176704,-0.058901,36.159391,12.053130,0.000000,0.000000,0.000000,0.000000,-336.894778,-112.298259,-89.400000,0.826832,0.816875,0.838389,-0.190211,0,1418,0,53,156422,31669,17102,74894,56313,12609,0,82027,0,12,0,0,0,65,0.000000,0.037377,0.000000,0.018933,0.000000,0.000000,0.000000,0.000000,0.000000,0.000000,0.000000,0.000000,0.000000,0.000000,0.000000,4081.525567,2873.967188,3758.959124,5438.864220,26.895773,28.508882,143.025399,142.267701,-34.667938,2024.444991,0.163265,0.579492,0.000228,0.000000,0.000457,0.000228
127,254000,-0.264633,119.813644,3.696143,-398.3748,0.000000,80.7811,0.000000,0.0,11.2,1066,0,1066,0,0.0000,2.9800,2961,237,21,0,21,2961,0.552632,0.519565,0.006567,0.007092,0.000000,0,paper_literal_eq15_eq20_joint_v3,paper_joint,paper_fixed_v1,paper,0.000000,paper_eq9,vanilla_mappo_paper_env_v2,tanh_squashed_normal_v1,eq17_engineering_thresholds_unbounded_tail_v2,"{""d_att_max_m"":null,""h_adv_m"":5000.0,""h_att_m"":2000.0,""h_max_m"":10000.0,""h_min_m"":0.0,""high_altitude_tail"":0.1,""version"":""eq17_engineering_thresholds_unbounded_tail_v2""}",-1.124415,-0.374805,-0.176298,-0.058766,37.003388,12.334463,0.000000,0.000000,0.000000,0.000000,-344.677282,-114.892427,-89.400000,0.832097,0.817425,0.845462,-0.183901,34,1491,2,53,117128,22538,22094,43588,28649,12266,3636,88291,0,0,0,0,2,53,0.058824,0.035547,0.000290,0.034207,2376.966471,1485.065530,2376.966471,3268.867413,28.665633,28.665633,101.962663,101.962663,238.901341,2020.099648,0.000000,5100.737363,3568.801056,4584.455435,6286.289078,17.237717,13.769255,156.386657,163.938276,-19.773993,1883.554990,0.118644,0.582142,0.000180,0.000000,0.000540,0.000000
128,256000,-0.282910,111.334512,3.717670,-400.7883,0.000000,81.9265,0.000000,0.1,11.3,1069,0,1069,0,0.0000,2.9800,2966,241,21,0,21,2966,0.538462,0.516365,0.006548,0.007080,0.000000,0,paper_literal_eq15_eq20_joint_v3,paper_joint,paper_fixed_v1,paper,0.000000,paper_eq9,vanilla_mappo_paper_env_v2,tanh_squashed_normal_v1,eq17_engineering_thresholds_unbounded_tail_v2,"{""d_att_max_m"":null,""h_adv_m"":5000.0,""h_att_m"":2000.0,""h_max_m"":10000.0,""h_min_m"":0.0,""high_altitude_tail"":0.1,""version"":""eq17_engineering_thresholds_unbounded_tail_v2""}",-1.125018,-0.375006,-0.175240,-0.058413,38.018527,12.672842,0.000000,0.000000,0.000000,0.000000,-348.106398,-116.035466,-89.400000,0.838799,0.822690,0.852884,-0.175894,15,1064,1,45,120753,20417,19306,56497,39938,11854,2367,75283,0,22,0,0,1,67,0.066667,0.042293,0.000124,0.018833,571.561991,571.561991,571.561991,571.561991,36.719084,36.719084,97.218043,97.218043,141.915027,336.893099,0.000000,4124.730507,3211.120079,3862.503101,4473.948008,29.349467,32.044355,136.394951,136.597414,-15.403798,2083.948377,0.268293,0.587117,0.000453,0.001087,0.000000,0.000272
129,258000,-0.100337,114.593528,3.744820,-409.5221,0.000000,87.3517,0.000000,0.1,11.6,1073,0,1073,0,0.0000,2.9800,2976,243,21,0,21,2976,0.525000,0.514167,0.006524,0.007056,0.000000,0,paper_literal_eq15_eq20_joint_v3,paper_joint,paper_fixed_v1,paper,0.000000,paper_eq9,vanilla_mappo_paper_env_v2,tanh_squashed_normal_v1,eq17_engineering_thresholds_unbounded_tail_v2,"{""d_att_max_m"":null,""h_adv_m"":5000.0,""h_att_m"":2000.0,""h_max_m"":10000.0,""h_min_m"":0.0,""high_altitude_tail"":0.1,""version"":""eq17_engineering_thresholds_unbounded_tail_v2""}",-1.098445,-0.366148,-0.174400,-0.058133,39.051107,13.017036,0.000000,0.000000,0.000000,0.000000,-357.900124,-119.300041,-89.400000,0.848165,0.834844,0.859110,-0.164750,15,1200,1,44,116603,18362,20083,41854,33934,6879,880,84020,0,0,0,0,1,44,0.066667,0.036667,0.000129,0.028671,3687.463300,3687.463300,3687.463300,3687.463300,44.413875,44.413875,150.723364,150.723364,173.557740,2947.148441,0.000000,4881.260596,3549.374911,4254.727967,6298.742567,24.216913,25.820386,146.378372,155.599905,-23.723865,2093.186023,0.142857,0.586781,0.000190,0.000285,0.000000,0.000285
130,260000,-0.201853,140.959795,3.778568,-405.8369,0.000000,90.8770,0.000000,0.1,12.1,1077,0,1077,0,0.0000,2.9800,2985,246,21,0,21,2985,0.512195,0.511218,0.006500,0.007035,0.000000,0,paper_literal_eq15_eq20_joint_v3,paper_joint,paper_fixed_v1,paper,0.000000,paper_eq9,vanilla_mappo_paper_env_v2,tanh_squashed_normal_v1,eq17_engineering_thresholds_unbounded_tail_v2,"{""d_att_max_m"":null,""h_adv_m"":5000.0,""h_att_m"":2000.0,""h_max_m"":10000.0,""h_min_m"":0.0,""high_altitude_tail"":0.1,""version"":""eq17_engineering_thresholds_unbounded_tail_v2""}",-1.084656,-0.361552,-0.173041,-0.057680,41.640150,13.880050,0.000000,0.000000,0.000000,0.000000,-356.819172,-118.939724,-89.400000,0.857135,0.846977,0.866826,-0.154205,15,1346,1,51,123466,18704,12482,46048,37466,6859,544,88057,0,1,0,0,1,52,0.066667,0.037890,0.000121,0.029230,2631.455104,2631.455104,2631.455104,2631.455104,16.521342,16.521342,125.697362,125.697362,305.884394,2628.739698,0.000000,4661.608229,3383.878553,4316.396498,5720.701681,21.155404,20.938606,152.977639,170.916670,-19.481540,1899.463267,0.188679,0.588772,0.000268,0.000268,0.000535,0.000000
131,262000,-0.193904,101.069287,3.808113,-410.3071,0.000000,90.8640,0.000000,0.1,12.1,1080,0,1080,0,0.0000,2.9800,2992,248,21,0,21,2992,0.512195,0.509363,0.006481,0.007019,0.000000,0,paper_literal_eq15_eq20_joint_v3,paper_joint,paper_fixed_v1,paper,0.000000,paper_eq9,vanilla_mappo_paper_env_v2,tanh_squashed_normal_v1,eq17_engineering_thresholds_unbounded_tail_v2,"{""d_att_max_m"":null,""h_adv_m"":5000.0,""h_att_m"":2000.0,""h_max_m"":10000.0,""h_min_m"":0.0,""high_altitude_tail"":0.1,""version"":""eq17_engineering_thresholds_unbounded_tail_v2""}",-1.095298,-0.365099,-0.175456,-0.058485,41.245726,13.748575,0.000000,0.000000,0.000000,0.000000,-360.881946,-120.293982,-89.400000,0.865350,0.856267,0.871499,-0.144650,0,1055,0,35,112284,19059,13735,51991,37917,10497,876,67895,0,15,0,0,0,50,0.000000,0.033175,0.000000,0.020292,0.000000,0.000000,0.000000,0.000000,0.000000,0.000000,0.000000,0.000000,0.000000,0.000000,0.000000,5071.403520,3238.961262,4717.857730,6665.350676,23.247971,21.032258,134.777418,140.983917,16.702819,2106.089313,0.285714,0.592529,0.000198,0.000000,0.000297,0.000297
132,264000,-0.211971,108.932449,3.832441,-418.0094,0.000000,85.4641,0.000000,0.1,12.2,1084,0,1084,0,0.0000,2.9800,2999,253,21,0,21,2999,0.512195,0.505478,0.006458,0.007002,0.000000,0,paper_literal_eq15_eq20_joint_v3,paper_joint,paper_fixed_v1,paper,0.000000,paper_eq9,vanilla_mappo_paper_env_v2,tanh_squashed_normal_v1,eq17_engineering_thresholds_unbounded_tail_v2,"{""d_att_max_m"":null,""h_adv_m"":5000.0,""h_att_m"":2000.0,""h_max_m"":10000.0,""h_min_m"":0.0,""high_altitude_tail"":0.1,""version"":""eq17_engineering_thresholds_unbounded_tail_v2""}",-1.136957,-0.378986,-0.179074,-0.059691,42.211961,14.070654,0.000000,0.000000,0.000000,0.000000,-369.505186,-123.168395,-89.400000,0.870857,0.864528,0.875789,-0.138293,0,2069,0,59,124952,18473,5572,35844,31490,4913,0,91837,0,5,0,0,0,64,0.000000,0.028516,0.000000,0.057722,0.000000,0.000000,0.000000,0.000000,0.000000,0.000000,0.000000,0.000000,0.000000,0.000000,0.000000,4397.062493,3362.195237,4035.280211,5335.707972,19.577983,15.892263,151.652726,165.210712,-17.161871,1758.672619,0.137931,0.587327,0.000750,0.001406,0.000844,0.000000
133,266000,-0.232141,119.919821,3.853644,-422.4399,0.000000,85.5885,0.000000,0.1,12.1,1088,0,1088,0,0.0000,2.9800,3011,253,21,0,21,3011,0.488372,0.503849,0.006434,0.006974,0.000000,0,paper_literal_eq15_eq20_joint_v3,paper_joint,paper_fixed_v1,paper,0.000000,paper_eq9,vanilla_mappo_paper_env_v2,tanh_squashed_normal_v1,eq17_engineering_thresholds_unbounded_tail_v2,"{""d_att_max_m"":null,""h_adv_m"":5000.0,""h_att_m"":2000.0,""h_max_m"":10000.0,""h_min_m"":0.0,""high_altitude_tail"":0.1,""version"":""eq17_engineering_thresholds_unbounded_tail_v2""}",-1.149207,-0.383069,-0.183457,-0.061152,42.592220,14.197407,0.000000,0.000000,0.000000,0.000000,-374.299280,-124.766427,-89.400000,0.877405,0.870177,0.883669,-0.130807,30,1302,2,43,132163,22949,13756,50376,40866,7540,1176,83099,0,4,0,0,2,47,0.066667,0.033026,0.000227,0.025846,4471.498941,2821.554024,4471.498941,6121.443858,31.755308,31.755308,97.348487,97.348487,200.170592,1851.582049,0.000000,3828.537816,2735.423326,3509.213332,4633.268272,24.910300,25.047507,137.574326,141.634174,15.830326,1478.506520,0.250000,0.604572,0.000179,0.000000,0.000269,0.000269
134,268000,0.035604,99.865215,3.882411,-421.8785,0.000000,84.6414,0.000000,0.1,12.3,1090,0,1090,0,0.0000,2.9800,3017,253,21,0,21,3017,0.488372,0.500747,0.006422,0.006961,0.000000,0,paper_literal_eq15_eq20_joint_v3,paper_joint,paper_fixed_v1,paper,0.000000,paper_eq9,vanilla_mappo_paper_env_v2,tanh_squashed_normal_v1,eq17_engineering_thresholds_unbounded_tail_v2,"{""d_att_max_m"":null,""h_adv_m"":5000.0,""h_att_m"":2000.0,""h_max_m"":10000.0,""h_min_m"":0.0,""high_altitude_tail"":0.1,""version"":""eq17_engineering_thresholds_unbounded_tail_v2""}",-1.134520,-0.378173,-0.182228,-0.060743,43.727046,14.575682,0.000000,0.000000,0.000000,0.000000,-374.888673,-124.962891,-89.400000,0.888007,0.882408,0.896003,-0.118797,0,1440,0,49,99443,8326,10205,31859,21787,8841,824,73208,0,0,0,0,0,49,0.000000,0.034028,0.000000,0.045199,0.000000,0.000000,0.000000,0.000000,0.000000,0.000000,0.000000,0.000000,0.000000,0.000000,1.000000,4032.226986,3282.667617,3731.922333,4374.200640,21.332722,16.423554,145.356429,156.074909,-13.432044,1644.174765,0.156863,0.594271,0.000772,0.000331,0.000331,0.001655
135,270000,-0.201277,139.950513,3.913058,-423.8616,0.000000,86.7677,0.000000,0.2,12.7,1096,0,1096,0,0.0000,2.9600,3032,256,22,0,22,3032,0.511628,0.499835,0.006691,0.007256,0.000000,0,paper_literal_eq15_eq20_joint_v3,paper_joint,paper_fixed_v1,paper,0.000000,paper_eq9,vanilla_mappo_paper_env_v2,tanh_squashed_normal_v1,eq17_engineering_thresholds_unbounded_tail_v2,"{""d_att_max_m"":null,""h_adv_m"":5000.0,""h_att_m"":2000.0,""h_max_m"":10000.0,""h_min_m"":0.0,""high_altitude_tail"":0.1,""version"":""eq17_engineering_thresholds_unbounded_tail_v2""}",-1.130834,-0.376945,-0.179746,-0.059915,44.378683,14.792894,0.000000,0.000000,0.000000,0.000000,-378.129503,-126.043168,-88.800000,0.894671,0.889160,0.904593,-0.111330,0,1100,0,41,127233,26258,9266,61983,50809,7854,0,66033,0,5,0,0,0,46,0.000000,0.037273,0.000000,0.017747,0.000000,0.000000,0.000000,0.000000,0.000000,0.000000,0.000000,0.000000,0.000000,0.000000,0.000000,3701.845806,3041.709033,3828.111436,4205.766711,26.423713,29.603925,135.235913,135.077980,-14.944219,2016.491888,0.325000,0.601034,0.000929,0.001115,0.000000,0.001672
136,272000,-0.088765,129.789294,3.934734,-422.4159,0.000000,93.6789,0.000000,0.2,12.6,1102,0,1102,0,0.0000,2.9600,3047,259,22,0,22,3047,0.511628,0.499181,0.006655,0.007220,0.000000,0,paper_literal_eq15_eq20_joint_v3,paper_joint,paper_fixed_v1,paper,0.000000,paper_eq9,vanilla_mappo_paper_env_v2,tanh_squashed_normal_v1,eq17_engineering_thresholds_unbounded_tail_v2,"{""d_att_max_m"":null,""h_adv_m"":5000.0,""h_att_m"":2000.0,""h_max_m"":10000.0,""h_min_m"":0.0,""high_altitude_tail"":0.1,""version"":""eq17_engineering_thresholds_unbounded_tail_v2""}",-1.129133,-0.376378,-0.177092,-0.059031,44.387604,14.795868,0.000000,0.000000,0.000000,0.000000,-376.697069,-125.565690,-88.800000,0.902573,0.895017,0.915470,-0.102557,0,1292,0,38,119763,26081,7074,55114,41222,9531,0,64649,0,0,0,0,0,38,0.000000,0.029412,0.000000,0.023442,0.000000,0.000000,0.000000,0.000000,0.000000,0.000000,0.000000,0.000000,0.000000,0.000000,0.000000,4197.212928,3472.329947,3754.188644,4336.578845,23.700133,22.511504,146.521870,151.403849,-0.584003,1960.355950,0.177778,0.599354,0.000300,0.000300,0.000000,0.000600
137,274000,-0.232358,108.673479,3.959701,-415.9133,0.000000,94.9270,0.000000,0.2,12.2,1106,0,1106,0,0.0000,2.9600,3055,263,22,0,22,3055,0.500000,0.496344,0.006631,0.007201,0.000000,0,paper_literal_eq15_eq20_joint_v3,paper_joint,paper_fixed_v1,paper,0.000000,paper_eq9,vanilla_mappo_paper_env_v2,tanh_squashed_normal_v1,eq17_engineering_thresholds_unbounded_tail_v2,"{""d_att_max_m"":null,""h_adv_m"":5000.0,""h_att_m"":2000.0,""h_max_m"":10000.0,""h_min_m"":0.0,""high_altitude_tail"":0.1,""version"":""eq17_engineering_thresholds_unbounded_tail_v2""}",-1.185336,-0.395112,-0.180539,-0.060180,42.934348,14.311449,0.000000,0.000000,0.000000,0.000000,-368.681591,-122.893864,-88.800000,0.908269,0.897855,0.924580,-0.096297,15,1662,1,51,135476,22419,10452,64952,52530,8792,896,72036,0,0,0,0,1,51,0.066667,0.030686,0.000111,0.025588,2145.412445,2145.412445,2145.412445,2145.412445,37.861784,37.861784,94.210453,94.210453,174.285827,2087.804892,0.000000,3941.722678,3243.646379,3809.767488,4474.677455,23.570911,23.154052,140.624380,142.017568,7.003429,1835.805257,0.266667,0.599082,0.000524,0.000524,0.000786,0.000262
138,276000,-0.274166,133.811995,3.978803,-420.6397,0.000000,95.2152,0.000000,0.2,12.0,1111,0,1111,0,0.0000,2.9800,3067,266,22,0,22,3067,0.500000,0.494279,0.006601,0.007173,0.000000,0,paper_literal_eq15_eq20_joint_v3,paper_joint,paper_fixed_v1,paper,0.000000,paper_eq9,vanilla_mappo_paper_env_v2,tanh_squashed_normal_v1,eq17_engineering_thresholds_unbounded_tail_v2,"{""d_att_max_m"":null,""h_adv_m"":5000.0,""h_att_m"":2000.0,""h_max_m"":10000.0,""h_min_m"":0.0,""high_altitude_tail"":0.1,""version"":""eq17_engineering_thresholds_unbounded_tail_v2""}",-1.189397,-0.396466,-0.179470,-0.059823,41.459648,13.819883,0.000000,0.000000,0.000000,0.000000,-371.330302,-123.776767,-89.400000,0.915051,0.906197,0.931371,-0.088854,0,1543,0,50,142538,26849,19759,73487,56501,11275,0,71967,0,18,0,0,0,68,0.000000,0.032404,0.000000,0.020997,0.000000,0.000000,0.000000,0.000000,0.000000,0.000000,0.000000,0.000000,0.000000,0.000000,0.000000,4288.819276,3588.948917,3999.820720,4725.421306,22.424658,19.921162,141.779602,145.072966,-9.336618,2008.437754,0.180000,0.611304,0.000902,0.001229,0.000492,0.000984
139,278000,-0.164025,127.172345,4.003464,-409.2264,0.000895,98.9066,0.166667,0.2,11.5,1117,1,1116,0,0.0200,2.9200,3077,273,25,0,25,3077,0.531915,0.493109,0.007463,0.008125,0.000896,0,paper_literal_eq15_eq20_joint_v3,paper_joint,paper_fixed_v1,paper,0.000000,paper_eq9,vanilla_mappo_paper_env_v2,tanh_squashed_normal_v1,eq17_engineering_thresholds_unbounded_tail_v2,"{""d_att_max_m"":null,""h_adv_m"":5000.0,""h_att_m"":2000.0,""h_max_m"":10000.0,""h_min_m"":0.0,""high_altitude_tail"":0.1,""version"":""eq17_engineering_thresholds_unbounded_tail_v2""}",-1.245219,-0.415073,-0.179838,-0.059946,40.178480,13.392827,0.000000,0.000000,0.000000,0.000000,-360.979708,-120.326569,-87.000000,0.923065,0.911148,0.940654,-0.080150,50,1125,3,35,114750,25750,9817,62336,41796,13736,982,58327,0,1,0,0,3,36,0.060000,0.031111,0.000436,0.018047,1341.450128,1210.038384,1470.693151,1537.483383,15.713436,16.341324,128.491587,121.903564,317.761620,1337.154629,1.000000,4106.202562,3269.262008,3814.176639,4619.583263,28.838753,29.125560,145.211005,149.861403,-32.236383,2351.020112,0.210526,0.609447,0.000788,0.000591,0.000887,0.000887
140,280000,-0.263772,148.797311,4.028141,-388.6937,0.000890,94.3987,0.000000,0.2,10.4,1123,1,1122,0,0.0200,2.9200,3090,278,25,0,25,3090,0.531915,0.491803,0.007423,0.008091,0.000891,0,paper_literal_eq15_eq20_joint_v3,paper_joint,paper_fixed_v1,paper,0.000000,paper_eq9,vanilla_mappo_paper_env_v2,tanh_squashed_normal_v1,eq17_engineering_thresholds_unbounded_tail_v2,"{""d_att_max_m"":null,""h_adv_m"":5000.0,""h_att_m"":2000.0,""h_max_m"":10000.0,""h_min_m"":0.0,""high_altitude_tail"":0.1,""version"":""eq17_engineering_thresholds_unbounded_tail_v2""}",-1.307746,-0.435915,-0.183778,-0.061259,35.447131,11.815710,0.000000,0.000000,0.000000,0.000000,-335.649185,-111.883062,-87.000000,0.929704,0.917590,0.947447,-0.072984,0,1385,0,43,140910,30178,11986,70323,58116,7707,0,70806,0,0,0,0,0,43,0.000000,0.031047,0.000000,0.019695,0.000000,0.000000,0.000000,0.000000,0.000000,0.000000,0.000000,0.000000,0.000000,0.000000,0.000000,3696.260511,3287.622401,3671.173510,4106.197983,26.354945,29.670474,131.715295,128.793601,13.964147,2000.426737,0.375000,0.618581,0.001356,0.001525,0.001017,0.001525
141,282000,-0.299324,107.778777,4.049030,-394.8684,0.000887,92.1943,0.000000,0.1,9.9,1128,1,1127,0,0.0200,2.9200,3100,283,25,0,25,3100,0.520833,0.489499,0.007390,0.008065,0.000887,0,paper_literal_eq15_eq20_joint_v3,paper_joint,paper_fixed_v1,paper,0.000000,paper_eq9,vanilla_mappo_paper_env_v2,tanh_squashed_normal_v1,eq17_engineering_thresholds_unbounded_tail_v2,"{""d_att_max_m"":null,""h_adv_m"":5000.0,""h_att_m"":2000.0,""h_max_m"":10000.0,""h_min_m"":0.0,""high_altitude_tail"":0.1,""version"":""eq17_engineering_thresholds_unbounded_tail_v2""}",-1.341882,-0.447294,-0.186092,-0.062031,32.612040,10.870680,0.000000,0.000000,0.000000,0.000000,-338.952375,-112.984125,-87.000000,0.936103,0.927150,0.950830,-0.066092,15,1352,1,50,158622,29452,23723,80213,58486,14287,412,82928,0,13,0,0,1,63,0.066667,0.036982,0.000095,0.016855,7714.539097,7714.539097,7714.539097,7714.539097,33.679347,33.679347,95.136006,95.136006,86.813420,5079.854496,0.000000,4136.178871,3380.829416,3839.843451,4947.101813,25.397030,26.667921,147.917854,157.517944,-22.215060,2055.021031,0.234043,0.620743,0.001683,0.001317,0.002414,0.001317
142,284000,-0.248010,128.890923,4.067743,-385.5431,0.000883,92.5369,0.000000,0.1,9.7,1132,1,1131,0,0.0200,2.9200,3108,287,25,0,25,3108,0.500000,0.487682,0.007364,0.008044,0.000884,0,paper_literal_eq15_eq20_joint_v3,paper_joint,paper_fixed_v1,paper,0.000000,paper_eq9,vanilla_mappo_paper_env_v2,tanh_squashed_normal_v1,eq17_engineering_thresholds_unbounded_tail_v2,"{""d_att_max_m"":null,""h_adv_m"":5000.0,""h_att_m"":2000.0,""h_max_m"":10000.0,""h_min_m"":0.0,""high_altitude_tail"":0.1,""version"":""eq17_engineering_thresholds_unbounded_tail_v2""}",-1.345122,-0.448374,-0.182876,-0.060959,31.412427,10.470809,0.000000,0.000000,0.000000,0.000000,-328.427443,-109.475814,-87.000000,0.941330,0.931375,0.958200,-0.060542,30,1099,2,40,99827,22721,6020,43302,38058,4626,4390,66628,0,0,0,0,2,40,0.066667,0.036397,0.000301,0.025380,3708.535432,2135.129228,3708.535432,5281.941635,27.506366,27.506366,137.999817,137.999817,182.764416,1966.383203,0.000000,4149.599599,3241.507768,3835.750790,5244.493162,21.139698,18.448937,138.592547,138.449434,5.254549,1785.656321,0.318182,0.619880,0.001613,0.002904,0.000323,0.001613
143,286000,-0.264467,92.528752,4.090721,-375.7046,0.000880,81.5853,0.000000,0.2,9.6,1137,1,1136,0,0.0200,2.9000,3122,288,26,0,26,3122,0.520000,0.486748,0.007625,0.008328,0.000880,0,paper_literal_eq15_eq20_joint_v3,paper_joint,paper_fixed_v1,paper,0.000000,paper_eq9,vanilla_mappo_paper_env_v2,tanh_squashed_normal_v1,eq17_engineering_thresholds_unbounded_tail_v2,"{""d_att_max_m"":null,""h_adv_m"":5000.0,""h_att_m"":2000.0,""h_max_m"":10000.0,""h_min_m"":0.0,""high_altitude_tail"":0.1,""version"":""eq17_engineering_thresholds_unbounded_tail_v2""}",-1.352338,-0.450779,-0.183476,-0.061159,30.786326,10.262109,0.000000,0.000000,0.000000,0.000000,-318.554952,-106.184984,-86.400000,0.950700,0.939690,0.968257,-0.050644,0,1167,0,41,95392,10663,10022,25767,20352,4995,116,73705,0,0,0,0,0,41,0.000000,0.035133,0.000000,0.045290,0.000000,0.000000,0.000000,0.000000,0.000000,0.000000,0.000000,0.000000,0.000000,0.000000,1.000000,3657.995618,3282.714777,3581.992634,4112.071287,28.309653,29.107644,145.173415,146.193406,-0.259742,1942.189497,0.195122,0.615152,0.001417,0.001417,0.001417,0.001417
144,288000,-0.284494,97.716197,4.117646,-377.1379,0.000877,83.2586,0.000000,0.2,9.5,1140,1,1139,0,0.0200,2.9000,3129,290,26,0,26,3129,0.520000,0.483766,0.007605,0.008309,0.000878,0,paper_literal_eq15_eq20_joint_v3,paper_joint,paper_fixed_v1,paper,0.000000,paper_eq9,vanilla_mappo_paper_env_v2,tanh_squashed_normal_v1,eq17_engineering_thresholds_unbounded_tail_v2,"{""d_att_max_m"":null,""h_adv_m"":5000.0,""h_att_m"":2000.0,""h_max_m"":10000.0,""h_min_m"":0.0,""high_altitude_tail"":0.1,""version"":""eq17_engineering_thresholds_unbounded_tail_v2""}",-1.360783,-0.453594,-0.183967,-0.061322,30.406749,10.135583,0.000000,0.000000,0.000000,0.000000,-319.599812,-106.533271,-86.400000,0.958934,0.946626,0.975698,-0.042015,0,1528,0,54,148328,27578,12630,66703,59072,4447,0,84240,0,0,0,0,0,54,0.000000,0.035340,0.000000,0.022908,0.000000,0.000000,0.000000,0.000000,0.000000,0.000000,0.000000,0.000000,0.000000,0.000000,0.000000,3847.080218,2856.273119,3620.644564,4567.222694,24.463963,22.299724,140.560650,149.831175,-8.256966,1826.328161,0.217391,0.629618,0.002618,0.003095,0.001428,0.003333
145,290000,-0.192144,116.408650,4.142856,-376.0581,0.000874,83.8729,0.000000,0.2,9.2,1144,1,1143,0,0.0200,2.9200,3139,292,26,0,26,3139,0.509804,0.481073,0.007578,0.008283,0.000875,0,paper_literal_eq15_eq20_joint_v3,paper_joint,paper_fixed_v1,paper,0.000000,paper_eq9,vanilla_mappo_paper_env_v2,tanh_squashed_normal_v1,eq17_engineering_thresholds_unbounded_tail_v2,"{""d_att_max_m"":null,""h_adv_m"":5000.0,""h_att_m"":2000.0,""h_max_m"":10000.0,""h_min_m"":0.0,""high_altitude_tail"":0.1,""version"":""eq17_engineering_thresholds_unbounded_tail_v2""}",-1.369032,-0.456344,-0.186500,-0.062167,30.040446,10.013482,0.000000,0.000000,0.000000,0.000000,-317.542899,-105.847633,-87.000000,0.966510,0.953701,0.981175,-0.034132,15,1571,1,57,157328,18618,18724,52757,40042,11143,545,106571,0,0,0,0,1,57,0.066667,0.036283,0.000095,0.029778,1775.513206,1775.513206,1775.513206,1775.513206,13.313810,13.313810,173.586414,173.586414,270.542869,1774.847148,0.000000,4366.467875,3301.313921,3801.497030,5327.504379,26.369830,28.552810,144.305951,148.841524,-24.932632,2009.827397,0.145161,0.625293,0.001945,0.001795,0.001122,0.002917
146,292000,-0.282068,75.314183,4.166402,-370.9100,0.000873,76.6979,0.000000,0.2,9.1,1146,1,1145,0,0.0200,2.9200,3143,294,26,0,26,3143,0.500000,0.478096,0.007565,0.008272,0.000873,0,paper_literal_eq15_eq20_joint_v3,paper_joint,paper_fixed_v1,paper,0.000000,paper_eq9,vanilla_mappo_paper_env_v2,tanh_squashed_normal_v1,eq17_engineering_thresholds_unbounded_tail_v2,"{""d_att_max_m"":null,""h_adv_m"":5000.0,""h_att_m"":2000.0,""h_max_m"":10000.0,""h_min_m"":0.0,""high_altitude_tail"":0.1,""version"":""eq17_engineering_thresholds_unbounded_tail_v2""}",-1.365238,-0.455079,-0.185042,-0.061681,29.961995,9.987332,0.000000,0.000000,0.000000,0.000000,-312.321572,-104.107191,-87.000000,0.973683,0.963108,0.985304,-0.026713,27,1475,1,49,108485,10153,13222,30767,21602,9877,1084,81354,0,15,0,0,1,64,0.037037,0.033220,0.000249,0.047941,4100.704748,4100.704748,4100.704748,4100.704748,44.973762,44.973762,111.382972,111.382972,126.648550,1155.359281,0.000000,3832.637141,3070.103476,3654.419743,4338.419609,25.035980,23.242903,141.149716,145.634555,-3.501509,1786.342706,0.140000,0.621200,0.002716,0.003761,0.002820,0.001567
147,294000,-0.218044,124.620866,4.183820,-366.5933,0.000868,69.2054,0.000000,0.2,9.4,1152,1,1151,0,0.0200,2.9200,3154,301,26,0,26,3154,0.490566,0.477084,0.007525,0.008244,0.000869,0,paper_literal_eq15_eq20_joint_v3,paper_joint,paper_fixed_v1,paper,0.000000,paper_eq9,vanilla_mappo_paper_env_v2,tanh_squashed_normal_v1,eq17_engineering_thresholds_unbounded_tail_v2,"{""d_att_max_m"":null,""h_adv_m"":5000.0,""h_att_m"":2000.0,""h_max_m"":10000.0,""h_min_m"":0.0,""high_altitude_tail"":0.1,""version"":""eq17_engineering_thresholds_unbounded_tail_v2""}",-1.390430,-0.463477,-0.190024,-0.063341,31.103223,10.367741,0.000000,0.000000,0.000000,0.000000,-309.115995,-103.038665,-87.000000,0.978169,0.969078,0.988208,-0.022105,3,1021,1,37,115950,26524,6651,54328,45646,5664,486,63662,0,0,0,0,1,37,0.333333,0.036239,0.000026,0.018793,5043.183017,5043.183017,5043.183017,5043.183017,39.644650,39.644650,143.553114,143.553114,184.156931,4547.021936,0.000000,4034.360138,3243.600499,3636.055578,4118.381898,26.695742,25.156275,128.933510,128.638826,16.910788,1897.056057,0.289474,0.630352,0.003651,0.005172,0.002738,0.003042
148,296000,-0.397473,110.202808,4.199012,-377.2878,0.000865,81.9952,0.000000,0.2,9.8,1156,1,1155,0,0.0200,2.9200,3166,301,26,0,26,3166,0.490566,0.475090,0.007499,0.008212,0.000866,0,paper_literal_eq15_eq20_joint_v3,paper_joint,paper_fixed_v1,paper,0.000000,paper_eq9,vanilla_mappo_paper_env_v2,tanh_squashed_normal_v1,eq17_engineering_thresholds_unbounded_tail_v2,"{""d_att_max_m"":null,""h_adv_m"":5000.0,""h_att_m"":2000.0,""h_max_m"":10000.0,""h_min_m"":0.0,""high_altitude_tail"":0.1,""version"":""eq17_engineering_thresholds_unbounded_tail_v2""}",-1.337070,-0.445690,-0.186377,-0.062126,33.195418,11.065139,0.000000,0.000000,0.000000,0.000000,-321.959702,-107.319901,-87.000000,0.983427,0.974217,0.995169,-0.016752,0,1646,0,53,136502,16794,9173,51912,42533,6069,0,84590,0,15,0,0,0,68,0.000000,0.032199,0.000000,0.031708,0.000000,0.000000,0.000000,0.000000,0.000000,0.000000,0.000000,0.000000,0.000000,0.000000,0.000000,4089.093797,3307.198106,3963.042292,4532.860349,22.935142,23.728409,147.527661,162.799036,-32.032407,1785.380114,0.120000,0.634178,0.004563,0.003685,0.004475,0.005528
149,298000,-0.243258,69.599400,4.219537,-376.8239,0.000864,80.9887,0.000000,0.2,9.8,1158,1,1157,0,0.0200,2.9200,3168,305,26,0,26,3168,0.456140,0.471850,0.007486,0.008207,0.000864,0,paper_literal_eq15_eq20_joint_v3,paper_joint,paper_fixed_v1,paper,0.000000,paper_eq9,vanilla_mappo_paper_env_v2,tanh_squashed_normal_v1,eq17_engineering_thresholds_unbounded_tail_v2,"{""d_att_max_m"":null,""h_adv_m"":5000.0,""h_att_m"":2000.0,""h_max_m"":10000.0,""h_min_m"":0.0,""high_altitude_tail"":0.1,""version"":""eq17_engineering_thresholds_unbounded_tail_v2""}",-1.368116,-0.456039,-0.189247,-0.063082,33.478833,11.159611,0.000000,0.000000,0.000000,0.000000,-321.745228,-107.248409,-87.000000,0.991709,0.983832,1.000837,-0.008350,75,1359,4,50,123601,12853,20925,36361,24337,9411,4032,93835,15,0,0,0,19,50,0.053333,0.036792,0.000607,0.037375,7960.760059,7695.811297,9385.297621,9650.246383,42.678838,42.693519,156.512264,161.079852,-3.035114,891.008734,0.000000,4480.989155,3706.597880,4291.996140,5030.538021,24.915359,22.392514,144.908913,158.976712,-0.163819,2152.968632,0.148148,0.634711,0.002663,0.004683,0.001653,0.001653
150,300000,-0.305962,67.336627,4.242141,-381.1113,0.000861,89.4455,0.000000,0.2,10.1,1161,1,1160,0,0.0200,2.9200,3174,308,26,0,26,3174,0.456140,0.470571,0.007467,0.008192,0.000862,0,paper_literal_eq15_eq20_joint_v3,paper_joint,paper_fixed_v1,paper,0.000000,paper_eq9,vanilla_mappo_paper_env_v2,tanh_squashed_normal_v1,eq17_engineering_thresholds_unbounded_tail_v2,"{""d_att_max_m"":null,""h_adv_m"":5000.0,""h_att_m"":2000.0,""h_max_m"":10000.0,""h_min_m"":0.0,""high_altitude_tail"":0.1,""version"":""eq17_engineering_thresholds_unbounded_tail_v2""}",-1.345206,-0.448402,-0.188462,-0.062821,35.156060,11.718687,0.000000,0.000000,0.000000,0.000000,-327.733534,-109.244511,-87.000000,0.998203,0.992293,1.006775,-0.001818,0,1081,0,31,91066,14544,3593,41881,35426,5742,4235,56348,0,15,0,0,0,46,0.000000,0.028677,0.000000,0.025811,0.000000,0.000000,0.000000,0.000000,0.000000,0.000000,0.000000,0.000000,0.000000,0.000000,1.000000,4454.422011,2969.024396,3665.063785,4327.739874,26.754049,27.608515,141.733835,146.651372,-4.456925,2069.699434,0.206897,0.628770,0.002517,0.003147,0.002203,0.002203
151,302000,-0.143412,160.200592,4.264379,-385.4919,0.000856,88.5179,0.000000,0.2,10.4,1168,1,1167,0,0.0000,2.9400,3188,315,28,0,28,3188,0.491228,0.470554,0.007993,0.008783,0.000857,0,paper_literal_eq15_eq20_joint_v3,paper_joint,paper_fixed_v1,paper,0.000000,paper_eq9,vanilla_mappo_paper_env_v2,tanh_squashed_normal_v1,eq17_engineering_thresholds_unbounded_tail_v2,"{""d_att_max_m"":null,""h_adv_m"":5000.0,""h_att_m"":2000.0,""h_max_m"":10000.0,""h_min_m"":0.0,""high_altitude_tail"":0.1,""version"":""eq17_engineering_thresholds_unbounded_tail_v2""}",-1.312383,-0.437461,-0.190251,-0.063417,35.917539,11.972513,0.000000,0.000000,0.000000,0.000000,-331.706722,-110.568907,-88.200000,1.007641,0.997307,1.018893,0.007574,0,849,0,30,111020,30382,8250,65273,56528,6486,0,49274,0,0,0,0,0,30,0.000000,0.035336,0.000000,0.013007,0.000000,0.000000,0.000000,0.000000,0.000000,0.000000,0.000000,0.000000,0.000000,0.000000,0.000000,3842.424236,2899.850077,3887.672838,4485.299167,26.522397,25.708004,140.944675,147.075958,-1.213072,1964.342564,0.281250,0.637176,0.004008,0.006012,0.001718,0.004294
152,304000,-0.128404,36.418888,4.296274,-384.5065,0.000855,89.4758,0.000000,0.2,10.4,1169,1,1168,0,0.0000,2.9400,3189,317,28,0,28,3189,0.491228,0.466637,0.007986,0.008780,0.000856,0,paper_literal_eq15_eq20_joint_v3,paper_joint,paper_fixed_v1,paper,0.000000,paper_eq9,vanilla_mappo_paper_env_v2,tanh_squashed_normal_v1,eq17_engineering_thresholds_unbounded_tail_v2,"{""d_att_max_m"":null,""h_adv_m"":5000.0,""h_att_m"":2000.0,""h_max_m"":10000.0,""h_min_m"":0.0,""high_altitude_tail"":0.1,""version"":""eq17_engineering_thresholds_unbounded_tail_v2""}",-1.302798,-0.434266,-0.189844,-0.063281,35.916794,11.972265,0.000000,0.000000,0.000000,0.000000,-330.730552,-110.243517,-88.200000,1.018392,1.004495,1.029710,0.018172,0,1496,0,59,124000,8215,16823,36409,21426,10177,0,91636,0,0,0,0,0,59,0.000000,0.039439,0.000000,0.041089,0.000000,0.000000,0.000000,0.000000,0.000000,0.000000,0.000000,0.000000,0.000000,0.000000,0.000000,4111.889554,3370.950023,3791.799007,4359.242407,26.037158,27.758345,148.621143,157.567963,-37.204585,1980.229854,0.075472,0.640683,0.003307,0.002413,0.003485,0.004021
153,306000,-0.079188,120.892574,4.331620,-393.7995,0.000853,90.2028,0.000000,0.2,11.0,1173,1,1172,0,0.0000,2.9000,3198,320,30,0,30,3198,0.483871,0.464488,0.008528,0.009381,0.000853,0,paper_literal_eq15_eq20_joint_v3,paper_joint,paper_fixed_v1,paper,0.000000,paper_eq9,vanilla_mappo_paper_env_v2,tanh_squashed_normal_v1,eq17_engineering_thresholds_unbounded_tail_v2,"{""d_att_max_m"":null,""h_adv_m"":5000.0,""h_att_m"":2000.0,""h_max_m"":10000.0,""h_min_m"":0.0,""high_altitude_tail"":0.1,""version"":""eq17_engineering_thresholds_unbounded_tail_v2""}",-1.299423,-0.433141,-0.190805,-0.063602,37.585430,12.528477,0.000000,0.000000,0.000000,0.000000,-342.894620,-114.298207,-87.000000,1.031628,1.017859,1.041102,0.031092,75,1401,5,51,118635,18719,16863,47471,33677,9851,6381,81320,0,0,0,0,5,51,0.066667,0.036403,0.000632,0.029513,6683.847512,6647.417731,6964.154700,9071.712504,38.865172,42.050227,132.367995,136.182044,76.896543,2758.047932,0.400000,4205.744950,3335.153312,4284.897805,4916.426041,23.497809,22.007050,140.304823,140.641699,14.935694,1860.626345,0.160714,0.642795,0.004215,0.004478,0.002634,0.005532
154,308000,-0.193711,149.070706,4.367501,-390.8057,0.000849,93.2920,0.000000,0.3,11.8,1178,1,1177,0,0.0000,2.8800,3211,322,31,0,31,3211,0.492063,0.463415,0.008774,0.009654,0.000850,0,paper_literal_eq15_eq20_joint_v3,paper_joint,paper_fixed_v1,paper,0.000000,paper_eq9,vanilla_mappo_paper_env_v2,tanh_squashed_normal_v1,eq17_engineering_thresholds_unbounded_tail_v2,"{""d_att_max_m"":null,""h_adv_m"":5000.0,""h_att_m"":2000.0,""h_max_m"":10000.0,""h_min_m"":0.0,""high_altitude_tail"":0.1,""version"":""eq17_engineering_thresholds_unbounded_tail_v2""}",-1.279413,-0.426471,-0.190847,-0.063616,41.127723,13.709241,0.000000,0.000000,0.000000,0.000000,-344.063045,-114.687682,-86.400000,1.043087,1.033403,1.050119,0.042161,15,1453,1,44,125398,23304,6924,53706,45153,7652,778,72470,0,0,0,0,1,44,0.066667,0.030282,0.000120,0.027055,3813.692496,3813.692496,3813.692496,3813.692496,37.587129,37.587129,90.784691,90.784691,188.556506,1900.015167,0.000000,3831.441963,3417.259377,3783.771999,4429.794056,25.645707,26.165333,136.558997,128.951364,22.079512,1848.025185,0.319149,0.649676,0.005780,0.004679,0.005230,0.007432
155,310000,-0.209694,107.670831,4.396021,-396.9374,0.000846,92.5475,0.000000,0.3,12.0,1182,1,1181,0,0.0000,2.8800,3221,324,31,0,31,3221,0.492063,0.462389,0.008745,0.009624,0.000847,0,paper_literal_eq15_eq20_joint_v3,paper_joint,paper_fixed_v1,paper,0.000000,paper_eq9,vanilla_mappo_paper_env_v2,tanh_squashed_normal_v1,eq17_engineering_thresholds_unbounded_tail_v2,"{""d_att_max_m"":null,""h_adv_m"":5000.0,""h_att_m"":2000.0,""h_max_m"":10000.0,""h_min_m"":0.0,""high_altitude_tail"":0.1,""version"":""eq17_engineering_thresholds_unbounded_tail_v2""}",-1.264663,-0.421554,-0.191651,-0.063884,42.254101,14.084700,0.000000,0.000000,0.000000,0.000000,-351.335109,-117.111703,-86.400000,1.051553,1.041781,1.056444,0.050246,0,1121,0,37,113065,19847,11747,59172,41599,13072,0,54590,0,5,0,0,0,42,0.000000,0.033006,0.000000,0.018945,0.000000,0.000000,0.000000,0.000000,0.000000,0.000000,0.000000,0.000000,0.000000,0.000000,0.000000,3663.721360,3006.508678,3447.066118,4479.460051,23.595316,24.585465,139.299709,142.257219,11.957555,1720.487169,0.272727,0.638186,0.003058,0.002446,0.003058,0.003670
156,312000,-0.268572,54.958778,4.417926,-397.7630,0.000843,91.5264,0.000000,0.3,12.0,1186,1,1185,0,0.0000,2.8600,3231,326,32,1,32,3231,0.507937,0.461110,0.009277,0.009904,0.000844,0,paper_literal_eq15_eq20_joint_v3,paper_joint,paper_fixed_v1,paper,0.000000,paper_eq9,vanilla_mappo_paper_env_v2,tanh_squashed_normal_v1,eq17_engineering_thresholds_unbounded_tail_v2,"{""d_att_max_m"":null,""h_adv_m"":5000.0,""h_att_m"":2000.0,""h_max_m"":10000.0,""h_min_m"":0.0,""high_altitude_tail"":0.1,""version"":""eq17_engineering_thresholds_unbounded_tail_v2""}",-1.298850,-0.432950,-0.193656,-0.064552,41.920741,13.973580,0.000000,0.000000,0.000000,0.000000,-352.391080,-117.463693,-85.800000,1.058285,1.048407,1.063306,0.056627,0,1402,0,41,98851,19906,6237,34898,29889,6370,0,67315,0,15,0,0,0,56,0.000000,0.029244,0.000000,0.040174,0.000000,0.000000,0.000000,0.000000,0.000000,0.000000,0.000000,0.000000,0.000000,0.000000,0.000000,3915.976105,3416.432368,3820.104569,4255.837724,21.823581,21.629481,145.299047,155.507477,-5.161263,1914.987883,0.244444,0.634348,0.005221,0.006810,0.006129,0.002724
157,314000,-0.197035,148.971486,4.443071,-389.7624,0.000840,92.6133,0.000000,0.3,11.8,1191,1,1190,0,0.0000,2.8600,3241,331,32,1,32,3241,0.492308,0.459977,0.009239,0.009873,0.000840,0,paper_literal_eq15_eq20_joint_v3,paper_joint,paper_fixed_v1,paper,0.000000,paper_eq9,vanilla_mappo_paper_env_v2,tanh_squashed_normal_v1,eq17_engineering_thresholds_unbounded_tail_v2,"{""d_att_max_m"":null,""h_adv_m"":5000.0,""h_att_m"":2000.0,""h_max_m"":10000.0,""h_min_m"":0.0,""high_altitude_tail"":0.1,""version"":""eq17_engineering_thresholds_unbounded_tail_v2""}",-1.320157,-0.440052,-0.192785,-0.064262,40.709279,13.569760,0.000000,0.000000,0.000000,0.000000,-343.158544,-114.386181,-85.800000,1.069931,1.057837,1.078473,0.067560,30,1139,2,39,135318,26193,10809,75317,56214,11385,1725,63504,0,15,0,0,2,54,0.066667,0.034241,0.000222,0.015123,2957.603249,2514.667691,2957.603249,3400.538808,43.608334,43.608334,95.579080,95.579080,224.677946,2896.781043,0.000000,3759.776175,3314.057605,3825.950744,4341.235156,29.882871,29.601070,132.891662,129.408851,-12.347437,2073.266190,0.212121,0.646071,0.005607,0.005952,0.004400,0.006470
158,316000,-0.099998,60.991367,4.474866,-390.6031,0.000838,91.9050,0.000000,0.3,11.5,1193,1,1192,0,0.0000,2.8600,3245,333,32,1,32,3245,0.477612,0.457687,0.009223,0.009861,0.000839,0,paper_literal_eq15_eq20_joint_v3,paper_joint,paper_fixed_v1,paper,0.000000,paper_eq9,vanilla_mappo_paper_env_v2,tanh_squashed_normal_v1,eq17_engineering_thresholds_unbounded_tail_v2,"{""d_att_max_m"":null,""h_adv_m"":5000.0,""h_att_m"":2000.0,""h_max_m"":10000.0,""h_min_m"":0.0,""high_altitude_tail"":0.1,""version"":""eq17_engineering_thresholds_unbounded_tail_v2""}",-1.354117,-0.451372,-0.194979,-0.064993,39.375750,13.125250,0.000000,0.000000,0.000000,0.000000,-342.629619,-114.209873,-85.800000,1.080298,1.071243,1.090490,0.077211,63,1463,2,44,111030,11049,11574,28578,22735,5818,3178,86457,15,0,0,0,17,44,0.031746,0.030075,0.000567,0.051193,8211.685056,8202.408472,8211.685056,8220.961639,40.749563,40.749563,105.491971,105.491971,147.501404,3225.471057,1.000000,4405.348977,3715.814387,4405.796937,4933.470509,22.438994,21.896611,147.630446,157.806540,-19.977239,2013.338351,0.127660,0.638336,0.004709,0.004300,0.005528,0.004300
159,318000,-0.320573,82.309533,4.500416,-390.9354,0.000835,93.7332,0.000000,0.3,11.4,1197,1,1196,0,0.0000,2.8200,3254,336,34,1,34,3254,0.507463,0.455934,0.009749,0.010449,0.000836,0,paper_literal_eq15_eq20_joint_v3,paper_joint,paper_fixed_v1,paper,0.000000,paper_eq9,vanilla_mappo_paper_env_v2,tanh_squashed_normal_v1,eq17_engineering_thresholds_unbounded_tail_v2,"{""d_att_max_m"":null,""h_adv_m"":5000.0,""h_att_m"":2000.0,""h_max_m"":10000.0,""h_min_m"":0.0,""high_altitude_tail"":0.1,""version"":""eq17_engineering_thresholds_unbounded_tail_v2""}",-1.343162,-0.447721,-0.197060,-0.065687,39.500440,13.166813,0.000000,0.000000,0.000000,0.000000,-344.295468,-114.765156,-84.600000,1.087204,1.078009,1.096524,0.083585,0,1342,0,47,120396,19054,10082,51589,37646,12967,0,70035,0,8,0,0,0,55,0.000000,0.035022,0.000000,0.026013,0.000000,0.000000,0.000000,0.000000,0.000000,0.000000,0.000000,0.000000,0.000000,0.000000,0.000000,3922.108448,3046.033046,3741.345673,4554.425191,24.717748,20.383628,141.343627,151.839842,1.867309,1816.571120,0.239130,0.645174,0.005071,0.006437,0.004681,0.004096
160,320000,-0.277205,94.006934,4.517642,-396.3167,0.000833,94.9005,0.000000,0.3,11.4,1201,1,1200,0,0.0000,2.8200,3265,337,34,1,34,3265,0.507463,0.454672,0.009717,0.010413,0.000833,0,paper_literal_eq15_eq20_joint_v3,paper_joint,paper_fixed_v1,paper,0.000000,paper_eq9,vanilla_mappo_paper_env_v2,tanh_squashed_normal_v1,eq17_engineering_thresholds_unbounded_tail_v2,"{""d_att_max_m"":null,""h_adv_m"":5000.0,""h_att_m"":2000.0,""h_max_m"":10000.0,""h_min_m"":0.0,""high_altitude_tail"":0.1,""version"":""eq17_engineering_thresholds_unbounded_tail_v2""}",-1.332609,-0.444203,-0.196089,-0.065363,39.928711,13.309570,0.000000,0.000000,0.000000,0.000000,-350.116566,-116.705522,-84.600000,1.094744,1.082706,1.107660,0.090477,0,1501,0,44,124683,19209,5883,47121,40796,5437,0,77642,0,14,0,0,0,58,0.000000,0.029314,0.000000,0.031854,0.000000,0.000000,0.000000,0.000000,0.000000,0.000000,0.000000,0.000000,0.000000,0.000000,0.000000,4472.393224,3533.678693,4005.142882,5301.634999,21.106250,16.789503,148.688520,158.424176,-22.916059,1817.245826,0.186047,0.639987,0.005663,0.005759,0.006047,0.005183
161,322000,-0.136372,81.638441,4.539125,-390.3398,0.000830,88.0102,0.000000,0.3,11.4,1205,1,1204,0,0.0000,2.8200,3274,340,34,1,34,3274,0.492754,0.453651,0.009685,0.010385,0.000831,0,paper_literal_eq15_eq20_joint_v3,paper_joint,paper_fixed_v1,paper,0.000000,paper_eq9,vanilla_mappo_paper_env_v2,tanh_squashed_normal_v1,eq17_engineering_thresholds_unbounded_tail_v2,"{""d_att_max_m"":null,""h_adv_m"":5000.0,""h_att_m"":2000.0,""h_max_m"":10000.0,""h_min_m"":0.0,""high_altitude_tail"":0.1,""version"":""eq17_engineering_thresholds_unbounded_tail_v2""}",-1.331437,-0.443812,-0.195085,-0.065028,39.303390,13.101130,0.000000,0.000000,0.000000,0.000000,-343.516536,-114.505512,-84.600000,1.103250,1.092078,1.113954,0.098228,41,1047,2,36,119222,20469,13012,57384,41228,9711,4318,68173,0,0,0,0,2,36,0.048780,0.034384,0.000344,0.018246,4499.979835,4219.289459,4499.979835,4780.670212,43.536080,43.536080,103.233152,103.233152,173.170399,3766.779845,0.000000,4063.042047,3297.344561,3654.895837,4452.385913,24.827810,26.162234,137.949712,138.968254,-7.716584,2377.921096,0.157895,0.644479,0.008674,0.012010,0.009437,0.004575
162,324000,-0.338840,115.718246,4.563320,-391.3946,0.000827,83.3361,0.000000,0.3,11.5,1209,1,1208,0,0.0000,2.8200,3282,344,34,1,34,3282,0.492754,0.451631,0.009653,0.010360,0.000828,0,paper_literal_eq15_eq20_joint_v3,paper_joint,paper_fixed_v1,paper,0.000000,paper_eq9,vanilla_mappo_paper_env_v2,tanh_squashed_normal_v1,eq17_engineering_thresholds_unbounded_tail_v2,"{""d_att_max_m"":null,""h_adv_m"":5000.0,""h_att_m"":2000.0,""h_max_m"":10000.0,""h_min_m"":0.0,""high_altitude_tail"":0.1,""version"":""eq17_engineering_thresholds_unbounded_tail_v2""}",-1.355658,-0.451886,-0.198078,-0.066026,40.117926,13.372642,0.000000,0.000000,0.000000,0.000000,-345.358664,-115.119555,-84.600000,1.111443,1.101990,1.121249,0.105634,0,1389,0,50,124926,18393,16191,45617,33608,9755,24,84321,0,15,0,0,0,65,0.000000,0.035997,0.000000,0.030449,0.000000,0.000000,0.000000,0.000000,0.000000,0.000000,0.000000,0.000000,0.000000,0.000000,0.000000,4234.047762,3555.841911,3948.990844,4574.051739,23.846999,21.121531,149.696816,160.169587,-41.077734,1764.981893,0.183673,0.663319,0.008514,0.010162,0.009063,0.006317
163,326000,-0.191912,72.007437,4.588584,-393.7007,0.000825,93.4803,0.000000,0.3,11.3,1212,1,1211,0,0.0000,2.8200,3285,350,34,1,34,3285,0.492754,0.449877,0.009629,0.010350,0.000826,0,paper_literal_eq15_eq20_joint_v3,paper_joint,paper_fixed_v1,paper,0.000000,paper_eq9,vanilla_mappo_paper_env_v2,tanh_squashed_normal_v1,eq17_engineering_thresholds_unbounded_tail_v2,"{""d_att_max_m"":null,""h_adv_m"":5000.0,""h_att_m"":2000.0,""h_max_m"":10000.0,""h_min_m"":0.0,""high_altitude_tail"":0.1,""version"":""eq17_engineering_thresholds_unbounded_tail_v2""}",-1.379846,-0.459949,-0.200147,-0.066716,38.843348,12.947783,0.000000,0.000000,0.000000,0.000000,-346.363881,-115.454627,-84.600000,1.122309,1.104972,1.138531,0.115313,0,1072,0,35,100072,12763,10146,34806,25300,6419,0,67901,0,3,0,0,0,38,0.000000,0.032649,0.000000,0.030799,0.000000,0.000000,0.000000,0.000000,0.000000,0.000000,0.000000,0.000000,0.000000,0.000000,0.000000,4531.369152,3663.945445,4246.017768,5358.129131,24.906486,24.716210,144.194285,146.698088,-7.572172,2516.502820,0.131579,0.649632,0.006641,0.008738,0.005592,0.005592
164,328000,-0.222232,117.009002,4.615215,-397.2339,0.000822,90.7440,0.000000,0.3,11.5,1217,1,1216,0,0.0000,2.8600,3296,354,34,1,34,3296,0.492754,0.448680,0.009589,0.010316,0.000822,0,paper_literal_eq15_eq20_joint_v3,paper_joint,paper_fixed_v1,paper,0.000000,paper_eq9,vanilla_mappo_paper_env_v2,tanh_squashed_normal_v1,eq17_engineering_thresholds_unbounded_tail_v2,"{""d_att_max_m"":null,""h_adv_m"":5000.0,""h_att_m"":2000.0,""h_max_m"":10000.0,""h_min_m"":0.0,""high_altitude_tail"":0.1,""version"":""eq17_engineering_thresholds_unbounded_tail_v2""}",-1.345321,-0.448440,-0.195535,-0.065178,40.159047,13.386349,0.000000,0.000000,0.000000,0.000000,-350.051852,-116.683951,-85.800000,1.131478,1.116147,1.143090,0.123475,0,1356,0,44,124861,18629,8429,52364,42219,9104,0,72628,0,0,0,0,0,44,0.000000,0.032448,0.000000,0.025896,0.000000,0.000000,0.000000,0.000000,0.000000,0.000000,0.000000,0.000000,0.000000,0.000000,0.000000,4055.343076,3161.196661,3997.933596,4623.298184,24.566184,24.539729,144.081459,152.099241,-3.991293,1899.149684,0.219512,0.663750,0.010249,0.014368,0.009195,0.007184
165,330000,-0.287175,62.501777,4.638484,-401.5999,0.000821,90.0199,0.000000,0.3,11.6,1218,1,1217,0,0.0000,2.8600,3298,355,34,1,34,3298,0.472222,0.445796,0.009581,0.010309,0.000822,0,paper_literal_eq15_eq20_joint_v3,paper_joint,paper_fixed_v1,paper,0.000000,paper_eq9,vanilla_mappo_paper_env_v2,tanh_squashed_normal_v1,eq17_engineering_thresholds_unbounded_tail_v2,"{""d_att_max_m"":null,""h_adv_m"":5000.0,""h_att_m"":2000.0,""h_max_m"":10000.0,""h_min_m"":0.0,""high_altitude_tail"":0.1,""version"":""eq17_engineering_thresholds_unbounded_tail_v2""}",-1.359111,-0.453037,-0.196484,-0.065495,41.016339,13.672113,0.000000,0.000000,0.000000,0.000000,-355.260442,-118.420147,-85.800000,1.140448,1.125822,1.153781,0.131371,45,1383,3,52,128615,13188,21232,45697,27978,14191,3097,87833,0,15,0,0,3,67,0.066667,0.037599,0.000350,0.030265,7431.302674,6193.749319,8258.501866,9082.455625,42.422985,43.335697,131.243613,119.648517,67.407205,4410.533032,0.000000,4520.132759,3451.203383,4289.698790,5674.342787,23.869224,17.096340,148.930775,159.503915,-33.136091,1992.369058,0.098039,0.665720,0.008788,0.011299,0.009416,0.005650
166,332000,-0.132722,64.294172,4.668660,-405.8627,0.000820,88.0768,0.000000,0.3,11.7,1220,1,1219,0,0.0000,2.9000,3304,355,34,1,34,3304,0.453333,0.444684,0.009565,0.010291,0.000820,0,paper_literal_eq15_eq20_joint_v3,paper_joint,paper_fixed_v1,paper,0.000000,paper_eq9,vanilla_mappo_paper_env_v2,tanh_squashed_normal_v1,eq17_engineering_thresholds_unbounded_tail_v2,"{""d_att_max_m"":null,""h_adv_m"":5000.0,""h_att_m"":2000.0,""h_max_m"":10000.0,""h_min_m"":0.0,""high_altitude_tail"":0.1,""version"":""eq17_engineering_thresholds_unbounded_tail_v2""}",-1.361896,-0.453965,-0.196182,-0.065394,42.029059,14.009686,0.000000,0.000000,0.000000,0.000000,-359.333444,-119.777815,-87.000000,1.154421,1.139299,1.168329,0.143546,49,1033,3,32,89741,11126,7027,32065,20791,10570,4979,66788,4,0,0,0,7,32,0.061224,0.030978,0.000546,0.032216,7297.296802,5954.153169,9968.245502,9975.914785,34.361191,33.527394,115.488344,116.642517,127.862094,1517.910432,0.666667,5582.614470,4114.735461,5622.951985,6757.481590,19.526833,15.552724,150.132698,158.972950,0.880885,1963.283780,0.147059,0.655321,0.008256,0.012384,0.007224,0.005160
167,334000,-0.234870,150.332881,4.700658,-411.8898,0.000814,96.9541,0.000000,0.3,11.2,1228,1,1227,0,0.0000,2.8800,3319,364,36,1,36,3319,0.480000,0.444489,0.010046,0.010847,0.000815,0,paper_literal_eq15_eq20_joint_v3,paper_joint,paper_fixed_v1,paper,0.000000,paper_eq9,vanilla_mappo_paper_env_v2,tanh_squashed_normal_v1,eq17_engineering_thresholds_unbounded_tail_v2,"{""d_att_max_m"":null,""h_adv_m"":5000.0,""h_att_m"":2000.0,""h_max_m"":10000.0,""h_min_m"":0.0,""high_altitude_tail"":0.1,""version"":""eq17_engineering_thresholds_unbounded_tail_v2""}",-1.393611,-0.464537,-0.197741,-0.065914,41.192434,13.730811,0.000000,0.000000,0.000000,0.000000,-365.090616,-121.696872,-86.400000,1.164104,1.149167,1.177280,0.151902,0,990,0,37,139822,35156,10183,79714,65536,9848,349,60457,0,2,0,0,0,39,0.000000,0.037374,0.000000,0.012419,0.000000,0.000000,0.000000,0.000000,0.000000,0.000000,0.000000,0.000000,0.000000,0.000000,0.000000,4250.335348,3470.884157,4037.618350,4518.519042,29.333091,32.035403,134.092973,139.557183,-8.083960,2282.531565,0.324324,0.671861,0.012798,0.018319,0.010038,0.010038
168,336000,-0.215309,63.094258,4.727276,-411.2454,0.000813,97.8744,0.000000,0.3,11.1,1230,1,1229,0,0.0000,2.8800,3322,367,36,1,36,3322,0.461538,0.441462,0.010030,0.010837,0.000814,0,paper_literal_eq15_eq20_joint_v3,paper_joint,paper_fixed_v1,paper,0.000000,paper_eq9,vanilla_mappo_paper_env_v2,tanh_squashed_normal_v1,eq17_engineering_thresholds_unbounded_tail_v2,"{""d_att_max_m"":null,""h_adv_m"":5000.0,""h_att_m"":2000.0,""h_max_m"":10000.0,""h_min_m"":0.0,""high_altitude_tail"":0.1,""version"":""eq17_engineering_thresholds_unbounded_tail_v2""}",-1.416573,-0.472191,-0.197685,-0.065895,40.852977,13.617659,0.000000,0.000000,0.000000,0.000000,-364.083835,-121.361278,-86.400000,1.175390,1.165264,1.188420,0.161566,45,1632,3,58,113545,7896,10257,33856,24631,9068,5343,87937,0,1,0,0,3,59,0.066667,0.035539,0.000396,0.048204,6969.816346,6612.294265,7294.190210,7489.525358,43.043980,43.299746,120.380826,107.129793,108.086192,3197.421702,0.333333,4583.402462,3491.465684,4170.523519,5476.254128,21.881459,19.142831,142.183416,150.665076,0.582448,1887.124424,0.175439,0.672076,0.013307,0.012546,0.015113,0.012261
169,338000,-0.146897,95.736073,4.756247,-412.2380,0.000809,95.8687,0.000000,0.2,10.5,1236,1,1235,0,0.0000,2.9200,3336,371,36,1,36,3336,0.455696,0.441679,0.009981,0.010791,0.000810,0,paper_literal_eq15_eq20_joint_v3,paper_joint,paper_fixed_v1,paper,0.000000,paper_eq9,vanilla_mappo_paper_env_v2,tanh_squashed_normal_v1,eq17_engineering_thresholds_unbounded_tail_v2,"{""d_att_max_m"":null,""h_adv_m"":5000.0,""h_att_m"":2000.0,""h_max_m"":10000.0,""h_min_m"":0.0,""high_altitude_tail"":0.1,""version"":""eq17_engineering_thresholds_unbounded_tail_v2""}",-1.389074,-0.463025,-0.194447,-0.064816,38.256842,12.752281,0.000000,0.000000,0.000000,0.000000,-361.311091,-120.437030,-87.600000,1.187114,1.175236,1.198528,0.171493,15,1192,1,28,108808,22252,8231,57104,44403,11690,1425,55558,0,0,0,0,1,28,0.066667,0.023490,0.000138,0.020874,1239.349340,1239.349340,1239.349340,1239.349340,8.608431,8.608431,111.255234,111.255234,255.408262,1227.126142,0.000000,4673.747122,3829.698750,4252.566600,5149.253242,26.092255,25.347250,129.578030,125.903893,24.097583,2634.401294,0.366667,0.680212,0.016126,0.023438,0.012019,0.012921
170,340000,-0.086473,101.037119,4.784651,-417.2243,0.000806,93.2348,0.000000,0.3,10.9,1241,1,1240,0,0.0000,2.9000,3348,374,37,1,37,3348,0.468354,0.440642,0.010210,0.011051,0.000806,0,paper_literal_eq15_eq20_joint_v3,paper_joint,paper_fixed_v1,paper,0.000000,paper_eq9,vanilla_mappo_paper_env_v2,tanh_squashed_normal_v1,eq17_engineering_thresholds_unbounded_tail_v2,"{""d_att_max_m"":null,""h_adv_m"":5000.0,""h_att_m"":2000.0,""h_max_m"":10000.0,""h_min_m"":0.0,""high_altitude_tail"":0.1,""version"":""eq17_engineering_thresholds_unbounded_tail_v2""}",-1.432487,-0.477496,-0.198127,-0.066042,39.787317,13.262439,0.000000,0.000000,0.000000,0.000000,-368.380860,-122.793620,-87.000000,1.198065,1.181788,1.208420,0.180661,0,1667,0,45,133740,24641,1294,64586,58853,5378,0,69189,0,1,0,0,0,46,0.000000,0.026995,0.000000,0.025811,0.000000,0.000000,0.000000,0.000000,0.000000,0.000000,0.000000,0.000000,0.000000,0.000000,0.000000,3741.305046,3335.225322,3779.233680,4299.495412,27.676651,29.954322,135.820987,135.892144,-4.342284,2188.989277,0.219512,0.680949,0.015334,0.023536,0.014175,0.008291
171,342000,-0.333648,117.076080,4.813947,-417.8091,0.000801,94.1156,0.000000,0.3,10.6,1248,1,1247,0,0.0000,2.9400,3364,379,37,1,37,3364,0.462500,0.439509,0.010152,0.010999,0.000802,0,paper_literal_eq15_eq20_joint_v3,paper_joint,paper_fixed_v1,paper,0.000000,paper_eq9,vanilla_mappo_paper_env_v2,tanh_squashed_normal_v1,eq17_engineering_thresholds_unbounded_tail_v2,"{""d_att_max_m"":null,""h_adv_m"":5000.0,""h_att_m"":2000.0,""h_max_m"":10000.0,""h_min_m"":0.0,""high_altitude_tail"":0.1,""version"":""eq17_engineering_thresholds_unbounded_tail_v2""}",-1.482409,-0.494136,-0.199301,-0.066434,37.980614,12.660205,0.000000,0.000000,0.000000,0.000000,-365.907799,-121.969266,-88.200000,1.209887,1.198399,1.216526,0.190504,15,1630,1,56,151581,23597,17040,69716,56783,9266,1492,87777,0,14,0,0,1,70,0.066667,0.034356,0.000099,0.023381,7684.399934,7684.399934,7684.399934,7684.399934,44.079305,44.079305,140.980382,140.980382,17.741660,5270.843738,0.000000,4410.443262,3685.362288,4187.237569,4843.270152,29.383775,29.457044,140.351585,148.000768,15.907917,2457.915056,0.288136,0.683089,0.016014,0.025046,0.012750,0.010246
172,344000,-0.335196,72.619085,4.834056,-420.5773,0.000800,93.3039,0.000000,0.3,10.6,1250,1,1249,0,0.0000,2.9400,3370,379,37,1,37,3370,0.462500,0.437719,0.010136,0.010979,0.000801,0,paper_literal_eq15_eq20_joint_v3,paper_joint,paper_fixed_v1,paper,0.000000,paper_eq9,vanilla_mappo_paper_env_v2,tanh_squashed_normal_v1,eq17_engineering_thresholds_unbounded_tail_v2,"{""d_att_max_m"":null,""h_adv_m"":5000.0,""h_att_m"":2000.0,""h_max_m"":10000.0,""h_min_m"":0.0,""high_altitude_tail"":0.1,""version"":""eq17_engineering_thresholds_unbounded_tail_v2""}",-1.483573,-0.494524,-0.199423,-0.066474,37.329345,12.443115,0.000000,0.000000,0.000000,0.000000,-368.023410,-122.674470,-88.200000,1.213539,1.196834,1.222518,0.193493,0,1409,0,45,111432,13615,11293,43016,32868,7700,332,74041,0,1,0,0,0,46,0.000000,0.031938,0.000000,0.032755,0.000000,0.000000,0.000000,0.000000,0.000000,0.000000,0.000000,0.000000,0.000000,0.000000,0.000000,4201.220469,3429.971886,3920.203629,4550.704466,22.746450,19.395727,147.007832,157.823829,-5.381702,1748.627875,0.071429,0.678295,0.009521,0.012592,0.008292,0.007678
173,346000,-0.329266,126.525039,4.847465,-416.6590,0.000796,92.3843,0.000000,0.3,10.5,1257,1,1256,0,0.0000,2.9400,3382,388,37,1,37,3382,0.462500,0.436951,0.010080,0.010940,0.000796,0,paper_literal_eq15_eq20_joint_v3,paper_joint,paper_fixed_v1,paper,0.000000,paper_eq9,vanilla_mappo_paper_env_v2,tanh_squashed_normal_v1,eq17_engineering_thresholds_unbounded_tail_v2,"{""d_att_max_m"":null,""h_adv_m"":5000.0,""h_att_m"":2000.0,""h_max_m"":10000.0,""h_min_m"":0.0,""high_altitude_tail"":0.1,""version"":""eq17_engineering_thresholds_unbounded_tail_v2""}",-1.569369,-0.523123,-0.207803,-0.069268,36.704379,12.234793,0.000000,0.000000,0.000000,0.000000,-363.385990,-121.128663,-88.200000,1.222268,1.204834,1.236277,0.200651,0,1282,0,41,131041,25924,11407,62705,50644,8871,0,71936,0,0,0,0,0,41,0.000000,0.031981,0.000000,0.020445,0.000000,0.000000,0.000000,0.000000,0.000000,0.000000,0.000000,0.000000,0.000000,0.000000,0.000000,3854.190669,3379.032934,4015.173664,4277.304089,25.838567,26.219302,137.213519,134.198898,18.779636,1853.461480,0.295455,0.689862,0.017549,0.023132,0.015687,0.013826
174,348000,-0.216890,122.652296,4.874824,-401.5275,0.000792,79.9226,0.000000,0.2,9.9,1263,1,1262,0,0.0000,2.9400,3390,398,37,1,37,3390,0.451220,0.435957,0.010032,0.010914,0.000792,0,paper_literal_eq15_eq20_joint_v3,paper_joint,paper_fixed_v1,paper,0.000000,paper_eq9,vanilla_mappo_paper_env_v2,tanh_squashed_normal_v1,eq17_engineering_thresholds_unbounded_tail_v2,"{""d_att_max_m"":null,""h_adv_m"":5000.0,""h_att_m"":2000.0,""h_max_m"":10000.0,""h_min_m"":0.0,""high_altitude_tail"":0.1,""version"":""eq17_engineering_thresholds_unbounded_tail_v2""}",-1.572224,-0.524075,-0.205236,-0.068412,34.285008,11.428336,0.000000,0.000000,0.000000,0.000000,-345.834852,-115.278284,-88.200000,1.235078,1.218695,1.249080,0.211082,30,1076,2,36,126022,23962,8193,71732,58760,7752,869,55159,0,0,0,0,2,36,0.066667,0.033457,0.000238,0.015000,2871.308331,2523.018056,2871.308331,3219.598605,32.740536,32.740536,101.309871,101.309871,218.211201,2818.779133,0.000000,3901.670078,2883.261901,3665.444240,4330.362496,28.922473,25.880229,119.317325,112.494524,27.793509,2245.822180,0.200000,0.687588,0.014907,0.026040,0.010473,0.008208
175,350000,-0.295315,133.530740,4.903025,-399.1123,0.000791,79.3582,0.000000,0.2,9.6,1265,1,1264,0,0.0000,2.9400,3393,401,37,1,37,3393,0.435294,0.433555,0.010016,0.010905,0.000791,0,paper_literal_eq15_eq20_joint_v3,paper_joint,paper_fixed_v1,paper,0.000000,paper_eq9,vanilla_mappo_paper_env_v2,tanh_squashed_normal_v1,eq17_engineering_thresholds_unbounded_tail_v2,"{""d_att_max_m"":null,""h_adv_m"":5000.0,""h_att_m"":2000.0,""h_max_m"":10000.0,""h_min_m"":0.0,""high_altitude_tail"":0.1,""version"":""eq17_engineering_thresholds_unbounded_tail_v2""}",-1.553241,-0.517747,-0.202557,-0.067519,33.954908,11.318303,0.000000,0.000000,0.000000,0.000000,-343.111167,-114.370389,-88.200000,1.245091,1.230892,1.259390,0.219165,84,1399,3,50,112045,8392,11595,36317,22845,10500,4156,83266,15,15,0,0,18,65,0.035714,0.035740,0.000750,0.038522,4298.654856,3512.564272,5642.756349,5756.796187,35.307502,36.503649,125.990197,134.178963,116.541789,2454.799421,1.000000,3906.855760,3466.859917,3835.000978,4216.866422,24.256043,22.580312,146.406119,161.012834,-6.786440,1744.834616,0.142857,0.683986,0.015277,0.023203,0.012604,0.010026
176,352000,-0.268149,121.147876,4.925862,-393.4419,0.000787,83.6598,0.000000,0.3,9.5,1270,1,1269,0,0.0000,2.8600,3405,404,41,1,41,3405,0.476744,0.432601,0.011027,0.012041,0.000788,0,paper_literal_eq15_eq20_joint_v3,paper_joint,paper_fixed_v1,paper,0.000000,paper_eq9,vanilla_mappo_paper_env_v2,tanh_squashed_normal_v1,eq17_engineering_thresholds_unbounded_tail_v2,"{""d_att_max_m"":null,""h_adv_m"":5000.0,""h_att_m"":2000.0,""h_max_m"":10000.0,""h_min_m"":0.0,""high_altitude_tail"":0.1,""version"":""eq17_engineering_thresholds_unbounded_tail_v2""}",-1.566464,-0.522155,-0.203025,-0.067675,32.366020,10.788673,0.000000,0.000000,0.000000,0.000000,-338.238197,-112.746066,-85.800000,1.254407,1.237363,1.270656,0.226604,15,1562,1,45,130549,22848,7838,59772,51757,4600,601,73773,0,0,0,0,1,45,0.066667,0.028809,0.000115,0.026133,7590.743542,7590.743542,7590.743542,7590.743542,43.289404,43.289404,137.130724,137.130724,97.265416,1574.578606,0.000000,4004.245867,3322.479615,3923.223800,4659.739420,21.221877,18.028316,139.448196,142.235378,13.177116,1646.427408,0.288889,0.689469,0.017229,0.021299,0.016623,0.013766
177,354000,-0.348806,97.938999,4.946495,-388.8437,0.000786,73.9465,0.000000,0.3,9.3,1273,1,1272,0,0.0000,2.8600,3413,405,41,1,41,3413,0.465909,0.430989,0.011001,0.012013,0.000786,0,paper_literal_eq15_eq20_joint_v3,paper_joint,paper_fixed_v1,paper,0.000000,paper_eq9,vanilla_mappo_paper_env_v2,tanh_squashed_normal_v1,eq17_engineering_thresholds_unbounded_tail_v2,"{""d_att_max_m"":null,""h_adv_m"":5000.0,""h_att_m"":2000.0,""h_max_m"":10000.0,""h_min_m"":0.0,""high_altitude_tail"":0.1,""version"":""eq17_engineering_thresholds_unbounded_tail_v2""}",-1.553446,-0.517815,-0.199875,-0.066625,30.401083,10.133694,0.000000,0.000000,0.000000,0.000000,-331.691230,-110.563743,-85.800000,1.262765,1.240726,1.279836,0.233219,49,1254,2,48,115432,14348,14257,45850,26839,13354,2623,73821,15,0,0,0,17,48,0.040816,0.038278,0.000424,0.027350,5634.367312,5608.372159,5634.367312,5660.362465,42.613674,42.613674,136.211274,136.211274,10.589253,2887.427768,0.500000,4170.562190,3376.260679,3913.183573,5049.673830,26.375038,28.627990,148.992492,159.696165,-8.807786,1829.514143,0.108696,0.685229,0.015953,0.025268,0.010702,0.011891
178,356000,-0.251009,91.207266,4.968884,-388.3633,0.000783,68.1570,0.000000,0.3,9.3,1277,1,1276,0,0.0000,2.8800,3423,407,42,1,42,3423,0.466667,0.429324,0.011227,0.012270,0.000784,0,paper_literal_eq15_eq20_joint_v3,paper_joint,paper_fixed_v1,paper,0.000000,paper_eq9,vanilla_mappo_paper_env_v2,tanh_squashed_normal_v1,eq17_engineering_thresholds_unbounded_tail_v2,"{""d_att_max_m"":null,""h_adv_m"":5000.0,""h_att_m"":2000.0,""h_max_m"":10000.0,""h_min_m"":0.0,""high_altitude_tail"":0.1,""version"":""eq17_engineering_thresholds_unbounded_tail_v2""}",-1.509640,-0.503213,-0.198461,-0.066154,30.601605,10.200535,0.000000,0.000000,0.000000,0.000000,-330.856659,-110.285553,-86.400000,1.272843,1.251917,1.288534,0.241180,36,1574,2,54,131033,16805,20065,49717,40568,8878,2918,91350,6,8,0,0,8,62,0.055556,0.034307,0.000275,0.031659,4989.065998,4940.192885,4989.065998,5037.939111,37.272971,37.272971,166.497579,166.497579,142.184183,4859.824187,0.000000,3925.575834,3233.380380,3912.614871,4095.839000,24.076444,22.205327,144.370279,153.787310,-1.105390,1836.739473,0.211538,0.695998,0.020771,0.027061,0.022840,0.012413
179,358000,-0.221577,122.955888,4.997264,-387.1167,0.000781,71.3381,0.000000,0.3,10.0,1281,1,1280,0,0.0000,2.8400,3433,409,44,1,44,3433,0.473118,0.427575,0.011713,0.012817,0.000781,0,paper_literal_eq15_eq20_joint_v3,paper_joint,paper_fixed_v1,paper,0.000000,paper_eq9,vanilla_mappo_paper_env_v2,tanh_squashed_normal_v1,eq17_engineering_thresholds_unbounded_tail_v2,"{""d_att_max_m"":null,""h_adv_m"":5000.0,""h_att_m"":2000.0,""h_max_m"":10000.0,""h_min_m"":0.0,""high_altitude_tail"":0.1,""version"":""eq17_engineering_thresholds_unbounded_tail_v2""}",-1.517724,-0.505908,-0.200305,-0.066768,33.274656,11.091552,0.000000,0.000000,0.000000,0.000000,-333.473165,-111.157722,-85.200000,1.287533,1.263925,1.304227,0.252639,45,1444,3,56,129274,16176,18757,46402,30296,16004,4192,91247,0,1,0,0,3,57,0.066667,0.038781,0.000348,0.031119,6139.892472,5445.643662,7297.394185,7412.892139,30.802917,37.526305,97.972158,100.255280,207.176344,4071.024652,1.000000,4295.121939,3203.905273,3966.506849,4808.212505,23.467646,19.869904,156.570920,168.148340,-27.631122,1885.831520,0.189655,0.701941,0.022977,0.026888,0.022733,0.019311
180,360000,-0.222994,102.865768,5.029718,-388.8113,0.000778,71.5964,0.000000,0.4,10.4,1286,1,1285,0,0.0000,2.8200,3446,411,45,1,45,3446,0.478723,0.426432,0.011926,0.013059,0.000778,0,paper_literal_eq15_eq20_joint_v3,paper_joint,paper_fixed_v1,paper,0.000000,paper_eq9,vanilla_mappo_paper_env_v2,tanh_squashed_normal_v1,eq17_engineering_thresholds_unbounded_tail_v2,"{""d_att_max_m"":null,""h_adv_m"":5000.0,""h_att_m"":2000.0,""h_max_m"":10000.0,""h_min_m"":0.0,""high_altitude_tail"":0.1,""version"":""eq17_engineering_thresholds_unbounded_tail_v2""}",-1.519785,-0.506595,-0.200566,-0.066855,35.076392,11.692131,0.000000,0.000000,0.000000,0.000000,-337.567106,-112.522369,-84.600000,1.299641,1.277025,1.313240,0.262011,27,1461,1,52,136028,24392,13470,57459,51574,10902,1911,83611,0,1,0,0,1,53,0.037037,0.035592,0.000198,0.025427,1871.787217,1871.787217,1871.787217,1871.787217,14.236741,14.236741,106.637892,106.637892,321.116002,1856.363119,1.000000,4185.203070,3568.245277,3856.884891,4552.417433,24.348779,21.746699,136.904824,139.433484,5.873125,2094.675871,0.265306,0.707673,0.026963,0.033969,0.025415,0.021505
181,362000,-0.308473,127.971839,5.053895,-392.1789,0.000773,74.8366,0.000000,0.3,10.8,1293,1,1292,0,0.0000,2.8400,3464,414,45,1,45,3464,0.478723,0.426496,0.011862,0.012991,0.000774,0,paper_literal_eq15_eq20_joint_v3,paper_joint,paper_fixed_v1,paper,0.000000,paper_eq9,vanilla_mappo_paper_env_v2,tanh_squashed_normal_v1,eq17_engineering_thresholds_unbounded_tail_v2,"{""d_att_max_m"":null,""h_adv_m"":5000.0,""h_att_m"":2000.0,""h_max_m"":10000.0,""h_min_m"":0.0,""high_altitude_tail"":0.1,""version"":""eq17_engineering_thresholds_unbounded_tail_v2""}",-1.454817,-0.484939,-0.193950,-0.064650,35.556982,11.852327,0.000000,0.000000,0.000000,0.000000,-340.886948,-113.628983,-85.200000,1.308709,1.281356,1.325889,0.268929,0,1286,0,41,107212,19935,10024,41892,38512,3401,996,71560,0,0,0,0,0,41,0.000000,0.031882,0.000000,0.030698,0.000000,0.000000,0.000000,0.000000,0.000000,0.000000,0.000000,0.000000,0.000000,0.000000,0.000000,4373.853203,3711.485429,4167.056997,4851.824900,21.528363,20.570615,144.916401,154.424536,-1.566254,1940.647375,0.312500,0.702264,0.025985,0.032117,0.027128,0.018709
182,364000,-0.212863,47.789965,5.076617,-389.1830,0.000772,74.4996,0.000000,0.3,10.4,1295,1,1294,0,0.0000,2.8400,3468,416,45,1,45,3468,0.473684,0.424688,0.011843,0.012976,0.000773,0,paper_literal_eq15_eq20_joint_v3,paper_joint,paper_fixed_v1,paper,0.000000,paper_eq9,vanilla_mappo_paper_env_v2,tanh_squashed_normal_v1,eq17_engineering_thresholds_unbounded_tail_v2,"{""d_att_max_m"":null,""h_adv_m"":5000.0,""h_att_m"":2000.0,""h_max_m"":10000.0,""h_min_m"":0.0,""high_altitude_tail"":0.1,""version"":""eq17_engineering_thresholds_unbounded_tail_v2""}",-1.467810,-0.489270,-0.193661,-0.064554,33.214615,11.071538,0.000000,0.000000,0.000000,0.000000,-335.535993,-111.845331,-85.200000,1.319820,1.290957,1.337365,0.277373,15,1329,1,44,123736,17681,3515,53386,42754,11030,621,71604,0,15,0,0,1,59,0.066667,0.033108,0.000121,0.024894,600.891911,600.891911,600.891911,600.891911,41.690591,41.690591,100.669404,100.669404,259.176110,451.381187,0.000000,3927.316892,3375.460284,3714.528545,4332.800573,26.917797,28.585726,141.338863,152.587289,-9.128915,1971.896536,0.219512,0.695310,0.023633,0.032304,0.022584,0.016009
183,366000,-0.155509,73.452907,5.104125,-387.8465,0.000770,71.2206,0.000000,0.3,10.3,1299,1,1298,0,0.0000,2.8400,3479,417,45,1,45,3479,0.473684,0.423906,0.011807,0.012935,0.000770,0,paper_literal_eq15_eq20_joint_v3,paper_joint,paper_fixed_v1,paper,0.000000,paper_eq9,vanilla_mappo_paper_env_v2,tanh_squashed_normal_v1,eq17_engineering_thresholds_unbounded_tail_v2,"{""d_att_max_m"":null,""h_adv_m"":5000.0,""h_att_m"":2000.0,""h_max_m"":10000.0,""h_min_m"":0.0,""high_altitude_tail"":0.1,""version"":""eq17_engineering_thresholds_unbounded_tail_v2""}",-1.446000,-0.482000,-0.193719,-0.064573,32.906304,10.968768,0.000000,0.000000,0.000000,0.000000,-333.912889,-111.304296,-85.200000,1.333257,1.306581,1.355316,0.287510,0,1226,0,41,116639,17861,3470,50362,41607,8368,0,66277,0,0,0,0,0,41,0.000000,0.033442,0.000000,0.024344,0.000000,0.000000,0.000000,0.000000,0.000000,0.000000,0.000000,0.000000,0.000000,0.000000,0.000000,4141.860259,3378.627332,4129.097360,4444.355953,24.903205,23.061319,132.854379,131.284816,39.638017,2197.762212,0.256410,0.704047,0.027821,0.040961,0.025254,0.017247
184,368000,-0.176884,73.164426,5.132985,-383.0450,0.000768,67.8647,0.000000,0.3,10.3,1302,1,1301,0,0.0000,2.8400,3486,419,45,1,45,3486,0.473684,0.422085,0.011780,0.012909,0.000769,0,paper_literal_eq15_eq20_joint_v3,paper_joint,paper_fixed_v1,paper,0.000000,paper_eq9,vanilla_mappo_paper_env_v2,tanh_squashed_normal_v1,eq17_engineering_thresholds_unbounded_tail_v2,"{""d_att_max_m"":null,""h_adv_m"":5000.0,""h_att_m"":2000.0,""h_max_m"":10000.0,""h_min_m"":0.0,""high_altitude_tail"":0.1,""version"":""eq17_engineering_thresholds_unbounded_tail_v2""}",-1.440993,-0.480331,-0.192493,-0.064164,33.382899,11.127633,0.000000,0.000000,0.000000,0.000000,-329.594202,-109.864734,-85.200000,1.345733,1.320847,1.365911,0.296842,0,1608,0,52,118448,12727,12756,34736,29317,5662,0,87643,0,18,0,0,0,70,0.000000,0.032338,0.000000,0.046292,0.000000,0.000000,0.000000,0.000000,0.000000,0.000000,0.000000,0.000000,0.000000,0.000000,0.000000,3472.043159,3117.588589,3413.192384,3734.724100,25.386903,24.023074,148.538459,158.024776,-13.498507,1855.648201,0.203704,0.717103,0.030978,0.035180,0.037819,0.019936
185,370000,-0.212192,114.481720,5.159029,-382.6720,0.000765,68.1848,0.000000,0.3,10.5,1308,1,1307,0,0.0000,2.8200,3501,422,45,2,45,3501,0.459184,0.421756,0.011981,0.012853,0.000765,0,paper_literal_eq15_eq20_joint_v3,paper_joint,paper_fixed_v1,paper,0.000000,paper_eq9,vanilla_mappo_paper_env_v2,tanh_squashed_normal_v1,eq17_engineering_thresholds_unbounded_tail_v2,"{""d_att_max_m"":null,""h_adv_m"":5000.0,""h_att_m"":2000.0,""h_max_m"":10000.0,""h_min_m"":0.0,""high_altitude_tail"":0.1,""version"":""eq17_engineering_thresholds_unbounded_tail_v2""}",-1.420803,-0.473601,-0.190052,-0.063351,34.424631,11.474877,0.000000,0.000000,0.000000,0.000000,-330.885577,-110.295192,-84.600000,1.356972,1.332338,1.377302,0.305162,45,1175,3,42,118540,25409,8570,63631,47068,12644,4066,61384,0,0,0,0,3,42,0.066667,0.035745,0.000380,0.018466,6142.634316,4678.802300,5681.459791,7375.879069,35.784284,41.584726,107.376442,107.109618,191.748649,4644.489043,0.000000,3729.486444,3363.402521,3802.264338,4213.983226,28.832929,29.873200,137.270717,140.295489,2.371614,2117.708096,0.204545,0.708512,0.029839,0.041360,0.025496,0.022663
186,372000,-0.336306,102.235915,5.188983,-383.1696,0.000762,68.4062,0.000000,0.3,11.1,1313,1,1312,0,0.0000,2.8200,3513,425,45,2,45,3513,0.459184,0.420920,0.011935,0.012810,0.000762,0,paper_literal_eq15_eq20_joint_v3,paper_joint,paper_fixed_v1,paper,0.000000,paper_eq9,vanilla_mappo_paper_env_v2,tanh_squashed_normal_v1,eq17_engineering_thresholds_unbounded_tail_v2,"{""d_att_max_m"":null,""h_adv_m"":5000.0,""h_att_m"":2000.0,""h_max_m"":10000.0,""h_min_m"":0.0,""high_altitude_tail"":0.1,""version"":""eq17_engineering_thresholds_unbounded_tail_v2""}",-1.395514,-0.465171,-0.191334,-0.063778,36.644381,12.214794,0.000000,0.000000,0.000000,0.000000,-333.626889,-111.208963,-84.600000,1.371260,1.341602,1.391441,0.315607,0,1582,0,45,128604,18428,3634,48292,42257,7274,0,81261,0,1,0,0,0,46,0.000000,0.028445,0.000000,0.032759,0.000000,0.000000,0.000000,0.000000,0.000000,0.000000,0.000000,0.000000,0.000000,0.000000,0.000000,3821.787596,3461.985322,3886.683465,4122.125516,23.005273,23.775927,142.715991,149.049512,15.023258,1819.585764,0.238095,0.716004,0.035015,0.050166,0.031319,0.023559
187,374000,-0.317503,83.944943,5.215077,-381.6213,0.000759,66.3499,0.000000,0.3,11.0,1317,1,1316,0,0.0000,2.8600,3522,428,45,2,45,3522,0.450000,0.419735,0.011899,0.012777,0.000760,0,paper_literal_eq15_eq20_joint_v3,paper_joint,paper_fixed_v1,paper,0.000000,paper_eq9,vanilla_mappo_paper_env_v2,tanh_squashed_normal_v1,eq17_engineering_thresholds_unbounded_tail_v2,"{""d_att_max_m"":null,""h_adv_m"":5000.0,""h_att_m"":2000.0,""h_max_m"":10000.0,""h_min_m"":0.0,""high_altitude_tail"":0.1,""version"":""eq17_engineering_thresholds_unbounded_tail_v2""}",-1.399282,-0.466427,-0.191826,-0.063942,35.989297,11.996432,0.000000,0.000000,0.000000,0.000000,-330.219282,-110.073094,-85.800000,1.381444,1.348401,1.404057,0.322979,54,1414,2,45,133393,18895,9687,64271,46723,8294,2752,71874,0,4,0,0,2,49,0.037037,0.031825,0.000405,0.022001,4774.348618,4128.414350,4774.348618,5420.282885,42.498361,42.498361,155.444680,155.444680,-57.929872,1197.527127,0.000000,4200.368321,3548.415147,3918.080580,4831.631070,22.485407,21.130279,139.830870,145.435845,9.634298,1778.927453,0.255319,0.720404,0.038248,0.054075,0.031918,0.028752
188,376000,-0.116676,97.417238,5.248399,-381.0349,0.000756,69.7461,0.000000,0.3,11.0,1322,1,1321,0,0.0000,2.8800,3532,433,46,2,46,3532,0.460000,0.418781,0.012106,0.013024,0.000757,0,paper_literal_eq15_eq20_joint_v3,paper_joint,paper_fixed_v1,paper,0.000000,paper_eq9,vanilla_mappo_paper_env_v2,tanh_squashed_normal_v1,eq17_engineering_thresholds_unbounded_tail_v2,"{""d_att_max_m"":null,""h_adv_m"":5000.0,""h_att_m"":2000.0,""h_max_m"":10000.0,""h_min_m"":0.0,""high_altitude_tail"":0.1,""version"":""eq17_engineering_thresholds_unbounded_tail_v2""}",-1.409037,-0.469679,-0.189909,-0.063303,36.304641,12.101547,0.000000,0.000000,0.000000,0.000000,-329.340390,-109.780130,-86.400000,1.402828,1.366681,1.421689,0.338322,0,1338,0,43,108442,14577,6512,41134,26259,12767,953,68261,0,0,0,0,0,43,0.000000,0.032138,0.000000,0.032528,0.000000,0.000000,0.000000,0.000000,0.000000,0.000000,0.000000,0.000000,0.000000,0.000000,0.500000,4036.032050,3319.868106,3927.466807,4423.821459,31.496300,32.630623,144.879344,153.825716,0.410211,2040.099729,0.155556,0.716782,0.035507,0.053260,0.027114,0.026146
189,378000,-0.326784,124.915115,5.284579,-375.5103,0.000754,64.5778,0.000000,0.2,10.8,1327,1,1326,0,0.0000,2.9000,3543,437,46,2,46,3543,0.455446,0.417020,0.012060,0.012983,0.000754,0,paper_literal_eq15_eq20_joint_v3,paper_joint,paper_fixed_v1,paper,0.000000,paper_eq9,vanilla_mappo_paper_env_v2,tanh_squashed_normal_v1,eq17_engineering_thresholds_unbounded_tail_v2,"{""d_att_max_m"":null,""h_adv_m"":5000.0,""h_att_m"":2000.0,""h_max_m"":10000.0,""h_min_m"":0.0,""high_altitude_tail"":0.1,""version"":""eq17_engineering_thresholds_unbounded_tail_v2""}",-1.444206,-0.481402,-0.191790,-0.063930,34.898389,11.632796,0.000000,0.000000,0.000000,0.000000,-321.772471,-107.257490,-87.000000,1.413834,1.374466,1.435469,0.346109,15,2141,1,62,161942,21627,7887,66144,59683,5885,389,96187,0,1,0,0,1,63,0.066667,0.028958,0.000093,0.032369,4525.471659,4525.471659,4525.471659,4525.471659,42.744239,42.744239,113.708419,113.708419,57.969092,3218.945826,0.000000,3937.202352,3369.916560,3719.545632,4433.836531,26.288043,27.488215,135.905901,139.063457,14.679606,1757.160643,0.258621,0.727398,0.041538,0.064188,0.029216,0.031208
190,380000,-0.332598,56.805354,5.307572,-377.2822,0.000752,66.5664,0.000000,0.2,10.5,1329,1,1328,0,0.0000,2.9000,3548,438,46,2,46,3548,0.455446,0.415068,0.012042,0.012965,0.000753,0,paper_literal_eq15_eq20_joint_v3,paper_joint,paper_fixed_v1,paper,0.000000,paper_eq9,vanilla_mappo_paper_env_v2,tanh_squashed_normal_v1,eq17_engineering_thresholds_unbounded_tail_v2,"{""d_att_max_m"":null,""h_adv_m"":5000.0,""h_att_m"":2000.0,""h_max_m"":10000.0,""h_min_m"":0.0,""high_altitude_tail"":0.1,""version"":""eq17_engineering_thresholds_unbounded_tail_v2""}",-1.402184,-0.467395,-0.187116,-0.062372,33.522623,11.174208,0.000000,0.000000,0.000000,0.000000,-322.215326,-107.405109,-87.000000,1.425118,1.384848,1.447345,0.354052,0,1285,0,52,105104,11196,19700,33709,24843,8350,136,83149,0,2,0,0,0,54,0.000000,0.040467,0.000000,0.038120,0.000000,0.000000,0.000000,0.000000,0.000000,0.000000,0.000000,0.000000,0.000000,0.000000,1.000000,4231.449258,3558.772371,3974.723423,5023.612250,18.822791,15.494106,148.493079,160.065993,5.418879,1734.340650,0.134615,0.723933,0.040731,0.051213,0.041929,0.029051
191,382000,-0.336010,128.422684,5.334498,-382.6677,0.000749,66.3021,0.000000,0.2,10.9,1335,1,1334,0,0.0000,2.9400,3565,439,47,2,47,3565,0.465347,0.415066,0.012238,0.013184,0.000750,0,paper_literal_eq15_eq20_joint_v3,paper_joint,paper_fixed_v1,paper,0.000000,paper_eq9,vanilla_mappo_paper_env_v2,tanh_squashed_normal_v1,eq17_engineering_thresholds_unbounded_tail_v2,"{""d_att_max_m"":null,""h_adv_m"":5000.0,""h_att_m"":2000.0,""h_max_m"":10000.0,""h_min_m"":0.0,""high_altitude_tail"":0.1,""version"":""eq17_engineering_thresholds_unbounded_tail_v2""}",-1.348350,-0.449450,-0.181718,-0.060573,34.497571,11.499190,0.000000,0.000000,0.000000,0.000000,-327.435010,-109.145003,-88.200000,1.439801,1.397418,1.466161,0.364282,0,942,0,41,113226,21621,7764,50897,45859,4006,0,71700,0,0,0,0,0,41,0.000000,0.043524,0.000000,0.018508,0.000000,0.000000,0.000000,0.000000,0.000000,0.000000,0.000000,0.000000,0.000000,0.000000,0.000000,4159.214727,3479.036744,3995.906068,4479.293079,23.595738,20.534431,133.008030,136.723368,17.865200,2052.262510,0.268293,0.727967,0.046143,0.063134,0.042282,0.033015
192,384000,-0.325336,61.670805,5.360418,-385.0439,0.000747,68.4897,0.000000,0.2,10.5,1338,1,1337,0,0.0000,2.9400,3572,441,47,2,47,3572,0.465347,0.412709,0.012210,0.013158,0.000748,0,paper_literal_eq15_eq20_joint_v3,paper_joint,paper_fixed_v1,paper,0.000000,paper_eq9,vanilla_mappo_paper_env_v2,tanh_squashed_normal_v1,eq17_engineering_thresholds_unbounded_tail_v2,"{""d_att_max_m"":null,""h_adv_m"":5000.0,""h_att_m"":2000.0,""h_max_m"":10000.0,""h_min_m"":0.0,""high_altitude_tail"":0.1,""version"":""eq17_engineering_thresholds_unbounded_tail_v2""}",-1.373343,-0.457781,-0.184770,-0.061590,33.477550,11.159183,0.000000,0.000000,0.000000,0.000000,-328.763123,-109.587708,-88.200000,1.449425,1.411707,1.472190,0.370993,0,1892,0,66,153931,14988,16409,50082,37834,9398,0,105227,0,8,0,0,0,74,0.000000,0.034884,0.000000,0.037778,0.000000,0.000000,0.000000,0.000000,0.000000,0.000000,0.000000,0.000000,0.000000,0.000000,0.000000,3872.183091,3151.076973,3698.012907,4326.357011,23.505983,22.910191,149.325949,160.539151,-14.353112,1558.000717,0.156250,0.740340,0.054129,0.076105,0.046033,0.040250
193,386000,-0.208238,90.917879,5.384512,-382.4305,0.000745,63.3255,0.000000,0.1,10.9,1343,1,1342,0,0.0000,2.9400,3583,445,47,2,47,3583,0.465347,0.411697,0.012165,0.013117,0.000745,0,paper_literal_eq15_eq20_joint_v3,paper_joint,paper_fixed_v1,paper,0.000000,paper_eq9,vanilla_mappo_paper_env_v2,tanh_squashed_normal_v1,eq17_engineering_thresholds_unbounded_tail_v2,"{""d_att_max_m"":null,""h_adv_m"":5000.0,""h_att_m"":2000.0,""h_max_m"":10000.0,""h_min_m"":0.0,""high_altitude_tail"":0.1,""version"":""eq17_engineering_thresholds_unbounded_tail_v2""}",-1.354757,-0.451586,-0.183602,-0.061201,35.398559,11.799520,0.000000,0.000000,0.000000,0.000000,-328.090483,-109.363494,-88.200000,1.463940,1.427661,1.482163,0.380977,0,1210,0,48,126514,21916,10857,48224,41114,5970,0,84281,0,0,0,0,0,48,0.000000,0.039669,0.000000,0.025091,0.000000,0.000000,0.000000,0.000000,0.000000,0.000000,0.000000,0.000000,0.000000,0.000000,0.000000,4308.000885,3742.549937,4259.397292,4852.235518,23.670625,23.763061,129.378408,129.142250,25.129316,1990.164961,0.239130,0.737990,0.050693,0.074284,0.041869,0.035927
194,388000,-0.307461,69.958253,5.411273,-385.4449,0.000742,62.2983,0.000000,0.2,11.6,1347,1,1346,0,0.0000,2.9400,3595,445,47,2,47,3595,0.447619,0.410763,0.012129,0.013074,0.000743,0,paper_literal_eq15_eq20_joint_v3,paper_joint,paper_fixed_v1,paper,0.000000,paper_eq9,vanilla_mappo_paper_env_v2,tanh_squashed_normal_v1,eq17_engineering_thresholds_unbounded_tail_v2,"{""d_att_max_m"":null,""h_adv_m"":5000.0,""h_att_m"":2000.0,""h_max_m"":10000.0,""h_min_m"":0.0,""high_altitude_tail"":0.1,""version"":""eq17_engineering_thresholds_unbounded_tail_v2""}",-1.297632,-0.432544,-0.179086,-0.059695,39.052237,13.017412,0.000000,0.000000,0.000000,0.000000,-334.820245,-111.606748,-88.200000,1.474138,1.437782,1.492912,0.387920,76,1265,4,49,132316,16436,13089,45606,31551,9234,4974,93830,0,0,0,0,4,49,0.052632,0.038735,0.000574,0.027738,8350.447054,7613.055830,9222.626013,9960.017237,32.675129,32.726925,113.905407,107.935450,116.593961,3950.402777,0.000000,4374.314175,3626.665331,4340.766010,5275.208374,23.396384,23.632737,143.460023,154.409689,2.508954,1693.863808,0.192308,0.740863,0.055984,0.088855,0.039805,0.039291
195,390000,-0.354573,97.156844,5.433969,-389.4943,0.000740,68.8612,0.000000,0.2,11.6,1352,1,1351,0,0.0000,2.9400,3608,447,47,2,47,3608,0.443396,0.410560,0.012084,0.013027,0.000740,0,paper_literal_eq15_eq20_joint_v3,paper_joint,paper_fixed_v1,paper,0.000000,paper_eq9,vanilla_mappo_paper_env_v2,tanh_squashed_normal_v1,eq17_engineering_thresholds_unbounded_tail_v2,"{""d_att_max_m"":null,""h_adv_m"":5000.0,""h_att_m"":2000.0,""h_max_m"":10000.0,""h_min_m"":0.0,""high_altitude_tail"":0.1,""version"":""eq17_engineering_thresholds_unbounded_tail_v2""}",-1.296566,-0.432189,-0.176075,-0.058692,38.999316,12.999772,0.000000,0.000000,0.000000,0.000000,-338.820780,-112.940260,-88.200000,1.486892,1.452701,1.504316,0.396555,23,1152,1,36,112265,19080,9001,52163,39664,6603,1559,65539,15,0,0,0,16,36,0.043478,0.031250,0.000205,0.022085,8500.487189,8500.487189,8500.487189,8500.487189,40.635397,40.635397,105.888882,105.888882,177.000341,4734.747086,0.000000,4095.228678,3273.331443,3672.424844,4732.545982,27.784190,26.918189,136.685654,134.309249,5.707449,1955.021212,0.341463,0.740356,0.051251,0.068402,0.048426,0.036925
196,392000,-0.302043,101.565353,5.458937,-391.4875,0.000736,68.2888,0.000000,0.2,10.9,1358,1,1357,0,0.0000,2.9600,3618,455,47,2,47,3618,0.443396,0.409276,0.012030,0.012991,0.000737,0,paper_literal_eq15_eq20_joint_v3,paper_joint,paper_fixed_v1,paper,0.000000,paper_eq9,vanilla_mappo_paper_env_v2,tanh_squashed_normal_v1,eq17_engineering_thresholds_unbounded_tail_v2,"{""d_att_max_m"":null,""h_adv_m"":5000.0,""h_att_m"":2000.0,""h_max_m"":10000.0,""h_min_m"":0.0,""high_altitude_tail"":0.1,""version"":""eq17_engineering_thresholds_unbounded_tail_v2""}",-1.318953,-0.439651,-0.175983,-0.058661,36.698998,12.232999,0.000000,0.000000,-0.000052,-0.000017,-337.891331,-112.630444,-88.800000,1.499163,1.468889,1.519377,0.404801,0,1480,0,52,154120,28381,12150,79604,65199,7627,0,75703,0,0,0,0,0,52,0.000000,0.035135,0.000000,0.018592,0.000000,0.000000,0.000000,0.000000,0.000000,0.000000,0.000000,0.000000,0.000000,0.000000,0.000000,3991.952107,3338.405531,3893.773013,4350.223144,24.201501,23.356175,141.196206,152.038130,-0.399731,1959.250885,0.173913,0.741344,0.058292,0.089831,0.043548,0.041496
197,394000,-0.170077,37.214228,5.490557,-392.6100,0.000736,68.1519,0.000000,0.2,10.9,1359,1,1358,0,0.0000,2.9600,3620,456,47,2,47,3620,0.443396,0.406742,0.012022,0.012983,0.000736,0,paper_literal_eq15_eq20_joint_v3,paper_joint,paper_fixed_v1,paper,0.000000,paper_eq9,vanilla_mappo_paper_env_v2,tanh_squashed_normal_v1,eq17_engineering_thresholds_unbounded_tail_v2,"{""d_att_max_m"":null,""h_adv_m"":5000.0,""h_att_m"":2000.0,""h_max_m"":10000.0,""h_min_m"":0.0,""high_altitude_tail"":0.1,""version"":""eq17_engineering_thresholds_unbounded_tail_v2""}",-1.304149,-0.434716,-0.174353,-0.058118,36.282423,12.094141,0.000000,0.000000,-0.000052,-0.000017,-338.613773,-112.871258,-88.800000,1.519199,1.490576,1.535137,0.418094,0,1549,0,60,131257,5209,16280,29793,16099,10537,0,103878,0,15,0,0,0,75,0.000000,0.038735,0.000000,0.051992,0.000000,0.000000,0.000000,0.000000,0.000000,0.000000,0.000000,0.000000,0.000000,0.000000,0.000000,4186.784406,3139.110716,3854.440696,4713.223703,23.356144,22.709973,141.592232,148.486423,-4.265993,1847.391858,0.067797,0.734781,0.054510,0.079075,0.039268,0.045186
198,396000,-0.358153,122.406410,5.524522,-396.0095,0.000732,67.7259,0.000000,0.2,11.6,1366,1,1365,0,0.0000,2.9200,3636,461,49,2,49,3636,0.445455,0.406666,0.012448,0.013476,0.000733,0,paper_literal_eq15_eq20_joint_v3,paper_joint,paper_fixed_v1,paper,0.000000,paper_eq9,vanilla_mappo_paper_env_v2,tanh_squashed_normal_v1,eq17_engineering_thresholds_unbounded_tail_v2,"{""d_att_max_m"":null,""h_adv_m"":5000.0,""h_att_m"":2000.0,""h_max_m"":10000.0,""h_min_m"":0.0,""high_altitude_tail"":0.1,""version"":""eq17_engineering_thresholds_unbounded_tail_v2""}",-1.249736,-0.416579,-0.170973,-0.056991,40.149507,13.383169,0.000000,0.000000,-0.000052,-0.000017,-347.138080,-115.712693,-87.600000,1.531612,1.502632,1.546505,0.426231,60,858,4,41,116255,25293,18608,61987,46498,9800,6512,67015,0,5,0,0,4,46,0.066667,0.047786,0.000516,0.013842,7362.674867,7083.477172,7449.038859,7728.236555,42.927396,43.372910,128.202740,128.937788,66.264674,3219.533172,0.750000,3690.169300,3368.097365,3734.854296,4220.724689,32.540953,34.103974,131.950936,133.743641,23.292613,2424.811859,0.260870,0.747971,0.063306,0.097548,0.050136,0.042234
199,398000,-0.405213,52.963519,5.544633,-391.8285,0.000730,65.1745,0.000000,0.2,11.4,1369,1,1368,0,0.0000,2.9200,3641,465,50,2,50,3641,0.450450,0.404645,0.012664,0.013732,0.000731,0,paper_literal_eq15_eq20_joint_v3,paper_joint,paper_fixed_v1,paper,0.000000,paper_eq9,vanilla_mappo_paper_env_v2,tanh_squashed_normal_v1,eq17_engineering_thresholds_unbounded_tail_v2,"{""d_att_max_m"":null,""h_adv_m"":5000.0,""h_att_m"":2000.0,""h_max_m"":10000.0,""h_min_m"":0.0,""high_altitude_tail"":0.1,""version"":""eq17_engineering_thresholds_unbounded_tail_v2""}",-1.271928,-0.423976,-0.172421,-0.057474,39.833367,13.277789,0.000000,0.000000,-0.000052,-0.000017,-342.617373,-114.205791,-87.600000,1.540340,1.516322,1.556392,0.431940,15,1907,1,57,148561,17554,10186,63286,47533,10039,51,85326,0,1,0,0,1,58,0.066667,0.029890,0.000101,0.030133,4710.968704,4710.968704,4710.968704,4710.968704,43.704693,43.704693,145.121297,145.121297,5.867879,3258.273850,0.000000,3599.576203,3178.523452,3587.228507,3998.351559,25.326050,25.484714,146.015619,156.064467,-1.311866,1838.384638,0.150943,0.749294,0.061852,0.074605,0.060258,0.050693
200,400000,-0.214035,34.374528,5.567784,-392.6051,0.000730,64.7833,0.000000,0.2,11.4,1370,1,1369,0,0.0000,2.9200,3643,466,50,2,50,3643,0.438596,0.402319,0.012655,0.013725,0.000730,0,paper_literal_eq15_eq20_joint_v3,paper_joint,paper_fixed_v1,paper,0.000000,paper_eq9,vanilla_mappo_paper_env_v2,tanh_squashed_normal_v1,eq17_engineering_thresholds_unbounded_tail_v2,"{""d_att_max_m"":null,""h_adv_m"":5000.0,""h_att_m"":2000.0,""h_max_m"":10000.0,""h_min_m"":0.0,""high_altitude_tail"":0.1,""version"":""eq17_engineering_thresholds_unbounded_tail_v2""}",-1.283717,-0.427906,-0.172500,-0.057500,39.435501,13.145167,0.000000,0.000000,-0.000052,-0.000017,-342.984253,-114.328084,-87.600000,1.556327,1.534191,1.573954,0.442272,45,1490,3,57,118020,6357,21713,32689,12420,11761,6134,96037,0,1,0,0,3,58,0.066667,0.038255,0.000381,0.045581,6442.957446,5438.823541,8403.704845,8427.465051,29.787605,25.277580,119.660174,119.387507,96.621036,4845.847771,0.000000,4701.808305,3417.244740,4407.418180,5599.699649,22.924284,22.345825,153.056530,158.650139,-27.865419,1908.617106,0.081967,0.743252,0.059739,0.089747,0.047513,0.041956
201,402000,-0.276725,99.401366,5.603794,-403.6883,0.000728,64.5304,0.000000,0.2,12.1,1374,1,1373,0,0.0000,2.9200,3651,470,50,2,50,3651,0.434783,0.401827,0.012618,0.013695,0.000728,0,paper_literal_eq15_eq20_joint_v3,paper_joint,paper_fixed_v1,paper,0.000000,paper_eq9,vanilla_mappo_paper_env_v2,tanh_squashed_normal_v1,eq17_engineering_thresholds_unbounded_tail_v2,"{""d_att_max_m"":null,""h_adv_m"":5000.0,""h_att_m"":2000.0,""h_max_m"":10000.0,""h_min_m"":0.0,""high_altitude_tail"":0.1,""version"":""eq17_engineering_thresholds_unbounded_tail_v2""}",-1.280776,-0.426925,-0.175813,-0.058604,41.865910,13.955303,0.000000,0.000000,-0.000052,-0.000017,-356.497421,-118.832474,-87.600000,1.576968,1.550208,1.596380,0.455427,15,1061,1,31,90550,15900,10928,33850,27078,8760,1008,61300,0,0,0,0,1,31,0.066667,0.029218,0.000166,0.031344,588.388756,588.388756,588.388756,588.388756,39.487824,39.487824,95.654627,95.654627,230.994514,456.145626,0.000000,4908.239458,3127.854643,3930.289580,6638.800358,18.014688,12.087070,139.141696,135.206637,17.649342,1529.240538,0.212121,0.745425,0.063441,0.092832,0.053405,0.044086
202,404000,-0.161788,70.396060,5.641900,-409.5319,0.000726,71.4534,0.000000,0.3,12.8,1377,1,1376,0,0.0000,2.9200,3658,472,50,2,50,3658,0.434783,0.400921,0.012591,0.013669,0.000727,0,paper_literal_eq15_eq20_joint_v3,paper_joint,paper_fixed_v1,paper,0.000000,paper_eq9,vanilla_mappo_paper_env_v2,tanh_squashed_normal_v1,eq17_engineering_thresholds_unbounded_tail_v2,"{""d_att_max_m"":null,""h_adv_m"":5000.0,""h_att_m"":2000.0,""h_max_m"":10000.0,""h_min_m"":0.0,""high_altitude_tail"":0.1,""version"":""eq17_engineering_thresholds_unbounded_tail_v2""}",-1.317033,-0.439011,-0.177721,-0.059240,44.952289,14.984096,0.000000,0.000000,-0.000052,-0.000017,-365.389291,-121.796430,-87.600000,1.597588,1.562411,1.622102,0.468367,0,1423,0,38,108159,11900,4590,40654,32747,6592,0,67505,0,4,0,0,0,42,0.000000,0.026704,0.000000,0.035003,0.000000,0.000000,0.000000,0.000000,0.000000,0.000000,0.000000,0.000000,0.000000,0.000000,0.000000,3980.931615,3287.767937,3815.344901,4271.858059,21.538032,19.165037,138.138334,144.460034,3.787158,1923.131640,0.189189,0.745813,0.061039,0.079761,0.057827,0.045530
203,406000,-0.219285,74.770930,5.677113,-404.2697,0.000724,69.9389,0.000000,0.3,11.9,1382,1,1381,0,0.0000,2.9400,3668,477,50,2,50,3668,0.434783,0.400175,0.012545,0.013631,0.000724,0,paper_literal_eq15_eq20_joint_v3,paper_joint,paper_fixed_v1,paper,0.000000,paper_eq9,vanilla_mappo_paper_env_v2,tanh_squashed_normal_v1,eq17_engineering_thresholds_unbounded_tail_v2,"{""d_att_max_m"":null,""h_adv_m"":5000.0,""h_att_m"":2000.0,""h_max_m"":10000.0,""h_min_m"":0.0,""high_altitude_tail"":0.1,""version"":""eq17_engineering_thresholds_unbounded_tail_v2""}",-1.364809,-0.454936,-0.182700,-0.060900,41.646207,13.882069,0.000000,0.000000,-0.000052,-0.000017,-356.168256,-118.722752,-88.200000,1.613377,1.577641,1.638625,0.478199,0,1125,0,42,138835,22126,10230,70485,57601,8771,0,68350,0,7,0,0,0,49,0.000000,0.037333,0.000000,0.015961,0.000000,0.000000,0.000000,0.000000,0.000000,0.000000,0.000000,0.000000,0.000000,0.000000,0.000000,3778.487337,3011.751538,3492.416740,3972.733378,28.848257,28.394648,132.468008,131.547120,7.687988,1934.017647,0.189189,0.755898,0.075377,0.104787,0.066494,0.054851
204,408000,-0.263102,112.680988,5.706573,-399.2407,0.000720,75.1019,0.000000,0.3,11.7,1388,1,1387,0,0.0000,2.9400,3676,487,50,2,50,3676,0.416667,0.398915,0.012491,0.013602,0.000721,0,paper_literal_eq15_eq20_joint_v3,paper_joint,paper_fixed_v1,paper,0.000000,paper_eq9,vanilla_mappo_paper_env_v2,tanh_squashed_normal_v1,eq17_engineering_thresholds_unbounded_tail_v2,"{""d_att_max_m"":null,""h_adv_m"":5000.0,""h_att_m"":2000.0,""h_max_m"":10000.0,""h_min_m"":0.0,""high_altitude_tail"":0.1,""version"":""eq17_engineering_thresholds_unbounded_tail_v2""}",-1.392118,-0.464039,-0.185002,-0.061667,41.810322,13.936774,0.000000,0.000000,-0.000052,-0.000017,-351.273777,-117.091259,-88.200000,1.629441,1.595359,1.657522,0.488112,220,1547,5,49,143311,24862,15444,70512,51297,9513,5151,78164,45,17,0,0,50,66,0.022727,0.031674,0.001535,0.021940,6255.604674,5043.370277,5293.188219,8916.153538,37.073456,42.214953,138.142148,123.332242,62.998406,3067.850990,0.400000,4211.629433,3607.031613,4097.163516,4650.994644,24.203424,23.282785,140.000229,139.947042,10.695127,2107.429987,0.183673,0.756213,0.078949,0.125871,0.057651,0.053327
205,410000,-0.306704,77.242379,5.733292,-394.1894,0.000718,78.9478,0.000000,0.4,11.6,1392,1,1391,0,0.0000,2.9000,3686,489,52,2,52,3686,0.429752,0.398099,0.012934,0.014107,0.000719,0,paper_literal_eq15_eq20_joint_v3,paper_joint,paper_fixed_v1,paper,0.000000,paper_eq9,vanilla_mappo_paper_env_v2,tanh_squashed_normal_v1,eq17_engineering_thresholds_unbounded_tail_v2,"{""d_att_max_m"":null,""h_adv_m"":5000.0,""h_att_m"":2000.0,""h_max_m"":10000.0,""h_min_m"":0.0,""high_altitude_tail"":0.1,""version"":""eq17_engineering_thresholds_unbounded_tail_v2""}",-1.390183,-0.463394,-0.186872,-0.062291,41.584387,13.861462,0.000000,0.000000,-0.000052,-0.000017,-347.196556,-115.732185,-87.000000,1.641979,1.603673,1.670944,0.495753,15,1105,1,44,124360,15884,8470,51617,41136,6504,604,73597,0,2,0,0,1,46,0.066667,0.039819,0.000121,0.021408,2906.635003,2906.635003,2906.635003,2906.635003,40.413770,40.413770,115.091067,115.091067,148.409839,1136.117075,1.000000,4266.136164,3605.818117,4113.889127,4639.042615,21.678399,16.009363,135.994638,136.006300,10.927055,1809.369600,0.214286,0.754465,0.074460,0.103732,0.060099,0.059550
206,412000,-0.312253,71.247234,5.758037,-396.4375,0.000716,82.6027,0.000000,0.4,11.1,1396,1,1395,0,0.0000,2.9000,3694,493,52,2,52,3694,0.422764,0.396735,0.012897,0.014077,0.000717,0,paper_literal_eq15_eq20_joint_v3,paper_joint,paper_fixed_v1,paper,0.000000,paper_eq9,vanilla_mappo_paper_env_v2,tanh_squashed_normal_v1,eq17_engineering_thresholds_unbounded_tail_v2,"{""d_att_max_m"":null,""h_adv_m"":5000.0,""h_att_m"":2000.0,""h_max_m"":10000.0,""h_min_m"":0.0,""high_altitude_tail"":0.1,""version"":""eq17_engineering_thresholds_unbounded_tail_v2""}",-1.451360,-0.483787,-0.191268,-0.063756,39.247261,13.082420,0.000000,0.000000,-0.000052,-0.000017,-347.041972,-115.680657,-87.000000,1.657330,1.620902,1.681138,0.505082,42,1515,2,52,124168,17069,8244,46838,34313,7422,2224,80938,0,0,0,0,2,52,0.047619,0.034323,0.000338,0.032346,7174.964238,6269.280261,7174.964238,8080.648215,41.082379,41.082379,140.479051,140.479051,-26.241019,3402.292843,0.000000,4231.165753,3640.143365,4162.924184,4690.735437,26.780194,28.060534,142.061066,149.460262,-21.049685,1934.379009,0.127273,0.754970,0.075919,0.111142,0.060224,0.056392
207,414000,-0.312968,59.971473,5.785344,-393.8090,0.000714,76.9971,0.000000,0.3,11.3,1400,1,1399,0,0.0000,2.8800,3702,497,53,2,53,3702,0.427419,0.395555,0.013098,0.014317,0.000715,0,paper_literal_eq15_eq20_joint_v3,paper_joint,paper_fixed_v1,paper,0.000000,paper_eq9,vanilla_mappo_paper_env_v2,tanh_squashed_normal_v1,eq17_engineering_thresholds_unbounded_tail_v2,"{""d_att_max_m"":null,""h_adv_m"":5000.0,""h_att_m"":2000.0,""h_max_m"":10000.0,""h_min_m"":0.0,""high_altitude_tail"":0.1,""version"":""eq17_engineering_thresholds_unbounded_tail_v2""}",-1.434625,-0.478208,-0.192655,-0.064218,39.973819,13.324606,0.000000,0.000000,-0.000052,-0.000017,-345.755355,-115.251785,-86.400000,1.671969,1.630967,1.703955,0.513835,15,1273,1,48,115889,13528,14601,36781,27167,9258,3120,89704,0,0,0,0,1,48,0.066667,0.037706,0.000129,0.034610,8945.973950,8945.973950,8945.973950,8945.973950,42.619501,42.619501,154.478036,154.478036,7.617685,2991.478742,0.000000,3691.134957,2710.974141,3443.603392,4224.464533,24.773582,23.622345,150.563965,160.811555,-5.747460,1733.522912,0.195652,0.759535,0.084650,0.131134,0.056834,0.065983
208,416000,-0.254800,47.167108,5.815957,-394.5055,0.000713,76.3973,0.000000,0.4,11.6,1402,1,1401,0,0.0000,2.8800,3706,499,53,2,53,3706,0.424000,0.393878,0.013080,0.014301,0.000714,0,paper_literal_eq15_eq20_joint_v3,paper_joint,paper_fixed_v1,paper,0.000000,paper_eq9,vanilla_mappo_paper_env_v2,tanh_squashed_normal_v1,eq17_engineering_thresholds_unbounded_tail_v2,"{""d_att_max_m"":null,""h_adv_m"":5000.0,""h_att_m"":2000.0,""h_max_m"":10000.0,""h_min_m"":0.0,""high_altitude_tail"":0.1,""version"":""eq17_engineering_thresholds_unbounded_tail_v2""}",-1.443289,-0.481096,-0.194803,-0.064934,41.137742,13.712581,0.000000,0.000000,-0.000052,-0.000017,-347.605019,-115.868340,-86.400000,1.691609,1.652819,1.719162,0.525540,15,1485,1,50,120551,12349,13270,40458,34652,6859,1554,84863,0,2,0,0,1,52,0.066667,0.033670,0.000124,0.036705,8948.485080,8948.485080,8948.485080,8948.485080,40.653974,40.653974,164.667028,164.667028,-47.435435,2452.465045,0.000000,4368.819421,3517.229369,4061.960494,4605.094402,25.083576,26.383664,147.690569,155.009035,-9.189853,2087.588233,0.166667,0.767210,0.088546,0.128191,0.070687,0.066760
209,418000,-0.321826,120.570874,5.853739,-391.4156,0.000710,77.0851,0.000000,0.4,12.2,1409,1,1408,0,0.0000,2.8800,3723,503,53,2,53,3723,0.424000,0.394135,0.013015,0.014236,0.000710,0,paper_literal_eq15_eq20_joint_v3,paper_joint,paper_fixed_v1,paper,0.000000,paper_eq9,vanilla_mappo_paper_env_v2,tanh_squashed_normal_v1,eq17_engineering_thresholds_unbounded_tail_v2,"{""d_att_max_m"":null,""h_adv_m"":5000.0,""h_att_m"":2000.0,""h_max_m"":10000.0,""h_min_m"":0.0,""high_altitude_tail"":0.1,""version"":""eq17_engineering_thresholds_unbounded_tail_v2""}",-1.430769,-0.476923,-0.194379,-0.064793,43.771090,14.590363,0.000000,0.000000,0.000000,0.000000,-347.161368,-115.720456,-86.400000,1.713938,1.674487,1.738454,0.538658,0,1202,0,37,119087,23815,5640,54693,47801,5953,0,64394,0,17,0,0,0,54,0.000000,0.030782,0.000000,0.021977,0.000000,0.000000,0.000000,0.000000,0.000000,0.000000,0.000000,0.000000,0.000000,0.000000,0.000000,4192.224369,3555.876647,4053.103058,4500.825500,27.242498,27.501522,125.223846,120.488541,27.549864,2431.945844,0.297297,0.765817,0.089291,0.123982,0.072097,0.071795
210,420000,-0.307072,71.201276,5.883601,-390.3006,0.000708,76.1345,0.000000,0.3,11.6,1413,1,1412,0,0.0000,2.9200,3729,509,53,2,53,3729,0.424000,0.392237,0.012978,0.014213,0.000708,0,paper_literal_eq15_eq20_joint_v3,paper_joint,paper_fixed_v1,paper,0.000000,paper_eq9,vanilla_mappo_paper_env_v2,tanh_squashed_normal_v1,eq17_engineering_thresholds_unbounded_tail_v2,"{""d_att_max_m"":null,""h_adv_m"":5000.0,""h_att_m"":2000.0,""h_max_m"":10000.0,""h_min_m"":0.0,""high_altitude_tail"":0.1,""version"":""eq17_engineering_thresholds_unbounded_tail_v2""}",-1.457317,-0.485772,-0.195229,-0.065076,40.796782,13.598927,0.000000,0.000000,0.000000,0.000000,-341.844723,-113.948241,-87.600000,1.725707,1.691000,1.747760,0.545533,0,2188,0,61,158228,19490,9250,66588,53278,7525,0,91640,0,0,0,0,0,61,0.000000,0.027879,0.000000,0.032859,0.000000,0.000000,0.000000,0.000000,0.000000,0.000000,0.000000,0.000000,0.000000,0.000000,0.000000,4333.639859,3670.735215,4130.348762,4878.587064,24.693190,24.138184,147.528472,160.216499,-21.812288,1908.236274,0.107143,0.771126,0.093076,0.133485,0.073099,0.072645
211,422000,-0.188743,62.718675,5.910572,-390.5925,0.000706,78.9795,0.000000,0.4,11.6,1417,1,1416,0,0.0000,2.8800,3736,514,55,2,55,3736,0.423077,0.391368,0.013412,0.014722,0.000706,0,paper_literal_eq15_eq20_joint_v3,paper_joint,paper_fixed_v1,paper,0.000000,paper_eq9,vanilla_mappo_paper_env_v2,tanh_squashed_normal_v1,eq17_engineering_thresholds_unbounded_tail_v2,"{""d_att_max_m"":null,""h_adv_m"":5000.0,""h_att_m"":2000.0,""h_max_m"":10000.0,""h_min_m"":0.0,""high_altitude_tail"":0.1,""version"":""eq17_engineering_thresholds_unbounded_tail_v2""}",-1.492142,-0.497381,-0.198536,-0.066179,40.482770,13.494257,0.000000,0.000000,0.000000,0.000000,-342.984538,-114.328179,-86.400000,1.746058,1.708996,1.766630,0.557246,134,1173,5,39,108138,15711,13961,43636,27258,10957,6584,71228,30,7,0,0,35,46,0.037313,0.033248,0.001239,0.026881,6188.409729,5004.628719,6062.230504,7166.097120,40.144129,41.584320,125.684335,117.461751,102.526823,2352.375463,0.750000,4201.868296,3626.755999,4116.000817,4619.035326,26.720690,26.097193,136.098675,129.038318,23.946040,2027.123594,0.159091,0.765883,0.087442,0.135814,0.058915,0.067597
212,424000,-0.412519,92.460046,5.939131,-390.4480,0.000703,73.6296,0.000000,0.4,11.3,1422,1,1421,0,0.0000,2.8800,3747,518,56,2,56,3747,0.430769,0.390760,0.013599,0.014945,0.000704,0,paper_literal_eq15_eq20_joint_v3,paper_joint,paper_fixed_v1,paper,0.000000,paper_eq9,vanilla_mappo_paper_env_v2,tanh_squashed_normal_v1,eq17_engineering_thresholds_unbounded_tail_v2,"{""d_att_max_m"":null,""h_adv_m"":5000.0,""h_att_m"":2000.0,""h_max_m"":10000.0,""h_min_m"":0.0,""high_altitude_tail"":0.1,""version"":""eq17_engineering_thresholds_unbounded_tail_v2""}",-1.477681,-0.492560,-0.197533,-0.065844,40.238853,13.412951,0.000000,0.000000,0.000000,0.000000,-342.611550,-114.203850,-86.400000,1.756480,1.713238,1.778610,0.563159,0,1429,0,43,131650,16203,5645,61915,50413,8522,0,69735,0,15,0,0,0,58,0.000000,0.030091,0.000000,0.023080,0.000000,0.000000,0.000000,0.000000,0.000000,0.000000,0.000000,0.000000,0.000000,0.000000,0.000000,3918.528421,3286.703312,3944.925572,4414.999183,23.553810,21.866647,134.504907,136.282230,22.076397,1772.475368,0.268293,0.770340,0.102308,0.143897,0.077877,0.085152
213,426000,-0.365216,89.758047,5.956421,-380.9243,0.000701,65.8794,0.000000,0.3,10.2,1427,1,1426,0,0.0000,2.8800,3756,524,56,2,56,3756,0.430769,0.389910,0.013551,0.014909,0.000701,0,paper_literal_eq15_eq20_joint_v3,paper_joint,paper_fixed_v1,paper,0.000000,paper_eq9,vanilla_mappo_paper_env_v2,tanh_squashed_normal_v1,eq17_engineering_thresholds_unbounded_tail_v2,"{""d_att_max_m"":null,""h_adv_m"":5000.0,""h_att_m"":2000.0,""h_max_m"":10000.0,""h_min_m"":0.0,""high_altitude_tail"":0.1,""version"":""eq17_engineering_thresholds_unbounded_tail_v2""}",-1.388281,-0.462760,-0.190499,-0.063500,34.982243,11.660748,0.000000,0.000000,0.000000,0.000000,-327.927623,-109.309208,-86.400000,1.768376,1.720184,1.792660,0.569874,0,1442,0,44,133304,19360,14351,59311,45834,10058,0,76932,0,3,0,0,0,47,0.000000,0.030513,0.000000,0.024313,0.000000,0.000000,0.000000,0.000000,0.000000,0.000000,0.000000,0.000000,0.000000,0.000000,0.000000,4020.584001,3239.944505,3818.141178,4821.183284,22.958352,20.777943,138.232143,141.064752,12.281802,1897.102852,0.204545,0.778701,0.098261,0.137250,0.066649,0.090885
214,428000,-0.247081,32.707948,5.980739,-378.7353,0.000700,66.6619,0.000000,0.3,10.2,1428,1,1427,0,0.0000,2.8800,3758,525,56,2,56,3758,0.430769,0.388223,0.013542,0.014902,0.000701,0,paper_literal_eq15_eq20_joint_v3,paper_joint,paper_fixed_v1,paper,0.000000,paper_eq9,vanilla_mappo_paper_env_v2,tanh_squashed_normal_v1,eq17_engineering_thresholds_unbounded_tail_v2,"{""d_att_max_m"":null,""h_adv_m"":5000.0,""h_att_m"":2000.0,""h_max_m"":10000.0,""h_min_m"":0.0,""high_altitude_tail"":0.1,""version"":""eq17_engineering_thresholds_unbounded_tail_v2""}",-1.392667,-0.464222,-0.190221,-0.063407,35.262342,11.754114,0.000000,0.000000,0.000000,0.000000,-326.014635,-108.671545,-86.400000,1.785468,1.749020,1.805332,0.579576,0,1212,0,47,110378,9066,12948,30141,19486,9113,0,89267,0,0,0,0,0,47,0.000000,0.038779,0.000000,0.040211,0.000000,0.000000,0.000000,0.000000,0.000000,0.000000,0.000000,0.000000,0.000000,0.000000,0.000000,4532.193854,3654.171908,3996.191182,5015.244414,24.788178,24.210646,141.975758,148.350747,10.942593,1921.145416,0.111111,0.772321,0.092681,0.126193,0.071897,0.079952
215,430000,-0.264644,98.605597,6.014543,-372.4763,0.000698,56.2406,0.000000,0.3,10.5,1433,1,1432,0,0.0200,2.8800,3768,529,56,2,56,3768,0.430769,0.388133,0.013498,0.014862,0.000698,0,paper_literal_eq15_eq20_joint_v3,paper_joint,paper_fixed_v1,paper,0.000000,paper_eq9,vanilla_mappo_paper_env_v2,tanh_squashed_normal_v1,eq17_engineering_thresholds_unbounded_tail_v2,"{""d_att_max_m"":null,""h_adv_m"":5000.0,""h_att_m"":2000.0,""h_max_m"":10000.0,""h_min_m"":0.0,""high_altitude_tail"":0.1,""version"":""eq17_engineering_thresholds_unbounded_tail_v2""}",-1.359927,-0.453309,-0.186566,-0.062189,38.727630,12.909210,0.000000,0.000000,0.000000,0.000000,-323.857286,-107.952429,-85.800000,1.807982,1.769328,1.830995,0.592095,0,819,0,28,100396,18298,3369,40234,32601,9114,0,66051,0,4,0,0,0,32,0.000000,0.034188,0.000000,0.020356,0.000000,0.000000,0.000000,0.000000,0.000000,0.000000,0.000000,0.000000,0.000000,0.000000,0.000000,3800.715262,3248.259831,3614.015619,4098.482138,28.240869,31.057310,129.001384,126.447919,20.906843,1787.706329,0.333333,0.772649,0.099210,0.133467,0.079079,0.085085
216,432000,-0.452086,86.951698,6.045705,-377.3690,0.000696,60.7744,0.000000,0.3,11.1,1436,1,1435,0,0.0200,2.8800,3775,531,56,2,56,3775,0.430769,0.386664,0.013470,0.014834,0.000697,0,paper_literal_eq15_eq20_joint_v3,paper_joint,paper_fixed_v1,paper,0.000000,paper_eq9,vanilla_mappo_paper_env_v2,tanh_squashed_normal_v1,eq17_engineering_thresholds_unbounded_tail_v2,"{""d_att_max_m"":null,""h_adv_m"":5000.0,""h_att_m"":2000.0,""h_max_m"":10000.0,""h_min_m"":0.0,""high_altitude_tail"":0.1,""version"":""eq17_engineering_thresholds_unbounded_tail_v2""}",-1.321876,-0.440625,-0.184142,-0.061381,40.818485,13.606162,0.000000,0.000000,0.000000,0.000000,-330.881279,-110.293760,-85.800000,1.821502,1.776302,1.849242,0.599503,0,1770,0,55,135314,17427,9094,51306,41830,6353,0,84008,0,14,0,0,0,69,0.000000,0.031073,0.000000,0.034499,0.000000,0.000000,0.000000,0.000000,0.000000,0.000000,0.000000,0.000000,0.000000,0.000000,0.000000,3945.055218,3376.038553,3967.209587,4172.069355,20.850586,17.018002,145.033793,146.220766,-7.279683,1690.868741,0.140000,0.780260,0.106065,0.148473,0.080478,0.089243
217,434000,-0.256301,88.673682,6.069498,-383.5701,0.000694,63.9009,0.000000,0.2,11.1,1440,1,1439,0,0.0200,2.9200,3784,534,56,2,56,3784,0.430769,0.385965,0.013432,0.014799,0.000695,0,paper_literal_eq15_eq20_joint_v3,paper_joint,paper_fixed_v1,paper,0.000000,paper_eq9,vanilla_mappo_paper_env_v2,tanh_squashed_normal_v1,eq17_engineering_thresholds_unbounded_tail_v2,"{""d_att_max_m"":null,""h_adv_m"":5000.0,""h_att_m"":2000.0,""h_max_m"":10000.0,""h_min_m"":0.0,""high_altitude_tail"":0.1,""version"":""eq17_engineering_thresholds_unbounded_tail_v2""}",-1.316367,-0.438789,-0.182007,-0.060669,40.029628,13.343209,0.000000,0.000000,0.000000,0.000000,-335.101171,-111.700390,-87.000000,1.839103,1.785941,1.867457,0.609067,0,1235,0,41,112310,16457,5627,41966,34126,5886,0,70344,0,0,0,0,0,41,0.000000,0.033198,0.000000,0.029429,0.000000,0.000000,0.000000,0.000000,0.000000,0.000000,0.000000,0.000000,0.000000,0.000000,0.000000,4467.064887,3528.468774,4298.454119,5020.361651,25.595527,26.234330,135.647544,136.090142,0.509546,2161.948458,0.159091,0.771091,0.105779,0.153231,0.077735,0.086372
218,436000,-0.248358,80.166388,6.095678,-384.3450,0.000692,69.6350,0.000000,0.2,11.2,1445,1,1444,0,0.0200,2.9200,3794,539,56,2,56,3794,0.424242,0.384943,0.013386,0.014760,0.000693,0,paper_literal_eq15_eq20_joint_v3,paper_joint,paper_fixed_v1,paper,0.000000,paper_eq9,vanilla_mappo_paper_env_v2,tanh_squashed_normal_v1,eq17_engineering_thresholds_unbounded_tail_v2,"{""d_att_max_m"":null,""h_adv_m"":5000.0,""h_att_m"":2000.0,""h_max_m"":10000.0,""h_min_m"":0.0,""high_altitude_tail"":0.1,""version"":""eq17_engineering_thresholds_unbounded_tail_v2""}",-1.275283,-0.425094,-0.176020,-0.058673,40.770697,13.590232,0.000000,0.000000,0.000000,0.000000,-336.664189,-112.221396,-87.000000,1.853658,1.793479,1.885850,0.616894,30,1511,2,52,133159,19503,12108,58394,46508,7115,3018,78056,0,2,0,0,2,54,0.066667,0.034414,0.000225,0.025876,9744.689611,9628.046438,9744.689611,9861.332784,39.303298,39.303298,128.540789,128.540789,28.298820,757.418314,0.000000,3769.670918,3285.423216,3609.435465,4020.779842,24.396087,21.729806,137.985532,140.305690,-9.847452,2102.029810,0.196078,0.774769,0.115995,0.177678,0.085286,0.085022
219,438000,-0.138097,81.938014,6.124186,-378.2332,0.000690,71.8095,0.000000,0.2,11.1,1449,1,1448,0,0.0200,2.9000,3803,542,58,2,58,3803,0.436090,0.384491,0.013809,0.015251,0.000691,0,paper_literal_eq15_eq20_joint_v3,paper_joint,paper_fixed_v1,paper,0.000000,paper_eq9,vanilla_mappo_paper_env_v2,tanh_squashed_normal_v1,eq17_engineering_thresholds_unbounded_tail_v2,"{""d_att_max_m"":null,""h_adv_m"":5000.0,""h_att_m"":2000.0,""h_max_m"":10000.0,""h_min_m"":0.0,""high_altitude_tail"":0.1,""version"":""eq17_engineering_thresholds_unbounded_tail_v2""}",-1.307633,-0.435878,-0.175897,-0.058632,39.979423,13.326474,0.000000,0.000000,0.000000,0.000000,-330.328891,-110.109630,-86.400000,1.875693,1.814742,1.907713,0.628711,15,1071,1,35,107876,16390,6281,47936,36792,6733,882,60822,0,1,0,0,1,36,0.066667,0.032680,0.000139,0.022342,3701.395511,3701.395511,3701.395511,3701.395511,30.320956,30.320956,115.214183,115.214183,205.853412,3694.212652,1.000000,4156.334241,3256.891909,3689.114211,4399.042823,27.888040,30.961684,140.179838,147.963675,6.932194,2200.523243,0.243243,0.774264,0.114902,0.164467,0.084004,0.096234
220,440000,-0.295745,68.128788,6.160141,-378.4519,0.000688,73.3030,0.000000,0.2,10.8,1453,1,1452,0,0.0200,2.9000,3810,547,58,2,58,3810,0.436090,0.383493,0.013771,0.015223,0.000689,0,paper_literal_eq15_eq20_joint_v3,paper_joint,paper_fixed_v1,paper,0.000000,paper_eq9,vanilla_mappo_paper_env_v2,tanh_squashed_normal_v1,eq17_engineering_thresholds_unbounded_tail_v2,"{""d_att_max_m"":null,""h_adv_m"":5000.0,""h_att_m"":2000.0,""h_max_m"":10000.0,""h_min_m"":0.0,""high_altitude_tail"":0.1,""version"":""eq17_engineering_thresholds_unbounded_tail_v2""}",-1.318031,-0.439344,-0.176572,-0.058857,39.481772,13.160591,0.000000,0.000000,0.000000,0.000000,-330.038872,-110.012957,-86.400000,1.896449,1.838151,1.927109,0.639744,0,1283,0,44,125227,14430,9687,53256,39125,12049,451,72665,0,15,0,0,0,59,0.000000,0.034295,0.000000,0.024091,0.000000,0.000000,0.000000,0.000000,0.000000,0.000000,0.000000,0.000000,0.000000,0.000000,0.000000,3764.246881,2977.224122,3788.153187,4187.930146,28.197405,28.962605,137.461317,143.943092,4.226628,1853.204773,0.153846,0.786615,0.123062,0.162910,0.103566,0.102710
221,442000,-0.409001,61.517003,6.186768,-379.9133,0.000687,72.9748,0.000000,0.2,10.6,1456,1,1455,0,0.0200,2.9000,3816,550,58,2,58,3816,0.429630,0.381753,0.013743,0.015199,0.000687,0,paper_literal_eq15_eq20_joint_v3,paper_joint,paper_fixed_v1,paper,0.000000,paper_eq9,vanilla_mappo_paper_env_v2,tanh_squashed_normal_v1,eq17_engineering_thresholds_unbounded_tail_v2,"{""d_att_max_m"":null,""h_adv_m"":5000.0,""h_att_m"":2000.0,""h_max_m"":10000.0,""h_min_m"":0.0,""high_altitude_tail"":0.1,""version"":""eq17_engineering_thresholds_unbounded_tail_v2""}",-1.316013,-0.438671,-0.177284,-0.059095,38.952861,12.984287,0.000000,0.000000,0.000000,0.000000,-330.972628,-110.324209,-86.400000,1.908951,1.855309,1.936952,0.646354,30,1604,2,61,138507,16564,19983,53015,38416,14907,634,96614,0,1,0,0,2,62,0.066667,0.038030,0.000217,0.030256,6995.851394,5504.906691,6995.851394,8486.796097,22.383908,22.383908,125.127323,125.127323,130.622023,3859.092017,0.000000,4646.243987,3555.125565,4031.047641,5525.424769,22.082663,18.688807,148.393130,163.118026,-4.163918,1983.660117,0.103448,0.787301,0.124990,0.171637,0.094858,0.108476
222,444000,-0.350671,80.890021,6.205019,-386.1739,0.000685,78.1632,0.000000,0.2,10.9,1459,1,1458,0,0.0200,2.9000,3822,553,58,2,58,3822,0.420290,0.380147,0.013714,0.015175,0.000686,0,paper_literal_eq15_eq20_joint_v3,paper_joint,paper_fixed_v1,paper,0.000000,paper_eq9,vanilla_mappo_paper_env_v2,tanh_squashed_normal_v1,eq17_engineering_thresholds_unbounded_tail_v2,"{""d_att_max_m"":null,""h_adv_m"":5000.0,""h_att_m"":2000.0,""h_max_m"":10000.0,""h_min_m"":0.0,""high_altitude_tail"":0.1,""version"":""eq17_engineering_thresholds_unbounded_tail_v2""}",-1.304162,-0.434721,-0.177035,-0.059012,40.629953,13.543318,0.000000,0.000000,0.000000,0.000000,-338.922420,-112.974140,-86.400000,1.920127,1.870046,1.945933,0.652220,45,1477,3,58,124095,18839,25853,41868,30438,9147,7037,103707,0,0,0,0,3,58,0.066667,0.039269,0.000363,0.035278,7206.040135,5828.613164,5909.921312,7935.407694,40.569236,39.764149,117.652792,106.574602,67.932506,1671.146244,0.250000,4684.481640,3861.804788,4477.794162,5601.518268,20.466670,14.483213,151.551559,160.544853,-12.127014,1863.128843,0.120690,0.789223,0.131352,0.203020,0.089645,0.101390
223,446000,-0.140446,26.632332,6.228700,-384.2660,0.000684,79.0716,0.000000,0.3,11.0,1461,1,1460,0,0.0200,2.8600,3827,554,60,2,60,3827,0.428571,0.378536,0.014152,0.015678,0.000685,0,paper_literal_eq15_eq20_joint_v3,paper_joint,paper_fixed_v1,paper,0.000000,paper_eq9,vanilla_mappo_paper_env_v2,tanh_squashed_normal_v1,eq17_engineering_thresholds_unbounded_tail_v2,"{""d_att_max_m"":null,""h_adv_m"":5000.0,""h_att_m"":2000.0,""h_max_m"":10000.0,""h_min_m"":0.0,""high_altitude_tail"":0.1,""version"":""eq17_engineering_thresholds_unbounded_tail_v2""}",-1.287172,-0.429057,-0.175303,-0.058434,40.973234,13.657745,0.000000,0.000000,0.000000,0.000000,-338.576522,-112.858841,-85.200000,1.940582,1.885719,1.983268,0.662766,30,1534,2,56,104827,8713,20556,28906,15437,15642,2995,87816,0,1,0,0,2,57,0.066667,0.036506,0.000286,0.053069,3476.466072,3426.546907,3476.466072,3526.385237,43.668868,43.668868,151.870895,151.870895,47.999288,1693.196176,0.500000,4068.499561,3194.968935,3724.344548,4384.850972,22.859708,18.759672,150.869070,156.082572,-6.436335,1727.106735,0.145161,0.781976,0.120283,0.168967,0.087521,0.104362
224,448000,-0.329443,113.191203,6.259480,-393.8084,0.000682,89.7559,0.000000,0.2,11.8,1466,1,1465,0,0.0200,2.9000,3839,557,60,2,60,3839,0.428571,0.378003,0.014104,0.015629,0.000683,0,paper_literal_eq15_eq20_joint_v3,paper_joint,paper_fixed_v1,paper,0.000000,paper_eq9,vanilla_mappo_paper_env_v2,tanh_squashed_normal_v1,eq17_engineering_thresholds_unbounded_tail_v2,"{""d_att_max_m"":null,""h_adv_m"":5000.0,""h_att_m"":2000.0,""h_max_m"":10000.0,""h_min_m"":0.0,""high_altitude_tail"":0.1,""version"":""eq17_engineering_thresholds_unbounded_tail_v2""}",-1.272382,-0.424127,-0.174942,-0.058314,43.493324,14.497775,0.000000,0.000000,0.000000,0.000000,-349.454154,-116.484718,-86.400000,1.958656,1.897861,2.004176,0.671996,0,1324,0,46,117038,17753,10051,47568,40795,7339,0,75370,0,2,0,0,0,48,0.000000,0.034743,0.000000,0.027834,0.000000,0.000000,0.000000,0.000000,0.000000,0.000000,0.000000,0.000000,0.000000,0.000000,0.000000,4246.007687,3648.487423,4267.214062,4679.939763,24.816237,23.423115,138.994010,138.792134,14.750267,2123.382941,0.217391,0.787626,0.128672,0.177983,0.102283,0.105750
225,450000,-0.292354,76.176429,6.287540,-396.0425,0.000680,96.7597,0.000000,0.2,12.3,1471,1,1470,0,0.0400,2.9200,3848,562,60,2,60,3848,0.419580,0.377255,0.014059,0.015593,0.000680,0,paper_literal_eq15_eq20_joint_v3,paper_joint,paper_fixed_v1,paper,0.000000,paper_eq9,vanilla_mappo_paper_env_v2,tanh_squashed_normal_v1,eq17_engineering_thresholds_unbounded_tail_v2,"{""d_att_max_m"":null,""h_adv_m"":5000.0,""h_att_m"":2000.0,""h_max_m"":10000.0,""h_min_m"":0.0,""high_altitude_tail"":0.1,""version"":""eq17_engineering_thresholds_unbounded_tail_v2""}",-1.309617,-0.436539,-0.175556,-0.058519,45.197755,15.065918,0.000000,0.000000,0.000000,0.000000,-353.354829,-117.784943,-86.400000,1.977096,1.919125,2.030418,0.681363,64,1279,3,44,114887,18265,12261,48946,40009,6394,2559,73121,15,0,0,0,18,44,0.046875,0.034402,0.000557,0.026131,6632.900813,6561.455907,6627.954821,6701.872722,41.132298,42.369863,116.605347,114.016623,49.238399,2705.130513,0.000000,4295.805319,3786.361279,4314.369544,4872.516735,23.753668,21.998648,134.156499,133.701313,29.625978,2198.975226,0.181818,0.789948,0.134802,0.204993,0.095154,0.104258
226,452000,-0.267273,99.147508,6.316120,-399.4829,0.000677,95.4767,0.000000,0.3,12.4,1477,1,1476,0,0.0400,2.9000,3861,567,61,2,61,3861,0.426573,0.376793,0.014228,0.015799,0.000678,0,paper_literal_eq15_eq20_joint_v3,paper_joint,paper_fixed_v1,paper,0.000000,paper_eq9,vanilla_mappo_paper_env_v2,tanh_squashed_normal_v1,eq17_engineering_thresholds_unbounded_tail_v2,"{""d_att_max_m"":null,""h_adv_m"":5000.0,""h_att_m"":2000.0,""h_max_m"":10000.0,""h_min_m"":0.0,""high_altitude_tail"":0.1,""version"":""eq17_engineering_thresholds_unbounded_tail_v2""}",-1.343081,-0.447694,-0.181027,-0.060342,45.115841,15.038614,0.000000,0.000000,0.000000,0.000000,-357.274383,-119.091461,-85.800000,1.998212,1.940683,2.061122,0.691949,0,1447,0,47,145278,25285,3121,85385,71413,8225,1832,62320,0,0,0,0,0,47,0.000000,0.032481,0.000000,0.016947,0.000000,0.000000,0.000000,0.000000,0.000000,0.000000,0.000000,0.000000,0.000000,0.000000,0.333333,3607.509594,2982.410290,3719.822839,4057.124642,24.139626,22.715145,133.100212,129.441598,9.039937,1899.206170,0.285714,0.792081,0.139361,0.201626,0.101890,0.114566
227,454000,-0.296487,74.796703,6.348887,-406.2232,0.000675,95.0389,0.000000,0.3,12.4,1481,1,1480,0,0.0400,2.9000,3867,573,61,2,61,3867,0.426573,0.375510,0.014189,0.015775,0.000676,0,paper_literal_eq15_eq20_joint_v3,paper_joint,paper_fixed_v1,paper,0.000000,paper_eq9,vanilla_mappo_paper_env_v2,tanh_squashed_normal_v1,eq17_engineering_thresholds_unbounded_tail_v2,"{""d_att_max_m"":null,""h_adv_m"":5000.0,""h_att_m"":2000.0,""h_max_m"":10000.0,""h_min_m"":0.0,""high_altitude_tail"":0.1,""version"":""eq17_engineering_thresholds_unbounded_tail_v2""}",-1.365248,-0.455083,-0.185153,-0.061718,43.985013,14.661671,0.000000,0.000000,0.000000,0.000000,-362.857607,-120.952536,-85.800000,2.020611,1.960073,2.082016,0.703096,0,1382,0,51,128582,15252,16193,45274,33390,9278,0,86804,0,11,0,0,0,62,0.000000,0.036903,0.000000,0.030525,0.000000,0.000000,0.000000,0.000000,0.000000,0.000000,0.000000,0.000000,0.000000,0.000000,0.000000,3673.889302,3186.948257,3552.589771,4224.361230,23.385784,21.996609,153.356502,162.358968,-6.817518,1809.945787,0.137255,0.792675,0.148934,0.204898,0.114014,0.127891
228,456000,-0.228513,62.879071,6.385108,-410.2024,0.000674,95.6056,0.000000,0.3,12.3,1484,1,1483,0,0.0200,2.9000,3874,575,61,2,61,3874,0.423611,0.374589,0.014160,0.015746,0.000674,0,paper_literal_eq15_eq20_joint_v3,paper_joint,paper_fixed_v1,paper,0.000000,paper_eq9,vanilla_mappo_paper_env_v2,tanh_squashed_normal_v1,eq17_engineering_thresholds_unbounded_tail_v2,"{""d_att_max_m"":null,""h_adv_m"":5000.0,""h_att_m"":2000.0,""h_max_m"":10000.0,""h_min_m"":0.0,""high_altitude_tail"":0.1,""version"":""eq17_engineering_thresholds_unbounded_tail_v2""}",-1.368616,-0.456205,-0.186587,-0.062196,41.803398,13.934466,0.000000,0.000000,0.000000,0.000000,-364.050393,-121.350131,-86.400000,2.047360,1.978878,2.113877,0.716188,15,1214,1,44,97437,15144,13873,32472,25189,7377,938,77770,0,0,0,0,1,44,0.066667,0.036244,0.000154,0.037386,5545.769618,5545.769618,5545.769618,5545.769618,42.726482,42.726482,156.865670,156.865670,189.919404,5339.417650,0.000000,4419.862737,3779.075376,4225.286876,4741.442416,22.507221,19.487476,143.576473,150.530261,13.476184,2166.872498,0.183673,0.790668,0.136325,0.194319,0.094254,0.120400
229,458000,-0.440402,125.831806,6.417881,-408.8053,0.000671,89.0105,0.000000,0.3,11.9,1490,1,1489,0,0.0200,2.9000,3889,578,61,2,61,3889,0.417808,0.374410,0.014103,0.015685,0.000672,0,paper_literal_eq15_eq20_joint_v3,paper_joint,paper_fixed_v1,paper,0.000000,paper_eq9,vanilla_mappo_paper_env_v2,tanh_squashed_normal_v1,eq17_engineering_thresholds_unbounded_tail_v2,"{""d_att_max_m"":null,""h_adv_m"":5000.0,""h_att_m"":2000.0,""h_max_m"":10000.0,""h_min_m"":0.0,""high_altitude_tail"":0.1,""version"":""eq17_engineering_thresholds_unbounded_tail_v2""}",-1.334391,-0.444797,-0.184968,-0.061656,40.503487,13.501162,0.000000,0.000000,0.000000,0.000000,-361.389293,-120.463098,-86.400000,2.062981,1.992926,2.129751,0.723784,30,1280,2,45,148475,27562,14179,79191,63433,11323,1571,70927,0,20,0,0,2,65,0.066667,0.035156,0.000202,0.016163,7313.615831,7263.620176,7313.615831,7363.611486,42.737908,42.737908,129.081256,129.081256,25.799064,1367.849960,0.000000,3740.628362,3183.392976,3699.764402,4130.666983,26.887679,28.647454,139.820349,151.401474,-9.499057,1929.948026,0.351351,0.798442,0.147094,0.211193,0.106673,0.123415
230,460000,-0.219592,80.736236,6.441402,-402.3976,0.000670,81.5512,0.000000,0.3,11.6,1492,1,1491,0,0.0200,2.9000,3893,580,61,2,61,3893,0.414966,0.373036,0.014085,0.015669,0.000671,0,paper_literal_eq15_eq20_joint_v3,paper_joint,paper_fixed_v1,paper,0.000000,paper_eq9,vanilla_mappo_paper_env_v2,tanh_squashed_normal_v1,eq17_engineering_thresholds_unbounded_tail_v2,"{""d_att_max_m"":null,""h_adv_m"":5000.0,""h_att_m"":2000.0,""h_max_m"":10000.0,""h_min_m"":0.0,""high_altitude_tail"":0.1,""version"":""eq17_engineering_thresholds_unbounded_tail_v2""}",-1.372604,-0.457535,-0.187862,-0.062621,39.787403,13.262468,0.000000,0.000000,0.000000,0.000000,-354.224354,-118.074785,-86.400000,2.081777,2.009715,2.145136,0.732863,15,1219,1,49,110017,12454,23259,28081,18875,7463,1354,93291,0,0,0,0,1,49,0.066667,0.040197,0.000136,0.043410,6613.036054,6613.036054,6613.036054,6613.036054,37.912982,37.912982,90.820732,90.820732,190.164724,5386.237872,0.000000,3972.094401,3239.194618,3717.070078,4585.356445,22.704674,20.372803,148.641308,149.166552,3.450645,1490.992631,0.181818,0.788405,0.138922,0.182353,0.108824,0.125588
231,462000,-0.437027,109.398568,6.465179,-413.6556,0.000668,84.3317,0.000000,0.3,11.9,1498,1,1497,0,0.0200,2.9400,3909,582,61,2,61,3909,0.412162,0.373103,0.014028,0.015605,0.000668,0,paper_literal_eq15_eq20_joint_v3,paper_joint,paper_fixed_v1,paper,0.000000,paper_eq9,vanilla_mappo_paper_env_v2,tanh_squashed_normal_v1,eq17_engineering_thresholds_unbounded_tail_v2,"{""d_att_max_m"":null,""h_adv_m"":5000.0,""h_att_m"":2000.0,""h_max_m"":10000.0,""h_min_m"":0.0,""high_altitude_tail"":0.1,""version"":""eq17_engineering_thresholds_unbounded_tail_v2""}",-1.323644,-0.441215,-0.185096,-0.061699,40.607414,13.535805,0.000000,0.000000,0.000000,0.000000,-365.154063,-121.718021,-87.600000,2.094141,2.012675,2.159904,0.738714,15,942,1,41,125154,27581,14989,74939,55954,13057,1133,60077,0,2,0,0,1,43,0.066667,0.043524,0.000120,0.012570,4720.284411,4720.284411,4720.284411,4720.284411,42.961456,42.961456,108.948155,108.948155,141.078303,4596.703005,0.000000,4279.038827,3174.971112,3878.831737,4964.585550,29.692199,35.111063,144.305019,153.992025,-8.663666,2117.802316,0.205128,0.800460,0.157315,0.235448,0.113005,0.123492
232,464000,-0.333607,64.931792,6.483356,-422.8512,0.000666,93.3858,0.000000,0.3,12.2,1501,1,1500,0,0.0200,2.9400,3916,584,61,2,61,3916,0.412162,0.371960,0.014000,0.015577,0.000667,0,paper_literal_eq15_eq20_joint_v3,paper_joint,paper_fixed_v1,paper,0.000000,paper_eq9,vanilla_mappo_paper_env_v2,tanh_squashed_normal_v1,eq17_engineering_thresholds_unbounded_tail_v2,"{""d_att_max_m"":null,""h_adv_m"":5000.0,""h_att_m"":2000.0,""h_max_m"":10000.0,""h_min_m"":0.0,""high_altitude_tail"":0.1,""version"":""eq17_engineering_thresholds_unbounded_tail_v2""}",-1.282035,-0.427345,-0.182781,-0.060927,41.882899,13.960966,0.000000,0.000000,0.000000,0.000000,-375.669114,-125.223038,-87.600000,2.108351,2.018118,2.173405,0.745413,0,1452,0,51,118935,12428,15734,29510,21066,7685,5,95031,0,1,0,0,0,52,0.000000,0.035124,0.000000,0.049204,0.000000,0.000000,0.000000,0.000000,0.000000,0.000000,0.000000,0.000000,0.000000,0.000000,0.000000,4500.129549,3595.957168,4249.633231,5313.217892,21.371866,15.660794,149.501593,157.218388,-12.332429,1913.609933,0.148148,0.796481,0.147711,0.187734,0.119493,0.135906
233,466000,-0.294553,78.673347,6.508127,-423.3437,0.000664,92.9798,0.000000,0.3,12.2,1506,1,1505,0,0.0200,2.9400,3928,587,61,2,61,3928,0.406667,0.371337,0.013953,0.015530,0.000664,0,paper_literal_eq15_eq20_joint_v3,paper_joint,paper_fixed_v1,paper,0.000000,paper_eq9,vanilla_mappo_paper_env_v2,tanh_squashed_normal_v1,eq17_engineering_thresholds_unbounded_tail_v2,"{""d_att_max_m"":null,""h_adv_m"":5000.0,""h_att_m"":2000.0,""h_max_m"":10000.0,""h_min_m"":0.0,""high_altitude_tail"":0.1,""version"":""eq17_engineering_thresholds_unbounded_tail_v2""}",-1.286024,-0.428675,-0.181414,-0.060471,40.522996,13.507665,0.000000,0.000000,0.000000,0.000000,-374.799191,-124.933064,-87.600000,2.130033,2.030370,2.189939,0.755574,52,1349,2,50,134991,22933,12419,63714,55677,5433,43,73828,15,0,0,0,17,50,0.038462,0.037064,0.000385,0.021173,4666.536156,4653.004810,4666.536156,4680.067502,39.717774,39.717774,107.408752,107.408752,167.370480,1230.420884,0.000000,4369.140523,3381.148392,4045.751800,5123.373405,24.799836,23.433403,132.559983,127.662118,5.664870,2089.010051,0.255814,0.802692,0.166276,0.227545,0.122624,0.148659
234,468000,-0.245494,73.212749,6.540666,-417.6562,0.000663,91.6581,0.000000,0.3,12.0,1509,1,1508,0,0.0200,2.9400,3934,590,61,2,61,3934,0.403974,0.370468,0.013926,0.015506,0.000663,0,paper_literal_eq15_eq20_joint_v3,paper_joint,paper_fixed_v1,paper,0.000000,paper_eq9,vanilla_mappo_paper_env_v2,tanh_squashed_normal_v1,eq17_engineering_thresholds_unbounded_tail_v2,"{""d_att_max_m"":null,""h_adv_m"":5000.0,""h_att_m"":2000.0,""h_max_m"":10000.0,""h_min_m"":0.0,""high_altitude_tail"":0.1,""version"":""eq17_engineering_thresholds_unbounded_tail_v2""}",-1.298482,-0.432827,-0.183599,-0.061200,39.920184,13.306728,0.000000,0.000000,0.000000,0.000000,-368.494186,-122.831395,-87.600000,2.155508,2.062699,2.219264,0.767535,15,1128,1,41,128131,15740,20289,52410,30500,14546,1491,80304,0,7,0,0,1,48,0.066667,0.036348,0.000117,0.021523,9203.182196,9203.182196,9203.182196,9203.182196,43.105376,43.105376,139.186525,139.186525,18.621832,5436.124855,0.000000,4133.522200,3019.848950,3982.698515,4577.698230,25.741393,21.197572,158.728155,166.821000,-33.617821,1826.645418,0.176471,0.803960,0.167252,0.225196,0.115437,0.161125
235,470000,-0.399764,91.681762,6.572565,-412.4979,0.000661,81.4057,0.000000,0.2,12.5,1513,1,1512,0,0.0200,2.9800,3943,593,61,2,61,3943,0.403974,0.368677,0.013889,0.015470,0.000661,0,paper_literal_eq15_eq20_joint_v3,paper_joint,paper_fixed_v1,paper,0.000000,paper_eq9,vanilla_mappo_paper_env_v2,tanh_squashed_normal_v1,eq17_engineering_thresholds_unbounded_tail_v2,"{""d_att_max_m"":null,""h_adv_m"":5000.0,""h_att_m"":2000.0,""h_max_m"":10000.0,""h_min_m"":0.0,""high_altitude_tail"":0.1,""version"":""eq17_engineering_thresholds_unbounded_tail_v2""}",-1.278374,-0.426125,-0.178780,-0.059593,40.321442,13.440481,0.000000,0.000000,0.000000,0.000000,-362.562040,-120.854013,-88.800000,2.173337,2.085824,2.233654,0.775834,0,2317,0,76,102446,20559,7420,43178,34272,11934,0,60393,0,528,0,0,0,604,0.000000,0.032801,0.000000,0.053662,0.000000,0.000000,0.000000,0.000000,0.000000,0.000000,0.000000,0.000000,0.000000,0.000000,0.000000,4251.374287,3332.251598,4566.871047,4638.093480,20.280092,14.559353,140.277251,156.561282,15.149116,1730.945983,0.066667,0.801743,0.158259,0.202795,0.122359,0.149625
236,472000,-0.264445,60.992793,6.595924,-415.6628,0.000660,83.5193,0.000000,0.2,12.3,1515,1,1514,0,0.0200,2.9800,3947,595,61,2,61,3947,0.401316,0.367129,0.013871,0.015455,0.000661,0,paper_literal_eq15_eq20_joint_v3,paper_joint,paper_fixed_v1,paper,0.000000,paper_eq9,vanilla_mappo_paper_env_v2,tanh_squashed_normal_v1,eq17_engineering_thresholds_unbounded_tail_v2,"{""d_att_max_m"":null,""h_adv_m"":5000.0,""h_att_m"":2000.0,""h_max_m"":10000.0,""h_min_m"":0.0,""high_altitude_tail"":0.1,""version"":""eq17_engineering_thresholds_unbounded_tail_v2""}",-1.267925,-0.422642,-0.176969,-0.058990,39.936529,13.312176,0.000000,0.000000,0.000000,0.000000,-365.354267,-121.784756,-88.800000,2.190382,2.113031,2.251879,0.783726,22,1417,1,56,134663,6445,18774,42817,19906,17016,1415,93261,0,31,0,0,1,87,0.045455,0.039520,0.000163,0.033094,2497.825448,2497.825448,2497.825448,2497.825448,33.357786,33.357786,92.437386,92.437386,248.835557,346.872335,0.000000,3949.817380,3305.223153,3923.137475,4366.543291,25.294251,24.242484,150.931931,166.968689,-18.817103,1826.971713,0.080000,0.803937,0.164112,0.206395,0.121036,0.164905
237,474000,-0.418857,121.513727,6.620361,-411.4101,0.000657,78.2652,0.000000,0.2,11.6,1521,1,1520,0,0.0000,2.9800,3960,600,61,2,61,3960,0.401316,0.367041,0.013816,0.015404,0.000658,0,paper_literal_eq15_eq20_joint_v3,paper_joint,paper_fixed_v1,paper,0.000000,paper_eq9,vanilla_mappo_paper_env_v2,tanh_squashed_normal_v1,eq17_engineering_thresholds_unbounded_tail_v2,"{""d_att_max_m"":null,""h_adv_m"":5000.0,""h_att_m"":2000.0,""h_max_m"":10000.0,""h_min_m"":0.0,""high_altitude_tail"":0.1,""version"":""eq17_engineering_thresholds_unbounded_tail_v2""}",-1.239964,-0.413321,-0.176880,-0.058960,37.084539,12.361513,0.000000,0.000000,0.000000,0.000000,-357.677641,-119.225880,-89.400000,2.206675,2.128444,2.274170,0.791116,0,837,0,38,136479,27563,15033,73086,55401,9776,866,65769,0,15,0,0,0,53,0.000000,0.045400,0.000000,0.011452,0.000000,0.000000,0.000000,0.000000,0.000000,0.000000,0.000000,0.000000,0.000000,0.000000,1.000000,4032.420385,3590.616913,4081.489922,4525.715721,26.301877,26.743754,137.336568,139.892545,7.919870,2032.706251,0.341463,0.815071,0.184320,0.240030,0.133858,0.179070
238,476000,-0.321814,36.113305,6.643009,-413.3923,0.000657,78.8615,0.000000,0.2,11.9,1522,1,1521,0,0.0000,2.9800,3962,601,61,2,61,3962,0.401316,0.365566,0.013807,0.015396,0.000657,0,paper_literal_eq15_eq20_joint_v3,paper_joint,paper_fixed_v1,paper,0.000000,paper_eq9,vanilla_mappo_paper_env_v2,tanh_squashed_normal_v1,eq17_engineering_thresholds_unbounded_tail_v2,"{""d_att_max_m"":null,""h_adv_m"":5000.0,""h_att_m"":2000.0,""h_max_m"":10000.0,""h_min_m"":0.0,""high_altitude_tail"":0.1,""version"":""eq17_engineering_thresholds_unbounded_tail_v2""}",-1.240030,-0.413343,-0.178060,-0.059353,38.507061,12.835687,0.000000,0.000000,0.000000,0.000000,-361.081075,-120.360358,-89.400000,2.226015,2.134182,2.303295,0.799718,9,1259,0,49,102732,6048,15875,26399,17402,6565,0,84891,0,0,0,0,0,49,0.000000,0.038920,0.000088,0.047691,0.000000,0.000000,0.000000,0.000000,0.000000,0.000000,0.000000,0.000000,0.000000,0.000000,0.000000,4477.249293,3509.056620,4365.189995,5031.410006,19.344286,15.103239,150.392412,165.740092,-11.639888,1787.849471,0.080000,0.798430,0.161071,0.199874,0.130530,0.152808
239,478000,-0.503046,107.102749,6.663910,-410.2183,0.000654,81.6554,0.000000,0.2,12.6,1528,1,1527,0,0.0000,2.9800,3973,608,62,2,62,3973,0.405229,0.365401,0.013971,0.015605,0.000655,0,paper_literal_eq15_eq20_joint_v3,paper_joint,paper_fixed_v1,paper,0.000000,paper_eq9,vanilla_mappo_paper_env_v2,tanh_squashed_normal_v1,eq17_engineering_thresholds_unbounded_tail_v2,"{""d_att_max_m"":null,""h_adv_m"":5000.0,""h_att_m"":2000.0,""h_max_m"":10000.0,""h_min_m"":0.0,""high_altitude_tail"":0.1,""version"":""eq17_engineering_thresholds_unbounded_tail_v2""}",-1.224026,-0.408009,-0.172736,-0.057579,43.103668,14.367889,0.000000,0.000000,0.000000,0.000000,-362.525021,-120.841674,-89.400000,2.236512,2.147119,2.308905,0.804463,15,890,1,35,114064,24085,6981,59353,51682,7152,1513,61366,0,11,0,0,1,46,0.066667,0.039326,0.000132,0.014995,5069.727200,5069.727200,5069.727200,5069.727200,43.442574,43.442574,109.062941,109.062941,130.026458,4055.154189,0.000000,4527.855373,3609.337630,4085.603989,5263.493776,22.048799,18.107269,134.470169,140.527900,5.994741,2254.020368,0.352941,0.812654,0.191262,0.244183,0.146981,0.182622
240,480000,-0.327977,61.927339,6.683117,-405.2184,0.000653,84.2926,0.000000,0.2,12.3,1532,1,1531,0,0.0000,2.9800,3983,610,62,2,62,3983,0.405229,0.364877,0.013934,0.015566,0.000653,0,paper_literal_eq15_eq20_joint_v3,paper_joint,paper_fixed_v1,paper,0.000000,paper_eq9,vanilla_mappo_paper_env_v2,tanh_squashed_normal_v1,eq17_engineering_thresholds_unbounded_tail_v2,"{""d_att_max_m"":null,""h_adv_m"":5000.0,""h_att_m"":2000.0,""h_max_m"":10000.0,""h_min_m"":0.0,""high_altitude_tail"":0.1,""version"":""eq17_engineering_thresholds_unbounded_tail_v2""}",-1.238391,-0.412797,-0.171835,-0.057278,42.298135,14.099378,0.000000,0.000000,0.000000,0.000000,-356.706085,-118.902028,-89.400000,2.257005,2.173315,2.326198,0.813643,0,1290,0,43,120826,19646,10307,48349,37173,8900,0,72913,0,0,0,0,0,43,0.000000,0.033333,0.000000,0.026681,0.000000,0.000000,0.000000,0.000000,0.000000,0.000000,0.000000,0.000000,0.000000,0.000000,0.000000,4217.530891,3448.781390,3977.720577,4822.814851,20.111382,18.948436,145.588590,150.007289,-7.892614,1812.892865,0.212766,0.812598,0.184483,0.246669,0.136216,0.170566
241,482000,-0.300220,85.228453,6.714787,-400.2005,0.000651,84.5271,0.000000,0.2,12.0,1536,1,1535,0,0.0000,2.9800,3992,613,62,2,62,3992,0.405229,0.364067,0.013898,0.015531,0.000651,0,paper_literal_eq15_eq20_joint_v3,paper_joint,paper_fixed_v1,paper,0.000000,paper_eq9,vanilla_mappo_paper_env_v2,tanh_squashed_normal_v1,eq17_engineering_thresholds_unbounded_tail_v2,"{""d_att_max_m"":null,""h_adv_m"":5000.0,""h_att_m"":2000.0,""h_max_m"":10000.0,""h_min_m"":0.0,""high_altitude_tail"":0.1,""version"":""eq17_engineering_thresholds_unbounded_tail_v2""}",-1.270764,-0.423588,-0.173062,-0.057687,41.263226,13.754409,0.000000,0.000000,0.000000,0.000000,-350.619683,-116.873228,-89.400000,2.282222,2.191093,2.362460,0.824671,0,1422,0,49,130492,18344,14479,58933,42515,13070,0,71790,0,6,0,0,0,55,0.000000,0.034459,0.000000,0.024129,0.000000,0.000000,0.000000,0.000000,0.000000,0.000000,0.000000,0.000000,0.000000,0.000000,0.000000,4077.958340,3402.139203,3999.523671,4551.798930,26.769334,26.744353,150.559197,159.793900,-32.432916,2080.959260,0.209302,0.814559,0.187054,0.252880,0.143719,0.164564
242,484000,-0.333904,70.990298,6.748603,-404.9664,0.000650,85.8647,0.000000,0.2,12.2,1539,1,1538,0,0.0000,2.9800,3999,615,62,2,62,3999,0.400000,0.363347,0.013871,0.015504,0.000650,0,paper_literal_eq15_eq20_joint_v3,paper_joint,paper_fixed_v1,paper,0.000000,paper_eq9,vanilla_mappo_paper_env_v2,tanh_squashed_normal_v1,eq17_engineering_thresholds_unbounded_tail_v2,"{""d_att_max_m"":null,""h_adv_m"":5000.0,""h_att_m"":2000.0,""h_max_m"":10000.0,""h_min_m"":0.0,""high_altitude_tail"":0.1,""version"":""eq17_engineering_thresholds_unbounded_tail_v2""}",-1.290367,-0.430122,-0.173896,-0.057965,42.369056,14.123019,0.000000,0.000000,0.000000,0.000000,-356.470948,-118.823649,-89.400000,2.307876,2.215876,2.392075,0.835837,35,1124,2,41,120137,14166,10527,47297,32147,8878,2133,75173,0,0,0,0,2,41,0.057143,0.036477,0.000291,0.023765,5293.199972,4636.389782,5293.199972,5950.010161,41.383785,41.383785,102.962110,102.962110,88.670777,3224.316104,1.000000,4256.949619,3804.520798,4131.876724,4787.803311,25.816344,21.237644,145.708608,151.217960,-14.440314,2240.918572,0.209302,0.813547,0.187691,0.243693,0.152236,0.167144
243,486000,-0.269007,82.543977,6.778017,-407.3753,0.000648,85.9449,0.000000,0.2,12.3,1544,1,1543,0,0.0000,2.9600,4011,618,63,2,63,4011,0.406452,0.362658,0.014042,0.015707,0.000648,0,paper_literal_eq15_eq20_joint_v3,paper_joint,paper_fixed_v1,paper,0.000000,paper_eq9,vanilla_mappo_paper_env_v2,tanh_squashed_normal_v1,eq17_engineering_thresholds_unbounded_tail_v2,"{""d_att_max_m"":null,""h_adv_m"":5000.0,""h_att_m"":2000.0,""h_max_m"":10000.0,""h_min_m"":0.0,""high_altitude_tail"":0.1,""version"":""eq17_engineering_thresholds_unbounded_tail_v2""}",-1.275995,-0.425332,-0.173665,-0.057888,41.911988,13.970663,0.000000,0.000000,0.000000,0.000000,-359.037439,-119.679146,-88.800000,2.329054,2.238272,2.414063,0.844984,0,1520,0,54,139593,21778,12690,61901,53299,9163,0,78617,0,1,0,0,0,55,0.000000,0.035526,0.000000,0.024555,0.000000,0.000000,0.000000,0.000000,0.000000,0.000000,0.000000,0.000000,0.000000,0.000000,0.000000,4405.486599,3658.515072,4260.303088,4824.811332,23.978244,22.836466,139.952114,148.714761,-5.896547,2017.071840,0.187500,0.821496,0.204772,0.264670,0.153884,0.195763
244,488000,-0.289156,51.579189,6.807440,-403.0360,0.000646,89.8177,0.000000,0.2,12.4,1547,1,1546,0,0.0000,2.9400,4018,620,64,2,64,4018,0.410256,0.361917,0.014230,0.015928,0.000647,0,paper_literal_eq15_eq20_joint_v3,paper_joint,paper_fixed_v1,paper,0.000000,paper_eq9,vanilla_mappo_paper_env_v2,tanh_squashed_normal_v1,eq17_engineering_thresholds_unbounded_tail_v2,"{""d_att_max_m"":null,""h_adv_m"":5000.0,""h_att_m"":2000.0,""h_max_m"":10000.0,""h_min_m"":0.0,""high_altitude_tail"":0.1,""version"":""eq17_engineering_thresholds_unbounded_tail_v2""}",-1.307581,-0.435860,-0.176065,-0.058688,43.157716,14.385905,0.000000,0.000000,0.000000,0.000000,-356.509828,-118.836609,-88.200000,2.353289,2.248410,2.447074,0.855211,15,1065,1,42,95501,13157,21448,32829,17818,13133,1029,71097,0,0,0,0,1,42,0.066667,0.039437,0.000157,0.032441,9251.655625,9251.655625,9251.655625,9251.655625,44.917575,44.917575,168.452815,168.452815,-40.638041,2516.970566,0.000000,4164.271971,3177.394101,3809.240173,5033.147006,27.221119,25.637758,146.116243,146.115140,2.428698,2366.298545,0.156863,0.811637,0.190805,0.258394,0.138907,0.175115
245,490000,-0.437035,81.544073,6.832209,-390.7920,0.000645,70.4288,0.000000,0.1,12.0,1550,1,1549,0,0.0000,2.9400,4025,622,64,2,64,4025,0.407643,0.361051,0.014203,0.015901,0.000646,0,paper_literal_eq15_eq20_joint_v3,paper_joint,paper_fixed_v1,paper,0.000000,paper_eq9,vanilla_mappo_paper_env_v2,tanh_squashed_normal_v1,eq17_engineering_thresholds_unbounded_tail_v2,"{""d_att_max_m"":null,""h_adv_m"":5000.0,""h_att_m"":2000.0,""h_max_m"":10000.0,""h_min_m"":0.0,""high_altitude_tail"":0.1,""version"":""eq17_engineering_thresholds_unbounded_tail_v2""}",-1.326747,-0.442249,-0.175628,-0.058543,41.806455,13.935485,0.000000,0.000000,0.000000,0.000000,-342.895823,-114.298608,-88.200000,2.367979,2.262449,2.462193,0.861435,15,1297,1,46,113899,14699,9761,52555,38496,12848,3622,73949,0,12,0,0,1,58,0.066667,0.035466,0.000132,0.024679,2925.983961,2925.983961,2925.983961,2925.983961,10.739151,10.739151,128.848789,128.848789,326.087481,2925.299688,0.000000,4185.741413,3239.552498,3990.745853,4580.944437,24.747285,21.779049,151.313665,167.911582,-21.716990,2051.821677,0.219512,0.816048,0.195004,0.256991,0.134508,0.193512
246,492000,-0.358561,82.904822,6.852911,-394.1257,0.000644,80.6590,0.000000,0.1,12.1,1554,1,1553,0,0.0000,2.9400,4032,627,64,2,64,4032,0.405063,0.360064,0.014166,0.015873,0.000644,0,paper_literal_eq15_eq20_joint_v3,paper_joint,paper_fixed_v1,paper,0.000000,paper_eq9,vanilla_mappo_paper_env_v2,tanh_squashed_normal_v1,eq17_engineering_thresholds_unbounded_tail_v2,"{""d_att_max_m"":null,""h_adv_m"":5000.0,""h_att_m"":2000.0,""h_max_m"":10000.0,""h_min_m"":0.0,""high_altitude_tail"":0.1,""version"":""eq17_engineering_thresholds_unbounded_tail_v2""}",-1.340744,-0.446915,-0.180234,-0.060078,42.348907,14.116302,0.000000,0.000000,0.000000,0.000000,-346.753342,-115.584447,-88.200000,2.385708,2.276069,2.483277,0.868857,15,1404,1,50,119251,18146,9828,44397,37175,5753,1467,84006,0,0,0,0,1,50,0.066667,0.035613,0.000126,0.031624,7683.238633,7683.238633,7683.238633,7683.238633,43.352354,43.352354,91.206897,91.206897,191.460283,4279.042470,1.000000,4292.344107,3247.219520,4015.726102,4842.083134,25.600787,25.932959,145.351598,149.685165,-2.917584,2156.697168,0.117647,0.822471,0.205522,0.267142,0.159078,0.190346
247,494000,-0.441403,108.670246,6.878333,-398.7810,0.000641,88.4171,0.000000,0.2,12.5,1561,1,1560,0,0.0000,2.9200,4049,631,65,2,65,4049,0.401235,0.359943,0.014316,0.016053,0.000641,0,paper_literal_eq15_eq20_joint_v3,paper_joint,paper_fixed_v1,paper,0.000000,paper_eq9,vanilla_mappo_paper_env_v2,tanh_squashed_normal_v1,eq17_engineering_thresholds_unbounded_tail_v2,"{""d_att_max_m"":null,""h_adv_m"":5000.0,""h_att_m"":2000.0,""h_max_m"":10000.0,""h_min_m"":0.0,""high_altitude_tail"":0.1,""version"":""eq17_engineering_thresholds_unbounded_tail_v2""}",-1.351556,-0.450519,-0.180600,-0.060200,43.154500,14.384833,0.000000,0.000000,0.000000,0.000000,-352.803151,-117.601050,-87.600000,2.408736,2.306166,2.495160,0.878574,64,1295,4,51,141963,29385,15579,63112,52117,8561,3687,85313,0,0,0,0,4,51,0.062500,0.039382,0.000451,0.020519,5593.410034,5131.306424,6258.047155,6720.150765,40.672161,40.406448,107.270298,96.793101,152.207664,2393.994328,0.500000,3788.775096,3005.454424,3700.640740,4303.851169,20.471777,17.438666,143.723883,150.627360,2.017151,1571.108479,0.192308,0.829012,0.228985,0.320594,0.157584,0.208776
248,496000,-0.377937,87.883328,6.907700,-390.6965,0.000638,85.1048,0.000000,0.2,11.5,1567,1,1566,0,0.0000,2.9000,4059,639,66,2,66,4059,0.407407,0.359490,0.014474,0.016260,0.000639,0,paper_literal_eq15_eq20_joint_v3,paper_joint,paper_fixed_v1,paper,0.000000,paper_eq9,vanilla_mappo_paper_env_v2,tanh_squashed_normal_v1,eq17_engineering_thresholds_unbounded_tail_v2,"{""d_att_max_m"":null,""h_adv_m"":5000.0,""h_att_m"":2000.0,""h_max_m"":10000.0,""h_min_m"":0.0,""high_altitude_tail"":0.1,""version"":""eq17_engineering_thresholds_unbounded_tail_v2""}",-1.355499,-0.451833,-0.182887,-0.060962,41.654503,13.884834,0.000000,0.000000,0.000000,0.000000,-343.812413,-114.604138,-87.000000,2.431918,2.326210,2.517272,0.888144,0,1026,0,42,139683,24132,16764,77694,59471,13905,0,67290,0,8,0,0,0,50,0.000000,0.040936,0.000000,0.013206,0.000000,0.000000,0.000000,0.000000,0.000000,0.000000,0.000000,0.000000,0.000000,0.000000,0.000000,3811.380778,3194.503227,3611.592911,4105.494150,26.955868,27.181740,146.153802,158.055529,-3.461226,1963.593291,0.288889,0.826406,0.220557,0.301837,0.144756,0.215080
249,498000,-0.365167,70.692913,6.932817,-389.2295,0.000636,82.2992,0.000000,0.2,10.9,1572,1,1571,0,0.0000,2.9000,4067,646,66,2,66,4067,0.407407,0.358452,0.014428,0.016228,0.000637,0,paper_literal_eq15_eq20_joint_v3,paper_joint,paper_fixed_v1,paper,0.000000,paper_eq9,vanilla_mappo_paper_env_v2,tanh_squashed_normal_v1,eq17_engineering_thresholds_unbounded_tail_v2,"{""d_att_max_m"":null,""h_adv_m"":5000.0,""h_att_m"":2000.0,""h_max_m"":10000.0,""h_min_m"":0.0,""high_altitude_tail"":0.1,""version"":""eq17_engineering_thresholds_unbounded_tail_v2""}",-1.386031,-0.462010,-0.183987,-0.061329,38.824656,12.941552,0.000000,0.000000,0.000000,0.000000,-339.483911,-113.161304,-87.000000,2.450071,2.345844,2.540744,0.895579,0,1515,0,55,150168,21752,17096,71961,55075,10694,0,82396,0,26,0,0,0,81,0.000000,0.036304,0.000000,0.021053,0.000000,0.000000,0.000000,0.000000,0.000000,0.000000,0.000000,0.000000,0.000000,0.000000,0.000000,4120.169318,3549.387165,3976.771920,4514.781187,23.644911,20.597303,139.818994,143.969532,4.608501,1944.874018,0.140000,0.822522,0.224936,0.290300,0.163294,0.221214
250,500000,-0.369762,99.547034,6.956809,-389.8663,0.000634,81.1399,0.000000,0.2,10.4,1578,1,1577,0,0.0000,2.9000,4080,651,67,2,67,4080,0.411043,0.358115,0.014585,0.016422,0.000634,0,paper_literal_eq15_eq20_joint_v3,paper_joint,paper_fixed_v1,paper,0.000000,paper_eq9,vanilla_mappo_paper_env_v2,tanh_squashed_normal_v1,eq17_engineering_thresholds_unbounded_tail_v2,"{""d_att_max_m"":null,""h_adv_m"":5000.0,""h_att_m"":2000.0,""h_max_m"":10000.0,""h_min_m"":0.0,""high_altitude_tail"":0.1,""version"":""eq17_engineering_thresholds_unbounded_tail_v2""}",-1.383369,-0.461123,-0.186305,-0.062102,35.809624,11.936541,0.000000,0.000000,0.000000,0.000000,-337.106129,-112.368710,-87.000000,2.473050,2.358636,2.575335,0.904803,15,1251,1,47,119420,18683,15864,54855,42895,13484,2662,73433,0,0,0,0,1,47,0.066667,0.037570,0.000126,0.022806,8687.687414,8687.687414,8687.687414,8687.687414,39.744060,39.744060,110.903425,110.903425,124.332803,2794.712997,1.000000,4122.588044,3296.927210,3874.100424,4685.420642,27.387362,28.993518,142.555563,151.746328,-7.034484,2218.378964,0.264151,0.827388,0.239109,0.317008,0.167953,0.232366
