Step,Iteration,RedMeanReward,RedRewardStd,WinRateRecent,WinRateCumul,RedMissiles,BlueMissiles,Episodes,RedWins,BlueWins,Draws,RedAliveMean,BlueAliveMean,RedDeathsMissile,RedDeathsCrash,BlueDeathsMissile,BlueDeathsCrash,RedMissileHits,BlueMissileHits,RedMissileHitRate,BlueMissileHitRate,KD_Red_AllDeaths,KD_Red_MissileOnly,RWR,RWRDenominatorZero,RewardVersion,RewardMode,ObsNormalization,PIDProfile,PIDThrottleBase,MissileGuidanceMode,CheckpointSchema,ActionDistribution,AltitudeRewardConfigVersion,AltitudeRewardConfig,ActionStdMean,ActionStdMin,ActionStdMax,ActionLogStdMean,ActorLoss,CriticLoss,LatentEntropy,r_pitch,r_roll,r_alt,r_bound,r_vel,r_adv,r_end,r_death,r_pitch_team_sum,r_pitch_per_agent_mean,r_roll_team_sum,r_roll_per_agent_mean,r_alt_team_sum,r_alt_per_agent_mean,r_bound_team_sum,r_bound_per_agent_mean,r_vel_team_sum,r_vel_per_agent_mean,r_adv_team_sum,r_adv_per_agent_mean,r_end_team,LaunchDiagRedGeometryOk,LaunchDiagBlueGeometryOk,LaunchDiagRedLaunches,LaunchDiagBlueLaunches,LaunchDiagRedRangeOk,LaunchDiagRedAoOk,LaunchDiagRedTaOk,LaunchDiagBlueRangeOk,LaunchDiagBlueAoOk,LaunchDiagBlueTaOk,LaunchDiagRedEngagedBlocked,LaunchDiagBlueEngagedBlocked,LaunchDiagRedCooldownBlocked,LaunchDiagBlueCooldownBlocked,LaunchDiagRedKillCooldownBlocked,LaunchDiagBlueKillCooldownBlocked,LaunchDiagRedLockMature,LaunchDiagBlueLockMature,RedGeometryToLaunchRate,BlueGeometryToLaunchRate,RedRangeToGeometryRate,BlueRangeToGeometryRate,RedLaunchRangeMean,RedLaunchRangeP25,RedLaunchRangeP50,RedLaunchRangeP75,RedLaunchAoDegMean,RedLaunchAoDegP50,RedLaunchTaDegMean,RedLaunchTaDegP50,RedLaunchClosingSpeedMean,RedLaunchAltitudeDiffAbsMean,RedLaunchHitRateFromQualityRecords,BlueLaunchRangeMean,BlueLaunchRangeP25,BlueLaunchRangeP50,BlueLaunchRangeP75,BlueLaunchAoDegMean,BlueLaunchAoDegP50,BlueLaunchTaDegMean,BlueLaunchTaDegP50,BlueLaunchClosingSpeedMean,BlueLaunchAltitudeDiffAbsMean,BlueLaunchHitRateFromQualityRecords,RedActionAbsMean,RedActionNearBoundFrac,RedActionNearBoundFracPitch,RedActionNearBoundFracHeading,RedActionNearBoundFracVelocity
2000,1,-402.87454005650113,20.277733614531687,0.0,0.0,0.0,3.2857142857142856,14,0,14,0,0.0,3.0,42,0,0,0,0,42,0.0,0.7777777777777778,0.0,0.0,0.0,False,paper_literal_eq15_eq20_joint_v3,paper_joint,paper_fixed_v1,paper,0.0,paper_eq9,vanilla_mappo_paper_env_v2,tanh_squashed_normal_v1,eq17_engineering_thresholds_unbounded_tail_v2,"{""d_att_max_m"":null,""h_adv_m"":5000.0,""h_att_m"":2000.0,""h_max_m"":10000.0,""h_min_m"":0.0,""high_altitude_tail"":0.1,""version"":""eq17_engineering_thresholds_unbounded_tail_v2""}",0.30175381898880005,0.30046409368515015,0.30301886796951294,-1.1981499195098877,-0.002505605830810964,3330.40283203125,0.6542481690645218,-4.419482563641459e-05,-0.001526553555220439,0.14920572441259156,0.0,0.0,-313.02215792743925,-90.0,0.0,-4.419482563641459e-05,-1.4731608545471529e-05,-0.001526553555220439,-0.0005088511850734797,0.14920572441259156,0.049735241470863854,0.0,0.0,0.0,0.0,-313.02215792743925,-104.34071930914642,-90.0,0,1286,0,54,195257,64595,0,116466,116884,1286,0,78791,0,43,0,0,0,97,0.0,0.041990668740279936,0.0,0.011041849123349304,0.0,0.0,0.0,0.0,0.0,0.0,0.0,0.0,0.0,0.0,0.0,4899.8352761382685,4492.624733219893,4934.962007972369,5356.132365531148,11.92255396203692,12.280260051040083,97.38837433858305,95.94883965666297,223.6259905123675,638.6465408015299,0.9019607843137255,0.23796859221388103,0.0,0.0,0.0,0.0
4000,2,-390.1390895843506,24.288828177171055,0.0,0.0,0.0,3.15625,32,0,32,0,0.0,3.0,96,0,0,0,0,96,0.0,0.8135593220338984,0.0,0.0,0.0,False,paper_literal_eq15_eq20_joint_v3,paper_joint,paper_fixed_v1,paper,0.0,paper_eq9,vanilla_mappo_paper_env_v2,tanh_squashed_normal_v1,eq17_engineering_thresholds_unbounded_tail_v2,"{""d_att_max_m"":null,""h_adv_m"":5000.0,""h_att_m"":2000.0,""h_max_m"":10000.0,""h_min_m"":0.0,""high_altitude_tail"":0.1,""version"":""eq17_engineering_thresholds_unbounded_tail_v2""}",0.30519405007362366,0.30406904220581055,0.30615031719207764,-1.1868114471435547,-0.04885822739452124,3183.9222412109375,0.6792621001601219,-2.2581358995559916e-05,-0.0008099109936634333,0.16296793189709094,0.0,0.0,-300.3012207549358,-90.0,0.0,-2.2581358995559916e-05,-7.527119665186639e-06,-0.0008099109936634333,-0.00026997033122114444,0.16296793189709094,0.05432264396569698,0.0,0.0,0.0,0.0,-300.3012207549358,-100.10040691831193,-90.0,0,1402,0,64,201958,54098,0,114048,114371,1402,0,87910,0,75,0,0,0,139,0.0,0.0456490727532097,0.0,0.012293069584736251,0.0,0.0,0.0,0.0,0.0,0.0,0.0,0.0,0.0,0.0,0.0,5005.2670029457295,4629.789965333286,4993.004964236247,5466.104033318098,10.479740345345721,9.621151406429654,95.33110396684457,94.76000626245039,238.92659605580863,540.0245302983753,0.9824561403508771,0.23761464950881428,0.0,0.0,0.0,0.0
6000,3,-392.00835571289065,22.341848118540113,0.0,0.0,0.0,3.22,51,0,51,0,0.0,3.0,153,0,0,0,0,153,0.0,0.8947368421052632,0.0,0.0,0.0,False,paper_literal_eq15_eq20_joint_v3,paper_joint,paper_fixed_v1,paper,0.0,paper_eq9,vanilla_mappo_paper_env_v2,tanh_squashed_normal_v1,eq17_engineering_thresholds_unbounded_tail_v2,"{""d_att_max_m"":null,""h_adv_m"":5000.0,""h_att_m"":2000.0,""h_max_m"":10000.0,""h_min_m"":0.0,""high_altitude_tail"":0.1,""version"":""eq17_engineering_thresholds_unbounded_tail_v2""}",0.3072248101234436,0.30676034092903137,0.3080166280269623,-1.1801772117614746,-0.02479132139123976,3072.230224609375,0.7070676505565643,-1.956009554042549e-05,-0.0005852461035759286,0.19308677272477426,0.0,0.0,-302.2008236850271,-90.0,0.0,-1.956009554042549e-05,-6.520031846808497e-06,-0.0005852461035759286,-0.00019508203452530955,0.19308677272477426,0.06436225757492475,0.0,0.0,0.0,0.0,-302.2008236850271,-100.73360789500903,-90.0,0,1298,0,53,192196,61106,0,108131,108511,1298,0,84065,0,62,0,0,0,115,0.0,0.040832049306625574,0.0,0.012003958161859226,0.0,0.0,0.0,0.0,0.0,0.0,0.0,0.0,0.0,0.0,0.0,4775.549402306863,4428.9243535361375,4789.319879778394,5196.626086858194,11.554252254925826,11.506876482487892,98.13806443058243,95.92767553922471,222.5694545764271,574.2878957893694,0.9137931034482759,0.24083874070208933,0.0,0.0,0.0,0.0
8000,4,-387.23083251953125,20.40117448034728,0.0,0.0,0.0,3.3,66,0,66,0,0.0,3.0,198,0,0,0,0,198,0.0,0.8284518828451883,0.0,0.0,0.0,False,paper_literal_eq15_eq20_joint_v3,paper_joint,paper_fixed_v1,paper,0.0,paper_eq9,vanilla_mappo_paper_env_v2,tanh_squashed_normal_v1,eq17_engineering_thresholds_unbounded_tail_v2,"{""d_att_max_m"":null,""h_adv_m"":5000.0,""h_att_m"":2000.0,""h_max_m"":10000.0,""h_min_m"":0.0,""high_altitude_tail"":0.1,""version"":""eq17_engineering_thresholds_unbounded_tail_v2""}",0.3103536367416382,0.30857914686203003,0.3128826916217804,-1.1700602769851685,0.020435016392730175,2479.425244140625,0.7318481139838695,-1.2437624880405884e-05,-7.459413227636213e-05,0.253802265054518,0.0,0.0,-297.48453768932717,-90.0,0.0,-1.2437624880405884e-05,-4.145874960135295e-06,-7.459413227636213e-05,-2.4864710758787378e-05,0.253802265054518,0.08460075501817266,0.0,0.0,0.0,0.0,-297.48453768932717,-99.16151256310906,-90.0,0,1737,0,68,183519,46916,0,95632,95903,1751,0,87887,0,49,0,0,0,117,0.0,0.03914795624640184,0.0,0.018163376275723606,0.0,0.0,0.0,0.0,0.0,0.0,0.0,0.0,0.0,0.0,0.0,4696.3370108401805,4038.9758516733555,4870.55922702401,5215.565495483677,13.038432316968066,12.70548820019322,99.12347724507431,95.9947034005411,210.32877824696251,534.8604060927487,0.7966101694915254,0.24178811917699428,0.0,0.0,0.0,0.0
10000,5,-391.6011083984375,21.25453274261751,0.0,0.0,0.0,3.52,81,0,81,0,0.0,3.0,243,0,0,0,0,243,0.0,0.8181818181818182,0.0,0.0,0.0,False,paper_literal_eq15_eq20_joint_v3,paper_joint,paper_fixed_v1,paper,0.0,paper_eq9,vanilla_mappo_paper_env_v2,tanh_squashed_normal_v1,eq17_engineering_thresholds_unbounded_tail_v2,"{""d_att_max_m"":null,""h_adv_m"":5000.0,""h_att_m"":2000.0,""h_max_m"":10000.0,""h_min_m"":0.0,""high_altitude_tail"":0.1,""version"":""eq17_engineering_thresholds_unbounded_tail_v2""}",0.3137825131416321,0.3112364709377289,0.3159734904766083,-1.1590746641159058,0.03534904320258647,2534.3969970703124,0.7641831450164318,-1.1311364303004261e-05,-7.459413227636213e-05,0.46081567784923083,0.0,0.0,-302.06183823362534,-90.0,0.0,-1.1311364303004261e-05,-3.770454767668087e-06,-7.459413227636213e-05,-2.4864710758787378e-05,0.46081567784923083,0.1536052259497436,0.0,0.0,0.0,0.0,-302.06183823362534,-100.68727941120845,-90.0,0,1554,0,58,180570,46062,0,95039,95282,1596,0,85531,0,33,0,0,0,91,0.0,0.03732303732303732,0.0,0.01635118214627679,0.0,0.0,0.0,0.0,0.0,0.0,0.0,0.0,0.0,0.0,0.0,4502.560797828154,4039.846849276276,4714.446170695577,4997.525874392973,13.040242636832806,11.470362064550704,99.90363563363204,95.9010354798819,201.64838902244102,558.0997232124557,0.7777777777777778,0.24450965350466894,0.0,0.0,0.0,0.0
12000,6,-391.8694799804687,21.23943848249302,0.0,0.0,0.0,3.76,97,0,97,0,0.0,3.0,291,0,0,0,0,291,0.0,0.819718309859155,0.0,0.0,0.0,False,paper_literal_eq15_eq20_joint_v3,paper_joint,paper_fixed_v1,paper,0.0,paper_eq9,vanilla_mappo_paper_env_v2,tanh_squashed_normal_v1,eq17_engineering_thresholds_unbounded_tail_v2,"{""d_att_max_m"":null,""h_adv_m"":5000.0,""h_att_m"":2000.0,""h_max_m"":10000.0,""h_min_m"":0.0,""high_altitude_tail"":0.1,""version"":""eq17_engineering_thresholds_unbounded_tail_v2""}",0.31697380542755127,0.3153696358203888,0.31823670864105225,-1.148943305015564,0.010515714180655777,2589.1316650390627,0.795303712785244,-1.4725651743101352e-05,-1.8380024448564616e-05,0.7910238351650958,0.0,0.0,-302.6604609902538,-90.0,0.0,-1.4725651743101352e-05,-4.908550581033784e-06,-1.8380024448564616e-05,-6.126674816188205e-06,0.7910238351650958,0.2636746117216986,0.0,0.0,0.0,0.0,-302.6604609902538,-100.8868203300846,-90.0,0,1528,0,58,182966,52667,0,99472,98397,2853,0,83494,0,55,0,0,0,113,0.0,0.03795811518324607,0.0,0.015361106643075438,0.0,0.0,0.0,0.0,0.0,0.0,0.0,0.0,0.0,0.0,0.0,4553.30852175177,4185.593161750396,4695.201495530271,5092.37912223902,13.050852451671426,11.6672577881619,99.30390738938583,95.5011665319685,207.04981837155995,584.4529378699697,0.8392857142857143,0.24746929490529335,0.0,0.0,0.0,0.0
14000,7,-387.95436767578127,21.926882382678173,0.0,0.0,0.0,3.66,115,0,115,0,0.0,3.0,345,0,0,0,0,345,0.0,0.8455882352941176,0.0,0.0,0.0,False,paper_literal_eq15_eq20_joint_v3,paper_joint,paper_fixed_v1,paper,0.0,paper_eq9,vanilla_mappo_paper_env_v2,tanh_squashed_normal_v1,eq17_engineering_thresholds_unbounded_tail_v2,"{""d_att_max_m"":null,""h_adv_m"":5000.0,""h_att_m"":2000.0,""h_max_m"":10000.0,""h_min_m"":0.0,""high_altitude_tail"":0.1,""version"":""eq17_engineering_thresholds_unbounded_tail_v2""}",0.3195669651031494,0.3179742097854614,0.3220624625682831,-1.1408040523529053,-0.02648715612012893,2606.1400390625,0.8225855477154255,-1.268938527806311e-05,-2.9980929707928835e-05,0.7921140423119983,0.0,0.0,-298.74644685475147,-90.0,0.0,-1.268938527806311e-05,-4.229795092687704e-06,-2.9980929707928835e-05,-9.993643235976279e-06,0.7921140423119983,0.26403801410399946,0.0,0.0,0.0,0.0,-298.74644685475147,-99.58214895158382,-90.0,0,1299,0,53,187698,57720,0,108989,109331,1299,0,78709,0,38,0,0,0,91,0.0,0.04080061585835258,0.0,0.011918633990586206,0.0,0.0,0.0,0.0,0.0,0.0,0.0,0.0,0.0,0.0,0.0,4697.430496927462,4167.893588673794,4837.256365657704,5268.554573367567,12.571247633351945,12.72624525562263,97.47463632706366,95.25611146548802,217.81851619280837,559.3037506109583,0.8928571428571429,0.25097518723051543,0.0,0.0,0.0,0.0
16000,8,-383.4168414306641,19.75551902378861,0.0,0.0,0.0,3.32,135,0,135,0,0.0,3.0,405,0,0,0,0,405,0.0,0.8653846153846154,0.0,0.0,0.0,False,paper_literal_eq15_eq20_joint_v3,paper_joint,paper_fixed_v1,paper,0.0,paper_eq9,vanilla_mappo_paper_env_v2,tanh_squashed_normal_v1,eq17_engineering_thresholds_unbounded_tail_v2,"{""d_att_max_m"":null,""h_adv_m"":5000.0,""h_att_m"":2000.0,""h_max_m"":10000.0,""h_min_m"":0.0,""high_altitude_tail"":0.1,""version"":""eq17_engineering_thresholds_unbounded_tail_v2""}",0.3224433660507202,0.32040655612945557,0.32568806409835815,-1.1318535804748535,-0.08659127517603338,2696.897412109375,0.8476294629275799,-2.138158779651976e-05,-0.0005204212959642284,0.5429457790901719,0.0,0.0,-293.95924679832626,-90.0,0.0,-2.138158779651976e-05,-7.127195932173254e-06,-0.0005204212959642284,-0.00017347376532140946,0.5429457790901719,0.18098192636339064,0.0,0.0,0.0,0.0,-293.95924679832626,-97.98641559944208,-90.0,0,1231,0,60,198592,56490,0,109818,110198,1231,0,88774,0,8,0,0,0,68,0.0,0.048740861088545896,0.0,0.011209455644794114,0.0,0.0,0.0,0.0,0.0,0.0,0.0,0.0,0.0,0.0,0.0,4881.771609375686,4596.750507521299,4826.9678427827375,5287.307039374667,11.200436771768873,10.179202366793726,95.57337899238937,95.40510631324221,236.11498213134325,495.7470838948577,0.9672131147540983,0.2500533875642185,0.0,0.0,0.0,0.0
18000,9,-384.3952166748047,23.56510652939685,0.0,0.0,0.0,3.22,152,0,152,0,0.0,3.0,456,0,0,0,0,456,0.0,0.8620037807183365,0.0,0.0,0.0,False,paper_literal_eq15_eq20_joint_v3,paper_joint,paper_fixed_v1,paper,0.0,paper_eq9,vanilla_mappo_paper_env_v2,tanh_squashed_normal_v1,eq17_engineering_thresholds_unbounded_tail_v2,"{""d_att_max_m"":null,""h_adv_m"":5000.0,""h_att_m"":2000.0,""h_max_m"":10000.0,""h_min_m"":0.0,""high_altitude_tail"":0.1,""version"":""eq17_engineering_thresholds_unbounded_tail_v2""}",0.32495424151420593,0.3220561444759369,0.32874107360839844,-1.124108076095581,-0.01646583848632872,2541.7945556640625,0.8734649427235126,-1.698951443231227e-05,-0.0005097943298368667,0.398420757443871,0.0,0.0,-294.7931046124353,-90.0,0.0,-1.698951443231227e-05,-5.663171477437423e-06,-0.0005097943298368667,-0.00016993144327895557,0.398420757443871,0.132806919147957,0.0,0.0,0.0,0.0,-294.7931046124353,-98.2643682041451,-90.0,0,1374,0,61,193477,58678,18,111190,111480,1390,0,82287,0,28,0,0,0,89,0.0,0.04439592430858806,0.0,0.012357226369277812,0.0,0.0,0.0,0.0,0.0,0.0,0.0,0.0,0.0,0.0,0.0,4644.07535325273,4221.875700289365,4721.469661120284,5281.823607199295,12.453292134933358,11.85228187810143,96.87282015724959,95.33731200470262,223.10148026199792,576.123261094041,0.8813559322033898,0.2553574061018607,0.0,0.0,0.0,0.0
20000,10,-383.66547241210935,22.929031552127185,0.0,0.0,0.0,3.24,171,0,171,0,0.0,3.0,513,0,0,0,0,513,0.0,0.8754266211604096,0.0,0.0,0.0,False,paper_literal_eq15_eq20_joint_v3,paper_joint,paper_fixed_v1,paper,0.0,paper_eq9,vanilla_mappo_paper_env_v2,tanh_squashed_normal_v1,eq17_engineering_thresholds_unbounded_tail_v2,"{""d_att_max_m"":null,""h_adv_m"":5000.0,""h_att_m"":2000.0,""h_max_m"":10000.0,""h_min_m"":0.0,""high_altitude_tail"":0.1,""version"":""eq17_engineering_thresholds_unbounded_tail_v2""}",0.3278440833091736,0.32380494475364685,0.333013117313385,-1.1152856349945068,-0.06702370466664434,2359.7882568359373,0.8982720725238323,-0.0004420592302859264,-0.0010182137699892145,0.5128243747747167,0.0,0.0,-294.17682999570263,-90.0,0.0,-0.0004420592302859264,-0.00014735307676197546,-0.0010182137699892145,-0.00033940458999640483,0.5128243747747167,0.1709414582582389,0.0,0.0,0.0,0.0,-294.17682999570263,-98.05894333190088,-90.0,0,1239,0,57,195503,58109,0,111035,111396,1239,0,84468,0,15,0,0,0,72,0.0,0.04600484261501211,0.0,0.011158643670914577,0.0,0.0,0.0,0.0,0.0,0.0,0.0,0.0,0.0,0.0,0.0,4862.929023785044,4459.71012393649,4930.564798937803,5409.03373508872,11.806210924984239,11.467097959307383,96.19145210050397,95.3146354176539,231.9767314585678,472.9872155207272,0.9333333333333333,0.2564370063838574,0.0,0.0,0.0,0.0
22000,11,-381.84151428222657,25.524964043475496,0.0,0.0,0.0,3.32,188,0,188,0,0.0,3.0,564,0,0,0,0,564,0.0,0.8730650154798761,0.0,0.0,0.0,False,paper_literal_eq15_eq20_joint_v3,paper_joint,paper_fixed_v1,paper,0.0,paper_eq9,vanilla_mappo_paper_env_v2,tanh_squashed_normal_v1,eq17_engineering_thresholds_unbounded_tail_v2,"{""d_att_max_m"":null,""h_adv_m"":5000.0,""h_att_m"":2000.0,""h_max_m"":10000.0,""h_min_m"":0.0,""high_altitude_tail"":0.1,""version"":""eq17_engineering_thresholds_unbounded_tail_v2""}",0.33053159713745117,0.3261924088001251,0.33700326085090637,-1.107151985168457,-0.033772446354851125,2017.1439697265625,0.923676672577858,-0.0004308255532894083,-0.0005618495690789827,0.5075256949535367,0.0,0.0,-292.34804549003786,-90.0,0.0,-0.0004308255532894083,-0.0001436085177631361,-0.0005618495690789827,-0.00018728318969299425,0.5075256949535367,0.1691752316511789,0.0,0.0,0.0,0.0,-292.34804549003786,-97.44934849667929,-90.0,0,1298,0,60,190972,53134,0,101861,102184,1298,0,89111,0,12,0,0,0,72,0.0,0.046224961479198766,0.0,0.012742855459891421,0.0,0.0,0.0,0.0,0.0,0.0,0.0,0.0,0.0,0.0,0.0,4801.528765024308,4347.343043609697,4792.682874536996,5341.840965978393,12.676462645437777,10.979385419306627,97.67868377987966,94.77527538844804,224.9225568988455,537.022253753962,0.8793103448275862,0.25958620554379797,0.0,0.0,0.0,0.0
24000,12,-377.98765747070314,23.065511377700354,0.0,0.0,0.0,3.3,203,0,203,0,0.0,3.0,609,0,0,0,0,609,0.0,0.8662873399715505,0.0,0.0,0.0,False,paper_literal_eq15_eq20_joint_v3,paper_joint,paper_fixed_v1,paper,0.0,paper_eq9,vanilla_mappo_paper_env_v2,tanh_squashed_normal_v1,eq17_engineering_thresholds_unbounded_tail_v2,"{""d_att_max_m"":null,""h_adv_m"":5000.0,""h_att_m"":2000.0,""h_max_m"":10000.0,""h_min_m"":0.0,""high_altitude_tail"":0.1,""version"":""eq17_engineering_thresholds_unbounded_tail_v2""}",0.33364391326904297,0.32875531911849976,0.339582622051239,-1.0977709293365479,-0.021015962888486683,1840.5897338867187,0.9491705074906349,-0.0004407312556242995,-0.0012786354258473684,0.5338975756289553,0.0,0.0,-288.51984256807935,-90.0,0.0,-0.0004407312556242995,-0.00014691041854143316,-0.0012786354258473684,-0.00042621180861578947,0.5338975756289553,0.1779658585429851,0.0,0.0,0.0,0.0,-288.51984256807935,-96.17328085602645,-90.0,0,1335,0,57,188205,55959,0,103011,103296,1335,0,85194,0,48,0,0,0,105,0.0,0.04269662921348315,0.0,0.012959780994262749,0.0,0.0,0.0,0.0,0.0,0.0,0.0,0.0,0.0,0.0,0.0,4661.691629861782,4214.642004516397,4694.0837349488565,5276.921023006606,14.181201854895734,14.153760942147349,98.01250595063087,96.29787302900496,213.88524057183625,583.8428561705588,0.9090909090909091,0.2614055209002284,0.0,0.0,0.0,0.0
26000,13,-374.9664892578125,23.16910904304113,0.0,0.0,0.0,3.34,222,0,222,0,0.0,3.0,666,0,0,0,0,666,0.0,0.8763157894736842,0.0,0.0,0.0,False,paper_literal_eq15_eq20_joint_v3,paper_joint,paper_fixed_v1,paper,0.0,paper_eq9,vanilla_mappo_paper_env_v2,tanh_squashed_normal_v1,eq17_engineering_thresholds_unbounded_tail_v2,"{""d_att_max_m"":null,""h_adv_m"":5000.0,""h_att_m"":2000.0,""h_max_m"":10000.0,""h_min_m"":0.0,""high_altitude_tail"":0.1,""version"":""eq17_engineering_thresholds_unbounded_tail_v2""}",0.3370443284511566,0.33150768280029297,0.34145238995552063,-1.0876165628433228,-0.03750620007049292,1879.0471557617188,0.9788732476532459,-2.5096857848130274e-05,-0.0013646048572307817,0.4132628454816938,0.0,0.0,-285.3783767695276,-90.0,0.0,-2.5096857848130274e-05,-8.365619282710091e-06,-0.0013646048572307817,-0.0004548682857435939,0.4132628454816938,0.13775428182723126,0.0,0.0,0.0,0.0,-285.3783767695276,-95.12612558984254,-90.0,0,1266,0,57,194273,61059,0,107932,108293,1266,0,86341,0,64,0,0,0,121,0.0,0.045023696682464455,0.0,0.011729607530667457,0.0,0.0,0.0,0.0,0.0,0.0,0.0,0.0,0.0,0.0,0.0,4685.301251512849,4214.7552844526535,4741.863584859054,5183.21376500708,11.769854660899561,11.94375206554181,96.3313600290338,94.51541157620213,229.62562377381482,597.5707167898194,0.9,0.26213646690158626,0.0,0.0,0.0,0.0
28000,14,-374.4303741455078,20.273811968508546,0.0,0.0,0.0,3.32,239,0,239,0,0.0,3.0,717,0,0,0,0,717,0.0,0.8765281173594132,0.0,0.0,0.0,False,paper_literal_eq15_eq20_joint_v3,paper_joint,paper_fixed_v1,paper,0.0,paper_eq9,vanilla_mappo_paper_env_v2,tanh_squashed_normal_v1,eq17_engineering_thresholds_unbounded_tail_v2,"{""d_att_max_m"":null,""h_adv_m"":5000.0,""h_att_m"":2000.0,""h_max_m"":10000.0,""h_min_m"":0.0,""high_altitude_tail"":0.1,""version"":""eq17_engineering_thresholds_unbounded_tail_v2""}",0.34109997749328613,0.33426445722579956,0.34647446870803833,-1.0756914615631104,-0.041864709672518076,1747.8428344726562,1.0118868552148341,-4.97407062397917e-05,-0.002251396500533984,0.3964289172111951,0.0,0.0,-284.82451209423243,-90.0,0.0,-4.97407062397917e-05,-1.65802354132639e-05,-0.002251396500533984,-0.0007504655001779947,0.3964289172111951,0.1321429724037317,0.0,0.0,0.0,0.0,-284.82451209423243,-94.94150403141082,-90.0,0,1301,0,58,192397,63702,0,116161,116484,1301,0,76236,0,24,0,0,0,82,0.0,0.044581091468101464,0.0,0.01119997245202779,0.0,0.0,0.0,0.0,0.0,0.0,0.0,0.0,0.0,0.0,0.0,4405.727365562223,3791.8877238486702,4536.04600354898,4935.485738178053,14.141901567713722,13.400394568875658,96.88529799081348,95.36951439432244,213.6929154796076,578.7141226718229,0.8888888888888888,0.2689543166562072,0.0,0.0,0.0,0.0
30000,15,-372.0094293212891,20.525126470166327,0.0,0.0,0.0,3.36,257,0,257,0,0.0,3.0,771,0,0,0,0,771,0.0,0.8811428571428571,0.0,0.0,0.0,False,paper_literal_eq15_eq20_joint_v3,paper_joint,paper_fixed_v1,paper,0.0,paper_eq9,vanilla_mappo_paper_env_v2,tanh_squashed_normal_v1,eq17_engineering_thresholds_unbounded_tail_v2,"{""d_att_max_m"":null,""h_adv_m"":5000.0,""h_att_m"":2000.0,""h_max_m"":10000.0,""h_min_m"":0.0,""high_altitude_tail"":0.1,""version"":""eq17_engineering_thresholds_unbounded_tail_v2""}",0.34437045454978943,0.3379862308502197,0.3493441641330719,-1.0661325454711914,-0.07038978966884316,1441.0235961914063,1.0447525277733802,-5.850383165751885e-05,-0.0017528255083279398,0.4083122554670248,0.0,0.0,-282.41593362691344,-90.0,0.0,-5.850383165751885e-05,-1.950127721917295e-05,-0.0017528255083279398,-0.0005842751694426466,0.4083122554670248,0.13610408515567493,0.0,0.0,0.0,0.0,-282.41593362691344,-94.13864454230448,-90.0,0,1201,0,57,190101,59533,0,108669,109001,1211,0,81432,0,15,0,0,0,72,0.0,0.04746044962531224,0.0,0.011051909928314422,0.0,0.0,0.0,0.0,0.0,0.0,0.0,0.0,0.0,0.0,0.0,4402.739197612096,3613.865631347633,4545.891443131203,4996.278136549883,16.13672720628131,15.041130747165917,98.71030886016703,95.88058586459714,206.80686966686923,619.6613470722206,0.9032258064516129,0.2689763792705668,0.0,0.0,0.0,0.0
32000,16,-371.6299176025391,22.404902618918356,0.0,0.0,0.0,3.36,273,0,273,0,0.0,3.0,819,0,0,0,0,819,0.0,0.8778135048231511,0.0,0.0,0.0,False,paper_literal_eq15_eq20_joint_v3,paper_joint,paper_fixed_v1,paper,0.0,paper_eq9,vanilla_mappo_paper_env_v2,tanh_squashed_normal_v1,eq17_engineering_thresholds_unbounded_tail_v2,"{""d_att_max_m"":null,""h_adv_m"":5000.0,""h_att_m"":2000.0,""h_max_m"":10000.0,""h_min_m"":0.0,""high_altitude_tail"":0.1,""version"":""eq17_engineering_thresholds_unbounded_tail_v2""}",0.3484320044517517,0.3426830768585205,0.35366198420524597,-1.0543956756591797,-0.045643580099567774,1347.1247680664062,1.076440991461277,-7.771890601408788e-05,-0.0022422183433779786,0.4734373742050775,0.0,0.0,-282.10103360003416,-90.0,0.0,-7.771890601408788e-05,-2.590630200469596e-05,-0.0022422183433779786,-0.0007474061144593262,0.4734373742050775,0.15781245806835917,0.0,0.0,0.0,0.0,-282.10103360003416,-94.03367786667805,-90.0,0,1283,0,58,189734,59461,0,107720,108024,1283,0,82014,0,34,0,0,0,92,0.0,0.04520654715510522,0.0,0.011910508726327516,0.0,0.0,0.0,0.0,0.0,0.0,0.0,0.0,0.0,0.0,0.0,4487.399056245084,3812.76047143694,4540.164245302117,5006.0744564791885,14.37852689488419,13.212006212002208,98.64299800187091,95.13717489885514,208.2156821473556,602.3572005560602,0.8928571428571429,0.2726733813757232,0.0,0.0,0.0,0.0
34000,17,-369.4269097900391,21.63529282481259,0.0,0.0,0.0,3.34,290,0,290,0,0.0,3.0,870,0,0,0,0,870,0.0,0.8787878787878788,0.0,0.0,0.0,False,paper_literal_eq15_eq20_joint_v3,paper_joint,paper_fixed_v1,paper,0.0,paper_eq9,vanilla_mappo_paper_env_v2,tanh_squashed_normal_v1,eq17_engineering_thresholds_unbounded_tail_v2,"{""d_att_max_m"":null,""h_adv_m"":5000.0,""h_att_m"":2000.0,""h_max_m"":10000.0,""h_min_m"":0.0,""high_altitude_tail"":0.1,""version"":""eq17_engineering_thresholds_unbounded_tail_v2""}",0.35162729024887085,0.34542182087898254,0.3571876883506775,-1.0452779531478882,-0.0683401942718774,1371.2534423828124,1.1077093556523323,-5.5652950200512045e-05,-0.0018170719161119935,0.40429891440450355,0.0,0.0,-279.82934015692706,-90.0,0.0,-5.5652950200512045e-05,-1.8550983400170683e-05,-0.0018170719161119935,-0.0006056906387039979,0.40429891440450355,0.13476630480150117,0.0,0.0,0.0,0.0,-279.82934015692706,-93.27644671897569,-90.0,0,1310,0,57,188491,59956,0,108330,108639,1324,0,80161,0,24,0,0,0,81,0.0,0.04351145038167939,0.0,0.0120926797747623,0.0,0.0,0.0,0.0,0.0,0.0,0.0,0.0,0.0,0.0,0.0,4418.721902102429,3700.9997585862498,4489.921066343632,5246.654899075861,14.198721157766517,13.725868863763296,97.5537287654644,95.42487889480948,218.8337979656064,558.8045745333882,0.9107142857142857,0.27480439622686637,0.0,0.0,0.0,0.0
36000,18,-365.956650390625,23.861473423628894,0.0,0.0,0.0,3.22,309,0,309,0,0.0,3.0,927,0,0,0,0,927,0.0,0.8870813397129187,0.0,0.0,0.0,False,paper_literal_eq15_eq20_joint_v3,paper_joint,paper_fixed_v1,paper,0.0,paper_eq9,vanilla_mappo_paper_env_v2,tanh_squashed_normal_v1,eq17_engineering_thresholds_unbounded_tail_v2,"{""d_att_max_m"":null,""h_adv_m"":5000.0,""h_att_m"":2000.0,""h_max_m"":10000.0,""h_min_m"":0.0,""high_altitude_tail"":0.1,""version"":""eq17_engineering_thresholds_unbounded_tail_v2""}",0.3542451858520508,0.34700873494148254,0.35932236909866333,-1.0378764867782593,-0.06263505304232239,1265.0081176757812,1.133026272058487,-4.925087824600504e-05,-0.0020514903544879225,0.38484873452199264,0.0,0.0,-276.33940757037857,-90.0,0.0,-4.925087824600504e-05,-1.6416959415335013e-05,-0.0020514903544879225,-0.0006838301181626409,0.38484873452199264,0.12828291150733087,0.0,0.0,0.0,0.0,-276.33940757037857,-92.11313585679285,-90.0,0,1183,0,55,196319,71609,0,120819,121180,1183,0,75500,0,49,0,0,0,104,0.0,0.04649196956889264,0.0,0.00979150630281661,0.0,0.0,0.0,0.0,0.0,0.0,0.0,0.0,0.0,0.0,0.0,4464.787594449572,3773.2966330795666,4470.877711369481,5008.240452321184,14.080317005469015,13.629195192672201,96.44692648317873,95.91110098246415,217.93348308202684,636.77954321852,0.9824561403508771,0.28221963268207767,0.0,0.0,0.0,0.0
38000,19,-357.4354455566406,28.00970027913929,0.0,0.0,0.0,3.18,325,0,325,0,0.0,3.0,975,0,0,0,0,975,0.0,0.8887876025524157,0.0,0.0,0.0,False,paper_literal_eq15_eq20_joint_v3,paper_joint,paper_fixed_v1,paper,0.0,paper_eq9,vanilla_mappo_paper_env_v2,tanh_squashed_normal_v1,eq17_engineering_thresholds_unbounded_tail_v2,"{""d_att_max_m"":null,""h_adv_m"":5000.0,""h_att_m"":2000.0,""h_max_m"":10000.0,""h_min_m"":0.0,""high_altitude_tail"":0.1,""version"":""eq17_engineering_thresholds_unbounded_tail_v2""}",0.35766857862472534,0.35032838582992554,0.3636121451854706,-1.0282678604125977,-0.05982174421660602,1284.429052734375,1.1578720271587373,-4.5762891335512614e-05,-0.0023854353906472554,0.3780894864849859,0.0,0.0,-267.81110145707584,-90.0,0.0,-4.5762891335512614e-05,-1.5254297111837539e-05,-0.0023854353906472554,-0.0007951451302157518,0.3780894864849859,0.12602982882832864,0.0,0.0,0.0,0.0,-267.81110145707584,-89.27036715235862,-90.0,0,1117,0,52,188693,66099,139,115510,115759,1131,0,73183,0,27,0,0,0,79,0.0,0.046553267681289166,0.0,0.009670158427841745,0.0,0.0,0.0,0.0,0.0,0.0,0.0,0.0,0.0,0.0,0.0,4271.435011527416,3729.301879129359,4335.226345289115,4926.825633576522,15.91808876624354,14.652144435858881,98.59333606581828,95.93622845517346,201.95530385420514,654.2537122768452,0.9433962264150944,0.2811052688159579,0.0,0.0,0.0,0.0
40000,20,-358.0121563720703,35.047133696844114,0.0,0.0,0.0,3.22,341,0,341,0,0.0,3.0,1023,0,0,0,0,1023,0.0,0.8849480968858131,0.0,0.0,0.0,False,paper_literal_eq15_eq20_joint_v3,paper_joint,paper_fixed_v1,paper,0.0,paper_eq9,vanilla_mappo_paper_env_v2,tanh_squashed_normal_v1,eq17_engineering_thresholds_unbounded_tail_v2,"{""d_att_max_m"":null,""h_adv_m"":5000.0,""h_att_m"":2000.0,""h_max_m"":10000.0,""h_min_m"":0.0,""high_altitude_tail"":0.1,""version"":""eq17_engineering_thresholds_unbounded_tail_v2""}",0.3616411089897156,0.3555290699005127,0.36756348609924316,-1.017195463180542,-0.07455125306732953,1176.1769897460938,1.1890810966491698,-7.003650167809012e-05,-0.002863478136617933,0.6277742384141232,0.0,0.0,-268.63699367621354,-90.0,0.0,-7.003650167809012e-05,-2.3345500559363372e-05,-0.002863478136617933,-0.0009544927122059777,0.6277742384141232,0.2092580794713744,0.0,0.0,0.0,0.0,-268.63699367621354,-89.54566455873784,-90.0,0,1350,0,59,186203,55092,0,103394,103580,1378,0,82809,0,62,0,0,0,121,0.0,0.0437037037037037,0.0,0.013056850494225971,0.0,0.0,0.0,0.0,0.0,0.0,0.0,0.0,0.0,0.0,0.0,4294.717527280476,3599.873911139999,4375.120786287694,5006.644795853882,15.55502814716486,15.421296241204539,101.36704094121927,95.59821632923206,192.8875009214782,697.5443381609846,0.8679245283018868,0.2845446205925635,0.0,0.0,0.0,0.0
42000,21,-351.9810186767578,33.281406016583226,0.0,0.0,0.0,3.26,360,0,360,0,0.0,3.0,1080,0,0,0,0,1080,0.0,0.8933002481389578,0.0,0.0,0.0,False,paper_literal_eq15_eq20_joint_v3,paper_joint,paper_fixed_v1,paper,0.0,paper_eq9,vanilla_mappo_paper_env_v2,tanh_squashed_normal_v1,eq17_engineering_thresholds_unbounded_tail_v2,"{""d_att_max_m"":null,""h_adv_m"":5000.0,""h_att_m"":2000.0,""h_max_m"":10000.0,""h_min_m"":0.0,""high_altitude_tail"":0.1,""version"":""eq17_engineering_thresholds_unbounded_tail_v2""}",0.3650759160518646,0.35941311717033386,0.3715735971927643,-1.0077435970306396,-0.07355209486559033,1175.3636474609375,1.2204186275601387,-0.0004976421776737508,-0.0033206097642276174,0.5417899063501864,0.0,0.0,-262.5189875171709,-90.0,0.0,-0.0004976421776737508,-0.00016588072589125027,-0.0033206097642276174,-0.0011068699214092058,0.5417899063501864,0.18059663545006213,0.0,0.0,0.0,0.0,-262.5189875171709,-87.5063291723903,-90.0,0,1080,0,53,194528,75172,494,123215,123257,1097,0,71391,0,24,0,0,0,77,0.0,0.049074074074074076,0.0,0.00876516657874447,0.0,0.0,0.0,0.0,0.0,0.0,0.0,0.0,0.0,0.0,0.0,4041.645430391119,3199.461798353688,4209.061869245981,4956.889783508552,19.155459300162857,18.288600359206097,97.47494209828508,95.83232057820307,196.40970877223626,767.7232282369026,0.9322033898305084,0.29348206475982086,0.0,0.0,0.0,0.0
44000,22,-345.2475012207031,32.39891087815843,0.0,0.0,0.0,3.28,378,0,378,0,0.0,3.0,1134,0,0,0,0,1134,0.0,0.8992862807295797,0.0,0.0,0.0,False,paper_literal_eq15_eq20_joint_v3,paper_joint,paper_fixed_v1,paper,0.0,paper_eq9,vanilla_mappo_paper_env_v2,tanh_squashed_normal_v1,eq17_engineering_thresholds_unbounded_tail_v2,"{""d_att_max_m"":null,""h_adv_m"":5000.0,""h_att_m"":2000.0,""h_max_m"":10000.0,""h_min_m"":0.0,""high_altitude_tail"":0.1,""version"":""eq17_engineering_thresholds_unbounded_tail_v2""}",0.36901482939720154,0.36219438910484314,0.37629377841949463,-0.9970404505729675,-0.09197731660678983,1275.5317993164062,1.2500652149319649,-0.002143097672912686,-0.0052503209643247626,0.5296610663272339,0.0,0.0,-255.7697779928889,-90.0,0.0,-0.002143097672912686,-0.0007143658909708954,-0.0052503209643247626,-0.0017501069881082543,0.5296610663272339,0.17655368877574462,0.0,0.0,0.0,0.0,-255.7697779928889,-85.25659266429629,-90.0,0,1069,0,52,193368,72723,394,125703,125854,1097,0,67665,0,54,0,0,0,106,0.0,0.04864359214218896,0.0,0.008504172533670636,0.0,0.0,0.0,0.0,0.0,0.0,0.0,0.0,0.0,0.0,0.0,3875.9053304921226,2980.075324845385,4032.1759030986127,4571.604437343169,19.55835916673478,17.91737500504304,97.65676636959805,95.7448938972675,189.26987319632832,737.1804131474479,0.9629629629629629,0.2973837685104543,0.0,0.0,0.0,0.0
46000,23,-337.5520367431641,28.25461209334834,0.0,0.0,0.0,3.16,391,0,391,0,0.0,3.0,1173,0,0,0,0,1173,0.0,0.8899848254931715,0.0,0.0,0.0,False,paper_literal_eq15_eq20_joint_v3,paper_joint,paper_fixed_v1,paper,0.0,paper_eq9,vanilla_mappo_paper_env_v2,tanh_squashed_normal_v1,eq17_engineering_thresholds_unbounded_tail_v2,"{""d_att_max_m"":null,""h_adv_m"":5000.0,""h_att_m"":2000.0,""h_max_m"":10000.0,""h_min_m"":0.0,""high_altitude_tail"":0.1,""version"":""eq17_engineering_thresholds_unbounded_tail_v2""}",0.3735690116882324,0.3665485382080078,0.38105419278144836,-0.9847784042358398,-0.10104848281480372,1333.1777587890624,1.2844154343008996,-0.0021596319045415198,-0.006120775116567514,0.39777886175177524,0.0,0.0,-247.94154292601988,-90.0,0.0,-0.0021596319045415198,-0.0007198773015138399,-0.006120775116567514,-0.002040258372189171,0.39777886175177524,0.13259295391725842,0.0,0.0,0.0,0.0,-247.94154292601988,-82.64718097533996,-90.0,0,1319,0,57,185111,60241,600,113210,111541,2711,0,72108,0,51,0,0,0,108,0.0,0.043214556482183475,0.0,0.01165091423019168,0.0,0.0,0.0,0.0,0.0,0.0,0.0,0.0,0.0,0.0,0.0,3790.918900019022,3293.03307921047,3789.4018245460447,4544.696507498799,19.880998368757353,18.205961438128803,97.01339791450933,94.71785473818366,184.54131704838173,743.0658492915859,0.9148936170212766,0.2962659480688953,0.0,0.0,0.0,0.0
48000,24,-340.5050238037109,31.204091904242013,0.0,0.0,0.0,3.22,406,0,406,0,0.0,3.0,1218,0,0,0,0,1218,0.0,0.8936170212765957,0.0,0.0,0.0,False,paper_literal_eq15_eq20_joint_v3,paper_joint,paper_fixed_v1,paper,0.0,paper_eq9,vanilla_mappo_paper_env_v2,tanh_squashed_normal_v1,eq17_engineering_thresholds_unbounded_tail_v2,"{""d_att_max_m"":null,""h_adv_m"":5000.0,""h_att_m"":2000.0,""h_max_m"":10000.0,""h_min_m"":0.0,""high_altitude_tail"":0.1,""version"":""eq17_engineering_thresholds_unbounded_tail_v2""}",0.37498730421066284,0.36773595213890076,0.38361653685569763,-0.9810155630111694,-0.08853980489075183,1159.3357788085937,1.309298077225685,-0.0018029388075701683,-0.008215227837628666,0.5489033261815507,0.0,0.0,-251.0439120694625,-90.0,0.0,-0.0018029388075701683,-0.0006009796025233894,-0.008215227837628666,-0.0027384092792095555,0.5489033261815507,0.18296777539385023,0.0,0.0,0.0,0.0,-251.0439120694625,-83.68130402315417,-90.0,0,896,0,45,175740,60787,450,110962,109323,2477,0,64778,0,15,0,0,0,60,0.0,0.05022321428571429,0.0,0.008074836430489717,0.0,0.0,0.0,0.0,0.0,0.0,0.0,0.0,0.0,0.0,0.0,3567.509954207847,2867.268016479735,3446.2595852362947,4175.536504984529,23.65945314905456,20.856285431211116,102.19420463965673,96.54793623728457,143.86297086688566,1070.4912530235918,0.8703703703703703,0.3037892247181245,0.0,0.0,0.0,0.0
50000,25,-338.934192199707,37.94296801324467,0.0,0.0,0.0,3.36,420,0,420,0,0.0,3.0,1260,0,0,0,0,1260,0.0,0.89171974522293,0.0,0.0,0.0,False,paper_literal_eq15_eq20_joint_v3,paper_joint,paper_fixed_v1,paper,0.0,paper_eq9,vanilla_mappo_paper_env_v2,tanh_squashed_normal_v1,eq17_engineering_thresholds_unbounded_tail_v2,"{""d_att_max_m"":null,""h_adv_m"":5000.0,""h_att_m"":2000.0,""h_max_m"":10000.0,""h_min_m"":0.0,""high_altitude_tail"":0.1,""version"":""eq17_engineering_thresholds_unbounded_tail_v2""}",0.37746962904930115,0.37162643671035767,0.38765886425971985,-0.9744471907615662,-0.09501969050616026,1064.6804321289062,1.3234052374958991,-0.006658918479830353,-0.011167387025697197,0.8417926351864047,0.0,0.0,-249.75816001541304,-90.0,0.0,-0.006658918479830353,-0.0022196394932767842,-0.011167387025697197,-0.0037224623418990656,0.8417926351864047,0.2805975450621349,0.0,0.0,0.0,0.0,-249.75816001541304,-83.25272000513768,-90.0,6,1095,0,50,180336,73852,616,121418,120522,1704,0,59189,0,15,0,0,0,65,0.0,0.045662100456621,3.327122704285334e-05,0.009018432192920325,0.0,0.0,0.0,0.0,0.0,0.0,0.0,0.0,0.0,0.0,0.0,3564.5794510657206,3019.0278279819686,3557.629929754803,4277.895860325945,22.251110070159292,21.897047092207025,105.21593828945315,95.83140707866418,164.50695022263773,803.5370692276607,0.8260869565217391,0.30709844945876935,0.0,0.0,0.0,0.0
52000,26,-335.86044647216795,44.921756305823905,0.0,0.0,0.0,3.48,436,0,436,0,0.0,3.0,1308,0,0,0,0,1308,0.0,0.889795918367347,0.0,0.0,0.0,False,paper_literal_eq15_eq20_joint_v3,paper_joint,paper_fixed_v1,paper,0.0,paper_eq9,vanilla_mappo_paper_env_v2,tanh_squashed_normal_v1,eq17_engineering_thresholds_unbounded_tail_v2,"{""d_att_max_m"":null,""h_adv_m"":5000.0,""h_att_m"":2000.0,""h_max_m"":10000.0,""h_min_m"":0.0,""high_altitude_tail"":0.1,""version"":""eq17_engineering_thresholds_unbounded_tail_v2""}",0.37934860587120056,0.3736225664615631,0.38919976353645325,-0.9694684743881226,-0.1185804782435298,1153.5461669921874,1.341415172815323,-0.010657630509636931,-0.011623353426988867,1.2185005984024968,0.0,0.0,-247.0566651867074,-90.0,0.0,-0.010657630509636931,-0.0035525435032123104,-0.011623353426988867,-0.0038744511423296226,1.2185005984024968,0.4061668661341656,0.0,0.0,0.0,0.0,-247.0566651867074,-82.35222172890246,-90.0,0,1156,0,57,186548,70227,2436,117290,114893,3338,0,69480,0,30,0,0,0,87,0.0,0.04930795847750865,0.0,0.009855912695029414,0.0,0.0,0.0,0.0,0.0,0.0,0.0,0.0,0.0,0.0,0.0,3230.4508516345186,2322.108389982358,3193.034370511144,4074.411607192808,24.171887200733998,23.90089850102304,102.76434968941135,95.57700900304765,152.92361387806403,719.961172875828,0.8666666666666667,0.3077210865452873,0.0,0.0,0.0,0.0
54000,27,-324.3701922607422,47.806791948740525,0.0,0.0,0.0,3.46,448,0,448,0,0.0,3.0,1344,0,0,0,0,1344,0.0,0.883629191321499,0.0,0.0,0.0,False,paper_literal_eq15_eq20_joint_v3,paper_joint,paper_fixed_v1,paper,0.0,paper_eq9,vanilla_mappo_paper_env_v2,tanh_squashed_normal_v1,eq17_engineering_thresholds_unbounded_tail_v2,"{""d_att_max_m"":null,""h_adv_m"":5000.0,""h_att_m"":2000.0,""h_max_m"":10000.0,""h_min_m"":0.0,""high_altitude_tail"":0.1,""version"":""eq17_engineering_thresholds_unbounded_tail_v2""}",0.38322657346725464,0.3763865530490875,0.3943515121936798,-0.9593415260314941,-0.10793144758790732,942.1622741699218,1.3633325755596162,-0.010689109945917706,-0.012860828252645699,1.2772244944694888,0.0,0.0,-235.62387300144712,-90.0,0.0,-0.010689109945917706,-0.003563036648639235,-0.012860828252645699,-0.004286942750881899,1.2772244944694888,0.42574149815649626,0.0,0.0,0.0,0.0,-235.62387300144712,-78.54129100048237,-90.0,0,950,0,51,176131,60355,7464,110380,101078,5599,0,65806,0,9,0,0,0,60,0.0,0.05368421052631579,0.0,0.008606631636165972,0.0,0.0,0.0,0.0,0.0,0.0,0.0,0.0,0.0,0.0,0.0,3784.064556856429,2974.728788238188,3915.980458462835,4879.862721159896,23.89802860901635,23.164820701463693,103.86682778774455,96.34199608713847,169.57528419194992,695.6971096653436,0.8775510204081632,0.3095925278958145,0.0,0.0,0.0,0.0
56000,28,-317.35845428466797,48.32152514832486,0.0,0.0,0.02,3.52,462,0,462,0,0.0,2.98,1386,0,1,0,1,1386,1.0,0.8839285714285714,0.0007215007215007215,0.0007215007215007215,0.0,False,paper_literal_eq15_eq20_joint_v3,paper_joint,paper_fixed_v1,paper,0.0,paper_eq9,vanilla_mappo_paper_env_v2,tanh_squashed_normal_v1,eq17_engineering_thresholds_unbounded_tail_v2,"{""d_att_max_m"":null,""h_adv_m"":5000.0,""h_att_m"":2000.0,""h_max_m"":10000.0,""h_min_m"":0.0,""high_altitude_tail"":0.1,""version"":""eq17_engineering_thresholds_unbounded_tail_v2""}",0.38721245527267456,0.38189980387687683,0.3973234295845032,-0.9489511251449585,-0.10119734453037381,740.2175537109375,1.3945290178060532,-0.01528049756807827,-0.011830074448323426,1.674954536820442,0.0,0.0,-229.60630671649068,-89.4,0.0,-0.01528049756807827,-0.005093499189359424,-0.011830074448323426,-0.003943358149441142,1.674954536820442,0.5583181789401473,0.0,0.0,0.0,0.0,-229.60630671649068,-76.53543557216356,-89.4,15,965,1,47,163253,68863,5321,106977,97757,7519,283,56707,0,7,0,0,1,54,0.06666666666666667,0.04870466321243523,9.188192560014212e-05,0.009020630602839863,1029.678063080308,1029.678063080308,1029.678063080308,1029.678063080308,29.99336244678857,29.99336244678857,94.78680768585548,94.78680768585548,198.54314867798868,341.23601611690174,1.0,3071.3713668606792,1975.5852339255275,3013.5133299007243,3930.972718129555,28.39004418776505,29.689323995210547,111.21413086964854,96.34073572155131,114.03042492130366,759.5536439092548,0.7708333333333334,0.3194214014053454,0.0,0.0,0.0,0.0
58000,29,-311.23454833984374,42.56175305361862,0.0,0.0,0.02,3.62,475,0,475,0,0.0,2.98,1425,0,1,0,1,1425,1.0,0.8812615955473099,0.0007017543859649122,0.0007017543859649122,0.0,False,paper_literal_eq15_eq20_joint_v3,paper_joint,paper_fixed_v1,paper,0.0,paper_eq9,vanilla_mappo_paper_env_v2,tanh_squashed_normal_v1,eq17_engineering_thresholds_unbounded_tail_v2,"{""d_att_max_m"":null,""h_adv_m"":5000.0,""h_att_m"":2000.0,""h_max_m"":10000.0,""h_min_m"":0.0,""high_altitude_tail"":0.1,""version"":""eq17_engineering_thresholds_unbounded_tail_v2""}",0.38951414823532104,0.3819066286087036,0.4008597135543823,-0.9430737495422363,-0.12012556046247483,860.8425415039062,1.4197809457778932,-0.005051259725837888,-0.009302906305576373,2.1062833322880996,0.0,0.0,-223.9264812529569,-89.4,0.0,-0.005051259725837888,-0.0016837532419459627,-0.009302906305576373,-0.0031009687685254576,2.1062833322880996,0.7020944440960332,0.0,0.0,0.0,0.0,-223.9264812529569,-74.6421604176523,-89.4,0,1110,0,49,170926,67088,4805,111545,105144,5240,0,59517,0,35,0,0,0,84,0.0,0.044144144144144144,0.0,0.009951140795194765,0.0,0.0,0.0,0.0,0.0,0.0,0.0,0.0,0.0,0.0,0.0,3491.642094600732,2446.9497060513527,3240.139263272653,4631.348808918784,27.438611216551422,26.026932724553347,106.85827902089933,96.02118194036055,138.49087335105503,701.8213635806517,0.8125,0.3169461108452074,0.0,0.0,0.0,0.0
60000,30,-305.1989157104492,36.98138404623342,0.0,0.0,0.02,3.62,488,0,488,0,0.0,2.98,1464,0,1,0,1,1464,1.0,0.8766467065868263,0.0006830601092896175,0.0006830601092896175,0.0,False,paper_literal_eq15_eq20_joint_v3,paper_joint,paper_fixed_v1,paper,0.0,paper_eq9,vanilla_mappo_paper_env_v2,tanh_squashed_normal_v1,eq17_engineering_thresholds_unbounded_tail_v2,"{""d_att_max_m"":null,""h_adv_m"":5000.0,""h_att_m"":2000.0,""h_max_m"":10000.0,""h_min_m"":0.0,""high_altitude_tail"":0.1,""version"":""eq17_engineering_thresholds_unbounded_tail_v2""}",0.393098920583725,0.3846158981323242,0.4069751501083374,-0.9340074062347412,-0.12688609170727433,954.8646606445312,1.440802425146103,-0.005008794589295004,-0.008613975537999932,2.7949160522852674,0.0,0.0,-218.58021925199307,-89.4,0.0,-0.005008794589295004,-0.001669598196431668,-0.008613975537999932,-0.002871325179333311,2.7949160522852674,0.9316386840950891,0.0,0.0,0.0,0.0,-218.58021925199307,-72.86007308399769,-89.4,0,1221,0,53,169427,52486,2674,100194,92967,6530,0,69233,0,16,0,0,0,69,0.0,0.043407043407043405,0.0,0.012186358464578717,0.0,0.0,0.0,0.0,0.0,0.0,0.0,0.0,0.0,0.0,0.0,3765.688755901565,3053.902840672099,3773.0606055160188,4687.994009552593,23.909713900052633,22.991795900488466,111.37557709392621,97.07570375607993,143.52307030701198,923.255205283685,0.7735849056603774,0.3166362956411243,0.0,0.0,0.0,0.0
62000,31,-306.4349267578125,35.8560449329702,0.0,0.0,0.02,3.84,501,0,501,0,0.0,2.98,1503,0,1,0,1,1503,1.0,0.8789473684210526,0.0006653359946773121,0.0006653359946773121,0.0,False,paper_literal_eq15_eq20_joint_v3,paper_joint,paper_fixed_v1,paper,0.0,paper_eq9,vanilla_mappo_paper_env_v2,tanh_squashed_normal_v1,eq17_engineering_thresholds_unbounded_tail_v2,"{""d_att_max_m"":null,""h_adv_m"":5000.0,""h_att_m"":2000.0,""h_max_m"":10000.0,""h_min_m"":0.0,""high_altitude_tail"":0.1,""version"":""eq17_engineering_thresholds_unbounded_tail_v2""}",0.3948814868927002,0.387199729681015,0.40973860025405884,-0.929519534111023,-0.10519285555928945,727.3152587890625,1.4621253103017806,-0.0024648733065133887,-0.007968148857508562,3.844829455394334,0.0,0.0,-220.86932813142653,-89.4,0.0,-0.0024648733065133887,-0.0008216244355044629,-0.007968148857508562,-0.0026560496191695205,3.844829455394334,1.281609818464778,0.0,0.0,0.0,0.0,-220.86932813142653,-73.62310937714217,-89.4,0,990,0,40,152128,67234,5248,99156,92805,4171,0,53184,0,38,0,0,0,78,0.0,0.04040404040404041,0.0,0.009984267215297108,0.0,0.0,0.0,0.0,0.0,0.0,0.0,0.0,0.0,0.0,0.0,3215.2754699824864,2073.6324198617967,3140.4570982225314,4411.893215395865,28.092452471850457,29.012939150099797,109.76843630431831,96.54789685299983,135.0896366230152,779.478189824272,0.7857142857142857,0.325883530198006,0.0,0.0,0.0,0.0
64000,32,-304.58083374023437,37.49117420284525,0.0,0.0,0.0,3.84,512,0,512,0,0.0,3.0,1536,0,1,0,1,1536,1.0,0.8732234223990903,0.0006510416666666666,0.0006510416666666666,0.0,False,paper_literal_eq15_eq20_joint_v3,paper_joint,paper_fixed_v1,paper,0.0,paper_eq9,vanilla_mappo_paper_env_v2,tanh_squashed_normal_v1,eq17_engineering_thresholds_unbounded_tail_v2,"{""d_att_max_m"":null,""h_adv_m"":5000.0,""h_att_m"":2000.0,""h_max_m"":10000.0,""h_min_m"":0.0,""high_altitude_tail"":0.1,""version"":""eq17_engineering_thresholds_unbounded_tail_v2""}",0.3979928195476532,0.3897256851196289,0.4144279658794403,-0.9217421412467957,-0.10514934156090021,726.5498291015625,1.4799238324165345,-0.0036930537250297424,-0.008878958004379447,3.9070294129312386,0.0,0.0,-218.47529184370578,-90.0,0.0,-0.0036930537250297424,-0.0012310179083432475,-0.008878958004379447,-0.0029596526681264826,3.9070294129312386,1.3023431376437462,0.0,0.0,0.0,0.0,-218.47529184370578,-72.82509728123526,-90.0,0,1041,0,49,164958,63306,7101,108478,98219,7001,0,56656,0,7,0,0,0,56,0.0,0.04707012487992315,0.0,0.00959641586312432,0.0,0.0,0.0,0.0,0.0,0.0,0.0,0.0,0.0,0.0,0.0,2977.5885967494473,1970.7508253716906,2752.79766601604,3647.3821964744257,28.27610212189129,28.93347525118708,108.7375503872919,97.74835551761392,119.45225119747624,839.3490627916452,0.7708333333333334,0.3215290152315903,0.0,0.0,0.0,0.0
66000,33,-303.764831237793,38.35366135732387,0.0,0.0,0.02,3.84,524,0,524,0,0.0,3.0,1572,0,1,0,1,1572,0.25,0.8738187882156754,0.0006361323155216285,0.0006361323155216285,0.0,False,paper_literal_eq15_eq20_joint_v3,paper_joint,paper_fixed_v1,paper,0.0,paper_eq9,vanilla_mappo_paper_env_v2,tanh_squashed_normal_v1,eq17_engineering_thresholds_unbounded_tail_v2,"{""d_att_max_m"":null,""h_adv_m"":5000.0,""h_att_m"":2000.0,""h_max_m"":10000.0,""h_min_m"":0.0,""high_altitude_tail"":0.1,""version"":""eq17_engineering_thresholds_unbounded_tail_v2""}",0.40164387226104736,0.39416876435279846,0.4157252311706543,-0.9124937057495117,-0.11958759059198201,660.3323425292969,1.5063523635268212,-0.009511388751446734,-0.010436051282457497,3.8184436995951456,0.0,0.0,-217.56332856040427,-90.0,0.0,-0.009511388751446734,-0.0031704629171489113,-0.010436051282457497,-0.0034786837608191657,3.8184436995951456,1.2728145665317152,0.0,0.0,0.0,0.0,-217.56332856040427,-72.52110952013476,-90.0,53,806,3,40,163554,68103,10446,108882,97034,6824,806,55478,0,22,0,0,3,62,0.05660377358490566,0.04962779156327544,0.0003240519950597356,0.007402509138333241,880.1333674419589,804.4297299576351,818.283260122044,924.9119512663251,40.04145249926831,38.58918269220122,95.80499509506741,96.28062683580862,197.75073006353287,323.42462502172475,1.0,3344.1579782020317,2350.3318501571407,3177.5208066938535,4431.2587755421555,30.44785521543664,31.20573559035386,106.53505229199027,95.89301233697022,124.32529580018426,863.8101649945827,0.8292682926829268,0.32791839777573667,0.0,0.0,0.0,0.0
68000,34,-298.85261016845703,44.062165729496385,0.0,0.0,0.06,3.84,533,0,533,0,0.0,2.96,1599,0,3,0,3,1599,0.75,0.8657282079047104,0.001876172607879925,0.001876172607879925,0.0,False,paper_literal_eq15_eq20_joint_v3,paper_joint,paper_fixed_v1,paper,0.0,paper_eq9,vanilla_mappo_paper_env_v2,tanh_squashed_normal_v1,eq17_engineering_thresholds_unbounded_tail_v2,"{""d_att_max_m"":null,""h_adv_m"":5000.0,""h_att_m"":2000.0,""h_max_m"":10000.0,""h_min_m"":0.0,""high_altitude_tail"":0.1,""version"":""eq17_engineering_thresholds_unbounded_tail_v2""}",0.40531086921691895,0.39677098393440247,0.42034465074539185,-0.9034430384635925,-0.12070029396563768,522.64736328125,1.5332776591181756,-0.014593764939688232,-0.012541902906320073,4.1323548127824505,0.0,0.0,-214.15782860979357,-88.8,0.0,-0.014593764939688232,-0.004864588313229411,-0.012541902906320073,-0.004180634302106691,4.1323548127824505,1.377451604260817,0.0,0.0,0.0,0.0,-214.15782860979357,-71.38594286993118,-88.8,12,1010,0,48,150988,51852,12857,95184,77839,11591,0,56042,0,16,0,0,0,64,0.0,0.047524752475247525,7.947651468990914e-05,0.010611027063371995,0.0,0.0,0.0,0.0,0.0,0.0,0.0,0.0,0.0,0.0,0.0,3186.0948621807706,2249.22301556838,3007.639182225226,4232.193717884262,28.23846170304598,28.843773845990412,118.2202822248126,100.30805537651898,97.98280094909815,1026.5262887318438,0.7209302325581395,0.32896573477243757,0.0,0.0,0.0,0.0
70000,35,-300.52489349365237,42.652653721403205,0.0,0.0,0.06,4.0,545,0,545,0,0.0,2.96,1635,0,3,0,3,1635,0.75,0.866914103923648,0.001834862385321101,0.001834862385321101,0.0,False,paper_literal_eq15_eq20_joint_v3,paper_joint,paper_fixed_v1,paper,0.0,paper_eq9,vanilla_mappo_paper_env_v2,tanh_squashed_normal_v1,eq17_engineering_thresholds_unbounded_tail_v2,"{""d_att_max_m"":null,""h_adv_m"":5000.0,""h_att_m"":2000.0,""h_max_m"":10000.0,""h_min_m"":0.0,""high_altitude_tail"":0.1,""version"":""eq17_engineering_thresholds_unbounded_tail_v2""}",0.4099521040916443,0.40115875005722046,0.42629075050354004,-0.8921079635620117,-0.06736752805300057,562.7327026367187,1.563287580013275,-0.02286479402495624,-0.01562645492567529,4.930731485272971,0.0,0.0,-216.6171295465341,-88.8,0.0,-0.02286479402495624,-0.007621598008318746,-0.01562645492567529,-0.00520881830855843,4.930731485272971,1.643577161757657,0.0,0.0,0.0,0.0,-216.6171295465341,-72.2057098488447,-88.8,0,890,0,39,150955,58566,8589,99202,85928,8118,0,51753,0,26,0,0,0,65,0.0,0.043820224719101124,0.0,0.008971593314650915,0.0,0.0,0.0,0.0,0.0,0.0,0.0,0.0,0.0,0.0,0.0,3062.0371461653726,2401.948632269904,3139.3011966028475,3516.274408201218,30.445282571410715,33.50587825827272,121.06293655821733,100.09853772501154,91.89431361941801,1104.248190615184,0.7111111111111111,0.3398410742874604,0.0,0.0,0.0,0.0
72000,36,-306.477741394043,45.06266911386275,0.0,0.0,0.08,4.1,554,0,554,0,0.0,2.94,1662,0,4,0,4,1662,0.8,0.8629283489096573,0.0024067388688327317,0.0024067388688327317,0.0,False,paper_literal_eq15_eq20_joint_v3,paper_joint,paper_fixed_v1,paper,0.0,paper_eq9,vanilla_mappo_paper_env_v2,tanh_squashed_normal_v1,eq17_engineering_thresholds_unbounded_tail_v2,"{""d_att_max_m"":null,""h_adv_m"":5000.0,""h_att_m"":2000.0,""h_max_m"":10000.0,""h_min_m"":0.0,""high_altitude_tail"":0.1,""version"":""eq17_engineering_thresholds_unbounded_tail_v2""}",0.4111943244934082,0.4017943739891052,0.4274051785469055,-0.8890764713287354,-0.12460943148471415,411.32508239746096,1.5870686501264573,-0.04694611310743687,-0.020649420139120155,4.7176655210891205,0.0,0.0,-222.92781042772714,-88.2,0.0,-0.04694611310743687,-0.015648704369145623,-0.020649420139120155,-0.0068831400463733846,4.7176655210891205,1.5725551736963734,0.0,0.0,0.0,0.0,-222.92781042772714,-74.30927014257571,-88.2,42,966,1,40,148981,56991,16283,95099,71243,16741,264,54314,0,23,0,0,1,63,0.023809523809523808,0.041407867494824016,0.00028191514354179394,0.01015783551877517,749.5669796858949,749.5669796858949,749.5669796858949,749.5669796858949,37.688313807313556,37.688313807313556,98.89579127031128,98.89579127031128,193.98297568851177,354.18273111392773,1.0,2976.733794796558,2124.3916525343216,2882.000799574998,3652.0765581937744,30.64741145995621,31.743332031232356,129.07054955197415,128.65998440689057,51.82901196590235,922.3181686347605,0.6585365853658537,0.34086957508539817,0.0,0.0,0.0,0.0
74000,37,-307.5408905029297,43.954288844201145,0.0,0.0,0.08,4.18,560,0,560,0,0.0,2.94,1680,0,4,0,4,1680,0.5,0.8567057623661397,0.002380952380952381,0.002380952380952381,0.0,False,paper_literal_eq15_eq20_joint_v3,paper_joint,paper_fixed_v1,paper,0.0,paper_eq9,vanilla_mappo_paper_env_v2,tanh_squashed_normal_v1,eq17_engineering_thresholds_unbounded_tail_v2,"{""d_att_max_m"":null,""h_adv_m"":5000.0,""h_att_m"":2000.0,""h_max_m"":10000.0,""h_min_m"":0.0,""high_altitude_tail"":0.1,""version"":""eq17_engineering_thresholds_unbounded_tail_v2""}",0.4140816330909729,0.4029715955257416,0.4298819601535797,-0.8820726275444031,-0.13710401933640243,351.68486328125,1.6002879112958908,-0.05222133413391667,-0.023019188255248867,5.008363696807525,0.0,0.0,-224.2740093142229,-88.2,0.0,-0.05222133413391667,-0.017407111377972222,-0.023019188255248867,-0.007673062751749622,5.008363696807525,1.6694545656025082,0.0,0.0,0.0,0.0,-224.2740093142229,-74.75800310474096,-88.2,56,854,3,35,151352,58803,19928,98229,72999,17984,1089,54212,0,21,0,0,3,56,0.05357142857142857,0.040983606557377046,0.0003699984142925102,0.008693970212462715,1636.6323815422868,917.8319192708234,1135.0500867193855,2104.6416964022997,39.76802944513114,39.34586991934765,104.7055874644072,101.8275594075503,165.7190775631818,928.0546825538069,1.0,2951.4363400206266,2153.9944476769006,2766.2126449504967,3779.7166080803454,31.33540593203724,35.34711005378004,127.1741734188785,119.36340657328718,69.04957264715617,964.7689710036432,0.6470588235294118,0.34215843020204145,0.0,0.0,0.0,0.0
76000,38,-303.41525970458986,43.82822909083541,0.0,0.0,0.12,4.24,569,0,569,0,0.0,2.88,1707,0,7,0,7,1707,0.7777777777777778,0.8543543543543544,0.004100761570005858,0.004100761570005858,0.0,False,paper_literal_eq15_eq20_joint_v3,paper_joint,paper_fixed_v1,paper,0.0,paper_eq9,vanilla_mappo_paper_env_v2,tanh_squashed_normal_v1,eq17_engineering_thresholds_unbounded_tail_v2,"{""d_att_max_m"":null,""h_adv_m"":5000.0,""h_att_m"":2000.0,""h_max_m"":10000.0,""h_min_m"":0.0,""high_altitude_tail"":0.1,""version"":""eq17_engineering_thresholds_unbounded_tail_v2""}",0.4180713891983032,0.4063928425312042,0.43361642956733704,-0.8724748492240906,-0.14152688942849637,265.4009124755859,1.625564581155777,-0.07715687295659512,-0.028182581255205726,6.053833102994893,0.0,0.0,-222.96375211369542,-86.4,0.0,-0.07715687295659512,-0.025718957652198376,-0.028182581255205726,-0.009394193751735242,6.053833102994893,2.017944367664964,0.0,0.0,0.0,0.0,-222.96375211369542,-74.32125070456514,-86.4,15,750,1,37,146131,54280,14584,93696,73121,15112,360,52795,0,1,0,0,1,38,0.06666666666666667,0.04933333333333333,0.00010264762439181283,0.008004610655737704,2944.7366970848016,2944.7366970848016,2944.7366970848016,2944.7366970848016,41.990909202437344,41.990909202437344,95.9398518815677,95.9398518815677,211.8518347409655,1547.9237723205993,1.0,3207.331765847218,2473.148242444699,3046.3298415139284,3629.7331478770866,32.39945523501435,37.11724654834127,130.83278012451274,120.42763717734896,23.61422819663031,951.4917189377526,0.696969696969697,0.3396287436414053,0.0,0.0,0.0,0.0
78000,39,-299.9030242919922,50.62862269617139,0.0,0.0,0.12,4.28,577,0,577,0,0.0,2.88,1731,0,8,0,8,1731,0.8,0.850196463654224,0.00462160600808781,0.00462160600808781,0.0,False,paper_literal_eq15_eq20_joint_v3,paper_joint,paper_fixed_v1,paper,0.0,paper_eq9,vanilla_mappo_paper_env_v2,tanh_squashed_normal_v1,eq17_engineering_thresholds_unbounded_tail_v2,"{""d_att_max_m"":null,""h_adv_m"":5000.0,""h_att_m"":2000.0,""h_max_m"":10000.0,""h_min_m"":0.0,""high_altitude_tail"":0.1,""version"":""eq17_engineering_thresholds_unbounded_tail_v2""}",0.42281532287597656,0.4112052917480469,0.4363858103752136,-0.8611196279525757,-0.1645415369886905,312.0259674072266,1.6559592202305793,-0.07496394268800848,-0.02937800025531524,6.467126923838139,0.0,0.0,-219.86580586622594,-86.4,0.0,-0.07496394268800848,-0.024987980896002824,-0.02937800025531524,-0.009792666751771746,6.467126923838139,2.155708974612713,0.0,0.0,0.0,0.0,-219.86580586622594,-73.28860195540865,-86.4,15,798,1,38,152671,54201,19272,99357,74703,15673,631,54092,0,16,0,0,1,54,0.06666666666666667,0.047619047619047616,9.825048633990738e-05,0.008031643467496,2876.7329683420708,2876.7329683420708,2876.7329683420708,2876.7329683420708,42.43736340084855,42.43736340084855,126.40469340218168,126.40469340218168,172.5232293973579,1848.3991241083336,1.0,2897.5474240895805,2006.4740916558512,2623.525508059409,3650.8224755049346,34.119499797998756,38.48392538268632,124.14494487605418,108.52022169367632,47.70360839466542,914.7442329397583,0.7692307692307693,0.33812663811569293,0.0,0.0,0.0,0.0
80000,40,-295.3761859130859,49.458447465346204,0.0,0.0,0.12,4.42,588,0,588,0,0.0,2.88,1763,1,9,0,9,1763,0.9,0.8488204140587385,0.00510204081632653,0.005104934770277935,0.0,False,paper_literal_eq15_eq20_joint_v3,paper_joint,paper_fixed_v1,paper,0.0,paper_eq9,vanilla_mappo_paper_env_v2,tanh_squashed_normal_v1,eq17_engineering_thresholds_unbounded_tail_v2,"{""d_att_max_m"":null,""h_adv_m"":5000.0,""h_att_m"":2000.0,""h_max_m"":10000.0,""h_min_m"":0.0,""high_altitude_tail"":0.1,""version"":""eq17_engineering_thresholds_unbounded_tail_v2""}",0.426391065120697,0.41458040475845337,0.4407740533351898,-0.8527202606201172,-0.15012439321726562,374.4946014404297,1.6865660414099692,-0.11192240473309202,-0.03662967373031132,6.12391971996785,0.0,0.0,-214.95154938798584,-86.4,0.0,-0.11192240473309202,-0.037307468244364005,-0.03662967373031132,-0.012209891243437106,6.12391971996785,2.0413065733226166,0.0,0.0,0.0,0.0,-214.95154938798584,-71.65051646266194,-86.4,0,836,0,41,152850,56383,20025,99075,76312,14479,0,53822,0,15,0,0,0,56,0.0,0.04904306220095694,0.0,0.008438051980822609,0.0,0.0,0.0,0.0,0.0,0.0,0.0,0.0,0.0,0.0,0.0,2999.3869325392934,2219.147738384806,2719.340116004105,3830.454019746687,32.2343004411555,34.47791292217942,121.01779141914416,99.43807336753147,60.72978408229874,1054.5438256767095,0.6818181818181818,0.34523947570264774,0.0,0.0,0.0,0.0
82000,41,-297.19550842285156,50.98676434021528,0.0,0.0,0.12,4.32,597,0,597,0,0.0,2.88,1790,1,9,0,9,1790,0.9,0.8483412322274881,0.005025125628140704,0.005027932960893855,0.0,False,paper_literal_eq15_eq20_joint_v3,paper_joint,paper_fixed_v1,paper,0.0,paper_eq9,vanilla_mappo_paper_env_v2,tanh_squashed_normal_v1,eq17_engineering_thresholds_unbounded_tail_v2,"{""d_att_max_m"":null,""h_adv_m"":5000.0,""h_att_m"":2000.0,""h_max_m"":10000.0,""h_min_m"":0.0,""high_altitude_tail"":0.1,""version"":""eq17_engineering_thresholds_unbounded_tail_v2""}",0.42990297079086304,0.41701680421829224,0.44487279653549194,-0.8445500731468201,-0.11117547596804797,271.422673034668,1.7110071554780006,-0.12725143507957662,-0.038917371071751035,5.555201108211941,0.0,0.0,-216.184553543331,-86.4,0.0,-0.12725143507957662,-0.04241714502652554,-0.038917371071751035,-0.012972457023917012,5.555201108211941,1.8517337027373137,0.0,0.0,0.0,0.0,-216.184553543331,-72.061517847777,-86.4,0,779,0,33,151508,59615,15324,101806,80896,12064,0,49702,0,13,0,0,0,46,0.0,0.04236200256739409,0.0,0.007651808341355126,0.0,0.0,0.0,0.0,0.0,0.0,0.0,0.0,0.0,0.0,0.0,2855.192827785464,2113.3219305104926,2439.5865643889992,3394.015047397901,33.552393897161075,36.83812586522497,124.6196699436082,114.63777915620392,47.02035284461318,1126.4039289076568,0.7352941176470589,0.3520636184277363,0.0,0.0,0.0,0.0
84000,42,-296.55126892089845,53.2288784985626,0.0,0.0,0.1,4.26,607,0,607,0,0.0,2.9,1820,1,9,0,9,1820,0.9,0.8461180846118085,0.004942339373970346,0.004945054945054945,0.0,False,paper_literal_eq15_eq20_joint_v3,paper_joint,paper_fixed_v1,paper,0.0,paper_eq9,vanilla_mappo_paper_env_v2,tanh_squashed_normal_v1,eq17_engineering_thresholds_unbounded_tail_v2,"{""d_att_max_m"":null,""h_adv_m"":5000.0,""h_att_m"":2000.0,""h_max_m"":10000.0,""h_min_m"":0.0,""high_altitude_tail"":0.1,""version"":""eq17_engineering_thresholds_unbounded_tail_v2""}",0.4331021010875702,0.422518789768219,0.4477446377277374,-0.8370839953422546,-0.14357491121627391,366.5434234619141,1.734676593542099,-0.11935571746924355,-0.039750935854781295,4.9683111265485085,0.0,0.0,-214.36049671795823,-87.0,0.0,-0.11935571746924355,-0.03978523915641451,-0.039750935854781295,-0.013250311951593765,4.9683111265485085,1.6561037088495028,0.0,0.0,0.0,0.0,-214.36049671795823,-71.45349890598608,-87.0,7,985,0,41,157400,56989,18645,100241,75194,20828,0,57159,0,22,0,0,0,63,0.0,0.0416243654822335,4.4472681067344344e-05,0.0098263185722409,0.0,0.0,0.0,0.0,0.0,0.0,0.0,0.0,0.0,0.0,0.0,2879.702871037432,2163.0859675374595,2515.0462446451706,3218.3813630372383,33.1781684218816,37.611952443692324,139.63559600828017,152.48845043955015,-1.8558176354920806,1140.5170794597668,0.6190476190476191,0.3606081273477546,0.0,0.0,0.0,0.0
86000,43,-301.4697491455078,56.210229662050885,0.0,0.0,0.08,4.26,614,0,614,0,0.0,2.92,1841,1,9,0,9,1841,0.9,0.8406392694063927,0.004885993485342019,0.004888647474198805,0.0,False,paper_literal_eq15_eq20_joint_v3,paper_joint,paper_fixed_v1,paper,0.0,paper_eq9,vanilla_mappo_paper_env_v2,tanh_squashed_normal_v1,eq17_engineering_thresholds_unbounded_tail_v2,"{""d_att_max_m"":null,""h_adv_m"":5000.0,""h_att_m"":2000.0,""h_max_m"":10000.0,""h_min_m"":0.0,""high_altitude_tail"":0.1,""version"":""eq17_engineering_thresholds_unbounded_tail_v2""}",0.4371653199195862,0.4264903962612152,0.45125648379325867,-0.8277246356010437,-0.11981278611347079,280.2999786376953,1.76042483150959,-0.12636885310875107,-0.04089392424918812,4.262976317644263,0.0,0.0,-217.9654870507003,-87.6,0.0,-0.12636885310875107,-0.042122951036250356,-0.04089392424918812,-0.013631308083062706,4.262976317644263,1.420992105881421,0.0,0.0,0.0,0.0,-217.9654870507003,-72.65516235023343,-87.6,0,892,0,39,158602,59166,17388,104342,81438,15920,0,54260,0,34,0,0,0,73,0.0,0.043721973094170405,0.0,0.008548810641927508,0.0,0.0,0.0,0.0,0.0,0.0,0.0,0.0,0.0,0.0,0.0,3010.158286879405,2426.2880526985946,2834.37333451923,3328.576471727553,32.149109700782695,35.65049117533484,129.28546950876748,130.04163899422366,29.631766420933854,1337.548554618121,0.6666666666666666,0.3596432248000448,0.0,0.0,0.0,0.0
88000,44,-311.8007650756836,55.13694472694864,0.0,0.0,0.04,4.28,624,0,624,0,0.0,2.96,1871,1,10,0,10,1871,0.8333333333333334,0.841655420602789,0.005341880341880342,0.005344735435595938,0.0,False,paper_literal_eq15_eq20_joint_v3,paper_joint,paper_fixed_v1,paper,0.0,paper_eq9,vanilla_mappo_paper_env_v2,tanh_squashed_normal_v1,eq17_engineering_thresholds_unbounded_tail_v2,"{""d_att_max_m"":null,""h_adv_m"":5000.0,""h_att_m"":2000.0,""h_max_m"":10000.0,""h_min_m"":0.0,""high_altitude_tail"":0.1,""version"":""eq17_engineering_thresholds_unbounded_tail_v2""}",0.43978044390678406,0.4281194508075714,0.4533241093158722,-0.8217569589614868,-0.11426730090752243,270.4168930053711,1.7832729041576385,-0.14043052947478202,-0.04239584731452548,4.292657156565771,0.0,0.0,-227.1106181673539,-88.8,0.0,-0.14043052947478202,-0.046810176491594004,-0.04239584731452548,-0.014131949104841827,4.292657156565771,1.430885718855257,0.0,0.0,0.0,0.0,-227.1106181673539,-75.70353938911796,-88.8,30,673,2,33,156816,60086,18109,109512,85886,15532,762,48066,0,5,0,0,2,38,0.06666666666666667,0.04903417533432392,0.00019130700948882768,0.00614544524800935,1326.4318040510473,1170.1681162998102,1326.4318040510473,1482.6954918022843,37.17711783982402,37.17711783982402,109.44051944051014,109.44051944051014,228.80961850114826,680.2175942396607,1.0,2768.476910337603,2178.184938205535,2772.4533568874467,3044.131667063755,31.955845852338516,35.46208847758185,116.3420920301984,100.20919807112143,51.094136491457235,1197.7762263678744,0.8333333333333334,0.36398581717887485,0.0,0.0,0.0,0.0
90000,45,-320.33269866943357,46.18556277220134,0.0,0.0,0.04,4.22,631,0,631,0,0.0,2.96,1890,3,11,0,11,1890,0.9166666666666666,0.8329660643455267,0.005810882197569995,0.00582010582010582,0.0,False,paper_literal_eq15_eq20_joint_v3,paper_joint,paper_fixed_v1,paper,0.0,paper_eq9,vanilla_mappo_paper_env_v2,tanh_squashed_normal_v1,eq17_engineering_thresholds_unbounded_tail_v2,"{""d_att_max_m"":null,""h_adv_m"":5000.0,""h_att_m"":2000.0,""h_max_m"":10000.0,""h_min_m"":0.0,""high_altitude_tail"":0.1,""version"":""eq17_engineering_thresholds_unbounded_tail_v2""}",0.4449317455291748,0.434658020734787,0.4573955833911896,-0.8100570440292358,-0.09636108507402241,274.25864868164064,1.8095882549881934,-0.16254819287040967,-0.045554823897650115,3.560473353795772,0.0,0.0,-234.8850883454548,-88.8,0.0,-0.16254819287040967,-0.054182730956803225,-0.045554823897650115,-0.015184941299216706,3.560473353795772,1.1868244512652573,0.0,0.0,0.0,0.0,-234.8850883454548,-78.29502944848493,-88.8,0,997,0,46,144946,46338,14951,90237,73391,10033,0,54709,0,15,0,0,0,61,0.0,0.04613841524573721,0.0,0.01104868291277414,0.0,0.0,0.0,0.0,0.0,0.0,0.0,0.0,0.0,0.0,0.0,2591.153618761796,1981.3652847508502,2330.624104950247,2932.0621215943384,31.04643157786984,33.24679183180436,126.5867666315804,109.78165856240554,43.82832097284637,1259.6394648165633,0.5897435897435898,0.36028110178585937,0.0,0.0,0.0,0.0
92000,46,-324.83808349609376,49.78002033048764,0.0,0.0,0.04,4.26,638,0,638,0,0.0,2.96,1911,3,11,0,11,1911,0.9166666666666666,0.8265570934256056,0.005747126436781609,0.0057561486132914706,0.0,False,paper_literal_eq15_eq20_joint_v3,paper_joint,paper_fixed_v1,paper,0.0,paper_eq9,vanilla_mappo_paper_env_v2,tanh_squashed_normal_v1,eq17_engineering_thresholds_unbounded_tail_v2,"{""d_att_max_m"":null,""h_adv_m"":5000.0,""h_att_m"":2000.0,""h_max_m"":10000.0,""h_min_m"":0.0,""high_altitude_tail"":0.1,""version"":""eq17_engineering_thresholds_unbounded_tail_v2""}",0.44983384013175964,0.43816086649894714,0.46324729919433594,-0.799139142036438,-0.06577798747457564,196.74008026123047,1.844278511404991,-0.13608510020697928,-0.04505859949011561,3.5219842284058025,0.0,0.0,-239.3789442005946,-88.8,0.0,-0.13608510020697928,-0.045361700068993094,-0.04505859949011561,-0.015019533163371871,3.5219842284058025,1.1739947428019342,0.0,0.0,0.0,0.0,-239.3789442005946,-79.7929814001982,-88.8,0,1184,0,43,143014,42873,16030,79242,59676,13170,0,63772,0,3,0,0,0,46,0.0,0.036317567567567564,0.0,0.014941571388909922,0.0,0.0,0.0,0.0,0.0,0.0,0.0,0.0,0.0,0.0,0.0,3021.0786469381696,2310.3128977216766,2875.823735963022,3291.859683192596,32.047957481410826,35.615398177542346,138.54963962993955,146.0916227705087,1.3940856873954433,1540.6341357995434,0.4883720930232558,0.36642165473040095,0.0,0.0,0.0,0.0
94000,47,-330.1371142578125,49.288057508940646,0.0,0.0,0.04,4.6,647,0,647,0,0.0,2.96,1938,3,11,0,11,1938,0.9166666666666666,0.8264392324093817,0.005667181865018032,0.005675954592363261,0.0,False,paper_literal_eq15_eq20_joint_v3,paper_joint,paper_fixed_v1,paper,0.0,paper_eq9,vanilla_mappo_paper_env_v2,tanh_squashed_normal_v1,eq17_engineering_thresholds_unbounded_tail_v2,"{""d_att_max_m"":null,""h_adv_m"":5000.0,""h_att_m"":2000.0,""h_max_m"":10000.0,""h_min_m"":0.0,""high_altitude_tail"":0.1,""version"":""eq17_engineering_thresholds_unbounded_tail_v2""}",0.4521596431732178,0.4397578835487366,0.46485692262649536,-0.793976902961731,-0.1686741068959236,326.93260192871094,1.8683968424797057,-0.1399477762177255,-0.04688946204963454,4.520546321332865,0.0,0.0,-245.67080457441588,-88.8,0.0,-0.1399477762177255,-0.04664925873924183,-0.04688946204963454,-0.015629820683211514,4.520546321332865,1.5068487737776215,0.0,0.0,0.0,0.0,-245.67080457441588,-81.89026819147196,-88.8,7,831,0,33,151686,55286,17853,99783,74442,15104,0,51903,0,0,0,0,0,33,0.0,0.039711191335740074,4.614796355629392e-05,0.008328071916057845,0.0,0.0,0.0,0.0,0.0,0.0,0.0,0.0,0.0,0.0,0.0,3300.841350902762,2647.483984426142,2957.0900522067254,4023.8510879072837,29.45162037343273,33.30215724091948,134.1850058428911,137.97101533914733,42.97283283019199,1324.9856374625192,0.6486486486486487,0.3697723098439677,0.0,0.0,0.0,0.0
96000,48,-334.12113891601564,64.07321946238297,0.0,0.0,0.04,4.78,654,0,654,0,0.0,2.96,1958,4,11,0,11,1958,0.9166666666666666,0.8216533780948384,0.0056065239551478085,0.0056179775280898875,0.0,False,paper_literal_eq15_eq20_joint_v3,paper_joint,paper_fixed_v1,paper,0.0,paper_eq9,vanilla_mappo_paper_env_v2,tanh_squashed_normal_v1,eq17_engineering_thresholds_unbounded_tail_v2,"{""d_att_max_m"":null,""h_adv_m"":5000.0,""h_att_m"":2000.0,""h_max_m"":10000.0,""h_min_m"":0.0,""high_altitude_tail"":0.1,""version"":""eq17_engineering_thresholds_unbounded_tail_v2""}",0.45403873920440674,0.44242697954177856,0.467855304479599,-0.789838969707489,-0.17210442703217269,283.8709228515625,1.8817370414733887,-0.1692956558084187,-0.047834247212518714,5.358460245345636,0.0,0.0,-250.46245193782582,-88.8,0.0,-0.1692956558084187,-0.0564318852694729,-0.047834247212518714,-0.01594474907083957,5.358460245345636,1.786153415115212,0.0,0.0,0.0,0.0,-250.46245193782582,-83.48748397927527,-88.8,2,1052,0,38,140440,43566,15559,81835,59847,16205,0,58605,0,0,0,0,0,38,0.0,0.03612167300380228,1.4240956992309883e-05,0.0128551353332926,0.0,0.0,0.0,0.0,0.0,0.0,0.0,0.0,0.0,0.0,0.0,3415.1944634466677,2338.418404569008,2985.0196355987255,4456.83059547689,29.161305322170627,28.631139861000754,138.522995392559,155.86033370860395,-1.6845332573077512,1228.6720344154594,0.5135135135135135,0.3765838885418326,0.0,0.0,0.0,0.0
98000,49,-332.67655700683594,63.24129964634899,0.0,0.0,0.04,4.76,662,0,662,0,0.0,2.96,1979,7,11,0,11,1979,0.7857142857142857,0.8174308137133416,0.0055387713997985906,0.0055583628094997475,0.0,False,paper_literal_eq15_eq20_joint_v3,paper_joint,paper_fixed_v1,paper,0.0,paper_eq9,vanilla_mappo_paper_env_v2,tanh_squashed_normal_v1,eq17_engineering_thresholds_unbounded_tail_v2,"{""d_att_max_m"":null,""h_adv_m"":5000.0,""h_att_m"":2000.0,""h_max_m"":10000.0,""h_min_m"":0.0,""high_altitude_tail"":0.1,""version"":""eq17_engineering_thresholds_unbounded_tail_v2""}",0.4585134983062744,0.44766300916671753,0.47214752435684204,-0.7800111770629883,-0.09718612460419536,290.28989868164064,1.9013638839125633,-0.19689008347749823,-0.049179563657101105,6.057528357374065,0.0,0.0,-249.6879974499514,-88.8,0.0,-0.19689008347749823,-0.06563002782583274,-0.049179563657101105,-0.016393187885700367,6.057528357374065,2.019176119124688,0.0,0.0,0.0,0.0,-249.6879974499514,-83.22933248331714,-88.8,30,936,2,38,160565,59365,21877,106285,80798,16836,955,55235,0,18,0,0,2,56,0.06666666666666667,0.0405982905982906,0.00018684022047146015,0.008806510796443524,2161.064464256856,2133.7127119279635,2161.064464256856,2188.4162165857488,43.46442563617292,43.46442563617292,121.73272286465813,121.73272286465813,244.60177468497503,1758.023086498158,0.0,3172.743844522651,2393.9981144653966,2811.5472451220717,3515.8927891303692,30.91696497514953,36.955889816086064,140.4346673908447,145.54797374602788,-22.783660322345106,1664.1886612991948,0.4864864864864865,0.37403702136534833,0.0,0.0,0.0,0.0
100000,50,-335.3540774536133,69.67067166230693,0.0,0.0,0.08,4.86,668,0,668,0,0.0,2.92,1997,7,13,0,13,1997,0.9285714285714286,0.8131107491856677,0.006487025948103792,0.006509764646970456,0.0,False,paper_literal_eq15_eq20_joint_v3,paper_joint,paper_fixed_v1,paper,0.0,paper_eq9,vanilla_mappo_paper_env_v2,tanh_squashed_normal_v1,eq17_engineering_thresholds_unbounded_tail_v2,"{""d_att_max_m"":null,""h_adv_m"":5000.0,""h_att_m"":2000.0,""h_max_m"":10000.0,""h_min_m"":0.0,""high_altitude_tail"":0.1,""version"":""eq17_engineering_thresholds_unbounded_tail_v2""}",0.4631746709346771,0.45299452543258667,0.47732868790626526,-0.7698976397514343,-0.1296379121951759,231.23603515625,1.9335582822561264,-0.19798401580816377,-0.05248193099418295,5.879935059229154,0.0,0.0,-253.38352616228713,-87.6,0.0,-0.19798401580816377,-0.06599467193605459,-0.05248193099418295,-0.017493976998060982,5.879935059229154,1.9599783530763846,0.0,0.0,0.0,0.0,-253.38352616228713,-84.46117538742904,-87.6,0,741,0,35,145726,45320,24605,93484,64087,20454,465,54598,0,20,0,0,0,55,0.0,0.04723346828609987,0.0,0.007926490094561636,0.0,0.0,0.0,0.0,0.0,0.0,0.0,0.0,0.0,0.0,1.0,2906.999150063959,1996.1625377524474,2659.8273994960546,3881.522794514389,29.456578212725482,35.827803338740644,139.64846970315457,147.32083860340867,-1.6394223757751338,1320.4912016257592,0.6111111111111112,0.37752419554249167,0.0,0.0,0.0,0.0
102000,51,-343.1303771972656,70.6349375941698,0.0,0.0,0.04,5.16,676,0,676,0,0.0,2.96,2020,8,13,0,13,2020,0.9285714285714286,0.8096192384769539,0.00641025641025641,0.006435643564356435,0.0,False,paper_literal_eq15_eq20_joint_v3,paper_joint,paper_fixed_v1,paper,0.0,paper_eq9,vanilla_mappo_paper_env_v2,tanh_squashed_normal_v1,eq17_engineering_thresholds_unbounded_tail_v2,"{""d_att_max_m"":null,""h_adv_m"":5000.0,""h_att_m"":2000.0,""h_max_m"":10000.0,""h_min_m"":0.0,""high_altitude_tail"":0.1,""version"":""eq17_engineering_thresholds_unbounded_tail_v2""}",0.46732139587402344,0.4593815505504608,0.47959768772125244,-0.7609142065048218,-0.13250699890777468,317.4253173828125,1.9613454177975655,-0.22301075680122043,-0.05788407140663402,7.017436146685858,0.0,0.0,-261.06690638238166,-88.8,0.0,-0.22301075680122043,-0.07433691893374014,-0.05788407140663402,-0.019294690468878006,7.017436146685858,2.3391453822286192,0.0,0.0,0.0,0.0,-261.06690638238166,-87.02230212746055,-88.8,0,977,0,39,152074,48616,16086,93106,72248,16967,0,58968,0,10,0,0,0,49,0.0,0.03991811668372569,0.0,0.01049341610637338,0.0,0.0,0.0,0.0,0.0,0.0,0.0,0.0,0.0,0.0,0.0,3023.2086854957593,2165.8173805969273,2795.726233819127,3326.2772765867885,31.43316134757879,37.722998066370565,133.22845612693547,132.29809714778332,5.959333153537899,1563.55388001682,0.625,0.37961978115708717,0.0,0.0,0.0,0.0
104000,52,-348.31910522460936,75.40421750418207,0.0,0.0,0.04,5.32,684,0,684,0,0.0,2.96,2043,9,13,0,13,2043,0.9285714285714286,0.8049645390070922,0.006335282651072124,0.006363191385217817,0.0,False,paper_literal_eq15_eq20_joint_v3,paper_joint,paper_fixed_v1,paper,0.0,paper_eq9,vanilla_mappo_paper_env_v2,tanh_squashed_normal_v1,eq17_engineering_thresholds_unbounded_tail_v2,"{""d_att_max_m"":null,""h_adv_m"":5000.0,""h_att_m"":2000.0,""h_max_m"":10000.0,""h_min_m"":0.0,""high_altitude_tail"":0.1,""version"":""eq17_engineering_thresholds_unbounded_tail_v2""}",0.4714025855064392,0.4625858664512634,0.48279452323913574,-0.7522027492523193,-0.13670404283329846,213.33063354492188,1.9876589626073837,-0.23590756866626836,-0.060473598393647465,7.685482798583039,0.0,0.0,-266.90820158237557,-88.8,0.0,-0.23590756866626836,-0.07863585622208945,-0.060473598393647465,-0.020157866131215823,7.685482798583039,2.5618275995276796,0.0,0.0,0.0,0.0,-266.90820158237557,-88.96940052745852,-88.8,0,1079,0,43,146601,50477,17336,81996,66351,13120,0,66208,0,0,0,0,0,43,0.0,0.03985171455050973,0.0,0.013159178496512025,0.0,0.0,0.0,0.0,0.0,0.0,0.0,0.0,0.0,0.0,0.0,3057.7164689938145,2595.198540224512,3097.766118183097,3717.5044640976366,28.852636713847296,32.294931593240506,140.70785372348232,152.98995716557857,5.002736968084721,1038.2392337875895,0.46511627906976744,0.3803551174607934,0.0,0.0,0.0,0.0
106000,53,-352.9260690307617,75.5574320020058,0.0,0.0,0.04,5.32,691,0,691,0,0.0,2.96,2064,9,13,0,13,2064,0.9285714285714286,0.8,0.006271104679208876,0.006298449612403101,0.0,False,paper_literal_eq15_eq20_joint_v3,paper_joint,paper_fixed_v1,paper,0.0,paper_eq9,vanilla_mappo_paper_env_v2,tanh_squashed_normal_v1,eq17_engineering_thresholds_unbounded_tail_v2,"{""d_att_max_m"":null,""h_adv_m"":5000.0,""h_att_m"":2000.0,""h_max_m"":10000.0,""h_min_m"":0.0,""high_altitude_tail"":0.1,""version"":""eq17_engineering_thresholds_unbounded_tail_v2""}",0.4732538163661957,0.4649079144001007,0.48455381393432617,-0.7482759952545166,-0.23392177890054883,196.30441131591797,2.0072279781103135,-0.2627308282543245,-0.0646587648489667,7.990659464418858,0.0,0.0,-271.78935460002015,-88.8,0.0,-0.2627308282543245,-0.0875769427514415,-0.0646587648489667,-0.021552921616322232,7.990659464418858,2.663553154806286,0.0,0.0,0.0,0.0,-271.78935460002015,-90.59645153334004,-88.8,0,1082,0,42,143691,42773,19908,81316,59904,17959,0,65014,0,15,0,0,0,57,0.0,0.038817005545286505,0.0,0.01330611441782675,0.0,0.0,0.0,0.0,0.0,0.0,0.0,0.0,0.0,0.0,0.0,3115.818415332921,2419.242707008264,2951.586255519698,3766.837328450401,31.871028762727356,35.797243667618716,139.65609142398924,144.7439587124337,-9.182797914045993,1634.2083798966091,0.4878048780487805,0.39120395260771035,0.0,0.0,0.0,0.0
108000,54,-356.41442413330077,81.35815920542788,0.0,0.0,0.04,5.22,696,0,696,0,0.0,2.96,2078,10,13,0,13,2078,0.9285714285714286,0.7943425076452599,0.006226053639846743,0.006256015399422521,0.0,False,paper_literal_eq15_eq20_joint_v3,paper_joint,paper_fixed_v1,paper,0.0,paper_eq9,vanilla_mappo_paper_env_v2,tanh_squashed_normal_v1,eq17_engineering_thresholds_unbounded_tail_v2,"{""d_att_max_m"":null,""h_adv_m"":5000.0,""h_att_m"":2000.0,""h_max_m"":10000.0,""h_min_m"":0.0,""high_altitude_tail"":0.1,""version"":""eq17_engineering_thresholds_unbounded_tail_v2""}",0.47549790143966675,0.4662156403064728,0.4883168935775757,-0.7435855269432068,-0.22541408259421586,185.5581802368164,2.019719287753105,-0.2574011006549935,-0.06751458019971672,7.230423550854373,0.0,0.0,-274.5199497820226,-88.8,0.0,-0.2574011006549935,-0.08580036688499783,-0.06751458019971672,-0.02250486006657224,7.230423550854373,2.410141183618124,0.0,0.0,0.0,0.0,-274.5199497820226,-91.50664992734086,-88.8,0,985,0,36,148131,45500,16668,83746,63769,15402,0,64385,0,19,0,0,0,55,0.0,0.03654822335025381,0.0,0.011761755785350943,0.0,0.0,0.0,0.0,0.0,0.0,0.0,0.0,0.0,0.0,0.0,3821.207494125045,2646.3820227938004,3380.7949365628356,4417.276579503548,26.169958706637786,30.300272956753226,147.16491535530733,157.15521612281077,-4.468478195636891,1498.1585641194017,0.45714285714285713,0.3824587263243951,0.0,0.0,0.0,0.0
110000,55,-367.62058807373046,88.733200284392,0.0,0.0,0.04,5.46,701,0,701,0,0.0,2.96,2092,11,13,0,13,2092,0.9285714285714286,0.7915247824441922,0.006181645268663814,0.00621414913957935,0.0,False,paper_literal_eq15_eq20_joint_v3,paper_joint,paper_fixed_v1,paper,0.0,paper_eq9,vanilla_mappo_paper_env_v2,tanh_squashed_normal_v1,eq17_engineering_thresholds_unbounded_tail_v2,"{""d_att_max_m"":null,""h_adv_m"":5000.0,""h_att_m"":2000.0,""h_max_m"":10000.0,""h_min_m"":0.0,""high_altitude_tail"":0.1,""version"":""eq17_engineering_thresholds_unbounded_tail_v2""}",0.47872647643089294,0.4686884880065918,0.49112164974212646,-0.7368141412734985,-0.22106932578608393,147.53777923583985,2.0366438657045363,-0.2657101874373704,-0.07398269224965567,7.6665430669885675,0.0,0.0,-286.14744467397315,-88.8,0.0,-0.2657101874373704,-0.08857006247912347,-0.07398269224965567,-0.02466089741655189,7.6665430669885675,2.5555143556628557,0.0,0.0,0.0,0.0,-286.14744467397315,-95.38248155799106,-88.8,0,665,0,27,132235,36386,15890,69072,50699,14348,0,63163,0,15,0,0,0,42,0.0,0.0406015037593985,0.0,0.009627634931665508,0.0,0.0,0.0,0.0,0.0,0.0,0.0,0.0,0.0,0.0,0.0,3465.019121158285,2497.280679161542,3460.5964227873433,3765.2840650010103,26.409754729852235,28.377532053441815,146.29679132973286,155.4676093046699,-15.699195795878726,1473.7841641468624,0.4827586206896552,0.394213154051646,0.0,0.0,0.0,0.0
112000,56,-372.36226470947264,90.25557571460752,0.0,0.0,0.04,5.5,708,0,708,0,0.0,2.96,2113,11,13,0,13,2113,0.9285714285714286,0.7866716306775875,0.006120527306967985,0.006152389966871746,0.0,False,paper_literal_eq15_eq20_joint_v3,paper_joint,paper_fixed_v1,paper,0.0,paper_eq9,vanilla_mappo_paper_env_v2,tanh_squashed_normal_v1,eq17_engineering_thresholds_unbounded_tail_v2,"{""d_att_max_m"":null,""h_adv_m"":5000.0,""h_att_m"":2000.0,""h_max_m"":10000.0,""h_min_m"":0.0,""high_altitude_tail"":0.1,""version"":""eq17_engineering_thresholds_unbounded_tail_v2""}",0.48228293657302856,0.47322767972946167,0.4940876066684723,-0.7293875217437744,-0.03156506842933595,159.22880859375,2.0571656793355944,-0.25166546006760965,-0.0767694786276272,9.489160542856116,0.0,0.0,-292.7229824006911,-88.8,0.0,-0.25166546006760965,-0.08388848668920322,-0.0767694786276272,-0.025589826209209066,9.489160542856116,3.1630535142853717,0.0,0.0,0.0,0.0,-292.7229824006911,-97.57432746689703,-88.8,0,1031,0,43,152893,41510,20202,85336,61009,21801,0,67557,0,0,0,0,0,43,0.0,0.041707080504364696,0.0,0.012081653698321928,0.0,0.0,0.0,0.0,0.0,0.0,0.0,0.0,0.0,0.0,0.0,3478.9267594546172,2451.836086482981,3074.6822490935187,3878.258704759779,29.491319296040327,35.39568696841265,142.42622153088794,149.86998447188498,-9.109278334272313,1528.8084148310588,0.5833333333333334,0.39216509316311327,0.0,0.0,0.0,0.0
114000,57,-371.2340557861328,87.3782035173407,0.0,0.0,0.0,5.46,716,0,716,0,0.0,3.0,2137,11,13,0,13,2137,0.9285714285714286,0.7862398822663723,0.006052141527001862,0.006083294337856809,0.0,False,paper_literal_eq15_eq20_joint_v3,paper_joint,paper_fixed_v1,paper,0.0,paper_eq9,vanilla_mappo_paper_env_v2,tanh_squashed_normal_v1,eq17_engineering_thresholds_unbounded_tail_v2,"{""d_att_max_m"":null,""h_adv_m"":5000.0,""h_att_m"":2000.0,""h_max_m"":10000.0,""h_min_m"":0.0,""high_altitude_tail"":0.1,""version"":""eq17_engineering_thresholds_unbounded_tail_v2""}",0.48657846450805664,0.4783242344856262,0.49815765023231506,-0.7205063700675964,-0.07067984091117978,124.92605438232422,2.0827266931533814,-0.25829295063369456,-0.07886805421971473,9.413336300578528,0.0,0.0,-290.3102250802075,-90.0,0.0,-0.25829295063369456,-0.08609765021123152,-0.07886805421971473,-0.026289351406571574,9.413336300578528,3.1377787668595096,0.0,0.0,0.0,0.0,-290.3102250802075,-96.77007502673582,-90.0,0,896,0,32,142879,47303,7443,78127,68290,7118,0,64752,0,8,0,0,0,40,0.0,0.03571428571428571,0.0,0.011468506406236,0.0,0.0,0.0,0.0,0.0,0.0,0.0,0.0,0.0,0.0,0.0,3202.1661514152984,2489.4245600545473,2943.9232553869197,3497.8587249197417,25.014506389781225,25.129282411685267,149.783211342451,163.59613566209669,-1.1362393148419088,1375.263978480219,0.5121951219512195,0.3921161198686166,0.0,0.0,0.0,0.0
116000,58,-378.29505737304686,88.82615997987688,0.0,0.0,0.0,5.76,723,0,723,0,0.0,3.0,2158,11,13,0,13,2158,0.9285714285714286,0.7835875090777051,0.00599354541263255,0.006024096385542169,0.0,False,paper_literal_eq15_eq20_joint_v3,paper_joint,paper_fixed_v1,paper,0.0,paper_eq9,vanilla_mappo_paper_env_v2,tanh_squashed_normal_v1,eq17_engineering_thresholds_unbounded_tail_v2,"{""d_att_max_m"":null,""h_adv_m"":5000.0,""h_att_m"":2000.0,""h_max_m"":10000.0,""h_min_m"":0.0,""high_altitude_tail"":0.1,""version"":""eq17_engineering_thresholds_unbounded_tail_v2""}",0.48977717757225037,0.48095789551734924,0.5018773674964905,-0.7139670848846436,-0.22889569522812964,130.92865142822265,2.105716052651405,-0.26125759413771826,-0.08014086136699784,11.603818345438897,0.0,0.0,-299.5574467762603,-90.0,0.0,-0.26125759413771826,-0.08708586471257275,-0.08014086136699784,-0.026713620455665946,11.603818345438897,3.8679394484796323,0.0,0.0,0.0,0.0,-299.5574467762603,-99.85248225875343,-90.0,0,952,0,36,136407,31975,18639,67479,44220,17752,0,68928,0,25,0,0,0,61,0.0,0.037815126050420166,0.0,0.014108092888157796,0.0,0.0,0.0,0.0,0.0,0.0,0.0,0.0,0.0,0.0,0.0,3542.365652201246,2597.748754844917,3128.0365446503138,4612.979897320843,29.63718885112059,37.491988357800146,145.94497466594132,153.5439631529971,-23.700294871274018,1578.0455995337713,0.48717948717948717,0.3941976258022078,0.0,0.0,0.0,0.0
118000,59,-373.16462158203126,88.74632785739658,0.0,0.0,0.0,5.76,729,0,729,0,0.0,3.0,2174,13,13,0,13,2174,0.9285714285714286,0.77726135144798,0.00594421582075903,0.005979760809567618,0.0,False,paper_literal_eq15_eq20_joint_v3,paper_joint,paper_fixed_v1,paper,0.0,paper_eq9,vanilla_mappo_paper_env_v2,tanh_squashed_normal_v1,eq17_engineering_thresholds_unbounded_tail_v2,"{""d_att_max_m"":null,""h_adv_m"":5000.0,""h_att_m"":2000.0,""h_max_m"":10000.0,""h_min_m"":0.0,""high_altitude_tail"":0.1,""version"":""eq17_engineering_thresholds_unbounded_tail_v2""}",0.4953622817993164,0.4852592945098877,0.5069576501846313,-0.7026275992393494,-0.08890663743950426,180.91734008789064,2.131640276312828,-0.293166254310562,-0.08438512553228252,11.49324369100855,0.0,0.0,-294.28028185548055,-90.0,0.0,-0.293166254310562,-0.09772208477018733,-0.08438512553228252,-0.028128375177427504,11.49324369100855,3.831081230336183,0.0,0.0,0.0,0.0,-294.28028185548055,-98.09342728516019,-90.0,0,1000,0,43,172318,47433,23079,97902,69535,22294,0,74492,0,29,0,0,0,72,0.0,0.043,0.0,0.010214295928581642,0.0,0.0,0.0,0.0,0.0,0.0,0.0,0.0,0.0,0.0,0.0,3174.001834500035,2416.3463060004788,3010.226430661366,3899.079467711263,33.43250313193834,40.819819660092016,145.54203433128544,156.63450942106434,-34.14611262784121,1316.4557436938414,0.47368421052631576,0.39600675643886885,0.0,0.0,0.0,0.0
120000,60,-374.18648132324216,87.55123624662468,0.0,0.0,0.0,5.72,733,0,733,0,0.0,3.0,2186,13,13,0,13,2186,0.9285714285714286,0.7718926553672316,0.005911778080945885,0.005946935041171089,0.0,False,paper_literal_eq15_eq20_joint_v3,paper_joint,paper_fixed_v1,paper,0.0,paper_eq9,vanilla_mappo_paper_env_v2,tanh_squashed_normal_v1,eq17_engineering_thresholds_unbounded_tail_v2,"{""d_att_max_m"":null,""h_adv_m"":5000.0,""h_att_m"":2000.0,""h_max_m"":10000.0,""h_min_m"":0.0,""high_altitude_tail"":0.1,""version"":""eq17_engineering_thresholds_unbounded_tail_v2""}",0.49863165616989136,0.48942917585372925,0.510482668876648,-0.696042537689209,-0.1539105933625251,146.34691314697267,2.15959609746933,-0.3011992593763419,-0.08653491834425556,12.55383630830989,0.0,0.0,-296.35254155272014,-90.0,0.0,-0.3011992593763419,-0.1003997531254473,-0.08653491834425556,-0.02884497278141852,12.55383630830989,4.184612102769964,0.0,0.0,0.0,0.0,-296.35254155272014,-98.78418051757338,-90.0,0,786,0,35,127614,24810,11487,59337,42541,12725,0,68277,0,4,0,0,0,39,0.0,0.044529262086514,0.0,0.013246372415187826,0.0,0.0,0.0,0.0,0.0,0.0,0.0,0.0,0.0,0.0,0.0,3543.249175691324,2571.24546391321,3192.091331251117,4062.741222886492,31.070964493114708,34.8242385741978,141.00382763127936,153.34223910625477,-1.7193294135261978,1835.445663514981,0.47058823529411764,0.4013934955509731,0.0,0.0,0.0,0.0
122000,61,-383.9208001708984,87.33436739358521,0.0,0.0,0.0,5.8,738,0,738,0,0.0,3.0,2201,13,13,0,13,2201,0.9285714285714286,0.7645015630427232,0.005871725383920506,0.005906406179009541,0.0,False,paper_literal_eq15_eq20_joint_v3,paper_joint,paper_fixed_v1,paper,0.0,paper_eq9,vanilla_mappo_paper_env_v2,tanh_squashed_normal_v1,eq17_engineering_thresholds_unbounded_tail_v2,"{""d_att_max_m"":null,""h_adv_m"":5000.0,""h_att_m"":2000.0,""h_max_m"":10000.0,""h_min_m"":0.0,""high_altitude_tail"":0.1,""version"":""eq17_engineering_thresholds_unbounded_tail_v2""}",0.5022426843643188,0.4928986728191376,0.5161496996879578,-0.688869833946228,-0.16026651887223126,161.53534393310548,2.179431584477425,-0.28458088323743214,-0.08687361903851355,12.545507339096902,0.0,0.0,-306.0947986964611,-90.0,0.0,-0.28458088323743214,-0.09486029441247738,-0.08687361903851355,-0.02895787301283785,12.545507339096902,4.181835779698967,0.0,0.0,0.0,0.0,-306.0947986964611,-102.03159956548704,-90.0,0,1148,0,47,156172,40410,22578,82581,57431,19992,0,73591,0,1,0,0,0,48,0.0,0.040940766550522645,0.0,0.013901502766980298,0.0,0.0,0.0,0.0,0.0,0.0,0.0,0.0,0.0,0.0,0.0,3708.9676849621223,2664.815038066159,3039.982134006659,4036.2757453728073,25.176920284619516,24.071366542952216,154.50545416833043,160.54905949820704,-39.01033710760742,1425.2100630164275,0.3409090909090909,0.4068718708313862,0.0,0.0,0.0,0.0
124000,62,-377.8280474853516,84.41077086018309,0.0,0.0,0.02,6.0,744,0,744,0,0.0,3.0,2218,14,13,0,13,2218,0.8125,0.7603702434007542,0.005824372759856631,0.005861136158701533,0.0,False,paper_literal_eq15_eq20_joint_v3,paper_joint,paper_fixed_v1,paper,0.0,paper_eq9,vanilla_mappo_paper_env_v2,tanh_squashed_normal_v1,eq17_engineering_thresholds_unbounded_tail_v2,"{""d_att_max_m"":null,""h_adv_m"":5000.0,""h_att_m"":2000.0,""h_max_m"":10000.0,""h_min_m"":0.0,""high_altitude_tail"":0.1,""version"":""eq17_engineering_thresholds_unbounded_tail_v2""}",0.5064389109611511,0.4968136250972748,0.5200543999671936,-0.6805412769317627,-0.0734988178126514,158.43572387695312,2.203145307302475,-0.31297579321999386,-0.08957387648394566,13.888903752609231,0.0,0.0,-301.3143406869425,-90.0,0.0,-0.31297579321999386,-0.10432526440666462,-0.08957387648394566,-0.029857958827981885,13.888903752609231,4.629634584203077,0.0,0.0,0.0,0.0,-301.3143406869425,-100.43811356231417,-90.0,30,862,2,38,156607,46091,23873,94315,65383,20708,2286,65468,0,10,0,0,2,48,0.06666666666666667,0.04408352668213457,0.00019156231841488568,0.009139585431797699,3919.8023531595973,3868.085220542039,3919.8023531595973,3971.5194857771553,43.76915511892764,43.76915511892764,116.65072597336237,116.65072597336237,120.88250576750232,2679.112708273711,1.0,3611.5950566189163,2699.068172707559,3204.838607182418,4004.540758709215,30.370272309116718,36.73145475228475,143.10217986563018,151.0611279721158,-7.352772698746651,1905.3881784444009,0.48717948717948717,0.4106091670904275,0.0,0.0,0.0,0.0
126000,63,-372.77845275878906,75.94391737010291,0.0,0.0,0.04,6.14,751,0,751,0,0.0,2.98,2238,15,14,0,14,2238,0.875,0.7578733491364714,0.006213936972924989,0.006255585344057194,0.0,False,paper_literal_eq15_eq20_joint_v3,paper_joint,paper_fixed_v1,paper,0.0,paper_eq9,vanilla_mappo_paper_env_v2,tanh_squashed_normal_v1,eq17_engineering_thresholds_unbounded_tail_v2,"{""d_att_max_m"":null,""h_adv_m"":5000.0,""h_att_m"":2000.0,""h_max_m"":10000.0,""h_min_m"":0.0,""high_altitude_tail"":0.1,""version"":""eq17_engineering_thresholds_unbounded_tail_v2""}",0.5095466375350952,0.4990750849246979,0.522553563117981,-0.674416184425354,-0.10548758353106677,119.23865661621093,2.224279320240021,-0.3469133481087567,-0.09074887926968853,15.224684726097271,0.0,0.0,-298.16542085497474,-89.4,0.0,-0.3469133481087567,-0.1156377827029189,-0.09074887926968853,-0.03024962642322951,15.224684726097271,5.074894908699091,0.0,0.0,0.0,0.0,-298.16542085497474,-99.38847361832491,-89.4,0,912,0,36,148706,45627,16767,82530,62722,14453,0,66176,0,0,0,0,0,36,0.0,0.039473684210526314,0.0,0.011050527081061433,0.0,0.0,0.0,0.0,0.0,0.0,0.0,0.0,0.0,0.0,0.0,3200.431026890954,2494.3281578184556,3094.194569549511,3644.7626934322634,29.88811485403214,35.53418935359677,147.92050738946776,152.06543862962678,-17.057272452569848,1513.380199533186,0.4722222222222222,0.4101455514441207,0.0,0.0,0.0,0.0
128000,64,-370.13312377929685,65.81047715497743,0.0,0.0,0.04,6.1,758,0,758,0,0.0,2.98,2258,16,14,0,14,2258,0.875,0.7549314610498161,0.006156552330694811,0.006200177147918512,0.0,False,paper_literal_eq15_eq20_joint_v3,paper_joint,paper_fixed_v1,paper,0.0,paper_eq9,vanilla_mappo_paper_env_v2,tanh_squashed_normal_v1,eq17_engineering_thresholds_unbounded_tail_v2,"{""d_att_max_m"":null,""h_adv_m"":5000.0,""h_att_m"":2000.0,""h_max_m"":10000.0,""h_min_m"":0.0,""high_altitude_tail"":0.1,""version"":""eq17_engineering_thresholds_unbounded_tail_v2""}",0.5135217905044556,0.5015182495117188,0.5287386178970337,-0.6667054891586304,-0.14697626363486052,174.2071548461914,2.2450863122940063,-0.39670023737798105,-0.09413267701601172,13.193954565834824,0.0,0.0,-293.43619897563696,-89.4,0.0,-0.39670023737798105,-0.13223341245932702,-0.09413267701601172,-0.03137755900533724,13.193954565834824,4.397984855278275,0.0,0.0,0.0,0.0,-293.43619897563696,-97.81206632521231,-89.4,0,1114,0,38,149506,41151,15251,84005,63250,16142,0,65501,0,1,0,0,0,39,0.0,0.03411131059245961,0.0,0.013261115409797035,0.0,0.0,0.0,0.0,0.0,0.0,0.0,0.0,0.0,0.0,0.0,3487.9927379468472,3015.4750155849333,3381.5847586918935,3926.511794587749,26.653141849730137,24.309214963268353,144.07769525100838,145.81276040031162,-29.699893505828587,1487.1644034509561,0.4523809523809524,0.4118975652799203,0.0,0.0,0.0,0.0
130000,65,-373.3824700927734,70.03182809685296,0.0,0.0,0.04,6.4,764,0,764,0,0.0,2.98,2275,17,14,0,14,2275,0.875,0.7518175809649703,0.006108202443280977,0.006153846153846154,0.0,False,paper_literal_eq15_eq20_joint_v3,paper_joint,paper_fixed_v1,paper,0.0,paper_eq9,vanilla_mappo_paper_env_v2,tanh_squashed_normal_v1,eq17_engineering_thresholds_unbounded_tail_v2,"{""d_att_max_m"":null,""h_adv_m"":5000.0,""h_att_m"":2000.0,""h_max_m"":10000.0,""h_min_m"":0.0,""high_altitude_tail"":0.1,""version"":""eq17_engineering_thresholds_unbounded_tail_v2""}",0.5174919962882996,0.5061250925064087,0.5329696536064148,-0.6589996218681335,-0.011585004394873977,111.60884017944336,2.2676018476486206,-0.4099993022018231,-0.09706514931720672,14.406618038108638,0.0,0.0,-297.88196023369784,-89.4,0.0,-0.4099993022018231,-0.13666643406727438,-0.09706514931720672,-0.03235504977240224,14.406618038108638,4.80220601270288,0.0,0.0,0.0,0.0,-297.88196023369784,-99.29398674456594,-89.4,0,862,0,35,136744,32391,13265,72728,51235,17292,0,64016,0,0,0,0,0,35,0.0,0.04060324825986079,0.0,0.011852381476185237,0.0,0.0,0.0,0.0,0.0,0.0,0.0,0.0,0.0,0.0,0.0,3540.226674792303,2736.199214166494,3384.63293852743,4133.46423494767,29.09771530959775,32.91692923478833,154.01184134220554,167.97556788261855,-27.620432738835998,1922.1146685693911,0.4166666666666667,0.42167996987972955,0.0,0.0,0.0,0.0
132000,66,-379.512802734375,71.49557046594532,0.0,0.0,0.04,6.6,770,0,770,0,0.0,2.98,2291,19,14,0,14,2291,0.875,0.7462540716612378,0.006060606060606061,0.006110868616324749,0.0,False,paper_literal_eq15_eq20_joint_v3,paper_joint,paper_fixed_v1,paper,0.0,paper_eq9,vanilla_mappo_paper_env_v2,tanh_squashed_normal_v1,eq17_engineering_thresholds_unbounded_tail_v2,"{""d_att_max_m"":null,""h_adv_m"":5000.0,""h_att_m"":2000.0,""h_max_m"":10000.0,""h_min_m"":0.0,""high_altitude_tail"":0.1,""version"":""eq17_engineering_thresholds_unbounded_tail_v2""}",0.522537887096405,0.5136327743530273,0.5377967953681946,-0.6492710113525391,-0.16140838246792555,152.15182037353514,2.2951566845178606,-0.43708758030485606,-0.10155679079915415,14.883124246438683,0.0,0.0,-304.4572097296861,-89.4,0.0,-0.43708758030485606,-0.1456958601016187,-0.10155679079915415,-0.033852263599718053,14.883124246438683,4.961041415479561,0.0,0.0,0.0,0.0,-304.4572097296861,-101.48573657656203,-89.4,0,1101,0,44,158763,39706,21119,76939,53709,18855,0,81824,0,15,0,0,0,59,0.0,0.03996366939146231,0.0,0.01431003782217081,0.0,0.0,0.0,0.0,0.0,0.0,0.0,0.0,0.0,0.0,0.0,4544.751754442431,3200.3336777848363,3950.701480205292,5107.772371862282,26.994397847238506,33.0551678143076,146.41944387651,150.5956766880305,-14.07563105383856,1955.3637914924454,0.3333333333333333,0.4182641611544911,0.0,0.0,0.0,0.0
134000,67,-374.86228820800784,71.4167146987356,0.0,0.0,0.06,6.38,776,0,776,0,0.0,2.98,2307,21,14,0,14,2307,0.8235294117647058,0.7432345360824743,0.006013745704467354,0.006068487212830516,0.0,False,paper_literal_eq15_eq20_joint_v3,paper_joint,paper_fixed_v1,paper,0.0,paper_eq9,vanilla_mappo_paper_env_v2,tanh_squashed_normal_v1,eq17_engineering_thresholds_unbounded_tail_v2,"{""d_att_max_m"":null,""h_adv_m"":5000.0,""h_att_m"":2000.0,""h_max_m"":10000.0,""h_min_m"":0.0,""high_altitude_tail"":0.1,""version"":""eq17_engineering_thresholds_unbounded_tail_v2""}",0.5267396569252014,0.5165167450904846,0.5434516668319702,-0.6413024663925171,-0.17992870397865773,138.0686004638672,2.3219370752573014,-0.44548038502613174,-0.10457643757145117,14.347824988115853,0.0,0.0,-299.25999073175893,-89.4,0.0,-0.44548038502613174,-0.14849346167537725,-0.10457643757145117,-0.034858812523817055,14.347824988115853,4.782608329371951,0.0,0.0,0.0,0.0,-299.25999073175893,-99.75333024391965,-89.4,15,811,1,34,145475,39613,26582,82829,60042,16181,843,69767,0,21,0,0,1,55,0.06666666666666667,0.04192355117139334,0.00010311050008592542,0.009791256685460407,9954.521114771407,9954.521114771407,9954.521114771407,9954.521114771407,18.09458259030254,18.09458259030254,118.0990842507806,118.0990842507806,191.1395105110777,4208.921493706676,0.0,3616.4596663616367,2405.2900163001204,3148.247458477489,4087.8973987302206,29.274661297667393,36.46599112013018,138.03010978141023,142.67680993430182,-28.76060952049477,1570.0266767091223,0.48717948717948717,0.41893954021244184,0.0,0.0,0.0,0.0
136000,68,-377.09313049316404,71.2862950188166,0.0,0.0,0.06,6.58,782,0,782,0,0.0,2.98,2323,23,14,0,14,2323,0.8235294117647058,0.7381633301557038,0.005967604433077579,0.006026689625484288,0.0,False,paper_literal_eq15_eq20_joint_v3,paper_joint,paper_fixed_v1,paper,0.0,paper_eq9,vanilla_mappo_paper_env_v2,tanh_squashed_normal_v1,eq17_engineering_thresholds_unbounded_tail_v2,"{""d_att_max_m"":null,""h_adv_m"":5000.0,""h_att_m"":2000.0,""h_max_m"":10000.0,""h_min_m"":0.0,""high_altitude_tail"":0.1,""version"":""eq17_engineering_thresholds_unbounded_tail_v2""}",0.533161997795105,0.5241959095001221,0.5476458668708801,-0.6291165947914124,-0.10091124745085836,122.18474502563477,2.350618115067482,-0.4419595052891514,-0.10746045267548444,14.88550686080484,0.0,0.0,-302.029156404368,-89.4,0.0,-0.4419595052891514,-0.1473198350963838,-0.10746045267548444,-0.03582015089182815,14.88550686080484,4.96183562026828,0.0,0.0,0.0,0.0,-302.029156404368,-100.67638546812266,-89.4,0,1169,0,43,151842,39885,23543,82685,58147,21552,0,69157,0,22,0,0,0,65,0.0,0.036783575705731396,0.0,0.014137993590131221,0.0,0.0,0.0,0.0,0.0,0.0,0.0,0.0,0.0,0.0,0.0,3489.950198752448,2820.688217974074,3389.267300696272,3929.6338797215603,30.554164381803343,35.56399774527066,148.4419229631881,155.43231062448734,-35.722007937506916,1684.1756860627563,0.39473684210526316,0.4225554297949859,0.0,0.0,0.0,0.0
138000,69,-375.3768505859375,68.87870616082942,0.0,0.0,0.06,6.42,786,0,786,0,0.0,2.98,2334,24,14,0,14,2334,0.8235294117647058,0.7323501725760904,0.005937234944868533,0.005998286203941731,0.0,False,paper_literal_eq15_eq20_joint_v3,paper_joint,paper_fixed_v1,paper,0.0,paper_eq9,vanilla_mappo_paper_env_v2,tanh_squashed_normal_v1,eq17_engineering_thresholds_unbounded_tail_v2,"{""d_att_max_m"":null,""h_adv_m"":5000.0,""h_att_m"":2000.0,""h_max_m"":10000.0,""h_min_m"":0.0,""high_altitude_tail"":0.1,""version"":""eq17_engineering_thresholds_unbounded_tail_v2""}",0.5395392775535583,0.5299475193023682,0.5522569417953491,-0.617189884185791,-0.05019845385104418,127.23228302001954,2.3883453249931335,-0.4664314523931196,-0.11083952476415668,14.041618965472084,0.0,0.0,-299.44113885092776,-89.4,0.0,-0.4664314523931196,-0.15547715079770655,-0.11083952476415668,-0.036946508254718895,14.041618965472084,4.680539655157362,0.0,0.0,0.0,0.0,-299.44113885092776,-99.81371295030925,-89.4,0,1098,0,40,142223,28179,18774,73793,48410,19450,0,68430,0,19,0,0,0,59,0.0,0.03642987249544627,0.0,0.014879460111392679,0.0,0.0,0.0,0.0,0.0,0.0,0.0,0.0,0.0,0.0,0.0,3577.296008737109,3125.6665561216614,3506.881138074774,4064.3175472047797,29.6067434742862,35.87184651373974,151.6810508948065,164.74208528166784,-26.49519845889166,2047.9324685187516,0.3076923076923077,0.43224207000265863,0.0,0.0,0.0,0.0
140000,70,-378.59960998535155,67.7743978835762,0.0,0.0,0.06,6.78,791,0,791,0,0.0,2.98,2346,27,14,0,14,2346,0.8235294117647058,0.7269910133250698,0.0058997050147492625,0.005967604433077579,0.0,False,paper_literal_eq15_eq20_joint_v3,paper_joint,paper_fixed_v1,paper,0.0,paper_eq9,vanilla_mappo_paper_env_v2,tanh_squashed_normal_v1,eq17_engineering_thresholds_unbounded_tail_v2,"{""d_att_max_m"":null,""h_adv_m"":5000.0,""h_att_m"":2000.0,""h_max_m"":10000.0,""h_min_m"":0.0,""high_altitude_tail"":0.1,""version"":""eq17_engineering_thresholds_unbounded_tail_v2""}",0.5432009696960449,0.5343291759490967,0.5549421310424805,-0.6104024648666382,-0.1392726108431816,150.03189086914062,2.4163646548986435,-0.5143493072906068,-0.11802201239867742,15.878317561546913,0.0,0.0,-304.44547785066845,-89.4,0.0,-0.5143493072906068,-0.17144976909686893,-0.11802201239867742,-0.03934067079955914,15.878317561546913,5.292772520515638,0.0,0.0,0.0,0.0,-304.44547785066845,-101.48182595022281,-89.4,8,1292,0,40,141719,33037,16597,68263,50939,12276,0,73456,0,0,0,0,0,40,0.0,0.030959752321981424,5.644973503905616e-05,0.018926797826055112,0.0,0.0,0.0,0.0,0.0,0.0,0.0,0.0,0.0,0.0,0.0,3337.334630628543,2661.619330651997,3287.902297690732,4078.65176623778,25.477194336739007,22.27306983459433,152.81505340271787,163.7621753276086,-33.24696279701226,1504.6866553084883,0.4,0.4312943399721071,0.0,0.0,0.0,0.0
142000,71,-386.9904345703125,65.35034650348435,0.0,0.0,0.02,6.78,798,0,798,0,0.0,3.0,2363,31,14,0,14,2363,0.8235294117647058,0.7244022072348253,0.005847953216374269,0.005924672027084215,0.0,False,paper_literal_eq15_eq20_joint_v3,paper_joint,paper_fixed_v1,paper,0.0,paper_eq9,vanilla_mappo_paper_env_v2,tanh_squashed_normal_v1,eq17_engineering_thresholds_unbounded_tail_v2,"{""d_att_max_m"":null,""h_adv_m"":5000.0,""h_att_m"":2000.0,""h_max_m"":10000.0,""h_min_m"":0.0,""high_altitude_tail"":0.1,""version"":""eq17_engineering_thresholds_unbounded_tail_v2""}",0.5477229952812195,0.5412519574165344,0.5576984882354736,-0.6020705103874207,-0.06800813507288694,208.81444091796874,2.438422068953514,-0.5524336605996953,-0.12378982990100124,15.418377154923123,0.0,0.0,-311.73251412258475,-90.0,0.0,-0.5524336605996953,-0.18414455353323178,-0.12378982990100124,-0.04126327663366708,15.418377154923123,5.139459051641041,0.0,0.0,0.0,0.0,-311.73251412258475,-103.91083804086158,-90.0,0,905,0,35,151889,43087,20017,80726,59584,16886,0,71163,0,6,0,0,0,41,0.0,0.03867403314917127,0.0,0.011210762331838564,0.0,0.0,0.0,0.0,0.0,0.0,0.0,0.0,0.0,0.0,0.0,3446.1791116351096,2817.712174632006,3398.969485241836,4305.739804340765,30.79874020304056,37.997360951812766,148.390282583143,155.9226491117624,-38.84497654008297,1664.4388017597166,0.38461538461538464,0.44487991758182743,0.0,0.0,0.0,0.0
144000,72,-389.87553466796874,66.8458038399013,0.0,0.0,0.02,6.66,804,0,804,0,0.0,3.0,2381,31,14,0,14,2381,0.8235294117647058,0.719770253929867,0.005804311774461028,0.005879882402351953,0.0,False,paper_literal_eq15_eq20_joint_v3,paper_joint,paper_fixed_v1,paper,0.0,paper_eq9,vanilla_mappo_paper_env_v2,tanh_squashed_normal_v1,eq17_engineering_thresholds_unbounded_tail_v2,"{""d_att_max_m"":null,""h_adv_m"":5000.0,""h_att_m"":2000.0,""h_max_m"":10000.0,""h_min_m"":0.0,""high_altitude_tail"":0.1,""version"":""eq17_engineering_thresholds_unbounded_tail_v2""}",0.5506924390792847,0.5437397360801697,0.5597726702690125,-0.5966531038284302,-0.03246422773227096,142.28485870361328,2.459219256043434,-0.5361271490078249,-0.12451726409200276,15.404049182525723,0.0,0.0,-314.6188683600674,-90.0,0.0,-0.5361271490078249,-0.17870904966927495,-0.12451726409200276,-0.04150575469733425,15.404049182525723,5.134683060841907,0.0,0.0,0.0,0.0,-314.6188683600674,-104.87295612002247,-90.0,0,1117,0,46,155290,36797,25071,77222,55263,17808,0,82190,0,29,0,0,0,75,0.0,0.04118173679498657,0.0,0.014464789826733314,0.0,0.0,0.0,0.0,0.0,0.0,0.0,0.0,0.0,0.0,0.0,4004.851132682004,3002.0802991152036,3602.835560474854,4393.891090856545,28.293602879210475,36.02915517201241,148.29160389849105,157.96919719720762,-32.02487075209039,1789.10220832521,0.38095238095238093,0.436819747523239,0.0,0.0,0.0,0.0
146000,73,-390.7781060791016,63.892243371729876,0.0,0.0,0.02,6.66,811,0,811,0,0.0,3.0,2399,34,14,0,14,2399,0.8235294117647058,0.7171898355754858,0.005754212905877518,0.005835764902042517,0.0,False,paper_literal_eq15_eq20_joint_v3,paper_joint,paper_fixed_v1,paper,0.0,paper_eq9,vanilla_mappo_paper_env_v2,tanh_squashed_normal_v1,eq17_engineering_thresholds_unbounded_tail_v2,"{""d_att_max_m"":null,""h_adv_m"":5000.0,""h_att_m"":2000.0,""h_max_m"":10000.0,""h_min_m"":0.0,""high_altitude_tail"":0.1,""version"":""eq17_engineering_thresholds_unbounded_tail_v2""}",0.5529033541679382,0.5443975925445557,0.5631256103515625,-0.5926698446273804,-0.1742798554711044,141.24876403808594,2.4734017580747603,-0.5770097762849494,-0.13208383940500734,15.303208291807053,0.0,0.0,-315.37215877873734,-90.0,0.0,-0.5770097762849494,-0.19233659209498313,-0.13208383940500734,-0.04402794646833578,15.303208291807053,5.101069430602351,0.0,0.0,0.0,0.0,-315.37215877873734,-105.12405292624578,-90.0,0,973,0,37,144525,35775,16199,79176,57628,16301,0,72525,0,0,0,0,0,37,0.0,0.03802672147995889,0.0,0.012289077498231788,0.0,0.0,0.0,0.0,0.0,0.0,0.0,0.0,0.0,0.0,0.0,3715.872671719494,2978.609909841014,3401.003843211728,4304.567372221062,29.39304104058294,35.794589890281735,143.63305619723377,152.00347180785943,-14.125254006140562,1776.5586705809487,0.4523809523809524,0.4391017931654065,0.0,0.0,0.0,0.0
148000,74,-398.138896484375,68.04708169264086,0.0,0.0,0.02,6.74,816,0,816,0,0.0,3.0,2412,36,14,0,14,2412,0.8235294117647058,0.7121346324180691,0.005718954248366013,0.005804311774461028,0.0,False,paper_literal_eq15_eq20_joint_v3,paper_joint,paper_fixed_v1,paper,0.0,paper_eq9,vanilla_mappo_paper_env_v2,tanh_squashed_normal_v1,eq17_engineering_thresholds_unbounded_tail_v2,"{""d_att_max_m"":null,""h_adv_m"":5000.0,""h_att_m"":2000.0,""h_max_m"":10000.0,""h_min_m"":0.0,""high_altitude_tail"":0.1,""version"":""eq17_engineering_thresholds_unbounded_tail_v2""}",0.5566421747207642,0.5477180480957031,0.5651887655258179,-0.5859149694442749,-0.1320098475087434,139.61260223388672,2.4882377445697785,-0.5818703146092077,-0.1316503942766105,15.73076452633219,0.0,0.0,-323.1560930794605,-90.0,0.0,-0.5818703146092077,-0.19395677153640256,-0.1316503942766105,-0.043883464758870165,15.73076452633219,5.243588175444063,0.0,0.0,0.0,0.0,-323.1560930794605,-107.7186976931535,-90.0,0,1212,0,42,150678,31833,22655,75732,50717,19746,0,77233,0,18,0,0,0,60,0.0,0.034653465346534656,0.0,0.01600380288385359,0.0,0.0,0.0,0.0,0.0,0.0,0.0,0.0,0.0,0.0,0.0,3655.755433715724,3142.585759292726,3454.837597021905,4183.399364014185,26.362223819155787,25.34735719856676,156.23259339556438,167.7525926596105,-48.61801414885057,1613.8284095434265,0.3076923076923077,0.4420386009307986,0.0,0.0,0.0,0.0
150000,75,-404.4062341308594,71.50257221547652,0.0,0.0,0.02,6.84,822,0,822,0,0.0,3.0,2425,41,14,0,14,2425,0.8235294117647058,0.7074095682613769,0.0056772100567721,0.00577319587628866,0.0,False,paper_literal_eq15_eq20_joint_v3,paper_joint,paper_fixed_v1,paper,0.0,paper_eq9,vanilla_mappo_paper_env_v2,tanh_squashed_normal_v1,eq17_engineering_thresholds_unbounded_tail_v2,"{""d_att_max_m"":null,""h_adv_m"":5000.0,""h_att_m"":2000.0,""h_max_m"":10000.0,""h_min_m"":0.0,""high_altitude_tail"":0.1,""version"":""eq17_engineering_thresholds_unbounded_tail_v2""}",0.5603342056274414,0.5533506274223328,0.5669281482696533,-0.5792709589004517,-0.1317301720380783,184.37199859619142,2.5095904588699343,-0.6395144167948349,-0.13608064373264564,16.582798296013088,0.0,0.0,-330.2133754251599,-90.0,0.0,-0.6395144167948349,-0.21317147226494496,-0.13608064373264564,-0.04536021457754855,16.582798296013088,5.527599432004362,0.0,0.0,0.0,0.0,-330.2133754251599,-110.07112514171996,-90.0,0,881,0,41,142002,33188,26186,75036,56562,13006,0,73434,0,0,0,0,0,41,0.0,0.046538024971623154,0.0,0.011741030971800202,0.0,0.0,0.0,0.0,0.0,0.0,0.0,0.0,0.0,0.0,0.0,4246.448755724399,3377.089610182751,4068.51728543688,5012.867023507858,26.743244942678547,26.865969483335082,148.46051605062607,162.20674181696006,-37.51705185981849,2236.5763383170124,0.3488372093023256,0.44461966047300894,0.0,0.0,0.0,0.0
152000,76,-407.51224853515623,69.75633891482204,0.0,0.0,0.0,7.06,826,0,826,0,0.0,3.0,2437,41,14,0,14,2437,0.8235294117647058,0.7019009216589862,0.005649717514124294,0.005744768157570784,0.0,False,paper_literal_eq15_eq20_joint_v3,paper_joint,paper_fixed_v1,paper,0.0,paper_eq9,vanilla_mappo_paper_env_v2,tanh_squashed_normal_v1,eq17_engineering_thresholds_unbounded_tail_v2,"{""d_att_max_m"":null,""h_adv_m"":5000.0,""h_att_m"":2000.0,""h_max_m"":10000.0,""h_min_m"":0.0,""high_altitude_tail"":0.1,""version"":""eq17_engineering_thresholds_unbounded_tail_v2""}",0.5647358894348145,0.5608218908309937,0.5694705247879028,-0.5714172124862671,-0.09117851443588734,104.33635559082032,2.5314327269792556,-0.668659324951738,-0.13651607103233565,16.91034197564483,0.0,0.0,-333.6173485581717,-90.0,0.0,-0.668659324951738,-0.22288644165057933,-0.13651607103233565,-0.04550535701077855,16.91034197564483,5.636780658548276,0.0,0.0,0.0,0.0,-333.6173485581717,-111.20578285272391,-90.0,0,1223,0,44,145586,29003,19495,74803,53823,13146,0,72208,0,28,0,0,0,72,0.0,0.035977105478331974,0.0,0.016349611646591714,0.0,0.0,0.0,0.0,0.0,0.0,0.0,0.0,0.0,0.0,0.0,3398.290076033377,2916.0914718745057,3333.21500180541,3837.8323482773976,29.294101090681725,33.413765250045316,143.54285268285156,155.9264422949863,-15.430319598370096,1964.2738553063537,0.3684210526315789,0.44801908726643697,0.0,0.0,0.0,0.0
154000,77,-409.71801330566404,71.84776818273862,0.0,0.0,0.0,6.98,833,0,833,0,0.0,3.0,2454,45,14,0,14,2454,0.8235294117647058,0.6995438996579247,0.0056022408963585435,0.0057049714751426246,0.0,False,paper_literal_eq15_eq20_joint_v3,paper_joint,paper_fixed_v1,paper,0.0,paper_eq9,vanilla_mappo_paper_env_v2,tanh_squashed_normal_v1,eq17_engineering_thresholds_unbounded_tail_v2,"{""d_att_max_m"":null,""h_adv_m"":5000.0,""h_att_m"":2000.0,""h_max_m"":10000.0,""h_min_m"":0.0,""high_altitude_tail"":0.1,""version"":""eq17_engineering_thresholds_unbounded_tail_v2""}",0.5680294036865234,0.5630433559417725,0.5710080862045288,-0.5656017661094666,-0.22846619626507164,159.41476135253907,2.552216389775276,-0.7362437761551369,-0.14229164106126438,15.895534549597558,0.0,0.0,-334.7349536477809,-90.0,0.0,-0.7362437761551369,-0.24541459205171232,-0.14229164106126438,-0.04743054702042146,15.895534549597558,5.298511516532519,0.0,0.0,0.0,0.0,-334.7349536477809,-111.57831788259364,-90.0,0,916,0,36,144977,41858,21678,85196,63475,16246,0,61826,0,0,0,0,0,36,0.0,0.039301310043668124,0.0,0.010751678482557866,0.0,0.0,0.0,0.0,0.0,0.0,0.0,0.0,0.0,0.0,0.0,4180.546611685004,2785.685582575621,3709.9312869040505,4618.566023398234,27.569736713117514,34.53904245041605,153.27765652633008,159.09119552443335,-49.58222277746924,1845.5452324275086,0.35135135135135137,0.4502522298979794,0.0,0.0,0.0,0.0
156000,78,-410.5927911376953,76.70401534137743,0.0,0.0,0.0,7.0,837,0,837,0,0.0,3.0,2464,47,14,0,14,2464,0.8235294117647058,0.6954558283940163,0.005575467941059339,0.005681818181818182,0.0,False,paper_literal_eq15_eq20_joint_v3,paper_joint,paper_fixed_v1,paper,0.0,paper_eq9,vanilla_mappo_paper_env_v2,tanh_squashed_normal_v1,eq17_engineering_thresholds_unbounded_tail_v2,"{""d_att_max_m"":null,""h_adv_m"":5000.0,""h_att_m"":2000.0,""h_max_m"":10000.0,""h_min_m"":0.0,""high_altitude_tail"":0.1,""version"":""eq17_engineering_thresholds_unbounded_tail_v2""}",0.5731379389762878,0.5681878328323364,0.5770074725151062,-0.5566495656967163,-0.016974720545113085,100.58218765258789,2.5727341324090958,-0.7766470069800504,-0.14584227576393646,15.87317369764663,0.0,0.0,-335.54345932209253,-90.0,0.0,-0.7766470069800504,-0.2588823356600168,-0.14584227576393646,-0.04861409192131216,15.87317369764663,5.291057899215543,0.0,0.0,0.0,0.0,-335.54345932209253,-111.84781977403084,-90.0,0,1102,0,35,113430,16974,8345,38253,29693,5663,0,77247,0,15,0,0,0,50,0.0,0.03176043557168784,0.0,0.028808198049826157,0.0,0.0,0.0,0.0,0.0,0.0,0.0,0.0,0.0,0.0,0.0,3955.9978856701787,2968.2029404161613,3813.6803778607946,4793.575191513973,25.057743495586028,27.711753200394234,146.54628393820758,155.14992564706577,-13.302821283324556,2065.8291128422916,0.3333333333333333,0.4560764571653897,0.0,0.0,0.0,0.0
158000,79,-408.8993566894531,78.05523705100185,0.0,0.0,0.0,7.02,844,0,844,0,0.0,3.0,2481,51,14,0,14,2481,0.8235294117647058,0.6937919463087249,0.005529225908372828,0.005642885933091495,0.0,False,paper_literal_eq15_eq20_joint_v3,paper_joint,paper_fixed_v1,paper,0.0,paper_eq9,vanilla_mappo_paper_env_v2,tanh_squashed_normal_v1,eq17_engineering_thresholds_unbounded_tail_v2,"{""d_att_max_m"":null,""h_adv_m"":5000.0,""h_att_m"":2000.0,""h_max_m"":10000.0,""h_min_m"":0.0,""high_altitude_tail"":0.1,""version"":""eq17_engineering_thresholds_unbounded_tail_v2""}",0.5806760787963867,0.5766151547431946,0.584570586681366,-0.5435778498649597,0.026329431869089603,133.95746994018555,2.6063620150089264,-0.7827698173047023,-0.14612513267388239,17.294602028426542,0.0,0.0,-335.2650250070667,-90.0,0.0,-0.7827698173047023,-0.26092327243490077,-0.14612513267388239,-0.04870837755796079,17.294602028426542,5.764867342808848,0.0,0.0,0.0,0.0,-335.2650250070667,-111.7550083356889,-90.0,0,969,0,33,137264,38678,13120,81242,65834,12507,0,56022,0,0,0,0,0,33,0.0,0.034055727554179564,0.0,0.011927328229241033,0.0,0.0,0.0,0.0,0.0,0.0,0.0,0.0,0.0,0.0,0.0,3591.480474814116,2776.2547143543043,3674.6106496169905,4145.551064495472,26.774809365684533,27.19944795012994,153.9211573512025,166.6714103442421,-38.45850250398769,1839.81002251323,0.3333333333333333,0.4626447213150078,0.0,0.0,0.0,0.0
160000,80,-406.9830340576172,77.35389800359914,0.0,0.0,0.0,6.9,850,0,850,0,0.0,3.0,2493,57,14,0,14,2493,0.8235294117647058,0.6890547263681592,0.005490196078431373,0.005615724027276374,0.0,False,paper_literal_eq15_eq20_joint_v3,paper_joint,paper_fixed_v1,paper,0.0,paper_eq9,vanilla_mappo_paper_env_v2,tanh_squashed_normal_v1,eq17_engineering_thresholds_unbounded_tail_v2,"{""d_att_max_m"":null,""h_adv_m"":5000.0,""h_att_m"":2000.0,""h_max_m"":10000.0,""h_min_m"":0.0,""high_altitude_tail"":0.1,""version"":""eq17_engineering_thresholds_unbounded_tail_v2""}",0.5850691199302673,0.5835628509521484,0.5868368744850159,-0.5360280275344849,-0.06792787881568074,152.93854675292968,2.638263413310051,-0.7962352780085072,-0.15041114902913175,15.756390533133777,0.0,0.0,-331.79276020798164,-90.0,0.0,-0.7962352780085072,-0.26541175933616906,-0.15041114902913175,-0.05013704967637725,15.756390533133777,5.252130177711259,0.0,0.0,0.0,0.0,-331.79276020798164,-110.59758673599389,-90.0,0,1102,0,42,145064,31815,17829,81195,58669,13415,0,67890,0,2,0,0,0,44,0.0,0.038112522686025406,0.0,0.013572264301989038,0.0,0.0,0.0,0.0,0.0,0.0,0.0,0.0,0.0,0.0,0.0,3994.393470902251,3117.538919578583,3552.4342459668674,5021.467224654917,27.76504799637707,31.227027567973053,140.72587258459242,141.30793333962038,-16.912217063560565,2025.0678339655542,0.3488372093023256,0.46220885160747377,0.0,0.0,0.0,0.0
162000,81,-406.0115045166016,76.42310093708934,0.0,0.0,0.0,6.9,856,0,856,0,0.0,3.0,2508,60,14,0,14,2508,0.8235294117647058,0.6848716548334244,0.005451713395638629,0.005582137161084529,0.0,False,paper_literal_eq15_eq20_joint_v3,paper_joint,paper_fixed_v1,paper,0.0,paper_eq9,vanilla_mappo_paper_env_v2,tanh_squashed_normal_v1,eq17_engineering_thresholds_unbounded_tail_v2,"{""d_att_max_m"":null,""h_adv_m"":5000.0,""h_att_m"":2000.0,""h_max_m"":10000.0,""h_min_m"":0.0,""high_altitude_tail"":0.1,""version"":""eq17_engineering_thresholds_unbounded_tail_v2""}",0.5916775465011597,0.5896311402320862,0.5956807732582092,-0.524804949760437,-0.05918971747159958,142.8903030395508,2.6652611553668977,-0.8258463549111262,-0.15486379550009682,16.141106242939156,0.0,0.0,-331.17186275346523,-90.0,0.0,-0.8258463549111262,-0.27528211830370874,-0.15486379550009682,-0.05162126516669894,16.141106242939156,5.3803687476463855,0.0,0.0,0.0,0.0,-331.17186275346523,-110.39062091782175,-90.0,0,925,0,44,155050,34022,26513,82283,59670,17960,0,73123,0,15,0,0,0,59,0.0,0.04756756756756757,0.0,0.011241690264088573,0.0,0.0,0.0,0.0,0.0,0.0,0.0,0.0,0.0,0.0,0.0,3624.8028615403205,3075.1675485742553,3459.498381229537,4166.227951936796,30.815456427276278,38.803565283816695,144.00626541964323,160.99259049395806,-30.626248936964227,1867.3536864541145,0.42857142857142855,0.4615968691225773,0.0,0.0,0.0,0.0
164000,82,-405.9196203613281,75.32588358253221,0.0,0.0,0.0,6.98,859,0,859,0,0.0,3.0,2516,61,14,0,14,2516,0.8235294117647058,0.6794490953281124,0.00543267365153279,0.005564387917329093,0.0,False,paper_literal_eq15_eq20_joint_v3,paper_joint,paper_fixed_v1,paper,0.0,paper_eq9,vanilla_mappo_paper_env_v2,tanh_squashed_normal_v1,eq17_engineering_thresholds_unbounded_tail_v2,"{""d_att_max_m"":null,""h_adv_m"":5000.0,""h_att_m"":2000.0,""h_max_m"":10000.0,""h_min_m"":0.0,""high_altitude_tail"":0.1,""version"":""eq17_engineering_thresholds_unbounded_tail_v2""}",0.5955895185470581,0.591996967792511,0.6020333170890808,-0.5182330012321472,-0.17087561329826711,117.42454223632812,2.693730095028877,-0.8582044590026588,-0.1574992116886618,16.40911413037603,0.0,0.0,-331.3129935785796,-90.0,0.0,-0.8582044590026588,-0.2860681530008863,-0.1574992116886618,-0.05249973722955393,16.40911413037603,5.469704710125343,0.0,0.0,0.0,0.0,-331.3129935785796,-110.4376645261932,-90.0,0,1350,0,41,112668,16515,11418,36727,28911,5486,0,79502,0,0,0,0,0,41,0.0,0.03037037037037037,0.0,0.036757698695782395,0.0,0.0,0.0,0.0,0.0,0.0,0.0,0.0,0.0,0.0,0.0,3713.6697877781594,2966.861670342869,3441.464975963608,4130.203155673057,19.87397512048222,17.663823904429616,158.2663038724205,166.2923128055836,-30.77775346587744,1524.80163310061,0.2708333333333333,0.4569393937633655,0.0,0.0,0.0,0.0
166000,83,-401.839326171875,70.63219208964827,0.0,0.0,0.0,7.28,864,0,864,0,0.0,3.0,2529,63,14,0,14,2529,0.8235294117647058,0.6758417958311064,0.005401234567901234,0.0055357848952155,0.0,False,paper_literal_eq15_eq20_joint_v3,paper_joint,paper_fixed_v1,paper,0.0,paper_eq9,vanilla_mappo_paper_env_v2,tanh_squashed_normal_v1,eq17_engineering_thresholds_unbounded_tail_v2,"{""d_att_max_m"":null,""h_adv_m"":5000.0,""h_att_m"":2000.0,""h_max_m"":10000.0,""h_min_m"":0.0,""high_altitude_tail"":0.1,""version"":""eq17_engineering_thresholds_unbounded_tail_v2""}",0.6006214022636414,0.597461462020874,0.6069276928901672,-0.5098179578781128,-0.013825400173664093,113.41971435546876,2.713678255677223,-0.8801790206954859,-0.1600229177580886,17.93950929082134,0.0,0.0,-328.73859102279346,-90.0,0.0,-0.8801790206954859,-0.2933930068984953,-0.1600229177580886,-0.05334097258602954,17.93950929082134,5.979836430273781,0.0,0.0,0.0,0.0,-328.73859102279346,-109.57953034093116,-90.0,0,1206,0,39,122939,24666,10782,51992,39377,10279,0,70947,0,1,0,0,0,40,0.0,0.03233830845771144,0.0,0.023195876288659795,0.0,0.0,0.0,0.0,0.0,0.0,0.0,0.0,0.0,0.0,0.0,3601.411288094246,2892.385875780529,3540.780503971583,4073.347806858779,27.0391898134826,24.697237016510893,154.7537812542122,164.51750415814092,-15.15958148537114,1528.2503746399434,0.28205128205128205,0.4705212956410991,0.0,0.0,0.0,0.0
168000,84,-405.06037109375,78.43375284843009,0.0,0.0,0.0,7.3,869,0,869,0,0.0,3.0,2540,67,14,0,14,2540,0.7777777777777778,0.6708927628103539,0.005370157268891446,0.005511811023622047,0.0,False,paper_literal_eq15_eq20_joint_v3,paper_joint,paper_fixed_v1,paper,0.0,paper_eq9,vanilla_mappo_paper_env_v2,tanh_squashed_normal_v1,eq17_engineering_thresholds_unbounded_tail_v2,"{""d_att_max_m"":null,""h_adv_m"":5000.0,""h_att_m"":2000.0,""h_max_m"":10000.0,""h_min_m"":0.0,""high_altitude_tail"":0.1,""version"":""eq17_engineering_thresholds_unbounded_tail_v2""}",0.6083964705467224,0.6039196848869324,0.6150931715965271,-0.4969598650932312,-0.04132039416581392,146.5869369506836,2.7466324746608732,-0.889351184595036,-0.16214760769449557,18.668082403135216,0.0,0.0,-332.6769100417824,-90.0,0.0,-0.889351184595036,-0.296450394865012,-0.16214760769449557,-0.05404920256483186,18.668082403135216,6.222694134378405,0.0,0.0,0.0,0.0,-332.6769100417824,-110.89230334726079,-90.0,15,1104,1,44,124406,24834,16811,61864,44659,12281,1096,67807,0,0,0,0,1,44,0.06666666666666667,0.03985507246376811,0.00012057296271883993,0.017845596792965213,7796.961964795618,7796.961964795618,7796.961964795618,7796.961964795618,42.20618435596363,42.20618435596363,115.97538769618353,115.97538769618353,63.516651632964845,4501.628690809528,0.0,4396.853268068456,3089.222757838117,3857.113118963547,5456.260044103728,27.353549584332633,25.370225365522927,139.72621712615737,146.47462944875832,-5.069510594321717,2216.001445619844,0.3181818181818182,0.47254966414840127,0.0,0.0,0.0,0.0
170000,85,-392.6141058349609,72.06832846908986,0.0,0.0,0.02,7.46,873,0,873,0,0.0,3.0,2551,68,14,0,14,2551,0.7777777777777778,0.6650156412930136,0.005345551737304314,0.005488043904351235,0.0,False,paper_literal_eq15_eq20_joint_v3,paper_joint,paper_fixed_v1,paper,0.0,paper_eq9,vanilla_mappo_paper_env_v2,tanh_squashed_normal_v1,eq17_engineering_thresholds_unbounded_tail_v2,"{""d_att_max_m"":null,""h_adv_m"":5000.0,""h_att_m"":2000.0,""h_max_m"":10000.0,""h_min_m"":0.0,""high_altitude_tail"":0.1,""version"":""eq17_engineering_thresholds_unbounded_tail_v2""}",0.6134226322174072,0.6080108284950256,0.6201330423355103,-0.48873478174209595,-0.07196868713945151,112.13835906982422,2.7785366475582123,-0.9219124322870883,-0.16346283315465476,19.52909467467165,0.0,0.0,-321.057767918588,-90.0,0.0,-0.9219124322870883,-0.3073041440956961,-0.16346283315465476,-0.05448761105155159,19.52909467467165,6.50969822489055,0.0,0.0,0.0,0.0,-321.057767918588,-107.01925597286267,-90.0,0,1489,0,50,123719,17359,17684,50229,37417,9870,0,80436,0,15,0,0,0,65,0.0,0.0335795836131632,0.0,0.0296442294292142,0.0,0.0,0.0,0.0,0.0,0.0,0.0,0.0,0.0,0.0,0.0,3942.7816452151014,3299.3250063158384,3892.309620924938,4505.812807018439,19.924198813384553,16.47630334475543,152.9701913437949,166.36832619562665,-15.602162796810342,1742.6553174857877,0.1836734693877551,0.48047472528456037,0.0,0.0,0.0,0.0
172000,86,-400.7680395507812,78.75598241575109,0.0,0.0,0.02,7.64,878,0,878,0,0.0,3.0,2564,70,14,0,14,2564,0.7777777777777778,0.6628748707342296,0.005315110098709187,0.00546021840873635,0.0,False,paper_literal_eq15_eq20_joint_v3,paper_joint,paper_fixed_v1,paper,0.0,paper_eq9,vanilla_mappo_paper_env_v2,tanh_squashed_normal_v1,eq17_engineering_thresholds_unbounded_tail_v2,"{""d_att_max_m"":null,""h_adv_m"":5000.0,""h_att_m"":2000.0,""h_max_m"":10000.0,""h_min_m"":0.0,""high_altitude_tail"":0.1,""version"":""eq17_engineering_thresholds_unbounded_tail_v2""}",0.6202797889709473,0.6146188974380493,0.6279400587081909,-0.4776257276535034,-0.0639094146899879,133.65722274780273,2.806708750128746,-0.9525757858391727,-0.16901672358876987,20.078624160707378,0.0,0.0,-329.72500820436454,-90.0,0.0,-0.9525757858391727,-0.3175252619463909,-0.16901672358876987,-0.05633890786292329,20.078624160707378,6.6928747202357926,0.0,0.0,0.0,0.0,-329.72500820436454,-109.90833606812151,-90.0,0,876,0,32,117626,23794,11201,56407,42410,9596,0,64036,0,0,0,0,0,32,0.0,0.0365296803652968,0.0,0.015529987412909745,0.0,0.0,0.0,0.0,0.0,0.0,0.0,0.0,0.0,0.0,0.0,4055.8564606576583,3590.380750264714,3993.5584096110024,4380.952717294741,26.768272324519423,28.622185714990643,142.46069312697884,148.8958096971449,6.41601040171834,2074.0681940624363,0.3142857142857143,0.4886377318823002,0.0,0.0,0.0,0.0
174000,87,-393.77209899902346,75.18269011937171,0.0,0.0,0.02,7.7,884,0,884,0,0.0,3.0,2576,76,14,0,14,2576,0.7777777777777778,0.6596670934699104,0.005279034690799397,0.005434782608695652,0.0,False,paper_literal_eq15_eq20_joint_v3,paper_joint,paper_fixed_v1,paper,0.0,paper_eq9,vanilla_mappo_paper_env_v2,tanh_squashed_normal_v1,eq17_engineering_thresholds_unbounded_tail_v2,"{""d_att_max_m"":null,""h_adv_m"":5000.0,""h_att_m"":2000.0,""h_max_m"":10000.0,""h_min_m"":0.0,""high_altitude_tail"":0.1,""version"":""eq17_engineering_thresholds_unbounded_tail_v2""}",0.6265048384666443,0.6216057538986206,0.6352677345275879,-0.4676477611064911,-0.10881432043388486,168.43683929443358,2.8392729967832566,-1.0187697448939563,-0.174750850642115,21.360853624458258,0.0,0.0,-323.93936162411984,-90.0,0.0,-1.0187697448939563,-0.33958991496465213,-0.174750850642115,-0.05825028354737167,21.360853624458258,7.120284541486086,0.0,0.0,0.0,0.0,-323.93936162411984,-107.97978720803995,-90.0,0,1023,0,37,137963,36605,19163,84815,64332,13191,0,59043,0,0,0,0,0,37,0.0,0.03616813294232649,0.0,0.01206154571714909,0.0,0.0,0.0,0.0,0.0,0.0,0.0,0.0,0.0,0.0,0.0,3564.2942067160157,2648.313878055808,3616.040259037649,4334.99006581922,25.396780964443273,23.981444324146622,147.7067494466067,159.9629126923598,11.309848436890237,1705.2282467527968,0.3235294117647059,0.4954257008125322,0.0,0.0,0.0,0.0
176000,88,-391.0525018310547,76.48766311528843,0.0,0.0,0.02,7.5,890,0,890,0,0.0,3.0,2588,82,14,0,14,2588,0.7777777777777778,0.6558540293968576,0.0052434456928838954,0.005409582689335394,0.0,False,paper_literal_eq15_eq20_joint_v3,paper_joint,paper_fixed_v1,paper,0.0,paper_eq9,vanilla_mappo_paper_env_v2,tanh_squashed_normal_v1,eq17_engineering_thresholds_unbounded_tail_v2,"{""d_att_max_m"":null,""h_adv_m"":5000.0,""h_att_m"":2000.0,""h_max_m"":10000.0,""h_min_m"":0.0,""high_altitude_tail"":0.1,""version"":""eq17_engineering_thresholds_unbounded_tail_v2""}",0.6318137645721436,0.624458909034729,0.6405996084213257,-0.45921629667282104,-0.16035393681377172,199.8772201538086,2.8668447583913803,-1.1213219332695148,-0.18288947991576343,19.546587156753695,0.0,0.0,-319.29480662128924,-90.0,0.0,-1.1213219332695148,-0.37377397775650495,-0.18288947991576343,-0.060963159971921144,19.546587156753695,6.515529052251232,0.0,0.0,0.0,0.0,-319.29480662128924,-106.43160220709642,-90.0,0,1283,0,41,130822,28490,13194,69724,57212,9047,0,64925,0,0,0,0,0,41,0.0,0.03195635229929852,0.0,0.01840112443348058,0.0,0.0,0.0,0.0,0.0,0.0,0.0,0.0,0.0,0.0,0.0,3701.94117092777,3026.6007494657288,3566.1519682087583,4392.320419433048,23.0186706850592,20.74661624881835,152.33699044203874,166.06042629941717,-22.433049088530836,1714.7117880694377,0.2619047619047619,0.48358434472186,0.0,0.0,0.0,0.0
178000,89,-392.8283215332031,74.71754705410416,0.0,0.0,0.02,7.56,896,0,896,0,0.0,3.0,2600,88,14,0,14,2600,0.7777777777777778,0.6522829904666332,0.005208333333333333,0.005384615384615384,0.0,False,paper_literal_eq15_eq20_joint_v3,paper_joint,paper_fixed_v1,paper,0.0,paper_eq9,vanilla_mappo_paper_env_v2,tanh_squashed_normal_v1,eq17_engineering_thresholds_unbounded_tail_v2,"{""d_att_max_m"":null,""h_adv_m"":5000.0,""h_att_m"":2000.0,""h_max_m"":10000.0,""h_min_m"":0.0,""high_altitude_tail"":0.1,""version"":""eq17_engineering_thresholds_unbounded_tail_v2""}",0.6353377103805542,0.6260498762130737,0.6468010544776917,-0.45369023084640503,-0.1685493345372379,152.33272705078124,2.8874835640192034,-1.161027003172946,-0.1849240008341423,19.870397648588195,0.0,0.0,-321.35269166242864,-90.0,0.0,-1.161027003172946,-0.3870090010576486,-0.1849240008341423,-0.061641333611380765,19.870397648588195,6.623465882862732,0.0,0.0,0.0,0.0,-321.35269166242864,-107.11756388747621,-90.0,0,1277,0,40,134021,26972,17113,71944,55958,10271,0,63959,0,28,0,0,0,68,0.0,0.031323414252153486,0.0,0.0177499166018014,0.0,0.0,0.0,0.0,0.0,0.0,0.0,0.0,0.0,0.0,0.0,4559.1076339494775,3461.293785408374,4062.82961656744,5053.954564318979,25.883567225778172,29.392640623410394,142.4761653281535,148.35756519285997,-39.676827140374826,2590.8202225680134,0.325,0.4953831026222654,0.0,0.0,0.0,0.0
180000,90,-399.43381164550783,83.97452526710008,0.0,0.0,0.02,7.74,902,0,902,0,0.0,3.0,2612,94,14,0,14,2612,0.7777777777777778,0.6491053677932406,0.005173688100517369,0.005359877488514548,0.0,False,paper_literal_eq15_eq20_joint_v3,paper_joint,paper_fixed_v1,paper,0.0,paper_eq9,vanilla_mappo_paper_env_v2,tanh_squashed_normal_v1,eq17_engineering_thresholds_unbounded_tail_v2,"{""d_att_max_m"":null,""h_adv_m"":5000.0,""h_att_m"":2000.0,""h_max_m"":10000.0,""h_min_m"":0.0,""high_altitude_tail"":0.1,""version"":""eq17_engineering_thresholds_unbounded_tail_v2""}",0.639032244682312,0.6287062168121338,0.6510986089706421,-0.4479043483734131,-0.1783571301959455,189.9696823120117,2.904689300060272,-1.2125465913653322,-0.18587202202827913,21.09065791510099,0.0,0.0,-329.12598494278313,-90.0,0.0,-1.2125465913653322,-0.4041821971217774,-0.18587202202827913,-0.06195734067609304,21.09065791510099,7.030219305033664,0.0,0.0,0.0,0.0,-329.12598494278313,-109.70866164759438,-90.0,0,1211,0,38,138260,30500,15106,74777,60027,7157,0,65158,0,15,0,0,0,53,0.0,0.03137902559867878,0.0,0.016194819262607487,0.0,0.0,0.0,0.0,0.0,0.0,0.0,0.0,0.0,0.0,0.0,4502.845617599565,3580.373366354968,4098.403139325062,4716.179656038244,17.55286269572904,11.973091884632334,154.07485940358995,171.10213048462077,-8.064818602167227,1746.4907601172386,0.2857142857142857,0.4988317384604664,0.0,0.0,0.0,0.0
182000,91,-402.4788342285156,83.49044375103385,0.0,0.0,0.02,7.76,906,0,906,0,0.0,3.0,2621,97,14,0,14,2621,0.7777777777777778,0.6442969518190758,0.0051508462104488595,0.00534147272033575,0.0,False,paper_literal_eq15_eq20_joint_v3,paper_joint,paper_fixed_v1,paper,0.0,paper_eq9,vanilla_mappo_paper_env_v2,tanh_squashed_normal_v1,eq17_engineering_thresholds_unbounded_tail_v2,"{""d_att_max_m"":null,""h_adv_m"":5000.0,""h_att_m"":2000.0,""h_max_m"":10000.0,""h_min_m"":0.0,""high_altitude_tail"":0.1,""version"":""eq17_engineering_thresholds_unbounded_tail_v2""}",0.6434870958328247,0.6334970593452454,0.6558499336242676,-0.4409569501876831,-0.19709971826523542,156.65791015625,2.923398479819298,-1.261762439714726,-0.19006799821563877,20.899534951841527,0.0,0.0,-331.9264740039539,-90.0,0.0,-1.261762439714726,-0.4205874799049087,-0.19006799821563877,-0.06335599940521293,20.899534951841527,6.9665116506138425,0.0,0.0,0.0,0.0,-331.9264740039539,-110.64215800131797,-90.0,0,1196,0,44,129788,20434,18623,55771,38357,13351,0,76282,0,2,0,0,0,46,0.0,0.03678929765886288,0.0,0.021444836922414875,0.0,0.0,0.0,0.0,0.0,0.0,0.0,0.0,0.0,0.0,0.0,4182.211562035033,3243.0176814266665,3815.6955396778176,4409.134176572515,28.129701463655444,32.49963367674132,148.64725101948576,158.75525914191024,-41.10137073198752,2213.5925200351394,0.25,0.5077144650169746,0.0,0.0,0.0,0.0
184000,92,-411.5119696044922,92.58054050395606,0.0,0.0,0.02,7.74,913,0,913,0,0.0,3.0,2636,103,14,0,14,2636,0.7777777777777778,0.6423001949317739,0.00511135450894487,0.005311077389984826,0.0,False,paper_literal_eq15_eq20_joint_v3,paper_joint,paper_fixed_v1,paper,0.0,paper_eq9,vanilla_mappo_paper_env_v2,tanh_squashed_normal_v1,eq17_engineering_thresholds_unbounded_tail_v2,"{""d_att_max_m"":null,""h_adv_m"":5000.0,""h_att_m"":2000.0,""h_max_m"":10000.0,""h_min_m"":0.0,""high_altitude_tail"":0.1,""version"":""eq17_engineering_thresholds_unbounded_tail_v2""}",0.6469020247459412,0.6368009448051453,0.6616002321243286,-0.43569475412368774,-0.13943658489733934,198.32562561035155,2.9412842452526093,-1.3083520294201838,-0.19261228440317002,20.518545524921493,0.0,0.0,-340.529478897059,-90.0,0.0,-1.3083520294201838,-0.4361173431400613,-0.19261228440317002,-0.06420409480105667,20.518545524921493,6.8395151749738305,0.0,0.0,0.0,0.0,-340.529478897059,-113.50982629901966,-90.0,0,1073,0,36,120570,30566,15717,60113,46116,9503,0,62508,0,15,0,0,0,51,0.0,0.033550792171481825,0.0,0.01784971636750786,0.0,0.0,0.0,0.0,0.0,0.0,0.0,0.0,0.0,0.0,0.0,4156.792631846029,3409.395201826818,4074.4962955756237,4777.611604525975,22.84688860336268,18.2669959838844,149.87922037481465,158.38872933358493,-0.7841058433164658,2033.2779220419757,0.275,0.4966310729346455,0.0,0.0,0.0,0.0
186000,93,-411.0327978515625,91.697511872123,0.0,0.0,0.02,7.54,915,0,915,0,0.0,3.0,2639,106,14,0,14,2639,0.7777777777777778,0.6359036144578313,0.005100182149362477,0.005305039787798408,0.0,False,paper_literal_eq15_eq20_joint_v3,paper_joint,paper_fixed_v1,paper,0.0,paper_eq9,vanilla_mappo_paper_env_v2,tanh_squashed_normal_v1,eq17_engineering_thresholds_unbounded_tail_v2,"{""d_att_max_m"":null,""h_adv_m"":5000.0,""h_att_m"":2000.0,""h_max_m"":10000.0,""h_min_m"":0.0,""high_altitude_tail"":0.1,""version"":""eq17_engineering_thresholds_unbounded_tail_v2""}",0.653603196144104,0.6443025469779968,0.6692413687705994,-0.42539867758750916,-0.07084459951147437,112.09341506958008,2.9643546670675276,-1.3263705021099303,-0.19647948230212825,20.572571089114657,0.0,0.0,-340.0824460046881,-90.0,0.0,-1.3263705021099303,-0.44212350070331013,-0.19647948230212825,-0.06549316076737609,20.572571089114657,6.857523696371552,0.0,0.0,0.0,0.0,-340.0824460046881,-113.36081533489603,-90.0,0,1252,0,46,115327,12503,15126,46343,32858,9972,0,71088,0,0,0,0,0,46,0.0,0.036741214057507986,0.0,0.027015946313359084,0.0,0.0,0.0,0.0,0.0,0.0,0.0,0.0,0.0,0.0,0.0,4895.086273602091,3447.6593106210657,4042.5641676602836,6782.343507249682,23.032886184512726,17.259006398418833,146.64100081268379,156.13304784584642,-26.42531666017812,2059.062055055649,0.11904761904761904,0.49228049873092794,0.0,0.0,0.0,0.0
188000,94,-414.4306121826172,93.57242814165134,0.0,0.0,0.0,7.6,923,0,923,0,0.0,3.0,2654,115,14,0,14,2654,0.7777777777777778,0.6341696535244923,0.005055976886962802,0.0052750565184626974,0.0,False,paper_literal_eq15_eq20_joint_v3,paper_joint,paper_fixed_v1,paper,0.0,paper_eq9,vanilla_mappo_paper_env_v2,tanh_squashed_normal_v1,eq17_engineering_thresholds_unbounded_tail_v2,"{""d_att_max_m"":null,""h_adv_m"":5000.0,""h_att_m"":2000.0,""h_max_m"":10000.0,""h_min_m"":0.0,""high_altitude_tail"":0.1,""version"":""eq17_engineering_thresholds_unbounded_tail_v2""}",0.658714771270752,0.6479635834693909,0.6708314418792725,-0.4175659418106079,-0.2212685245089233,154.3267852783203,2.9932957530021667,-1.3809274445783168,-0.20246185453350493,20.463381937847636,0.0,0.0,-343.31055276230893,-90.0,0.0,-1.3809274445783168,-0.4603091481927723,-0.20246185453350493,-0.06748728484450164,20.463381937847636,6.821127312615879,0.0,0.0,0.0,0.0,-343.31055276230893,-114.43685092076964,-90.0,0,1053,0,35,139742,39138,15968,84627,68512,11535,0,58291,0,0,0,0,0,35,0.0,0.03323836657169991,0.0,0.012442837392321599,0.0,0.0,0.0,0.0,0.0,0.0,0.0,0.0,0.0,0.0,0.0,4160.385484512183,3299.814219217886,3991.472042865561,4756.866907207441,24.29627742917001,25.197848784776916,131.44095254152666,121.87154280430899,18.826343840170864,1921.931485195349,0.3888888888888889,0.49879683436717565,0.0,0.0,0.0,0.0
190000,95,-408.0753076171875,98.62868205080602,0.0,0.0,0.0,7.54,926,0,926,0,0.0,3.0,2659,119,14,0,14,2659,0.7777777777777778,0.6281596976139854,0.005039596832253419,0.0052651372696502444,0.0,False,paper_literal_eq15_eq20_joint_v3,paper_joint,paper_fixed_v1,paper,0.0,paper_eq9,vanilla_mappo_paper_env_v2,tanh_squashed_normal_v1,eq17_engineering_thresholds_unbounded_tail_v2,"{""d_att_max_m"":null,""h_adv_m"":5000.0,""h_att_m"":2000.0,""h_max_m"":10000.0,""h_min_m"":0.0,""high_altitude_tail"":0.1,""version"":""eq17_engineering_thresholds_unbounded_tail_v2""}",0.6624215841293335,0.6514559984207153,0.6741421222686768,-0.41195106506347656,-0.25044524678960445,133.33526458740235,3.014087665081024,-1.4166683944992264,-0.20456479379576353,20.597453200357553,0.0,0.0,-337.0514708056824,-90.0,0.0,-1.4166683944992264,-0.47222279816640883,-0.20456479379576353,-0.06818826459858784,20.597453200357553,6.865817733452517,0.0,0.0,0.0,0.0,-337.0514708056824,-112.3504902685608,-90.0,0,1252,0,48,137529,18580,23246,57464,38779,14658,0,82372,0,15,0,0,0,63,0.0,0.038338658146964855,0.0,0.021787553946818878,0.0,0.0,0.0,0.0,0.0,0.0,0.0,0.0,0.0,0.0,0.0,3751.9872484797543,2813.566548926842,3574.0488720012922,4391.964679297978,25.040187682294942,23.520223592615924,152.21049555779027,162.5835631907392,-32.02036892594645,1837.9238556603216,0.2608695652173913,0.501182853175295,0.0,0.0,0.0,0.0
192000,96,-409.71165252685546,97.8056794146465,0.0,0.0,0.0,7.24,934,0,934,0,0.0,3.0,2673,129,14,0,14,2673,0.7777777777777778,0.62687617260788,0.004996431120628123,0.005237560793116348,0.0,False,paper_literal_eq15_eq20_joint_v3,paper_joint,paper_fixed_v1,paper,0.0,paper_eq9,vanilla_mappo_paper_env_v2,tanh_squashed_normal_v1,eq17_engineering_thresholds_unbounded_tail_v2,"{""d_att_max_m"":null,""h_adv_m"":5000.0,""h_att_m"":2000.0,""h_max_m"":10000.0,""h_min_m"":0.0,""high_altitude_tail"":0.1,""version"":""eq17_engineering_thresholds_unbounded_tail_v2""}",0.6658036112785339,0.6560066938400269,0.6769496202468872,-0.406843900680542,-0.26133963773027064,182.54971618652343,3.0294294565916062,-1.4338904887776984,-0.2074614949614363,18.608930110903778,0.0,0.0,-336.679176398009,-90.0,0.0,-1.4338904887776984,-0.4779634962592328,-0.2074614949614363,-0.0691538316538121,18.608930110903778,6.202976703634593,0.0,0.0,0.0,0.0,-336.679176398009,-112.22639213266967,-90.0,0,849,0,31,120555,36734,17494,77432,57002,12899,0,51236,0,35,0,0,0,66,0.0,0.03651354534746761,0.0,0.010964459138340737,0.0,0.0,0.0,0.0,0.0,0.0,0.0,0.0,0.0,0.0,0.0,4805.285290741977,3491.0561977109583,4206.953068420898,6351.830252777693,24.095519185452254,23.90595867650839,143.73423837604037,157.51705110435256,-1.1308425484096865,2574.090607241659,0.2727272727272727,0.49597477439589155,0.0,0.0,0.0,0.0
194000,97,-410.23371856689454,98.08246553571043,0.0,0.0,0.0,7.24,938,0,938,0,0.0,3.0,2683,131,14,0,14,2683,0.7777777777777778,0.6210648148148148,0.004975124378109453,0.005218039508013418,0.0,False,paper_literal_eq15_eq20_joint_v3,paper_joint,paper_fixed_v1,paper,0.0,paper_eq9,vanilla_mappo_paper_env_v2,tanh_squashed_normal_v1,eq17_engineering_thresholds_unbounded_tail_v2,"{""d_att_max_m"":null,""h_adv_m"":5000.0,""h_att_m"":2000.0,""h_max_m"":10000.0,""h_min_m"":0.0,""high_altitude_tail"":0.1,""version"":""eq17_engineering_thresholds_unbounded_tail_v2""}",0.6718044281005859,0.6625865697860718,0.6820145845413208,-0.397858202457428,-0.12726453663781284,208.75951232910157,3.050011658668518,-1.3830998703120059,-0.20393441097962775,19.15893382695295,0.0,0.0,-337.80557528030727,-90.0,0.0,-1.3830998703120059,-0.46103329010400196,-0.20393441097962775,-0.06797813699320925,19.15893382695295,6.386311275650983,0.0,0.0,0.0,0.0,-337.80557528030727,-112.60185842676908,-90.0,0,1685,0,56,166295,29096,25989,77404,60527,10966,0,93124,0,1,0,0,0,57,0.0,0.03323442136498516,0.0,0.021768900831998346,0.0,0.0,0.0,0.0,0.0,0.0,0.0,0.0,0.0,0.0,0.0,3713.836507552908,2691.7427403090273,3596.4074701226496,4729.736673406515,27.49523454677773,26.5566197380964,151.94507224330135,161.4799237585023,-18.399430715364648,1685.1940495278216,0.27450980392156865,0.5085008348987461,0.0,0.0,0.0,0.0
196000,98,-413.70344512939454,96.73861096987545,0.0,0.0,0.0,7.54,941,0,941,0,0.0,3.0,2691,132,14,0,14,2691,0.6666666666666666,0.6172018348623853,0.00495926319518243,0.005202526941657376,0.0,False,paper_literal_eq15_eq20_joint_v3,paper_joint,paper_fixed_v1,paper,0.0,paper_eq9,vanilla_mappo_paper_env_v2,tanh_squashed_normal_v1,eq17_engineering_thresholds_unbounded_tail_v2,"{""d_att_max_m"":null,""h_adv_m"":5000.0,""h_att_m"":2000.0,""h_max_m"":10000.0,""h_min_m"":0.0,""high_altitude_tail"":0.1,""version"":""eq17_engineering_thresholds_unbounded_tail_v2""}",0.6780545115470886,0.6674346923828125,0.6887896060943604,-0.3886103630065918,-0.16875860365107656,166.00339050292968,3.078014862537384,-1.3589975052619963,-0.20371393445327976,19.875513455724636,0.0,0.0,-342.01619957480403,-90.0,0.0,-1.3589975052619963,-0.4529991684206654,-0.20371393445327976,-0.06790464481775992,19.875513455724636,6.625171151908212,0.0,0.0,0.0,0.0,-342.01619957480403,-114.005399858268,-90.0,83,1131,3,40,98673,16240,11361,35047,19837,11871,867,72570,15,15,0,0,18,55,0.03614457831325301,0.03536693191865606,0.0008411622226951648,0.03227095043798328,3078.938205579956,2570.332611558175,3557.501688390945,3826.8255410072315,21.77427643161123,20.57024956907322,118.07662372504292,123.76925815820532,267.1040235282282,3014.9654242262563,0.0,4403.256745129488,3029.955411407213,3895.8792923615956,4948.183148546383,25.29153470335688,27.41650860694121,147.4812946281499,156.4706596831375,-8.279258287009677,2022.6625243348112,0.15217391304347827,0.49951880353001166,0.0,0.0,0.0,0.0
198000,99,-410.8289077758789,97.04563491241656,0.0,0.0,0.04,7.76,946,0,946,0,0.0,2.98,2701,137,15,0,15,2701,0.7142857142857143,0.6141427921782628,0.005285412262156448,0.0055534987041836355,0.0,False,paper_literal_eq15_eq20_joint_v3,paper_joint,paper_fixed_v1,paper,0.0,paper_eq9,vanilla_mappo_paper_env_v2,tanh_squashed_normal_v1,eq17_engineering_thresholds_unbounded_tail_v2,"{""d_att_max_m"":null,""h_adv_m"":5000.0,""h_att_m"":2000.0,""h_max_m"":10000.0,""h_min_m"":0.0,""high_altitude_tail"":0.1,""version"":""eq17_engineering_thresholds_unbounded_tail_v2""}",0.6832486987113953,0.6711954474449158,0.6955392956733704,-0.38100218772888184,-0.2277864429168403,156.41512145996094,3.1025624513626098,-1.3520337132446665,-0.19972414868332936,21.499393837310212,0.0,0.0,-341.37648085112005,-89.4,0.0,-1.3520337132446665,-0.4506779044148888,-0.19972414868332936,-0.06657471622777646,21.499393837310212,7.166464612436737,0.0,0.0,0.0,0.0,-341.37648085112005,-113.79216028370668,-89.4,0,1131,0,38,126975,26383,20226,74707,48428,18585,79,55475,0,0,0,0,0,38,0.0,0.03359858532272325,0.0,0.015139143587615618,0.0,0.0,0.0,0.0,0.0,0.0,0.0,0.0,0.0,0.0,1.0,4206.846253503079,3311.7966513041265,3846.8976695370757,4854.255962823487,26.35835987850026,26.73892010481658,153.45019906391795,166.13545099113176,-38.989236192426524,2149.099539168986,0.21621621621621623,0.5005594082012972,0.0,0.0,0.0,0.0
200000,100,-405.6425784301758,101.72071599376564,0.0,0.0,0.08,8.22,951,0,951,0,0.0,2.98,2713,140,15,0,15,2713,0.6818181818181818,0.6100742073307848,0.005257623554153523,0.0055289347585698485,0.0,False,paper_literal_eq15_eq20_joint_v3,paper_joint,paper_fixed_v1,paper,0.0,paper_eq9,vanilla_mappo_paper_env_v2,tanh_squashed_normal_v1,eq17_engineering_thresholds_unbounded_tail_v2,"{""d_att_max_m"":null,""h_adv_m"":5000.0,""h_att_m"":2000.0,""h_max_m"":10000.0,""h_min_m"":0.0,""high_altitude_tail"":0.1,""version"":""eq17_engineering_thresholds_unbounded_tail_v2""}",0.6885356903076172,0.6751144528388977,0.7044207453727722,-0.3733418881893158,-0.19524189187213778,125.6288558959961,3.125221148133278,-1.3978754229734194,-0.20502177753987333,24.329192337581244,0.0,0.0,-338.96881638303,-89.4,0.0,-1.3978754229734194,-0.4659584743244731,-0.20502177753987333,-0.06834059251329111,24.329192337581244,8.109730779193749,0.0,0.0,0.0,0.0,-338.96881638303,-112.98960546101,-89.4,15,1403,1,49,137068,34560,16068,68784,57101,9114,190,74744,0,18,0,0,1,67,0.06666666666666667,0.03492516037063435,0.00010943473312516416,0.020397185391951615,1049.798018975604,1049.798018975604,1049.798018975604,1049.798018975604,22.23084065632175,22.23084065632175,133.12445395488328,133.12445395488328,358.33615851937464,1046.3397183327825,0.0,4520.764287329235,2957.680363570646,3774.1009421975136,5226.170794135321,22.87063233098153,25.140902192886422,142.83784451011152,154.3912345035074,-7.036725468465568,1869.5522062856114,0.27906976744186046,0.5091917317075152,0.0,0.0,0.0,0.0
202000,101,-407.4343936157227,103.9079842150474,0.0,0.0,0.08,8.56,956,0,956,0,0.0,2.98,2725,143,15,0,15,2725,0.6818181818181818,0.6075808249721293,0.005230125523012552,0.005504587155963303,0.0,False,paper_literal_eq15_eq20_joint_v3,paper_joint,paper_fixed_v1,paper,0.0,paper_eq9,vanilla_mappo_paper_env_v2,tanh_squashed_normal_v1,eq17_engineering_thresholds_unbounded_tail_v2,"{""d_att_max_m"":null,""h_adv_m"":5000.0,""h_att_m"":2000.0,""h_max_m"":10000.0,""h_min_m"":0.0,""high_altitude_tail"":0.1,""version"":""eq17_engineering_thresholds_unbounded_tail_v2""}",0.6953415274620056,0.6834739446640015,0.7065872550010681,-0.36344462633132935,-0.1981288231909275,154.09418487548828,3.1520694881677627,-1.401627733930662,-0.203593477200793,26.483382062688296,0.0,0.0,-342.91250365928937,-89.4,0.0,-1.401627733930662,-0.467209244643554,-0.203593477200793,-0.06786449240026433,26.483382062688296,8.827794020896098,0.0,0.0,0.0,0.0,-342.91250365928937,-114.3041678864298,-89.4,0,1062,0,38,106084,28081,13456,45449,36383,8396,0,67642,0,0,0,0,0,38,0.0,0.035781544256120526,0.0,0.023366850755792208,0.0,0.0,0.0,0.0,0.0,0.0,0.0,0.0,0.0,0.0,0.0,3949.230991886463,3217.558490054572,3821.2287149830786,4411.141145041194,22.03417512236869,19.852543671077797,146.4473963182431,157.77484738688446,0.8744530831672056,1839.1608169282676,0.2608695652173913,0.5104546291022641,0.0,0.0,0.0,0.0
204000,102,-393.92539367675784,98.04945053466147,0.0,0.0,0.08,8.6,962,0,962,0,0.0,2.98,2738,148,15,0,15,2738,0.6818181818181818,0.6029508918740366,0.005197505197505198,0.00547845142439737,0.0,False,paper_literal_eq15_eq20_joint_v3,paper_joint,paper_fixed_v1,paper,0.0,paper_eq9,vanilla_mappo_paper_env_v2,tanh_squashed_normal_v1,eq17_engineering_thresholds_unbounded_tail_v2,"{""d_att_max_m"":null,""h_adv_m"":5000.0,""h_att_m"":2000.0,""h_max_m"":10000.0,""h_min_m"":0.0,""high_altitude_tail"":0.1,""version"":""eq17_engineering_thresholds_unbounded_tail_v2""}",0.7018091082572937,0.6928683519363403,0.7092754244804382,-0.35414060950279236,-0.09013308268040418,164.9121109008789,3.180595350265503,-1.3894722753100124,-0.20555448091711226,27.060566385745943,0.0,0.0,-329.9908785725399,-89.4,0.0,-1.3894722753100124,-0.46315742510333746,-0.20555448091711226,-0.06851816030570408,27.060566385745943,9.020188795248648,0.0,0.0,0.0,0.0,-329.9908785725399,-109.99695952417996,-89.4,0,1391,0,56,161428,35894,26778,88658,68217,13331,0,73862,0,16,0,0,0,72,0.0,0.040258806613946804,0.0,0.015689503485303076,0.0,0.0,0.0,0.0,0.0,0.0,0.0,0.0,0.0,0.0,0.0,3240.5486709229267,2670.4345598842347,3196.061809012458,3799.071763437024,29.723385539224726,31.277283226161394,148.9709754525326,161.57133597502275,-40.46736609770106,1957.0503936884645,0.24489795918367346,0.5175561603820381,0.0,0.0,0.0,0.0
206000,103,-387.98073608398437,98.63049343378404,0.0,0.0,0.08,8.46,965,0,965,0,0.0,2.98,2744,151,15,0,15,2744,0.6818181818181818,0.5967812092214007,0.0051813471502590676,0.005466472303206997,0.0,False,paper_literal_eq15_eq20_joint_v3,paper_joint,paper_fixed_v1,paper,0.0,paper_eq9,vanilla_mappo_paper_env_v2,tanh_squashed_normal_v1,eq17_engineering_thresholds_unbounded_tail_v2,"{""d_att_max_m"":null,""h_adv_m"":5000.0,""h_att_m"":2000.0,""h_max_m"":10000.0,""h_min_m"":0.0,""high_altitude_tail"":0.1,""version"":""eq17_engineering_thresholds_unbounded_tail_v2""}",0.7078134417533875,0.6996602416038513,0.7156942486763,-0.3456175923347473,-0.14957784228026866,112.39042053222656,3.2074129968881606,-1.3826646192627927,-0.20221591141621453,25.88231513107923,0.0,0.0,-322.8781310949726,-89.4,0.0,-1.3826646192627927,-0.4608882064209309,-0.20221591141621453,-0.06740530380540484,25.88231513107923,8.62743837702641,0.0,0.0,0.0,0.0,-322.8781310949726,-107.62604369832421,-89.4,0,1398,0,57,124647,17232,30279,45166,29332,11666,0,96255,0,1,0,0,0,58,0.0,0.0407725321888412,0.0,0.030952486383562856,0.0,0.0,0.0,0.0,0.0,0.0,0.0,0.0,0.0,0.0,0.0,3999.432478282106,3225.0142319346087,3851.378970015536,4610.590126119816,24.109774358973983,23.9528179434574,153.7143200560383,168.19184371314626,-37.13711125936748,1961.8204516361445,0.15873015873015872,0.5207990299421397,0.0,0.0,0.0,0.0
208000,104,-378.5023046875,88.6598505440638,0.0,0.0,0.08,8.72,972,0,972,0,0.0,2.98,2758,158,15,0,15,2758,0.6818181818181818,0.5942684766214178,0.0051440329218107,0.005438723712835388,0.0,False,paper_literal_eq15_eq20_joint_v3,paper_joint,paper_fixed_v1,paper,0.0,paper_eq9,vanilla_mappo_paper_env_v2,tanh_squashed_normal_v1,eq17_engineering_thresholds_unbounded_tail_v2,"{""d_att_max_m"":null,""h_adv_m"":5000.0,""h_att_m"":2000.0,""h_max_m"":10000.0,""h_min_m"":0.0,""high_altitude_tail"":0.1,""version"":""eq17_engineering_thresholds_unbounded_tail_v2""}",0.7113360166549683,0.7044547200202942,0.7203123569488525,-0.3406539559364319,-0.25975752584636214,239.59790802001953,3.228022626042366,-1.3643430635105809,-0.19848057037951233,27.581284916136347,0.0,0.0,-315.12069861807424,-89.4,0.0,-1.3643430635105809,-0.45478102117019364,-0.19848057037951233,-0.0661601901265041,27.581284916136347,9.193761638712116,0.0,0.0,0.0,0.0,-315.12069861807424,-105.04023287269142,-89.4,0,901,0,43,143232,39378,26987,88943,64447,21648,0,60584,0,0,0,0,0,43,0.0,0.04772475027746948,0.0,0.010130083311783951,0.0,0.0,0.0,0.0,0.0,0.0,0.0,0.0,0.0,0.0,0.0,3931.417541465848,2924.8437917269193,3350.8640709911315,4682.02879770045,31.448087408574413,37.58485387923321,142.44505159960337,151.6885336252651,-6.295898835928505,2090.663588244897,0.2972972972972973,0.5283896557377105,0.0,0.0,0.0,0.0
210000,105,-384.5208807373047,90.69507326561506,0.0,0.0,0.08,9.16,975,0,975,0,0.0,2.98,2764,161,15,0,15,2764,0.625,0.5899679829242263,0.005128205128205128,0.005426917510853835,0.0,False,paper_literal_eq15_eq20_joint_v3,paper_joint,paper_fixed_v1,paper,0.0,paper_eq9,vanilla_mappo_paper_env_v2,tanh_squashed_normal_v1,eq17_engineering_thresholds_unbounded_tail_v2,"{""d_att_max_m"":null,""h_adv_m"":5000.0,""h_att_m"":2000.0,""h_max_m"":10000.0,""h_min_m"":0.0,""high_altitude_tail"":0.1,""version"":""eq17_engineering_thresholds_unbounded_tail_v2""}",0.7171528339385986,0.7123790383338928,0.7234821319580078,-0.33248743414878845,-0.14096250152215362,121.61761932373047,3.2474027305841444,-1.3543821043949893,-0.19913971532241168,29.934882244173618,0.0,0.0,-323.50216299574197,-89.4,0.0,-1.3543821043949893,-0.45146070146499645,-0.19913971532241168,-0.06637990510747056,29.934882244173618,9.978294081391207,0.0,0.0,0.0,0.0,-323.50216299574197,-107.83405433191399,-89.4,30,1190,2,44,110265,10810,12527,34100,24453,10018,3286,84064,0,8,0,0,2,52,0.06666666666666667,0.03697478991596639,0.00027207182696231805,0.034897360703812316,8656.076541778853,8618.324526792398,8656.076541778853,8693.828556765307,41.52888759366901,41.52888759366901,91.90860161646782,91.90860161646782,231.41089677505255,3912.945837435379,1.0,4831.40493070393,3587.719807230891,4601.880830578372,5569.361813634097,26.9038335133596,31.649698309001447,146.31562855366948,151.49708461439977,-8.022535552223145,2522.8556520709894,0.1875,0.5284049798007572,9.96512207274539e-05,0.0,0.00029895366218236175,0.0
212000,106,-376.1393188476562,89.54424854179373,0.0,0.0,0.12,9.4,979,0,979,0,0.0,2.94,2775,162,17,0,17,2775,0.7083333333333334,0.5885471898197243,0.005788219271365339,0.006126126126126126,0.0,False,paper_literal_eq15_eq20_joint_v3,paper_joint,paper_fixed_v1,paper,0.0,paper_eq9,vanilla_mappo_paper_env_v2,tanh_squashed_normal_v1,eq17_engineering_thresholds_unbounded_tail_v2,"{""d_att_max_m"":null,""h_adv_m"":5000.0,""h_att_m"":2000.0,""h_max_m"":10000.0,""h_min_m"":0.0,""high_altitude_tail"":0.1,""version"":""eq17_engineering_thresholds_unbounded_tail_v2""}",0.7248565554618835,0.7180057168006897,0.7296255826950073,-0.3218051791191101,-0.04191535031422973,99.77552719116211,3.2755864202976226,-1.3395785915558673,-0.19615045771937248,32.663068136870216,0.0,0.0,-319.06657524905637,-88.2,0.0,-1.3395785915558673,-0.44652619718528913,-0.19615045771937248,-0.0653834859064575,32.663068136870216,10.887689378956738,0.0,0.0,0.0,0.0,-319.06657524905637,-106.35552508301879,-88.2,0,752,0,30,107015,26796,11966,53376,41366,9874,202,54288,0,0,0,0,0,30,0.0,0.0398936170212766,0.0,0.01408872901678657,0.0,0.0,0.0,0.0,0.0,0.0,0.0,0.0,0.0,0.0,1.0,3850.7080148995174,2897.3155965289025,3576.1434335025706,4527.734927416515,26.197315944872525,25.769526471500022,149.39953320732218,154.36309451834006,1.5146522834379657,2078.2216760867627,0.2903225806451613,0.5213846444323148,0.0,0.0,0.0,0.0
214000,107,-377.40753967285156,89.7328074157052,0.0,0.0,0.12,9.94,982,0,982,0,0.0,2.94,2783,163,17,0,17,2783,0.7083333333333334,0.5835604948626546,0.005770536320434488,0.006108515989938915,0.0,False,paper_literal_eq15_eq20_joint_v3,paper_joint,paper_fixed_v1,paper,0.0,paper_eq9,vanilla_mappo_paper_env_v2,tanh_squashed_normal_v1,eq17_engineering_thresholds_unbounded_tail_v2,"{""d_att_max_m"":null,""h_adv_m"":5000.0,""h_att_m"":2000.0,""h_max_m"":10000.0,""h_min_m"":0.0,""high_altitude_tail"":0.1,""version"":""eq17_engineering_thresholds_unbounded_tail_v2""}",0.7302719950675964,0.7209725975990295,0.7366982102394104,-0.3143809735774994,-0.16942087719216942,93.13265228271484,3.3026034951210024,-1.320236543583094,-0.19653057395741844,35.02640721224919,0.0,0.0,-322.7170961799126,-88.2,0.0,-1.320236543583094,-0.44007884786103135,-0.19653057395741844,-0.06551019131913947,35.02640721224919,11.67546907074973,0.0,0.0,0.0,0.0,-322.7170961799126,-107.5723653933042,-88.2,0,1720,0,54,128486,19846,12405,52579,37740,11783,0,78741,0,18,0,0,0,72,0.0,0.031395348837209305,0.0,0.03271267996728732,0.0,0.0,0.0,0.0,0.0,0.0,0.0,0.0,0.0,0.0,0.0,3956.749042750143,3112.5715305902004,3648.5815619757614,4675.869164814508,22.137243062232034,19.59858825998645,154.84816147147683,169.24601680898084,-47.037574812954716,1784.2349322679613,0.12244897959183673,0.5201621088561226,0.0,0.0,0.0,0.0
216000,108,-380.17698822021487,85.55552715629146,0.0,0.0,0.12,10.34,988,0,988,0,0.0,2.94,2798,166,17,0,17,2798,0.7083333333333334,0.5813421982131727,0.005735492577597841,0.006075768406004289,0.0,False,paper_literal_eq15_eq20_joint_v3,paper_joint,paper_fixed_v1,paper,0.0,paper_eq9,vanilla_mappo_paper_env_v2,tanh_squashed_normal_v1,eq17_engineering_thresholds_unbounded_tail_v2,"{""d_att_max_m"":null,""h_adv_m"":5000.0,""h_att_m"":2000.0,""h_max_m"":10000.0,""h_min_m"":0.0,""high_altitude_tail"":0.1,""version"":""eq17_engineering_thresholds_unbounded_tail_v2""}",0.7357583045959473,0.726769745349884,0.7434489727020264,-0.30689743161201477,-0.22782967714592814,148.70429534912108,3.3256896823644637,-1.3066268943005437,-0.1932752580010165,35.37727386136326,0.0,0.0,-325.85426715464985,-88.2,0.0,-1.3066268943005437,-0.43554229810018125,-0.1932752580010165,-0.06442508600033883,35.37727386136326,11.792424620454419,0.0,0.0,0.0,0.0,-325.85426715464985,-108.61808905154994,-88.2,0,1263,0,44,150465,38860,18493,79520,63131,12811,0,70945,0,7,0,0,0,51,0.0,0.03483768804433888,0.0,0.015882796780684105,0.0,0.0,0.0,0.0,0.0,0.0,0.0,0.0,0.0,0.0,0.0,3244.7057586671185,2553.777990414679,3191.454327695113,4028.093251213178,29.419026832704606,31.075346548597032,141.78563732146804,148.20270143472555,-39.83378442279223,1896.2498782109394,0.3023255813953488,0.5316391179028676,0.0,0.0,0.0,0.0
218000,109,-377.97721710205076,85.47135105593533,0.0,0.0,0.14,10.28,991,0,991,0,0.0,2.94,2803,170,17,0,17,2803,0.68,0.5756828917642226,0.005718129835183316,0.006064930431680342,0.0,False,paper_literal_eq15_eq20_joint_v3,paper_joint,paper_fixed_v1,paper,0.0,paper_eq9,vanilla_mappo_paper_env_v2,tanh_squashed_normal_v1,eq17_engineering_thresholds_unbounded_tail_v2,"{""d_att_max_m"":null,""h_adv_m"":5000.0,""h_att_m"":2000.0,""h_max_m"":10000.0,""h_min_m"":0.0,""high_altitude_tail"":0.1,""version"":""eq17_engineering_thresholds_unbounded_tail_v2""}",0.7405397295951843,0.7316364645957947,0.7480183839797974,-0.30041784048080444,-0.29325433615595103,174.26461944580078,3.3469219893217086,-1.3208554077727923,-0.1955283122022956,35.68427544850744,0.0,0.0,-323.94500359313975,-88.2,0.0,-1.3208554077727923,-0.4402851359242641,-0.1955283122022956,-0.06517610406743186,35.68427544850744,11.894758482835813,0.0,0.0,0.0,0.0,-323.94500359313975,-107.98166786437992,-88.2,25,1575,1,56,149082,24641,17350,56473,36834,15303,262,92871,0,5,0,0,1,61,0.04,0.035555555555555556,0.0001676929475053997,0.027889433888761,3268.050815108099,3268.050815108099,3268.050815108099,3268.050815108099,41.36923326547254,41.36923326547254,100.0543006403318,100.0543006403318,281.7979049326967,2626.130248987427,0.0,4425.021637574464,2967.738259504322,4043.359056619757,5117.049132065821,26.324656022488732,28.119458488190684,152.5730571340707,162.8691874555082,-28.38742061294294,1848.918872661167,0.16071428571428573,0.5339739215549455,0.0,0.0,0.0,0.0
220000,110,-381.8613571166992,89.26230562302423,0.0,0.0,0.14,10.44,993,0,993,0,0.0,2.94,2808,171,17,0,17,2808,0.6071428571428571,0.5718940936863544,0.005706612957368244,0.006054131054131054,0.0,False,paper_literal_eq15_eq20_joint_v3,paper_joint,paper_fixed_v1,paper,0.0,paper_eq9,vanilla_mappo_paper_env_v2,tanh_squashed_normal_v1,eq17_engineering_thresholds_unbounded_tail_v2,"{""d_att_max_m"":null,""h_adv_m"":5000.0,""h_att_m"":2000.0,""h_max_m"":10000.0,""h_min_m"":0.0,""high_altitude_tail"":0.1,""version"":""eq17_engineering_thresholds_unbounded_tail_v2""}",0.7456149458885193,0.7374628186225891,0.7512935996055603,-0.29357755184173584,-0.20227174405008555,108.09908905029297,3.367031192779541,-1.3402115351285107,-0.198242784473638,35.53552607007461,0.0,0.0,-327.6583401736091,-88.2,0.0,-1.3402115351285107,-0.4467371783761702,-0.198242784473638,-0.06608092815787933,35.53552607007461,11.845175356691536,0.0,0.0,0.0,0.0,-327.6583401736091,-109.21944672453635,-88.2,45,974,3,41,110047,11849,13767,34846,20585,9717,2279,79279,0,0,0,0,3,41,0.06666666666666667,0.04209445585215606,0.00040891619035503013,0.02795155828502554,4947.914068551774,4237.5365302656055,4441.508569091758,5405.088857107934,36.621674432018075,41.59535012465642,114.52016999008261,116.38013000874133,239.80295640773434,3481.9357133653866,0.3333333333333333,4262.473514228734,3068.5279354690624,3930.189743178271,5090.284571358899,25.84038675539093,26.270247366043606,150.64189090765365,158.05226213419422,-17.97716434845032,2108.205800745097,0.20454545454545456,0.5288849279812146,0.00010377750103777501,0.00031133250311332503,0.0,0.0
222000,111,-381.1587844848633,88.5657039833831,0.0,0.0,0.12,10.36,997,0,997,0,0.0,2.96,2818,173,17,0,17,2818,0.6071428571428571,0.5699838187702265,0.0056837178201270475,0.00603264726756565,0.0,False,paper_literal_eq15_eq20_joint_v3,paper_joint,paper_fixed_v1,paper,0.0,paper_eq9,vanilla_mappo_paper_env_v2,tanh_squashed_normal_v1,eq17_engineering_thresholds_unbounded_tail_v2,"{""d_att_max_m"":null,""h_adv_m"":5000.0,""h_att_m"":2000.0,""h_max_m"":10000.0,""h_min_m"":0.0,""high_altitude_tail"":0.1,""version"":""eq17_engineering_thresholds_unbounded_tail_v2""}",0.7516371011734009,0.7426491379737854,0.7589566111564636,-0.28554224967956543,-0.1753092808648944,150.413330078125,3.3884289294481276,-1.2813840597575348,-0.19394436857563735,34.629139331580184,0.0,0.0,-325.51248360225463,-88.8,0.0,-1.2813840597575348,-0.42712801991917826,-0.19394436857563735,-0.06464812285854578,34.629139331580184,11.543046443860062,0.0,0.0,0.0,0.0,-325.51248360225463,-108.50416120075154,-88.8,0,757,0,34,126323,24948,17877,62272,40195,17176,0,64051,0,0,0,0,0,34,0.0,0.04491413474240423,0.0,0.012156346351490236,0.0,0.0,0.0,0.0,0.0,0.0,0.0,0.0,0.0,0.0,0.0,3657.426276669121,2895.560694576773,3634.3634701618084,4218.45406197422,33.58148641326424,38.542006833915536,135.80302316749095,138.98682594621079,11.25200809609984,2185.249091090655,0.1875,0.5318327243346904,0.0,0.0,0.0,0.0
224000,112,-379.7617147827148,86.75373842855339,0.0,0.0,0.12,10.56,1002,0,1002,0,0.0,2.94,2831,175,18,0,18,2831,0.6,0.5663132626525305,0.005988023952095809,0.006358177322500883,0.0,False,paper_literal_eq15_eq20_joint_v3,paper_joint,paper_fixed_v1,paper,0.0,paper_eq9,vanilla_mappo_paper_env_v2,tanh_squashed_normal_v1,eq17_engineering_thresholds_unbounded_tail_v2,"{""d_att_max_m"":null,""h_adv_m"":5000.0,""h_att_m"":2000.0,""h_max_m"":10000.0,""h_min_m"":0.0,""high_altitude_tail"":0.1,""version"":""eq17_engineering_thresholds_unbounded_tail_v2""}",0.755138099193573,0.7474244832992554,0.7607405781745911,-0.2808825969696045,-0.19812042135745286,184.71660919189452,3.4081352174282076,-1.2246976312895883,-0.18917372370683622,36.328014610999155,0.0,0.0,-326.4757214793727,-88.2,0.0,-1.2246976312895883,-0.4082325437631961,-0.18917372370683622,-0.06305790790227873,36.328014610999155,12.109338203666384,0.0,0.0,0.0,0.0,-326.4757214793727,-108.82524049312423,-88.2,30,1272,2,55,127285,26278,27502,55848,40416,12065,544,82415,0,0,0,0,2,55,0.06666666666666667,0.04323899371069182,0.00023569155831401972,0.022776106574989255,1048.9780606117993,940.1887968305043,1048.9780606117993,1157.7673243930944,33.941040132260525,33.941040132260525,102.36461240695868,102.36461240695868,205.62299628231023,1029.117237367908,1.0,3819.5823658798968,2804.605257021046,3772.1292823391427,4687.522855691872,25.01659960824971,25.027282194268295,150.49528478640053,159.13000748905557,-14.51978092922002,1619.1945652210477,0.13793103448275862,0.5435153528069796,0.0,0.0,0.0,0.0
226000,113,-380.400979309082,85.774353625687,0.0,0.0,0.22,10.74,1008,0,1008,0,0.0,2.9,2840,184,20,0,20,2840,0.5882352941176471,0.5646123260437376,0.006613756613756613,0.007042253521126761,0.0,False,paper_literal_eq15_eq20_joint_v3,paper_joint,paper_fixed_v1,paper,0.0,paper_eq9,vanilla_mappo_paper_env_v2,tanh_squashed_normal_v1,eq17_engineering_thresholds_unbounded_tail_v2,"{""d_att_max_m"":null,""h_adv_m"":5000.0,""h_att_m"":2000.0,""h_max_m"":10000.0,""h_min_m"":0.0,""high_altitude_tail"":0.1,""version"":""eq17_engineering_thresholds_unbounded_tail_v2""}",0.7583596110343933,0.7500187158584595,0.7649440765380859,-0.27663129568099976,-0.2811005090363324,166.91656646728515,3.421172171831131,-1.282529478751715,-0.19584090249295324,36.72228216643666,0.0,0.0,-328.6447435980154,-87.0,0.0,-1.282529478751715,-0.42750982625057166,-0.19584090249295324,-0.06528030083098442,36.72228216643666,12.240760722145554,0.0,0.0,0.0,0.0,-328.6447435980154,-109.54824786600513,-87.0,60,778,4,31,113602,29323,17788,73922,42396,22556,11086,52508,0,0,0,0,4,31,0.06666666666666667,0.03984575835475578,0.0005281597154979666,0.010524607018208381,3628.692700608144,1511.1495927665135,3488.0670403491395,5605.610148190771,25.997566661557606,28.964283326402963,111.8165539572897,104.30731287595572,159.63428943672935,2895.407970773744,0.0,3975.0233367156625,3191.654130830807,3734.4289904870416,4745.625259945098,28.884869070666582,35.80663705983458,150.84673874460498,159.07589042771133,-24.902922435719297,2164.005313823539,0.2571428571428571,0.5342091018497575,8.853474988933157e-05,0.0002656042496679947,0.0,0.0
228000,114,-383.79309326171875,85.33770237617763,0.0,0.0,0.24,10.78,1013,0,1013,0,0.0,2.9,2850,189,20,0,20,2850,0.5714285714285714,0.5619085173501577,0.006581112207963146,0.007017543859649123,0.0,False,paper_literal_eq15_eq20_joint_v3,paper_joint,paper_fixed_v1,paper,0.0,paper_eq9,vanilla_mappo_paper_env_v2,tanh_squashed_normal_v1,eq17_engineering_thresholds_unbounded_tail_v2,"{""d_att_max_m"":null,""h_adv_m"":5000.0,""h_att_m"":2000.0,""h_max_m"":10000.0,""h_min_m"":0.0,""high_altitude_tail"":0.1,""version"":""eq17_engineering_thresholds_unbounded_tail_v2""}",0.7634247541427612,0.7525579929351807,0.771288275718689,-0.2699950039386749,-0.23381665898486972,149.80897674560546,3.4368302077054977,-1.2370679017270496,-0.19586302306307146,37.016971124190235,0.0,0.0,-332.37700263438643,-87.0,0.0,-1.2370679017270496,-0.41235596724234985,-0.19586302306307146,-0.06528767435435716,37.016971124190235,12.338990374730079,0.0,0.0,0.0,0.0,-332.37700263438643,-110.79233421146215,-87.0,39,1009,1,42,146220,35498,18032,77540,55949,13739,1868,70548,4,0,0,0,5,42,0.02564102564102564,0.04162537165510406,0.0002667213787443578,0.01301263863812226,798.4014211022019,798.4014211022019,798.4014211022019,798.4014211022019,34.16279812916375,34.16279812916375,104.97498163623582,104.97498163623582,89.85257939130301,708.9990286760194,0.0,3683.4447321282696,2792.837754516844,3389.4108810836706,4253.627243799593,32.248798670716695,37.85965929137188,143.6507700835644,153.8882246754544,-26.57048289954421,2045.375849804118,0.2777777777777778,0.5413438772645939,8.08472794890452e-05,0.00024254183846713557,0.0,0.0
230000,115,-385.8835693359375,86.0333432375335,0.0,0.0,0.26,11.04,1016,0,1016,0,0.0,2.9,2856,192,20,0,20,2856,0.5714285714285714,0.5569422776911076,0.006561679790026247,0.0070028011204481795,0.0,False,paper_literal_eq15_eq20_joint_v3,paper_joint,paper_fixed_v1,paper,0.0,paper_eq9,vanilla_mappo_paper_env_v2,tanh_squashed_normal_v1,eq17_engineering_thresholds_unbounded_tail_v2,"{""d_att_max_m"":null,""h_adv_m"":5000.0,""h_att_m"":2000.0,""h_max_m"":10000.0,""h_min_m"":0.0,""high_altitude_tail"":0.1,""version"":""eq17_engineering_thresholds_unbounded_tail_v2""}",0.7669500112533569,0.7554793953895569,0.7737241983413696,-0.26539063453674316,-0.1535613276064396,90.00420150756835,3.453832930326462,-1.233310445903692,-0.19605646300613433,38.4063042434544,0.0,0.0,-335.8603755937181,-87.0,0.0,-1.233310445903692,-0.41110348196789737,-0.19605646300613433,-0.06535215433537811,38.4063042434544,12.8021014144848,0.0,0.0,0.0,0.0,-335.8603755937181,-111.95345853123938,-87.0,0,1369,0,56,158205,22559,21944,63058,44493,10347,0,95147,0,0,0,0,0,56,0.0,0.04090577063550037,0.0,0.021710171588061784,0.0,0.0,0.0,0.0,0.0,0.0,0.0,0.0,0.0,0.0,0.0,3534.4163892073566,2586.144553932602,3128.542468334629,3971.4908524871653,26.231973695094553,26.70494182747812,150.6643757254833,162.32787370315947,-39.09771224700449,1619.3367105634102,0.16363636363636364,0.5516352643562662,7.574036203893055e-05,0.0,0.0,0.00022722108611679165
232000,116,-386.40288513183594,85.65622553055078,0.0,0.0,0.26,11.14,1018,0,1018,0,0.0,2.9,2861,193,20,0,20,2861,0.5714285714285714,0.5539206195546951,0.006548788474132285,0.006990562740300594,0.0,False,paper_literal_eq15_eq20_joint_v3,paper_joint,paper_fixed_v1,paper,0.0,paper_eq9,vanilla_mappo_paper_env_v2,tanh_squashed_normal_v1,eq17_engineering_thresholds_unbounded_tail_v2,"{""d_att_max_m"":null,""h_adv_m"":5000.0,""h_att_m"":2000.0,""h_max_m"":10000.0,""h_min_m"":0.0,""high_altitude_tail"":0.1,""version"":""eq17_engineering_thresholds_unbounded_tail_v2""}",0.7722560167312622,0.7593904137611389,0.7788652777671814,-0.2585090398788452,-0.1283524828031659,76.62272720336914,3.4702943861484528,-1.240530972287373,-0.19615037052305204,38.82240562583765,0.0,0.0,-336.78849547234927,-87.0,0.0,-1.240530972287373,-0.41351032409579097,-0.19615037052305204,-0.06538345684101735,38.82240562583765,12.940801875279218,0.0,0.0,0.0,0.0,-336.78849547234927,-112.26283182411642,-87.0,0,980,0,37,108768,13783,10131,39674,25335,12537,0,69094,0,0,0,0,0,37,0.0,0.03775510204081633,0.0,0.02470131572314362,0.0,0.0,0.0,0.0,0.0,0.0,0.0,0.0,0.0,0.0,0.0,3924.190986469401,3322.1099548712104,3974.845204474506,4757.813109131141,32.37663213624785,40.61550814335828,142.6298302685981,152.5793991045647,-16.440709427954207,2614.849929841809,0.16216216216216217,0.542453682672098,0.00010997470581766194,0.0,0.0003299241174529858,0.0
234000,117,-390.9473431396484,84.11583301013098,0.0,0.0,0.26,11.08,1023,0,1023,0,0.0,2.9,2871,198,20,0,20,2871,0.5714285714285714,0.5515850144092219,0.006516780710329097,0.006966213862765587,0.0,False,paper_literal_eq15_eq20_joint_v3,paper_joint,paper_fixed_v1,paper,0.0,paper_eq9,vanilla_mappo_paper_env_v2,tanh_squashed_normal_v1,eq17_engineering_thresholds_unbounded_tail_v2,"{""d_att_max_m"":null,""h_adv_m"":5000.0,""h_att_m"":2000.0,""h_max_m"":10000.0,""h_min_m"":0.0,""high_altitude_tail"":0.1,""version"":""eq17_engineering_thresholds_unbounded_tail_v2""}",0.776659369468689,0.7650810480117798,0.7826552987098694,-0.2528093755245209,-0.16813799077644945,154.26492462158203,3.490989011526108,-1.2594263386822797,-0.1988329672752758,38.31729131094366,0.0,0.0,-340.80625230287166,-87.0,0.0,-1.2594263386822797,-0.4198087795607599,-0.1988329672752758,-0.06627765575842527,38.31729131094366,12.77243043698122,0.0,0.0,0.0,0.0,-340.80625230287166,-113.60208410095721,-87.0,0,1031,0,40,137811,27489,14048,71094,49147,13822,0,66717,0,0,0,0,0,40,0.0,0.038797284190106696,0.0,0.014501927026190678,0.0,0.0,0.0,0.0,0.0,0.0,0.0,0.0,0.0,0.0,0.0,4404.9540583418375,3133.3877470526895,4144.506854858867,5330.146176443342,32.44362919655796,40.84195329968115,145.7042491282363,156.5046413783262,-27.852010872057207,2211.0694020268447,0.25,0.5471522488801938,0.0,0.0,0.0,0.0
236000,118,-387.87349670410157,78.98152356329688,0.0,0.0,0.22,10.46,1030,0,1030,0,0.0,2.94,2885,205,20,0,20,2885,0.5714285714285714,0.5496285006667937,0.006472491909385114,0.006932409012131715,0.0,False,paper_literal_eq15_eq20_joint_v3,paper_joint,paper_fixed_v1,paper,0.0,paper_eq9,vanilla_mappo_paper_env_v2,tanh_squashed_normal_v1,eq17_engineering_thresholds_unbounded_tail_v2,"{""d_att_max_m"":null,""h_adv_m"":5000.0,""h_att_m"":2000.0,""h_max_m"":10000.0,""h_min_m"":0.0,""high_altitude_tail"":0.1,""version"":""eq17_engineering_thresholds_unbounded_tail_v2""}",0.7812196612358093,0.7667800784111023,0.7895810008049011,-0.2469855546951294,-0.210608843434602,171.79344177246094,3.50738930106163,-1.268164408739859,-0.1978791622649566,34.88897116648759,0.0,0.0,-333.09629148667636,-88.2,0.0,-1.268164408739859,-0.422721469579953,-0.1978791622649566,-0.06595972075498553,34.88897116648759,11.629657055495864,0.0,0.0,0.0,0.0,-333.09629148667636,-111.03209716222545,-88.2,0,1058,0,44,134441,39915,13721,74501,60269,10631,0,61244,0,24,0,0,0,68,0.0,0.04158790170132325,0.0,0.014201151662393793,0.0,0.0,0.0,0.0,0.0,0.0,0.0,0.0,0.0,0.0,0.0,3449.0555863518252,3022.3352649052476,3444.3545296997827,3898.201592428534,28.886263169765144,31.31111118406286,144.09738906511646,147.1341066382094,-17.82303130507088,1918.4811574210958,0.25,0.5551286441713541,8.792754770069463e-05,0.0,0.0,0.0002637826431020839
238000,119,-377.95151947021486,79.93544640130972,0.0,0.0,0.22,10.0,1034,0,1034,0,0.0,2.94,2890,212,20,0,20,2890,0.5714285714285714,0.5441536433816607,0.006447453255963894,0.006920415224913495,0.0,False,paper_literal_eq15_eq20_joint_v3,paper_joint,paper_fixed_v1,paper,0.0,paper_eq9,vanilla_mappo_paper_env_v2,tanh_squashed_normal_v1,eq17_engineering_thresholds_unbounded_tail_v2,"{""d_att_max_m"":null,""h_adv_m"":5000.0,""h_att_m"":2000.0,""h_max_m"":10000.0,""h_min_m"":0.0,""high_altitude_tail"":0.1,""version"":""eq17_engineering_thresholds_unbounded_tail_v2""}",0.7887442111968994,0.77175372838974,0.7976659536361694,-0.23743008077144623,-0.21558858174830675,101.32555084228515,3.5307131558656693,-1.247370355895232,-0.1951888589148824,32.991779151445854,0.0,0.0,-321.30059493384636,-88.2,0.0,-1.247370355895232,-0.41579011863174403,-0.1951888589148824,-0.06506295297162747,32.991779151445854,10.997259717148617,0.0,0.0,0.0,0.0,-321.30059493384636,-107.10019831128211,-88.2,0,1510,0,62,155213,23462,23513,71428,47425,16090,0,93730,0,5,0,0,0,67,0.0,0.04105960264900662,0.0,0.02114016912135297,0.0,0.0,0.0,0.0,0.0,0.0,0.0,0.0,0.0,0.0,0.0,4228.054175008252,2855.0949809544636,4177.987675186119,5327.619188114847,21.64364576067898,19.142026186259713,158.19723785094246,169.44290201715813,-42.10641657095186,1754.2726749926217,0.14035087719298245,0.5584224301491638,0.0001448960370933855,0.0004346881112801565,0.0,0.0
240000,120,-383.31412628173825,89.94304427919263,0.0,0.0,0.22,10.32,1038,0,1038,0,0.0,2.94,2901,213,20,0,20,2901,0.5714285714285714,0.5420403587443946,0.006422607578676943,0.006894174422612892,0.0,False,paper_literal_eq15_eq20_joint_v3,paper_joint,paper_fixed_v1,paper,0.0,paper_eq9,vanilla_mappo_paper_env_v2,tanh_squashed_normal_v1,eq17_engineering_thresholds_unbounded_tail_v2,"{""d_att_max_m"":null,""h_adv_m"":5000.0,""h_att_m"":2000.0,""h_max_m"":10000.0,""h_min_m"":0.0,""high_altitude_tail"":0.1,""version"":""eq17_engineering_thresholds_unbounded_tail_v2""}",0.7972847819328308,0.7784782648086548,0.8075106143951416,-0.22668401896953583,-0.2083126364275813,136.97122497558593,3.5609939068555834,-1.2267181367865003,-0.19247094598428263,34.88817394030672,0.0,0.0,-328.5829468339001,-88.2,0.0,-1.2267181367865003,-0.4089060455955001,-0.19247094598428263,-0.06415698199476087,34.88817394030672,11.629391313435574,0.0,0.0,0.0,0.0,-328.5829468339001,-109.52764894463337,-88.2,0,1061,0,41,123330,24287,9266,47367,37790,7559,0,83635,0,2,0,0,0,43,0.0,0.03864278982092366,0.0,0.02239956087571516,0.0,0.0,0.0,0.0,0.0,0.0,0.0,0.0,0.0,0.0,0.0,4094.197921181428,2711.923511937185,3584.1250704364,5584.324098329297,23.760296682898858,21.92085737767775,141.5369369505197,146.29852653036613,-5.7902138894926605,2131.624075403648,0.22,0.5567981957006252,0.0,0.0,0.0,0.0
242000,121,-382.59486785888674,88.16132724136855,0.0,0.0,0.2,10.56,1043,0,1043,0,0.0,2.94,2912,217,20,0,20,2912,0.5714285714285714,0.5396590066716086,0.006391818472355385,0.006868131868131868,0.0,False,paper_literal_eq15_eq20_joint_v3,paper_joint,paper_fixed_v1,paper,0.0,paper_eq9,vanilla_mappo_paper_env_v2,tanh_squashed_normal_v1,eq17_engineering_thresholds_unbounded_tail_v2,"{""d_att_max_m"":null,""h_adv_m"":5000.0,""h_att_m"":2000.0,""h_max_m"":10000.0,""h_min_m"":0.0,""high_altitude_tail"":0.1,""version"":""eq17_engineering_thresholds_unbounded_tail_v2""}",0.8027428388595581,0.7865699529647827,0.812528133392334,-0.21982458233833313,-0.29451166866347195,101.6733901977539,3.588060536980629,-1.1953533831771166,-0.1874986570887209,36.58204501389016,0.0,0.0,-329.59390194621636,-88.2,0.0,-1.1953533831771166,-0.3984511277257055,-0.1874986570887209,-0.06249955236290697,36.58204501389016,12.194015004630053,0.0,0.0,0.0,0.0,-329.59390194621636,-109.86463398207212,-88.2,0,1253,0,44,134177,26871,20309,70491,46175,18182,0,66247,0,0,0,0,0,44,0.0,0.035115722266560255,0.0,0.017775318835028586,0.0,0.0,0.0,0.0,0.0,0.0,0.0,0.0,0.0,0.0,0.0,4077.1175846691694,3058.7873183695665,3909.094672595305,5023.480241167971,27.36392068445015,26.740437358993265,150.30920972522284,158.46215129813822,-33.67094519740444,1957.337040940246,0.1951219512195122,0.5545546177823645,0.0,0.0,0.0,0.0
244000,122,-387.46925689697264,91.56103269029899,0.0,0.0,0.16,10.34,1048,0,1048,0,0.0,2.94,2921,223,20,0,20,2921,0.5714285714285714,0.537244804119919,0.006361323155216285,0.006846970215679562,0.0,False,paper_literal_eq15_eq20_joint_v3,paper_joint,paper_fixed_v1,paper,0.0,paper_eq9,vanilla_mappo_paper_env_v2,tanh_squashed_normal_v1,eq17_engineering_thresholds_unbounded_tail_v2,"{""d_att_max_m"":null,""h_adv_m"":5000.0,""h_att_m"":2000.0,""h_max_m"":10000.0,""h_min_m"":0.0,""high_altitude_tail"":0.1,""version"":""eq17_engineering_thresholds_unbounded_tail_v2""}",0.8058838844299316,0.789071798324585,0.8154361248016357,-0.2159259170293808,-0.19527457561343908,177.16948547363282,3.602910453081131,-1.2052578907754075,-0.18996176365253073,34.76021557260197,0.0,0.0,-332.63412186978303,-88.2,0.0,-1.2052578907754075,-0.40175263025846913,-0.18996176365253073,-0.06332058788417691,34.76021557260197,11.586738524200657,0.0,0.0,0.0,0.0,-332.63412186978303,-110.87804062326101,-88.2,0,1402,0,41,116365,25108,9463,54709,44595,7846,0,63035,0,1,0,0,0,42,0.0,0.029243937232524966,0.0,0.025626496554497433,0.0,0.0,0.0,0.0,0.0,0.0,0.0,0.0,0.0,0.0,0.0,3707.3642594706057,2840.231816704062,3453.231446091922,4249.726807077522,19.973586226596854,16.19545745906117,149.31526677399967,157.9785875743733,-7.401012436030217,1546.322112877996,0.22727272727272727,0.5638667671892446,0.00030478512648582747,0.0006095702529716549,0.0,0.00030478512648582747
246000,123,-386.08475677490236,78.31295600904404,0.0,0.0,0.14,10.06,1051,0,1051,0,0.0,2.96,2927,226,20,0,20,2927,0.5714285714285714,0.5330540885084684,0.006343165239454488,0.006832934745473181,0.0,False,paper_literal_eq15_eq20_joint_v3,paper_joint,paper_fixed_v1,paper,0.0,paper_eq9,vanilla_mappo_paper_env_v2,tanh_squashed_normal_v1,eq17_engineering_thresholds_unbounded_tail_v2,"{""d_att_max_m"":null,""h_adv_m"":5000.0,""h_att_m"":2000.0,""h_max_m"":10000.0,""h_min_m"":0.0,""high_altitude_tail"":0.1,""version"":""eq17_engineering_thresholds_unbounded_tail_v2""}",0.8091853857040405,0.7926457524299622,0.8186341524124146,-0.21183323860168457,-0.2556241719983518,93.06198196411133,3.615853962302208,-1.2227996855003829,-0.19055752123547312,33.461367285957365,0.0,0.0,-329.3326356789387,-88.8,0.0,-1.2227996855003829,-0.4075998951667943,-0.19055752123547312,-0.06351917374515771,33.461367285957365,11.153789095319121,0.0,0.0,0.0,0.0,-329.3326356789387,-109.7775452263129,-88.8,0,1445,0,54,136816,23244,10846,52468,40019,9914,0,85300,0,0,0,0,0,54,0.0,0.03737024221453287,0.0,0.02754059617290539,0.0,0.0,0.0,0.0,0.0,0.0,0.0,0.0,0.0,0.0,0.0,3838.3251072442195,3143.0427794214957,3620.968871163378,4315.351578754419,26.301172129725387,29.449246498051874,152.74491903472827,164.47372578031616,-45.144163414000914,1799.6559665729253,0.13725490196078433,0.5604060233067408,0.0,0.0,0.0,0.0
248000,124,-386.3759744262695,78.67704666625234,0.0,0.0,0.1,10.38,1055,0,1055,0,0.0,3.0,2938,227,20,0,20,2938,0.5714285714285714,0.5305164319248826,0.00631911532385466,0.0068073519400953025,0.0,False,paper_literal_eq15_eq20_joint_v3,paper_joint,paper_fixed_v1,paper,0.0,paper_eq9,vanilla_mappo_paper_env_v2,tanh_squashed_normal_v1,eq17_engineering_thresholds_unbounded_tail_v2,"{""d_att_max_m"":null,""h_adv_m"":5000.0,""h_att_m"":2000.0,""h_max_m"":10000.0,""h_min_m"":0.0,""high_altitude_tail"":0.1,""version"":""eq17_engineering_thresholds_unbounded_tail_v2""}",0.8139895796775818,0.80088871717453,0.8237144947052002,-0.20587784051895142,-0.1899211263284087,106.86905212402344,3.63068510890007,-1.1801330814871998,-0.18443212090817895,34.75715740210936,0.0,0.0,-329.7684246373179,-90.0,0.0,-1.1801330814871998,-0.39337769382906657,-0.18443212090817895,-0.06147737363605965,34.75715740210936,11.585719134036452,0.0,0.0,0.0,0.0,-329.7684246373179,-109.92280821243929,-90.0,0,1171,0,47,123740,18829,15893,50770,31872,13038,0,74526,0,0,0,0,0,47,0.0,0.04013663535439795,0.0,0.023064802048453813,0.0,0.0,0.0,0.0,0.0,0.0,0.0,0.0,0.0,0.0,0.0,3834.340427437136,2848.3727786568243,3527.176850721241,4682.31926645367,28.89705385837102,35.215098445348296,141.94128491636403,152.18372204621872,-35.72458288129049,2156.593986656417,0.2222222222222222,0.5607163859832331,0.00019107671730199676,0.00028661507595299513,0.00028661507595299513,0.0
250000,125,-387.907268371582,80.33784753822076,0.0,0.0,0.04,10.34,1058,0,1058,0,0.0,3.0,2945,229,20,0,20,2945,0.5555555555555556,0.526551045950295,0.00630119722747322,0.006791171477079796,0.0,False,paper_literal_eq15_eq20_joint_v3,paper_joint,paper_fixed_v1,paper,0.0,paper_eq9,vanilla_mappo_paper_env_v2,tanh_squashed_normal_v1,eq17_engineering_thresholds_unbounded_tail_v2,"{""d_att_max_m"":null,""h_adv_m"":5000.0,""h_att_m"":2000.0,""h_max_m"":10000.0,""h_min_m"":0.0,""high_altitude_tail"":0.1,""version"":""eq17_engineering_thresholds_unbounded_tail_v2""}",0.8212913870811462,0.8094812631607056,0.8313187956809998,-0.19693756103515625,-0.11279825465753675,89.37331314086914,3.653394249081612,-1.1118963455965973,-0.1788053552044443,34.2182938606683,0.0,0.0,-330.83469573002935,-90.0,0.0,-1.1118963455965973,-0.3706321151988658,-0.1788053552044443,-0.059601785068148096,34.2182938606683,11.406097953556099,0.0,0.0,0.0,0.0,-330.83469573002935,-110.27823191000978,-90.0,17,1657,1,55,133149,11830,20924,44050,28790,10686,1145,91908,0,38,0,0,1,93,0.058823529411764705,0.0331925165962583,0.00012767651277891686,0.03761634506242906,7956.466871635418,7956.466871635418,7956.466871635418,7956.466871635418,41.67812566190293,41.67812566190293,125.21304621244053,125.21304621244053,-31.39702374674397,5594.653675290362,1.0,4258.507128748207,3340.827027550824,3954.165133288403,4734.13400230534,23.72090819677164,18.957525204100953,158.50475350417312,167.11038502252092,-37.46204415240935,2067.105936245145,0.12280701754385964,0.5719106664086552,0.0,0.0,0.0,0.0
252000,126,-391.44736846923826,81.04468350860718,0.0,0.0,0.04,10.86,1062,0,1062,0,0.0,2.98,2953,233,21,0,21,2953,0.5833333333333334,0.5230251505490613,0.006591337099811676,0.007111412123264477,0.0,False,paper_literal_eq15_eq20_joint_v3,paper_joint,paper_fixed_v1,paper,0.0,paper_eq9,vanilla_mappo_paper_env_v2,tanh_squashed_normal_v1,eq17_engineering_thresholds_unbounded_tail_v2,"{""d_att_max_m"":null,""h_adv_m"":5000.0,""h_att_m"":2000.0,""h_max_m"":10000.0,""h_min_m"":0.0,""high_altitude_tail"":0.1,""version"":""eq17_engineering_thresholds_unbounded_tail_v2""}",0.8268317580223083,0.8168754577636719,0.8383887410163879,-0.19021128118038177,-0.19933961369097233,113.5410285949707,3.6769549667835237,-1.1350946863738387,-0.17670435671608678,36.159390511488574,0.0,0.0,-336.8947784543466,-89.4,0.0,-1.1350946863738387,-0.3783648954579462,-0.17670435671608678,-0.05890145223869559,36.159390511488574,12.05313017049619,0.0,0.0,0.0,0.0,-336.8947784543466,-112.29825948478219,-89.4,0,1418,0,53,156422,31669,17102,74894,56313,12609,0,82027,0,12,0,0,0,65,0.0,0.03737658674188998,0.0,0.01893342590861751,0.0,0.0,0.0,0.0,0.0,0.0,0.0,0.0,0.0,0.0,0.0,4081.5255672393014,2873.967188211566,3758.95912440032,5438.864219837073,26.89577293911925,28.508881635980913,143.0253991837008,142.26770100711883,-34.667938373423624,2024.4449912454104,0.16326530612244897,0.5794921937240068,0.00022836263987211693,0.0,0.00045672527974423386,0.00022836263987211693
254000,127,-398.37480682373047,80.7811121043067,0.0,0.0,0.02,11.18,1066,0,1066,0,0.0,2.98,2961,237,21,0,21,2961,0.5526315789473685,0.5195648359361291,0.006566604127579738,0.0070921985815602835,0.0,False,paper_literal_eq15_eq20_joint_v3,paper_joint,paper_fixed_v1,paper,0.0,paper_eq9,vanilla_mappo_paper_env_v2,tanh_squashed_normal_v1,eq17_engineering_thresholds_unbounded_tail_v2,"{""d_att_max_m"":null,""h_adv_m"":5000.0,""h_att_m"":2000.0,""h_max_m"":10000.0,""h_min_m"":0.0,""high_altitude_tail"":0.1,""version"":""eq17_engineering_thresholds_unbounded_tail_v2""}",0.8320971727371216,0.8174254298210144,0.8454619646072388,-0.18390141427516937,-0.26463308911770583,119.81364364624024,3.6961429595947264,-1.1244146990533057,-0.1762983505127102,37.00338792022481,0.0,0.0,-344.6772821469776,-89.4,0.0,-1.1244146990533057,-0.37480489968443526,-0.1762983505127102,-0.05876611683757007,37.00338792022481,12.334462640074937,0.0,0.0,0.0,0.0,-344.6772821469776,-114.89242738232586,-89.4,34,1491,2,53,117128,22538,22094,43588,28649,12266,3636,88291,0,0,0,0,2,53,0.058823529411764705,0.035546613011401745,0.00029028071853015504,0.034206662384142425,2376.9664711337664,1485.0655296786092,2376.9664711337664,3268.8674125889233,28.665632565200035,28.665632565200035,101.96266321448854,101.96266321448854,238.90134105136212,2020.0996476847959,0.0,5100.737362742844,3568.8010558161914,4584.455435461771,6286.289078280917,17.237716774820143,13.769255376927994,156.3866566891017,163.93827612263468,-19.77399292951306,1883.5549899492692,0.11864406779661017,0.5821421657517092,0.00018008283810552856,0.0,0.0005402485143165856,0.0
256000,128,-400.788332824707,81.92652254819626,0.0,0.0,0.06,11.26,1069,0,1069,0,0.0,2.98,2966,241,21,0,21,2966,0.5384615384615384,0.5163649025069638,0.006548175865294668,0.0070802427511800405,0.0,False,paper_literal_eq15_eq20_joint_v3,paper_joint,paper_fixed_v1,paper,0.0,paper_eq9,vanilla_mappo_paper_env_v2,tanh_squashed_normal_v1,eq17_engineering_thresholds_unbounded_tail_v2,"{""d_att_max_m"":null,""h_adv_m"":5000.0,""h_att_m"":2000.0,""h_max_m"":10000.0,""h_min_m"":0.0,""high_altitude_tail"":0.1,""version"":""eq17_engineering_thresholds_unbounded_tail_v2""}",0.8387989401817322,0.8226898312568665,0.8528841733932495,-0.17589396238327026,-0.28290983010083437,111.3345115661621,3.717669650912285,-1.1250176089150774,-0.17523995511186785,38.01852650318445,0.0,0.0,-348.1063983970312,-89.4,0.0,-1.1250176089150774,-0.37500586963835914,-0.17523995511186785,-0.058413318370622615,38.01852650318445,12.672842167728149,0.0,0.0,0.0,0.0,-348.1063983970312,-116.03546613234374,-89.4,15,1064,1,45,120753,20417,19306,56497,39938,11854,2367,75283,0,22,0,0,1,67,0.06666666666666667,0.042293233082706765,0.00012422051626046558,0.018832858381860985,571.5619910585211,571.5619910585211,571.5619910585211,571.5619910585211,36.71908448585999,36.71908448585999,97.21804308005098,97.21804308005098,141.91502741189836,336.89309890190816,0.0,4124.730507025991,3211.120078609469,3862.5031011662436,4473.94800848994,29.349466574760502,32.04435486827422,136.39495090361874,136.59741433331217,-15.403797918170264,2083.9483772849862,0.2682926829268293,0.5871170130288975,0.000453021654435082,0.0010872519706441968,0.0,0.0002718129926610492
258000,129,-409.5220651245117,87.35165902913975,0.0,0.0,0.08,11.62,1073,0,1073,0,0.0,2.98,2976,243,21,0,21,2976,0.525,0.5141672425708362,0.0065237651444548,0.007056451612903226,0.0,False,paper_literal_eq15_eq20_joint_v3,paper_joint,paper_fixed_v1,paper,0.0,paper_eq9,vanilla_mappo_paper_env_v2,tanh_squashed_normal_v1,eq17_engineering_thresholds_unbounded_tail_v2,"{""d_att_max_m"":null,""h_adv_m"":5000.0,""h_att_m"":2000.0,""h_max_m"":10000.0,""h_min_m"":0.0,""high_altitude_tail"":0.1,""version"":""eq17_engineering_thresholds_unbounded_tail_v2""}",0.848164975643158,0.8348437547683716,0.8591102361679077,-0.16475048661231995,-0.10033686757087708,114.59352798461914,3.744820034503937,-1.0984452228871249,-0.17439998969120984,39.05110719412509,0.0,0.0,-357.90012353828433,-89.4,0.0,-1.0984452228871249,-0.3661484076290416,-0.17439998969120984,-0.05813332989706995,39.05110719412509,13.01703573137503,0.0,0.0,0.0,0.0,-357.90012353828433,-119.3000411794281,-89.4,15,1200,1,44,116603,18362,20083,41854,33934,6879,880,84020,0,0,0,0,1,44,0.06666666666666667,0.03666666666666667,0.00012864163014673723,0.028671094757968175,3687.4632998706206,3687.4632998706206,3687.4632998706206,3687.4632998706206,44.4138745301737,44.4138745301737,150.7233643196612,150.7233643196612,173.5577400049459,2947.148441361857,0.0,4881.260596209343,3549.374910724546,4254.727967092804,6298.74256742642,24.216912966858988,25.820385789043982,146.37837194872944,155.59990505913018,-23.72386510540349,2093.1860229718513,0.14285714285714285,0.5867809336431036,0.000189771325552709,0.0002846569883290635,0.0,0.0002846569883290635
260000,130,-405.83690063476564,90.8770289929238,0.0,0.0,0.1,12.06,1077,0,1077,0,0.0,2.98,2985,246,21,0,21,2985,0.5121951219512195,0.511217674259291,0.0064995357474466105,0.007035175879396985,0.0,False,paper_literal_eq15_eq20_joint_v3,paper_joint,paper_fixed_v1,paper,0.0,paper_eq9,vanilla_mappo_paper_env_v2,tanh_squashed_normal_v1,eq17_engineering_thresholds_unbounded_tail_v2,"{""d_att_max_m"":null,""h_adv_m"":5000.0,""h_att_m"":2000.0,""h_max_m"":10000.0,""h_min_m"":0.0,""high_altitude_tail"":0.1,""version"":""eq17_engineering_thresholds_unbounded_tail_v2""}",0.8571348190307617,0.8469771146774292,0.8668255805969238,-0.1542048454284668,-0.20185323981568218,140.9597946166992,3.7785681217908857,-1.0846562908615287,-0.17304127945073172,41.640149979709456,0.0,0.0,-356.81917200315445,-89.4,0.0,-1.0846562908615287,-0.3615520969538429,-0.17304127945073172,-0.05768042648357724,41.640149979709456,13.880049993236485,0.0,0.0,0.0,0.0,-356.81917200315445,-118.93972400105149,-89.4,15,1346,1,51,123466,18704,12482,46048,37466,6859,544,88057,0,1,0,0,1,52,0.06666666666666667,0.03789004457652303,0.00012149093677611651,0.02923036831132731,2631.4551040888,2631.4551040888,2631.4551040888,2631.4551040888,16.521342426327898,16.521342426327898,125.69736181578921,125.69736181578921,305.8843935752418,2628.7396984784195,0.0,4661.608229332309,3383.8785528523367,4316.396498222125,5720.701680753182,21.155404073603478,20.93860583142531,152.97763877387843,170.9166704714558,-19.48153993102059,1899.4632669466635,0.18867924528301888,0.588772398042652,0.00026752273943285177,0.00026752273943285177,0.0005350454788657035,0.0
262000,131,-410.30714599609377,90.86395887034713,0.0,0.0,0.1,12.08,1080,0,1080,0,0.0,2.98,2992,248,21,0,21,2992,0.5121951219512195,0.5093632958801498,0.006481481481481481,0.007018716577540107,0.0,False,paper_literal_eq15_eq20_joint_v3,paper_joint,paper_fixed_v1,paper,0.0,paper_eq9,vanilla_mappo_paper_env_v2,tanh_squashed_normal_v1,eq17_engineering_thresholds_unbounded_tail_v2,"{""d_att_max_m"":null,""h_adv_m"":5000.0,""h_att_m"":2000.0,""h_max_m"":10000.0,""h_min_m"":0.0,""high_altitude_tail"":0.1,""version"":""eq17_engineering_thresholds_unbounded_tail_v2""}",0.8653503656387329,0.8562672734260559,0.8714988827705383,-0.1446496546268463,-0.19390353448688985,101.069287109375,3.8081134468317033,-1.095298427952774,-0.175455969865004,41.245726331109225,0.0,0.0,-360.88194603481054,-89.4,0.0,-1.095298427952774,-0.365099475984258,-0.175455969865004,-0.05848532328833467,41.245726331109225,13.748575443703075,0.0,0.0,0.0,0.0,-360.88194603481054,-120.29398201160352,-89.4,0,1055,0,35,112284,19059,13735,51991,37917,10497,876,67895,0,15,0,0,0,50,0.0,0.03317535545023697,0.0,0.020291973610817256,0.0,0.0,0.0,0.0,0.0,0.0,0.0,0.0,0.0,0.0,0.0,5071.403519633712,3238.9612623539642,4717.8577299910585,6665.350675513488,23.247971385172498,21.032257997073433,134.77741848431606,140.98391659562498,16.702819442525502,2106.08931287252,0.2857142857142857,0.5925293874777323,0.00019788265558523795,0.0,0.00029682398337785694,0.00029682398337785694
264000,132,-418.0094241333008,85.46413612367907,0.0,0.0,0.1,12.2,1084,0,1084,0,0.0,2.98,2999,253,21,0,21,2999,0.5121951219512195,0.5054778358334738,0.006457564575645757,0.007002334111370457,0.0,False,paper_literal_eq15_eq20_joint_v3,paper_joint,paper_fixed_v1,paper,0.0,paper_eq9,vanilla_mappo_paper_env_v2,tanh_squashed_normal_v1,eq17_engineering_thresholds_unbounded_tail_v2,"{""d_att_max_m"":null,""h_adv_m"":5000.0,""h_att_m"":2000.0,""h_max_m"":10000.0,""h_min_m"":0.0,""high_altitude_tail"":0.1,""version"":""eq17_engineering_thresholds_unbounded_tail_v2""}",0.870856523513794,0.8645278215408325,0.8757889270782471,-0.13829270005226135,-0.21197133455425501,108.93244934082031,3.832440823316574,-1.1369573996181368,-0.17907354512084514,42.21196085079309,0.0,0.0,-369.5051860806441,-89.4,0.0,-1.1369573996181368,-0.37898579987271225,-0.17907354512084514,-0.05969118170694838,42.21196085079309,14.07065361693103,0.0,0.0,0.0,0.0,-369.5051860806441,-123.16839536021469,-89.4,0,2069,0,59,124952,18473,5572,35844,31490,4913,0,91837,0,5,0,0,0,64,0.0,0.028516191396810053,0.0,0.057722352416025,0.0,0.0,0.0,0.0,0.0,0.0,0.0,0.0,0.0,0.0,0.0,4397.062492584356,3362.1952374181747,4035.280211086233,5335.707971990829,19.57798260815912,15.892262909756804,151.65272627273887,165.2107121819666,-17.16187134621459,1758.6726186685164,0.13793103448275862,0.5873270338016068,0.0007501172058134083,0.0014064697609001407,0.0008438818565400844,0.0
266000,133,-422.43987213134767,85.58847750171843,0.0,0.0,0.12,12.12,1088,0,1088,0,0.0,2.98,3011,253,21,0,21,3011,0.4883720930232558,0.5038487282463187,0.006433823529411764,0.006974427100631019,0.0,False,paper_literal_eq15_eq20_joint_v3,paper_joint,paper_fixed_v1,paper,0.0,paper_eq9,vanilla_mappo_paper_env_v2,tanh_squashed_normal_v1,eq17_engineering_thresholds_unbounded_tail_v2,"{""d_att_max_m"":null,""h_adv_m"":5000.0,""h_att_m"":2000.0,""h_max_m"":10000.0,""h_min_m"":0.0,""high_altitude_tail"":0.1,""version"":""eq17_engineering_thresholds_unbounded_tail_v2""}",0.8774048686027527,0.8701767325401306,0.8836691379547119,-0.13080677390098572,-0.23214102303609252,119.9198211669922,3.853643625974655,-1.149207286579204,-0.18345704383670494,42.59221996114357,0.0,0.0,-374.299280353988,-89.4,0.0,-1.149207286579204,-0.38306909552640134,-0.18345704383670494,-0.061152347945568314,42.59221996114357,14.197406653714523,0.0,0.0,0.0,0.0,-374.299280353988,-124.76642678466267,-89.4,30,1302,2,43,132163,22949,13756,50376,40866,7540,1176,83099,0,4,0,0,2,47,0.06666666666666667,0.03302611367127496,0.00022699242601938516,0.02584564078132444,4471.498940804607,2821.554023858857,4471.498940804608,6121.443857750357,31.75530848432326,31.75530848432326,97.34848747267299,97.34848747267299,200.17059208662684,1851.5820487299054,0.0,3828.5378164383724,2735.4233259982148,3509.213331583729,4633.268272115709,24.910299667702777,25.04750745900992,137.57432635959455,141.63417359117366,15.830325808971399,1478.5065198910013,0.25,0.6045719200450191,0.0001794526693584567,0.0,0.00026917900403768504,0.00026917900403768504
268000,134,-421.87853057861327,84.641357627653,0.0,0.0,0.12,12.34,1090,0,1090,0,0.0,2.98,3017,253,21,0,21,3017,0.4883720930232558,0.500746887966805,0.006422018348623854,0.0069605568445475635,0.0,False,paper_literal_eq15_eq20_joint_v3,paper_joint,paper_fixed_v1,paper,0.0,paper_eq9,vanilla_mappo_paper_env_v2,tanh_squashed_normal_v1,eq17_engineering_thresholds_unbounded_tail_v2,"{""d_att_max_m"":null,""h_adv_m"":5000.0,""h_att_m"":2000.0,""h_max_m"":10000.0,""h_min_m"":0.0,""high_altitude_tail"":0.1,""version"":""eq17_engineering_thresholds_unbounded_tail_v2""}",0.8880073428153992,0.8824082612991333,0.8960031270980835,-0.11879661679267883,0.03560404237359762,99.86521453857422,3.88241061270237,-1.1345200442632641,-0.18222774348140255,43.72704623034548,0.0,0.0,-374.8886731272447,-89.4,0.0,-1.1345200442632641,-0.3781733480877547,-0.18222774348140255,-0.06074258116046752,43.72704623034548,14.575682076781826,0.0,0.0,0.0,0.0,-374.8886731272447,-124.96289104241491,-89.4,0,1440,0,49,99443,8326,10205,31859,21787,8841,824,73208,0,0,0,0,0,49,0.0,0.034027777777777775,0.0,0.045199158793433565,0.0,0.0,0.0,0.0,0.0,0.0,0.0,0.0,0.0,0.0,1.0,4032.2269862286803,3282.6676166439124,3731.922332639824,4374.200639645451,21.332722390991712,16.423553603665013,145.35642886251466,156.07490892812314,-13.432043743660428,1644.1747653618932,0.1568627450980392,0.5942705877997003,0.0007723711795211298,0.00033101621979476995,0.00033101621979476995,0.0016550810989738498
270000,135,-423.8615823364258,86.76767517027388,0.0,0.0,0.16,12.7,1096,0,1096,0,0.0,2.96,3032,256,22,0,22,3032,0.5116279069767442,0.4998351467194197,0.006690997566909975,0.007255936675461741,0.0,False,paper_literal_eq15_eq20_joint_v3,paper_joint,paper_fixed_v1,paper,0.0,paper_eq9,vanilla_mappo_paper_env_v2,tanh_squashed_normal_v1,eq17_engineering_thresholds_unbounded_tail_v2,"{""d_att_max_m"":null,""h_adv_m"":5000.0,""h_att_m"":2000.0,""h_max_m"":10000.0,""h_min_m"":0.0,""high_altitude_tail"":0.1,""version"":""eq17_engineering_thresholds_unbounded_tail_v2""}",0.8946714401245117,0.8891600370407104,0.9045931696891785,-0.111329585313797,-0.20127741796895862,139.9505126953125,3.913057741522789,-1.1308336509608996,-0.17974627981561164,44.378682696440265,0.0,0.0,-378.12950331573893,-88.8,0.0,-1.1308336509608996,-0.3769445503202999,-0.17974627981561164,-0.05991542660520388,44.378682696440265,14.792894232146756,0.0,0.0,0.0,0.0,-378.12950331573893,-126.04316777191298,-88.8,0,1100,0,41,127233,26258,9266,61983,50809,7854,0,66033,0,5,0,0,0,46,0.0,0.03727272727272727,0.0,0.017746801542358387,0.0,0.0,0.0,0.0,0.0,0.0,0.0,0.0,0.0,0.0,0.0,3701.845806171118,3041.70903257017,3828.1114363610463,4205.76671133611,26.42371295044652,29.603924611372268,135.2359134085721,135.07797971231628,-14.944219354381175,2016.491888010934,0.325,0.6010344690171205,0.0009287638153617535,0.0011145165784341043,0.0,0.0016717748676511562
272000,136,-422.41588470458987,93.67891504643835,0.0,0.0,0.16,12.64,1102,0,1102,0,0.0,2.96,3047,259,22,0,22,3047,0.5116279069767442,0.49918086500655307,0.006654567453115548,0.007220216606498195,0.0,False,paper_literal_eq15_eq20_joint_v3,paper_joint,paper_fixed_v1,paper,0.0,paper_eq9,vanilla_mappo_paper_env_v2,tanh_squashed_normal_v1,eq17_engineering_thresholds_unbounded_tail_v2,"{""d_att_max_m"":null,""h_adv_m"":5000.0,""h_att_m"":2000.0,""h_max_m"":10000.0,""h_min_m"":0.0,""high_altitude_tail"":0.1,""version"":""eq17_engineering_thresholds_unbounded_tail_v2""}",0.90257328748703,0.8950167894363403,0.9154699444770813,-0.10255680978298187,-0.08876526756212115,129.78929443359374,3.9347335398197174,-1.1291330373804804,-0.1770918637852616,44.387603607558304,0.0,0.0,-376.6970694157829,-88.8,0.0,-1.1291330373804804,-0.3763776791268268,-0.1770918637852616,-0.05903062126175387,44.387603607558304,14.795867869186102,0.0,0.0,0.0,0.0,-376.6970694157829,-125.56568980526096,-88.8,0,1292,0,38,119763,26081,7074,55114,41222,9531,0,64649,0,0,0,0,0,38,0.0,0.029411764705882353,0.0,0.023442319555829736,0.0,0.0,0.0,0.0,0.0,0.0,0.0,0.0,0.0,0.0,0.0,4197.212928295261,3472.3299465143855,3754.1886435232054,4336.578845362663,23.70013324453898,22.511503513127394,146.52186999426436,151.40384942867652,-0.5840030980409964,1960.3559502842832,0.17777777777777778,0.5993536522656752,0.00029994001199760045,0.00029994001199760045,0.0,0.0005998800239952009
274000,137,-415.9132962036133,94.92702604120366,0.0,0.0,0.18,12.24,1106,0,1106,0,0.0,2.96,3055,263,22,0,22,3055,0.5,0.49634443541835904,0.006630500301386378,0.007201309328968904,0.0,False,paper_literal_eq15_eq20_joint_v3,paper_joint,paper_fixed_v1,paper,0.0,paper_eq9,vanilla_mappo_paper_env_v2,tanh_squashed_normal_v1,eq17_engineering_thresholds_unbounded_tail_v2,"{""d_att_max_m"":null,""h_adv_m"":5000.0,""h_att_m"":2000.0,""h_max_m"":10000.0,""h_min_m"":0.0,""high_altitude_tail"":0.1,""version"":""eq17_engineering_thresholds_unbounded_tail_v2""}",0.9082692861557007,0.8978546857833862,0.9245798587799072,-0.09629669785499573,-0.23235784461721778,108.67347946166993,3.959700655937195,-1.1853360605715553,-0.18053868940119536,42.93434841673984,0.0,0.0,-368.6815910431349,-88.8,0.0,-1.1853360605715553,-0.39511202019051844,-0.18053868940119536,-0.06017956313373179,42.93434841673984,14.311449472246613,0.0,0.0,0.0,0.0,-368.6815910431349,-122.89386368104498,-88.8,15,1662,1,51,135476,22419,10452,64952,52530,8792,896,72036,0,0,0,0,1,51,0.06666666666666667,0.030685920577617327,0.00011072071806076353,0.025588126616578395,2145.4124447648037,2145.4124447648037,2145.4124447648037,2145.4124447648037,37.86178414121055,37.86178414121055,94.21045279437695,94.21045279437695,174.28582737288187,2087.8048915505406,0.0,3941.722678378581,3243.6463788769324,3809.767487501094,4474.677454507046,23.570911036749873,23.15405208719042,140.62437975985617,142.01756776986053,7.003429255949404,1835.8052567842362,0.26666666666666666,0.5990821250499789,0.0005242463958060288,0.0005242463958060288,0.0007863695937090433,0.0002621231979030144
276000,138,-420.6396792602539,95.21515659168819,0.0,0.0,0.16,11.96,1111,0,1111,0,0.0,2.98,3067,266,22,0,22,3067,0.5,0.4942788074133763,0.006600660066006601,0.007173133355070101,0.0,False,paper_literal_eq15_eq20_joint_v3,paper_joint,paper_fixed_v1,paper,0.0,paper_eq9,vanilla_mappo_paper_env_v2,tanh_squashed_normal_v1,eq17_engineering_thresholds_unbounded_tail_v2,"{""d_att_max_m"":null,""h_adv_m"":5000.0,""h_att_m"":2000.0,""h_max_m"":10000.0,""h_min_m"":0.0,""high_altitude_tail"":0.1,""version"":""eq17_engineering_thresholds_unbounded_tail_v2""}",0.9150514006614685,0.906197190284729,0.9313707947731018,-0.08885427564382553,-0.2741655113175511,133.81199493408204,3.9788030683994293,-1.1893971108348729,-0.17946987928361785,41.45964784095786,0.0,0.0,-371.33030247561743,-89.4,0.0,-1.1893971108348729,-0.3964657036116243,-0.17946987928361785,-0.059823293094539286,41.45964784095786,13.819882613652618,0.0,0.0,0.0,0.0,-371.33030247561743,-123.77676749187248,-89.4,0,1543,0,50,142538,26849,19759,73487,56501,11275,0,71967,0,18,0,0,0,68,0.0,0.03240440699935191,0.0,0.02099691101827534,0.0,0.0,0.0,0.0,0.0,0.0,0.0,0.0,0.0,0.0,0.0,4288.819276372293,3588.9489171749315,3999.820719512659,4725.421305820369,22.424657504583156,19.921161912564614,141.77960201885384,145.07296582059053,-9.336617873251663,2008.4377541398128,0.18,0.6113042883286901,0.0009015654454552905,0.0012294074256208507,0.0004917629702483403,0.0009835259404966806
278000,139,-409.2264135742187,98.90662404684313,0.16666666666666666,0.0008952551477170994,0.18,11.5,1117,1,1116,0,0.02,2.92,3077,273,25,0,25,3077,0.5319148936170213,0.4931089743589744,0.007462686567164179,0.008124796880077998,0.0008960573476702509,False,paper_literal_eq15_eq20_joint_v3,paper_joint,paper_fixed_v1,paper,0.0,paper_eq9,vanilla_mappo_paper_env_v2,tanh_squashed_normal_v1,eq17_engineering_thresholds_unbounded_tail_v2,"{""d_att_max_m"":null,""h_adv_m"":5000.0,""h_att_m"":2000.0,""h_max_m"":10000.0,""h_min_m"":0.0,""high_altitude_tail"":0.1,""version"":""eq17_engineering_thresholds_unbounded_tail_v2""}",0.9230651259422302,0.9111478924751282,0.940653920173645,-0.08014969527721405,-0.16402471363544463,127.17234497070312,4.003463557362556,-1.245218545789475,-0.1798381291291158,40.1784795278306,0.0,0.0,-360.9797076408367,-87.0,0.0,-1.245218545789475,-0.4150728485964917,-0.1798381291291158,-0.0599460430430386,40.1784795278306,13.392826509276867,0.0,0.0,0.0,0.0,-360.9797076408367,-120.32656921361223,-87.0,50,1125,3,35,114750,25750,9817,62336,41796,13736,982,58327,0,1,0,0,3,36,0.06,0.03111111111111111,0.00043572984749455336,0.018047356262833675,1341.4501277521522,1210.0383841961466,1470.6931505893149,1537.483382726739,15.713436472844187,16.34132352508732,128.49158743538814,121.90356376393933,317.7616203068566,1337.1546288949794,1.0,4106.202562187772,3269.2620080095558,3814.176639432864,4619.583262541135,28.8387534676859,29.125559891804762,145.2110048473906,149.8614033758226,-32.23638276568363,2351.020111730894,0.21052631578947367,0.6094470505897471,0.000788488074117879,0.0005913660555884093,0.0008870490833826139,0.0008870490833826139
280000,140,-388.693681640625,94.3987380466323,0.0,0.0008904719501335708,0.16,10.4,1123,1,1122,0,0.02,2.92,3090,278,25,0,25,3090,0.5319148936170213,0.4918032786885246,0.007422802850356294,0.008090614886731391,0.00089126559714795,False,paper_literal_eq15_eq20_joint_v3,paper_joint,paper_fixed_v1,paper,0.0,paper_eq9,vanilla_mappo_paper_env_v2,tanh_squashed_normal_v1,eq17_engineering_thresholds_unbounded_tail_v2,"{""d_att_max_m"":null,""h_adv_m"":5000.0,""h_att_m"":2000.0,""h_max_m"":10000.0,""h_min_m"":0.0,""high_altitude_tail"":0.1,""version"":""eq17_engineering_thresholds_unbounded_tail_v2""}",0.9297037124633789,0.9175899624824524,0.9474471807479858,-0.0729840025305748,-0.26377201862633226,148.79731140136718,4.028140765428543,-1.3077461731805453,-0.183777510592146,35.44713077743544,0.0,0.0,-335.6491854505986,-87.0,0.0,-1.3077461731805453,-0.4359153910601818,-0.183777510592146,-0.061259170197382,35.44713077743544,11.815710259145147,0.0,0.0,0.0,0.0,-335.6491854505986,-111.8830618168662,-87.0,0,1385,0,43,140910,30178,11986,70323,58116,7707,0,70806,0,0,0,0,0,43,0.0,0.03104693140794224,0.0,0.019694836682166574,0.0,0.0,0.0,0.0,0.0,0.0,0.0,0.0,0.0,0.0,0.0,3696.2605111481303,3287.6224011628956,3671.173509799503,4106.19798349833,26.354944856809286,29.67047372600799,131.71529515866266,128.79360086903736,13.964146876180282,2000.426737076367,0.375,0.6185809970421701,0.0013557024233180816,0.001525165226232842,0.0010167768174885613,0.001525165226232842
282000,141,-394.8684298706055,92.19427206557032,0.0,0.0008865248226950354,0.14,9.92,1128,1,1127,0,0.02,2.92,3100,283,25,0,25,3100,0.5208333333333334,0.48949944733933365,0.0073898906296186815,0.008064516129032258,0.0008873114463176575,False,paper_literal_eq15_eq20_joint_v3,paper_joint,paper_fixed_v1,paper,0.0,paper_eq9,vanilla_mappo_paper_env_v2,tanh_squashed_normal_v1,eq17_engineering_thresholds_unbounded_tail_v2,"{""d_att_max_m"":null,""h_adv_m"":5000.0,""h_att_m"":2000.0,""h_max_m"":10000.0,""h_min_m"":0.0,""high_altitude_tail"":0.1,""version"":""eq17_engineering_thresholds_unbounded_tail_v2""}",0.9361029863357544,0.9271500706672668,0.9508299231529236,-0.06609238684177399,-0.299324360396713,107.77877731323242,4.049029976129532,-1.341882030115587,-0.1860924782827321,32.612039742209824,0.0,0.0,-338.9523746230827,-87.0,0.0,-1.341882030115587,-0.447294010038529,-0.1860924782827321,-0.06203082609424403,32.612039742209824,10.87067991406994,0.0,0.0,0.0,0.0,-338.9523746230827,-112.98412487436089,-87.0,15,1352,1,50,158622,29452,23723,80213,58486,14287,412,82928,0,13,0,0,1,63,0.06666666666666667,0.03698224852071006,9.456443620683134e-05,0.016855123234388442,7714.539096633619,7714.539096633619,7714.539096633619,7714.539096633619,33.6793472069809,33.6793472069809,95.13600551305201,95.13600551305201,86.81342030452505,5079.8544956181395,0.0,4136.178871132543,3380.8294162005614,3839.843450730746,4947.101813479837,25.3970303969656,26.667920762782927,147.91785364303973,157.51794383026015,-22.21505995360779,2055.021031319887,0.23404255319148937,0.6207431141496219,0.0016827626573017267,0.0013169446883230904,0.002414398595258999,0.0013169446883230904
284000,142,-385.5431283569336,92.53689219002628,0.0,0.0008833922261484099,0.14,9.68,1132,1,1131,0,0.02,2.92,3108,287,25,0,25,3108,0.5,0.4876824101678958,0.007363770250368188,0.008043758043758044,0.0008841732979664014,False,paper_literal_eq15_eq20_joint_v3,paper_joint,paper_fixed_v1,paper,0.0,paper_eq9,vanilla_mappo_paper_env_v2,tanh_squashed_normal_v1,eq17_engineering_thresholds_unbounded_tail_v2,"{""d_att_max_m"":null,""h_adv_m"":5000.0,""h_att_m"":2000.0,""h_max_m"":10000.0,""h_min_m"":0.0,""high_altitude_tail"":0.1,""version"":""eq17_engineering_thresholds_unbounded_tail_v2""}",0.9413304328918457,0.9313749670982361,0.9581995010375977,-0.06054174154996872,-0.24800962954759598,128.89092330932618,4.067743319272995,-1.3451215366643487,-0.18287594343500083,31.4124271934903,0.0,0.0,-328.42744251674196,-87.0,0.0,-1.3451215366643487,-0.44837384555478293,-0.18287594343500083,-0.06095864781166694,31.4124271934903,10.470809064496766,0.0,0.0,0.0,0.0,-328.42744251674196,-109.47581417224733,-87.0,30,1099,2,40,99827,22721,6020,43302,38058,4626,4390,66628,0,0,0,0,2,40,0.06666666666666667,0.036396724294813464,0.000300519899426007,0.02537989007436146,3708.5354317108604,2135.1292279990203,3708.5354317108604,5281.9416354227005,27.50636572112242,27.50636572112242,137.99981715762024,137.99981715762024,182.76441628803784,1966.3832034508166,0.0,4149.5995989351795,3241.5077681621715,3835.7507895329345,5244.493162208722,21.139698269297355,18.44893718596913,138.59254668634168,138.44943442724502,5.2545494432333175,1785.6563214881899,0.3181818181818182,0.6198800644474206,0.0016134236850596966,0.002904162633107454,0.00032268473701193933,0.0016134236850596966
286000,143,-375.70456268310545,81.58529934915997,0.0,0.0008795074758135445,0.18,9.64,1137,1,1136,0,0.02,2.9,3122,288,26,0,26,3122,0.52,0.48674773932023696,0.007624633431085044,0.008327994875080076,0.0008802816901408451,False,paper_literal_eq15_eq20_joint_v3,paper_joint,paper_fixed_v1,paper,0.0,paper_eq9,vanilla_mappo_paper_env_v2,tanh_squashed_normal_v1,eq17_engineering_thresholds_unbounded_tail_v2,"{""d_att_max_m"":null,""h_adv_m"":5000.0,""h_att_m"":2000.0,""h_max_m"":10000.0,""h_min_m"":0.0,""high_altitude_tail"":0.1,""version"":""eq17_engineering_thresholds_unbounded_tail_v2""}",0.950699508190155,0.9396902918815613,0.9682567715644836,-0.050643861293792725,-0.26446711979806425,92.52875213623047,4.090721440315247,-1.3523384201971222,-0.18347558820041215,30.786325866889428,0.0,0.0,-318.5549523171524,-86.4,0.0,-1.3523384201971222,-0.45077947339904073,-0.18347558820041215,-0.061158529400137385,30.786325866889428,10.262108622296475,0.0,0.0,0.0,0.0,-318.5549523171524,-106.18498410571748,-86.4,0,1167,0,41,95392,10663,10022,25767,20352,4995,116,73705,0,0,0,0,0,41,0.0,0.03513281919451585,0.0,0.04529048783327512,0.0,0.0,0.0,0.0,0.0,0.0,0.0,0.0,0.0,0.0,1.0,3657.9956182918677,3282.714776824913,3581.9926335906353,4112.071286873366,28.309652953051952,29.107643529292016,145.17341459186787,146.19340609946357,-0.2597422350722305,1942.1894965003082,0.1951219512195122,0.6151515306666843,0.001417434443656981,0.001417434443656981,0.001417434443656981,0.001417434443656981
288000,144,-377.1379373168945,83.25860457131972,0.0,0.0008771929824561404,0.18,9.46,1140,1,1139,0,0.02,2.9,3129,290,26,0,26,3129,0.52,0.4837662337662338,0.0076045627376425855,0.008309364014062001,0.000877963125548727,False,paper_literal_eq15_eq20_joint_v3,paper_joint,paper_fixed_v1,paper,0.0,paper_eq9,vanilla_mappo_paper_env_v2,tanh_squashed_normal_v1,eq17_engineering_thresholds_unbounded_tail_v2,"{""d_att_max_m"":null,""h_adv_m"":5000.0,""h_att_m"":2000.0,""h_max_m"":10000.0,""h_min_m"":0.0,""high_altitude_tail"":0.1,""version"":""eq17_engineering_thresholds_unbounded_tail_v2""}",0.9589337706565857,0.9466257691383362,0.9756975769996643,-0.04201488941907883,-0.2844940251670778,97.71619720458985,4.117645508050918,-1.3607828420383643,-0.18396650544850343,30.406749187458377,0.0,0.0,-319.59981208978695,-86.4,0.0,-1.3607828420383643,-0.4535942806794548,-0.18396650544850343,-0.06132216848283448,30.406749187458377,10.135583062486125,0.0,0.0,0.0,0.0,-319.59981208978695,-106.53327069659565,-86.4,0,1528,0,54,148328,27578,12630,66703,59072,4447,0,84240,0,0,0,0,0,54,0.0,0.03534031413612566,0.0,0.022907515404104763,0.0,0.0,0.0,0.0,0.0,0.0,0.0,0.0,0.0,0.0,0.0,3847.0802178751787,2856.2731186342853,3620.6445635324285,4567.222693613643,24.463963140489266,22.299723643898375,140.56064967081218,149.8311753049681,-8.256966249549423,1826.3281609598334,0.21739130434782608,0.6296179516224494,0.0026184241847179244,0.0030945013092120925,0.0014282313734825041,0.0033325398714591763
290000,145,-376.05811309814453,83.87290564692042,0.0,0.0008741258741258741,0.16,9.22,1144,1,1143,0,0.02,2.92,3139,292,26,0,26,3139,0.5098039215686274,0.4810727969348659,0.00757796560769455,0.00828289264096846,0.0008748906386701663,False,paper_literal_eq15_eq20_joint_v3,paper_joint,paper_fixed_v1,paper,0.0,paper_eq9,vanilla_mappo_paper_env_v2,tanh_squashed_normal_v1,eq17_engineering_thresholds_unbounded_tail_v2,"{""d_att_max_m"":null,""h_adv_m"":5000.0,""h_att_m"":2000.0,""h_max_m"":10000.0,""h_min_m"":0.0,""high_altitude_tail"":0.1,""version"":""eq17_engineering_thresholds_unbounded_tail_v2""}",0.9665095210075378,0.953701376914978,0.9811752438545227,-0.034132279455661774,-0.192144310567528,116.40865020751953,4.142856073379517,-1.3690322408975009,-0.18650041309576512,30.040446003387974,0.0,0.0,-317.54289905181133,-87.0,0.0,-1.3690322408975009,-0.45634408029916695,-0.18650041309576512,-0.06216680436525504,30.040446003387974,10.013482001129324,0.0,0.0,0.0,0.0,-317.54289905181133,-105.84763301727044,-87.0,15,1571,1,57,157328,18618,18724,52757,40042,11143,545,106571,0,0,0,0,1,57,0.06666666666666667,0.036282622533418206,9.534221499033865e-05,0.02977803893322213,1775.513205587789,1775.513205587789,1775.513205587789,1775.513205587789,13.3138099392491,13.3138099392491,173.58641390458337,173.58641390458337,270.54286911629913,1774.8471479141162,0.0,4366.467875301759,3301.313920503603,3801.4970302651122,5327.504379034184,26.369829841143147,28.552809873045003,144.30595058971002,148.84152412300128,-24.93263240070096,2009.8273971711217,0.14516129032258066,0.6252934347113829,0.0019449431478156792,0.0017953321364452424,0.0011220825852782765,0.0029174147217235187
292000,146,-370.909953918457,76.69786147699614,0.0,0.0008726003490401396,0.16,9.1,1146,1,1145,0,0.02,2.92,3143,294,26,0,26,3143,0.5,0.4780955278369334,0.007564736688972942,0.008272351256761056,0.0008733624454148472,False,paper_literal_eq15_eq20_joint_v3,paper_joint,paper_fixed_v1,paper,0.0,paper_eq9,vanilla_mappo_paper_env_v2,tanh_squashed_normal_v1,eq17_engineering_thresholds_unbounded_tail_v2,"{""d_att_max_m"":null,""h_adv_m"":5000.0,""h_att_m"":2000.0,""h_max_m"":10000.0,""h_min_m"":0.0,""high_altitude_tail"":0.1,""version"":""eq17_engineering_thresholds_unbounded_tail_v2""}",0.9736828804016113,0.9631084203720093,0.9853043556213379,-0.026713144034147263,-0.28206799617037176,75.31418304443359,4.166402363777161,-1.3652377885820632,-0.18504209250599568,29.961995014169226,0.0,0.0,-312.3215716532572,-87.0,0.0,-1.3652377885820632,-0.4550792628606877,-0.18504209250599568,-0.06168069750199856,29.961995014169226,9.987331671389741,0.0,0.0,0.0,0.0,-312.3215716532572,-104.10719055108574,-87.0,27,1475,1,49,108485,10153,13222,30767,21602,9877,1084,81354,0,15,0,0,1,64,0.037037037037037035,0.033220338983050844,0.0002488823339632207,0.047940975720739756,4100.704747798632,4100.704747798632,4100.704747798632,4100.704747798632,44.97376211534116,44.97376211534116,111.38297213589664,111.38297213589664,126.64854985606168,1155.3592813300857,0.0,3832.63714062064,3070.1034760534035,3654.4197429069,4338.419609279611,25.035979504597954,23.242902753791064,141.14971617727826,145.6345547380261,-3.501508796780229,1786.3427063277445,0.14,0.6212003595405831,0.0027159720045962605,0.003760576621748668,0.002820432466311501,0.0015669069257286117
294000,147,-366.5933270263672,69.20540288703165,0.0,0.0008680555555555555,0.18,9.38,1152,1,1151,0,0.02,2.92,3154,301,26,0,26,3154,0.49056603773584906,0.4770836484646801,0.007525325615050651,0.008243500317057704,0.0008688097306689834,False,paper_literal_eq15_eq20_joint_v3,paper_joint,paper_fixed_v1,paper,0.0,paper_eq9,vanilla_mappo_paper_env_v2,tanh_squashed_normal_v1,eq17_engineering_thresholds_unbounded_tail_v2,"{""d_att_max_m"":null,""h_adv_m"":5000.0,""h_att_m"":2000.0,""h_max_m"":10000.0,""h_min_m"":0.0,""high_altitude_tail"":0.1,""version"":""eq17_engineering_thresholds_unbounded_tail_v2""}",0.978169322013855,0.9690777063369751,0.9882075786590576,-0.022104537114501,-0.21804380808025597,124.62086563110351,4.183819955587387,-1.3904304052320493,-0.19002444553796105,31.103222652243836,0.0,0.0,-309.1159954213098,-87.0,0.0,-1.3904304052320493,-0.46347680174401645,-0.19002444553796105,-0.06334148184598702,31.103222652243836,10.367740884081279,0.0,0.0,0.0,0.0,-309.1159954213098,-103.03866514043659,-87.0,3,1021,1,37,115950,26524,6651,54328,45646,5664,486,63662,0,0,0,0,1,37,0.3333333333333333,0.03623898139079334,2.5873221216041397e-05,0.01879325577970844,5043.1830169095065,5043.1830169095065,5043.1830169095065,5043.1830169095065,39.64465016027172,39.64465016027172,143.5531140652635,143.5531140652635,184.15693104574714,4547.021936217835,0.0,4034.360138404985,3243.600499417558,3636.055577608342,4118.38189797989,26.69574203999438,25.156274788639383,128.93351012597608,128.63882561650527,16.910788212558202,1897.0560566341678,0.2894736842105263,0.6303522009857473,0.0036507453605111044,0.0051718892607240646,0.0027380590203833284,0.0030422878004259203
296000,148,-377.28784118652345,81.99515540549297,0.0,0.0008650519031141869,0.18,9.82,1156,1,1155,0,0.02,2.92,3166,301,26,0,26,3166,0.49056603773584906,0.47509003601440575,0.0074992789154888955,0.0082122552116235,0.0008658008658008658,False,paper_literal_eq15_eq20_joint_v3,paper_joint,paper_fixed_v1,paper,0.0,paper_eq9,vanilla_mappo_paper_env_v2,tanh_squashed_normal_v1,eq17_engineering_thresholds_unbounded_tail_v2,"{""d_att_max_m"":null,""h_adv_m"":5000.0,""h_att_m"":2000.0,""h_max_m"":10000.0,""h_min_m"":0.0,""high_altitude_tail"":0.1,""version"":""eq17_engineering_thresholds_unbounded_tail_v2""}",0.9834265112876892,0.974216878414154,0.9951690435409546,-0.016751734539866447,-0.3974732069298625,110.20280838012695,4.199011665582657,-1.3370700320898246,-0.1863771970300296,33.195418063829955,0.0,0.0,-321.95970217771105,-87.0,0.0,-1.3370700320898246,-0.4456900106966082,-0.1863771970300296,-0.062125732343343204,33.195418063829955,11.065139354609984,0.0,0.0,0.0,0.0,-321.95970217771105,-107.31990072590368,-87.0,0,1646,0,53,136502,16794,9173,51912,42533,6069,0,84590,0,15,0,0,0,68,0.0,0.03219927095990279,0.0,0.031707505008475884,0.0,0.0,0.0,0.0,0.0,0.0,0.0,0.0,0.0,0.0,0.0,4089.093797153816,3307.1981063735807,3963.0422916120747,4532.860348763118,22.935142056849752,23.72840946622139,147.52766112689176,162.7990358212442,-32.03240707191749,1785.3801141297183,0.12,0.6341776074777011,0.004562604194086163,0.0036851803106080546,0.004474861805738352,0.005527770465912082
298000,149,-376.8238775634766,80.98865422032404,0.0,0.0008635578583765112,0.18,9.84,1158,1,1157,0,0.02,2.92,3168,305,26,0,26,3168,0.45614035087719296,0.4718498659517426,0.007486323063633746,0.008207070707070708,0.000864304235090752,False,paper_literal_eq15_eq20_joint_v3,paper_joint,paper_fixed_v1,paper,0.0,paper_eq9,vanilla_mappo_paper_env_v2,tanh_squashed_normal_v1,eq17_engineering_thresholds_unbounded_tail_v2,"{""d_att_max_m"":null,""h_adv_m"":5000.0,""h_att_m"":2000.0,""h_max_m"":10000.0,""h_min_m"":0.0,""high_altitude_tail"":0.1,""version"":""eq17_engineering_thresholds_unbounded_tail_v2""}",0.9917093515396118,0.9838315844535828,1.0008373260498047,-0.008350185118615627,-0.24325776407495142,69.59939956665039,4.219536578655243,-1.3681160038406792,-0.18924654716360986,33.47883325272116,0.0,0.0,-321.7452282610703,-87.0,0.0,-1.3681160038406792,-0.4560386679468931,-0.18924654716360986,-0.06308218238786996,33.47883325272116,11.159611084240387,0.0,0.0,0.0,0.0,-321.7452282610703,-107.24840942035677,-87.0,75,1359,4,50,123601,12853,20925,36361,24337,9411,4032,93835,15,0,0,0,19,50,0.05333333333333334,0.03679175864606328,0.0006067912071908803,0.037375209702703444,7960.760059061038,7695.8112966418585,9385.29762066041,9650.24638307959,42.67883813264284,42.69351896231498,156.51226415847464,161.079852349939,-3.0351141964676707,891.008733673274,0.0,4480.989155312857,3706.597880408654,4291.9961399449785,5030.538021479626,24.91535947832971,22.392514478270826,144.9089130280213,158.9767123042632,-0.1638190267286361,2152.9686321033723,0.14814814814814814,0.6347113411712639,0.002662993572084481,0.004683195592286501,0.001652892561983471,0.001652892561983471
300000,150,-381.11125122070314,89.44547492736224,0.0,0.0008613264427217916,0.18,10.1,1161,1,1160,0,0.02,2.92,3174,308,26,0,26,3174,0.45614035087719296,0.47057079318013345,0.007466973004020678,0.008191556395715185,0.0008620689655172414,False,paper_literal_eq15_eq20_joint_v3,paper_joint,paper_fixed_v1,paper,0.0,paper_eq9,vanilla_mappo_paper_env_v2,tanh_squashed_normal_v1,eq17_engineering_thresholds_unbounded_tail_v2,"{""d_att_max_m"":null,""h_adv_m"":5000.0,""h_att_m"":2000.0,""h_max_m"":10000.0,""h_min_m"":0.0,""high_altitude_tail"":0.1,""version"":""eq17_engineering_thresholds_unbounded_tail_v2""}",0.9982027411460876,0.9922931790351868,1.0067747831344604,-0.0018181484192609787,-0.3059618823230267,67.33662719726563,4.2421411871910095,-1.345205831069923,-0.18846198585100776,35.15606029941764,0.0,0.0,-327.7335335649017,-87.0,0.0,-1.345205831069923,-0.4484019436899744,-0.18846198585100776,-0.06282066195033592,35.15606029941764,11.718686766472546,0.0,0.0,0.0,0.0,-327.7335335649017,-109.24451118830056,-87.0,0,1081,0,31,91066,14544,3593,41881,35426,5742,4235,56348,0,15,0,0,0,46,0.0,0.028677150786308975,0.0,0.025811227048064756,0.0,0.0,0.0,0.0,0.0,0.0,0.0,0.0,0.0,0.0,1.0,4454.422010819516,2969.0243961467113,3665.0637854782244,4327.73987377619,26.75404923655137,27.60851521604266,141.7338350480184,146.65137237935508,-4.456925284456306,2069.6994337769033,0.20689655172413793,0.6287697382331341,0.0025173064820641915,0.0031466331025802393,0.0022026431718061676,0.0022026431718061676
302000,151,-385.4919393920898,88.51789475176895,0.0,0.0008561643835616438,0.16,10.42,1168,1,1167,0,0.0,2.94,3188,315,28,0,28,3188,0.49122807017543857,0.47055350553505537,0.00799314872966029,0.00878293601003764,0.000856898029134533,False,paper_literal_eq15_eq20_joint_v3,paper_joint,paper_fixed_v1,paper,0.0,paper_eq9,vanilla_mappo_paper_env_v2,tanh_squashed_normal_v1,eq17_engineering_thresholds_unbounded_tail_v2,"{""d_att_max_m"":null,""h_adv_m"":5000.0,""h_att_m"":2000.0,""h_max_m"":10000.0,""h_min_m"":0.0,""high_altitude_tail"":0.1,""version"":""eq17_engineering_thresholds_unbounded_tail_v2""}",1.007641315460205,0.9973068237304688,1.0188930034637451,0.007573890499770641,-0.1434124929830432,160.20059204101562,4.264379495382309,-1.3123827157491053,-0.19025088477344437,35.91753901582993,0.0,0.0,-331.7067216326713,-88.2,0.0,-1.3123827157491053,-0.43746090524970177,-0.19025088477344437,-0.06341696159114812,35.91753901582993,11.972513005276644,0.0,0.0,0.0,0.0,-331.7067216326713,-110.56890721089043,-88.2,0,849,0,30,111020,30382,8250,65273,56528,6486,0,49274,0,0,0,0,0,30,0.0,0.0353356890459364,0.0,0.013006909441882555,0.0,0.0,0.0,0.0,0.0,0.0,0.0,0.0,0.0,0.0,0.0,3842.4242358860643,2899.850076950641,3887.672838364122,4485.299166856131,26.522397189978133,25.708004131712734,140.94467474741967,147.07595832930355,-1.2130715494942508,1964.3425644385568,0.28125,0.6371759079699183,0.004008016032064128,0.006012024048096192,0.0017177211565989122,0.00429430289149728
304000,152,-384.5065249633789,89.47577233369849,0.0,0.000855431993156544,0.16,10.44,1169,1,1168,0,0.0,2.94,3189,317,28,0,28,3189,0.49122807017543857,0.4666374012291484,0.007986309184255563,0.008780181875195987,0.0008561643835616438,False,paper_literal_eq15_eq20_joint_v3,paper_joint,paper_fixed_v1,paper,0.0,paper_eq9,vanilla_mappo_paper_env_v2,tanh_squashed_normal_v1,eq17_engineering_thresholds_unbounded_tail_v2,"{""d_att_max_m"":null,""h_adv_m"":5000.0,""h_att_m"":2000.0,""h_max_m"":10000.0,""h_min_m"":0.0,""high_altitude_tail"":0.1,""version"":""eq17_engineering_thresholds_unbounded_tail_v2""}",1.0183923244476318,1.0044951438903809,1.0297096967697144,0.018172334879636765,-0.12840364053845404,36.41888790130615,4.296273624897003,-1.302798497080235,-0.18984414459628138,35.916794221485254,0.0,0.0,-330.7305522472847,-88.2,0.0,-1.302798497080235,-0.4342661656934117,-0.18984414459628138,-0.0632813815320938,35.916794221485254,11.972264740495085,0.0,0.0,0.0,0.0,-330.7305522472847,-110.24351741576157,-88.2,0,1496,0,59,124000,8215,16823,36409,21426,10177,0,91636,0,0,0,0,0,59,0.0,0.03943850267379679,0.0,0.04108874179461122,0.0,0.0,0.0,0.0,0.0,0.0,0.0,0.0,0.0,0.0,0.0,4111.889554161151,3370.9500232160876,3791.7990073558335,4359.242406560356,26.037157875526514,27.758345477054682,148.62114339036117,157.5679632748913,-37.20458520481131,1980.2298536242586,0.07547169811320754,0.6406828034012829,0.0033065236818588025,0.002412868632707775,0.003485254691689008,0.004021447721179625
306000,153,-393.79951629638674,90.20276296825539,0.0,0.0008525149190110827,0.2,11.02,1173,1,1172,0,0.0,2.9,3198,320,30,0,30,3198,0.4838709677419355,0.4644880174291939,0.008527572484366117,0.009380863039399626,0.0008532423208191126,False,paper_literal_eq15_eq20_joint_v3,paper_joint,paper_fixed_v1,paper,0.0,paper_eq9,vanilla_mappo_paper_env_v2,tanh_squashed_normal_v1,eq17_engineering_thresholds_unbounded_tail_v2,"{""d_att_max_m"":null,""h_adv_m"":5000.0,""h_att_m"":2000.0,""h_max_m"":10000.0,""h_min_m"":0.0,""high_altitude_tail"":0.1,""version"":""eq17_engineering_thresholds_unbounded_tail_v2""}",1.0316283702850342,1.0178589820861816,1.0411019325256348,0.031091630458831787,-0.07918791929259897,120.89257354736328,4.331619596481323,-1.2994233909795379,-0.1908049100954806,37.58543047350173,0.0,0.0,-342.89462016696694,-87.0,0.0,-1.2994233909795379,-0.43314113032651264,-0.1908049100954806,-0.06360163669849353,37.58543047350173,12.528476824500578,0.0,0.0,0.0,0.0,-342.89462016696694,-114.29820672232232,-87.0,75,1401,5,51,118635,18719,16863,47471,33677,9851,6381,81320,0,0,0,0,5,51,0.06666666666666667,0.03640256959314775,0.0006321911746112024,0.029512755155779318,6683.847512128766,6647.4177306875845,6964.154699837745,9071.71250417135,38.865171721618296,42.05022741132326,132.36799514119173,136.1820435081521,76.89654335545283,2758.0479319071865,0.4,4205.744950132479,3335.153311532722,4284.8978049449,4916.4260413488655,23.497809301411703,22.00705032550295,140.30482288625467,140.64169949560443,14.935694092538327,1860.626345069594,0.16071428571428573,0.6427948015276358,0.004214963119072708,0.004478398314014752,0.0026343519494204425,0.0055321390937829295
308000,154,-390.8056878662109,93.2920055746617,0.0,0.0008488964346349745,0.28,11.82,1178,1,1177,0,0.0,2.88,3211,322,31,0,31,3211,0.49206349206349204,0.4634146341463415,0.00877441268044155,0.009654313298037995,0.0008496176720475786,False,paper_literal_eq15_eq20_joint_v3,paper_joint,paper_fixed_v1,paper,0.0,paper_eq9,vanilla_mappo_paper_env_v2,tanh_squashed_normal_v1,eq17_engineering_thresholds_unbounded_tail_v2,"{""d_att_max_m"":null,""h_adv_m"":5000.0,""h_att_m"":2000.0,""h_max_m"":10000.0,""h_min_m"":0.0,""high_altitude_tail"":0.1,""version"":""eq17_engineering_thresholds_unbounded_tail_v2""}",1.0430865287780762,1.0334025621414185,1.0501188039779663,0.042161084711551666,-0.19371099872514605,149.07070617675782,4.367500776052475,-1.2794130131236865,-0.19084680458520595,41.12772250790784,0.0,0.0,-344.06304521215753,-86.4,0.0,-1.2794130131236865,-0.42647100437456215,-0.19084680458520595,-0.06361560152840198,41.12772250790784,13.70924083596928,0.0,0.0,0.0,0.0,-344.06304521215753,-114.68768173738584,-86.4,15,1453,1,44,125398,23304,6924,53706,45153,7652,778,72470,0,0,0,0,1,44,0.06666666666666667,0.030282174810736407,0.00011961913268154198,0.027054705247085985,3813.692495666492,3813.692495666492,3813.692495666492,3813.692495666492,37.587128540844816,37.587128540844816,90.78469107069823,90.78469107069823,188.55650602220655,1900.0151668749113,0.0,3831.4419626179515,3417.2593770356198,3783.7719985132494,4429.794056146268,25.645706928644827,26.1653326961864,136.55899696900568,128.9513635685181,22.079511923623055,1848.0251853914526,0.3191489361702128,0.6496755644553623,0.005780346820809248,0.004679328378750344,0.005229837599779796,0.007431874483897605
310000,155,-396.9374493408203,92.54753722145088,0.0,0.0008460236886632825,0.28,11.98,1182,1,1181,0,0.0,2.88,3221,324,31,0,31,3221,0.49206349206349204,0.46238874533448177,0.008744710860366713,0.009624340266997827,0.000846740050804403,False,paper_literal_eq15_eq20_joint_v3,paper_joint,paper_fixed_v1,paper,0.0,paper_eq9,vanilla_mappo_paper_env_v2,tanh_squashed_normal_v1,eq17_engineering_thresholds_unbounded_tail_v2,"{""d_att_max_m"":null,""h_adv_m"":5000.0,""h_att_m"":2000.0,""h_max_m"":10000.0,""h_min_m"":0.0,""high_altitude_tail"":0.1,""version"":""eq17_engineering_thresholds_unbounded_tail_v2""}",1.0515530109405518,1.0417810678482056,1.0564444065093994,0.0502464585006237,-0.20969350365921854,107.67083053588867,4.396021139621735,-1.2646628855680968,-0.19165084451307124,42.25410103081845,0.0,0.0,-351.33510870215235,-86.4,0.0,-1.2646628855680968,-0.4215542951893656,-0.19165084451307124,-0.06388361483769041,42.25410103081845,14.08470034360615,0.0,0.0,0.0,0.0,-351.33510870215235,-117.11170290071745,-86.4,0,1121,0,37,113065,19847,11747,59172,41599,13072,0,54590,0,5,0,0,0,42,0.0,0.03300624442462088,0.0,0.018944771175556006,0.0,0.0,0.0,0.0,0.0,0.0,0.0,0.0,0.0,0.0,0.0,3663.721359928169,3006.508677918378,3447.0661176662275,4479.460050923085,23.595316042011678,24.585464792298886,139.29970919876206,142.25721939435405,11.957555334866676,1720.4871692707793,0.2727272727272727,0.6381861322926641,0.0030581039755351682,0.0024464831804281344,0.0030581039755351682,0.003669724770642202
312000,156,-397.76302001953127,91.52637577818233,0.0,0.0008431703204047217,0.26,11.98,1186,1,1185,0,0.0,2.86,3231,326,32,1,32,3231,0.5079365079365079,0.4611103182531754,0.009277481023334271,0.009904054472299598,0.0008438818565400844,False,paper_literal_eq15_eq20_joint_v3,paper_joint,paper_fixed_v1,paper,0.0,paper_eq9,vanilla_mappo_paper_env_v2,tanh_squashed_normal_v1,eq17_engineering_thresholds_unbounded_tail_v2,"{""d_att_max_m"":null,""h_adv_m"":5000.0,""h_att_m"":2000.0,""h_max_m"":10000.0,""h_min_m"":0.0,""high_altitude_tail"":0.1,""version"":""eq17_engineering_thresholds_unbounded_tail_v2""}",1.0582845211029053,1.0484070777893066,1.0633057355880737,0.056627240031957626,-0.26857190430164335,54.958778381347656,4.417925649881363,-1.2988495082578542,-0.193656297342968,41.92074057224565,0.0,0.0,-352.3910797640527,-85.8,0.0,-1.2988495082578542,-0.4329498360859514,-0.193656297342968,-0.06455209911432266,41.92074057224565,13.97358019074855,0.0,0.0,0.0,0.0,-352.3910797640527,-117.46369325468423,-85.8,0,1402,0,41,98851,19906,6237,34898,29889,6370,0,67315,0,15,0,0,0,56,0.0,0.029243937232524966,0.0,0.04017422201845378,0.0,0.0,0.0,0.0,0.0,0.0,0.0,0.0,0.0,0.0,0.0,3915.976105492317,3416.432367810437,3820.104568623042,4255.837724498529,21.823580781928754,21.629481391819418,145.29904707117623,155.507477297162,-5.161262576348227,1914.9878833769847,0.24444444444444444,0.6343480326232579,0.0052207467937805015,0.0068096697310180455,0.006128702757916241,0.002723867892407218
314000,157,-389.7623736572266,92.613322036123,0.0,0.0008396305625524769,0.26,11.78,1191,1,1190,0,0.0,2.86,3241,331,32,1,32,3241,0.49230769230769234,0.4599772920806131,0.009238521836506159,0.009873495834618945,0.0008403361344537816,False,paper_literal_eq15_eq20_joint_v3,paper_joint,paper_fixed_v1,paper,0.0,paper_eq9,vanilla_mappo_paper_env_v2,tanh_squashed_normal_v1,eq17_engineering_thresholds_unbounded_tail_v2,"{""d_att_max_m"":null,""h_adv_m"":5000.0,""h_att_m"":2000.0,""h_max_m"":10000.0,""h_min_m"":0.0,""high_altitude_tail"":0.1,""version"":""eq17_engineering_thresholds_unbounded_tail_v2""}",1.0699312686920166,1.0578370094299316,1.0784728527069092,0.06756044924259186,-0.19703461080789567,148.97148590087892,4.443070852756501,-1.3201569587172854,-0.19278538227311248,40.70927865330828,0.0,0.0,-343.1585439853207,-85.8,0.0,-1.3201569587172854,-0.44005231957242846,-0.19278538227311248,-0.0642617940910375,40.70927865330828,13.569759551102761,0.0,0.0,0.0,0.0,-343.1585439853207,-114.38618132844023,-85.8,30,1139,2,39,135318,26193,10809,75317,56214,11385,1725,63504,0,15,0,0,2,54,0.06666666666666667,0.03424056189640035,0.0002216999955660001,0.015122747852410478,2957.603249498372,2514.6676913621895,2957.603249498372,3400.5388076345544,43.60833387112143,43.60833387112143,95.57907988250898,95.57907988250898,224.67794643596446,2896.7810429310384,0.0,3759.77617469969,3314.057604726463,3825.950744113692,4341.235155815999,29.88287097552112,29.601070137903577,132.89166172105865,129.40885071456074,-12.347437272066104,2073.266189532077,0.21212121212121213,0.6460712997045891,0.005607315389924086,0.005952380952380952,0.004399585921325052,0.006469979296066253
316000,158,-390.6031207275391,91.90498269858236,0.0,0.0008382229673093043,0.26,11.5,1193,1,1192,0,0.0,2.86,3245,333,32,1,32,3245,0.47761194029850745,0.45768688293370946,0.0092230296254891,0.009861325115562404,0.0008389261744966443,False,paper_literal_eq15_eq20_joint_v3,paper_joint,paper_fixed_v1,paper,0.0,paper_eq9,vanilla_mappo_paper_env_v2,tanh_squashed_normal_v1,eq17_engineering_thresholds_unbounded_tail_v2,"{""d_att_max_m"":null,""h_adv_m"":5000.0,""h_att_m"":2000.0,""h_max_m"":10000.0,""h_min_m"":0.0,""high_altitude_tail"":0.1,""version"":""eq17_engineering_thresholds_unbounded_tail_v2""}",1.0802984237670898,1.0712432861328125,1.090490460395813,0.07721066474914551,-0.09999764412641525,60.99136657714844,4.474866127967834,-1.3541165664650165,-0.19497911130293652,39.37575041141396,0.0,0.0,-342.6296192769238,-85.8,0.0,-1.3541165664650165,-0.4513721888216722,-0.19497911130293652,-0.06499303710097884,39.37575041141396,13.125250137137987,0.0,0.0,0.0,0.0,-342.6296192769238,-114.20987309230793,-85.8,63,1463,2,44,111030,11049,11574,28578,22735,5818,3178,86457,15,0,0,0,17,44,0.031746031746031744,0.03007518796992481,0.0005674142123750338,0.051193225558121634,8211.685055525519,8202.408472171113,8211.685055525519,8220.961638879926,40.74956294795261,40.74956294795261,105.49197149521545,105.49197149521545,147.50140425260048,3225.4710574253572,1.0,4405.348977152512,3715.814387205497,4405.79693726768,4933.470508669943,22.43899444203779,21.89661131682943,147.6304455698404,157.80653954945257,-19.977239402343894,2013.3383508983798,0.1276595744680851,0.6383361930119039,0.004709254709254709,0.0042997542997543,0.005528255528255528,0.0042997542997543
318000,159,-390.93542541503905,93.7331861566733,0.0,0.000835421888053467,0.26,11.44,1197,1,1196,0,0.0,2.82,3254,336,34,1,34,3254,0.5074626865671642,0.45593386576993133,0.009749303621169917,0.010448678549477565,0.0008361204013377926,False,paper_literal_eq15_eq20_joint_v3,paper_joint,paper_fixed_v1,paper,0.0,paper_eq9,vanilla_mappo_paper_env_v2,tanh_squashed_normal_v1,eq17_engineering_thresholds_unbounded_tail_v2,"{""d_att_max_m"":null,""h_adv_m"":5000.0,""h_att_m"":2000.0,""h_max_m"":10000.0,""h_min_m"":0.0,""high_altitude_tail"":0.1,""version"":""eq17_engineering_thresholds_unbounded_tail_v2""}",1.0872035026550293,1.0780085325241089,1.0965243577957153,0.08358459919691086,-0.3205732339993119,82.3095329284668,4.500415670871734,-1.3431621203690285,-0.1970601243520835,39.50043998795061,0.0,0.0,-344.29546849940493,-84.6,0.0,-1.3431621203690285,-0.4477207067896762,-0.1970601243520835,-0.06568670811736117,39.50043998795061,13.166813329316868,0.0,0.0,0.0,0.0,-344.29546849940493,-114.76515616646832,-84.6,0,1342,0,47,120396,19054,10082,51589,37646,12967,0,70035,0,8,0,0,0,55,0.0,0.03502235469448584,0.0,0.026013297408362248,0.0,0.0,0.0,0.0,0.0,0.0,0.0,0.0,0.0,0.0,0.0,3922.108448311834,3046.0330458655844,3741.345673493571,4554.425190561291,24.717748065760954,20.38362849222761,141.34362692147798,151.83984225242412,1.8673085646219683,1816.5711202860248,0.2391304347826087,0.6451739393393844,0.005071191730056563,0.006436512580456407,0.004681100058513751,0.004095962551199532
320000,160,-396.31672454833983,94.90048362987606,0.0,0.0008326394671107411,0.3,11.44,1201,1,1200,0,0.0,2.82,3265,337,34,1,34,3265,0.5074626865671642,0.4546720512463445,0.00971682398667407,0.010413476263399694,0.0008333333333333334,False,paper_literal_eq15_eq20_joint_v3,paper_joint,paper_fixed_v1,paper,0.0,paper_eq9,vanilla_mappo_paper_env_v2,tanh_squashed_normal_v1,eq17_engineering_thresholds_unbounded_tail_v2,"{""d_att_max_m"":null,""h_adv_m"":5000.0,""h_att_m"":2000.0,""h_max_m"":10000.0,""h_min_m"":0.0,""high_altitude_tail"":0.1,""version"":""eq17_engineering_thresholds_unbounded_tail_v2""}",1.0947439670562744,1.0827058553695679,1.107659935951233,0.09047703444957733,-0.2772048907354474,94.00693359375,4.517641800642013,-1.332608998011458,-0.19608917354109637,39.92871127516169,0.0,0.0,-350.11656635125945,-84.6,0.0,-1.332608998011458,-0.4442029993371526,-0.19608917354109637,-0.06536305784703213,39.92871127516169,13.309570425053897,0.0,0.0,0.0,0.0,-350.11656635125945,-116.70552211708649,-84.6,0,1501,0,44,124683,19209,5883,47121,40796,5437,0,77642,0,14,0,0,0,58,0.0,0.029313790806129246,0.0,0.03185416268754908,0.0,0.0,0.0,0.0,0.0,0.0,0.0,0.0,0.0,0.0,0.0,4472.393223659678,3533.678693063464,4005.14288192444,5301.634999186953,21.106250413120538,16.78950325416836,148.68851993218408,158.4241761397215,-22.916058930537613,1817.2458256576879,0.18604651162790697,0.639987281377,0.005662731548133218,0.005758710048949035,0.006046645551396487,0.005182839044054132
322000,161,-390.3398434448242,88.0101811581613,0.0,0.0008298755186721991,0.28,11.38,1205,1,1204,0,0.0,2.82,3274,340,34,1,34,3274,0.4927536231884058,0.45365110156574756,0.009684560044272275,0.010384850335980453,0.0008305647840531562,False,paper_literal_eq15_eq20_joint_v3,paper_joint,paper_fixed_v1,paper,0.0,paper_eq9,vanilla_mappo_paper_env_v2,tanh_squashed_normal_v1,eq17_engineering_thresholds_unbounded_tail_v2,"{""d_att_max_m"":null,""h_adv_m"":5000.0,""h_att_m"":2000.0,""h_max_m"":10000.0,""h_min_m"":0.0,""high_altitude_tail"":0.1,""version"":""eq17_engineering_thresholds_unbounded_tail_v2""}",1.1032501459121704,1.0920779705047607,1.113953709602356,0.09822764247655869,-0.13637196514755487,81.6384407043457,4.539125436544419,-1.3314365340425267,-0.19508510898075165,39.30338992646196,0.0,0.0,-343.51653644825996,-84.6,0.0,-1.3314365340425267,-0.44381217801417555,-0.19508510898075165,-0.06502836966025055,39.30338992646196,13.10112997548732,0.0,0.0,0.0,0.0,-343.51653644825996,-114.50551214941999,-84.6,41,1047,2,36,119222,20469,13012,57384,41228,9711,4318,68173,0,0,0,0,2,36,0.04878048780487805,0.034383954154727794,0.0003438962607572428,0.018245503973232956,4499.979835102233,4219.289458696239,4499.979835102233,4780.670211508226,43.53607987105964,43.53607987105964,103.23315195075457,103.23315195075457,173.17039933305145,3766.7798453466894,0.0,4063.042047006287,3297.3445608200805,3654.8958370580685,4452.385913058646,24.827810359086197,26.16223404725255,137.94971201097795,138.96825422233493,-7.716584423982344,2377.9210962999846,0.15789473684210525,0.6444794217604357,0.008674101610904586,0.012010294538175578,0.009436659994280812,0.004575350300257364
324000,162,-391.3946481323242,83.33612416461293,0.0,0.0008271298593879239,0.32,11.52,1209,1,1208,0,0.0,2.82,3282,344,34,1,34,3282,0.4927536231884058,0.45163065914407596,0.009652509652509652,0.010359536867763558,0.0008278145695364238,False,paper_literal_eq15_eq20_joint_v3,paper_joint,paper_fixed_v1,paper,0.0,paper_eq9,vanilla_mappo_paper_env_v2,tanh_squashed_normal_v1,eq17_engineering_thresholds_unbounded_tail_v2,"{""d_att_max_m"":null,""h_adv_m"":5000.0,""h_att_m"":2000.0,""h_max_m"":10000.0,""h_min_m"":0.0,""high_altitude_tail"":0.1,""version"":""eq17_engineering_thresholds_unbounded_tail_v2""}",1.1114434003829956,1.10198974609375,1.1212493181228638,0.10563447326421738,-0.33883999222889544,115.71824569702149,4.563319528102875,-1.3556577318700058,-0.19807845446189254,40.11792646983415,0.0,0.0,-345.35866390868864,-84.6,0.0,-1.3556577318700058,-0.4518859106233353,-0.19807845446189254,-0.06602615148729751,40.11792646983415,13.372642156611384,0.0,0.0,0.0,0.0,-345.35866390868864,-115.11955463622955,-84.6,0,1389,0,50,124926,18393,16191,45617,33608,9755,24,84321,0,15,0,0,0,65,0.0,0.03599712023038157,0.0,0.030449174649801607,0.0,0.0,0.0,0.0,0.0,0.0,0.0,0.0,0.0,0.0,0.0,4234.047761871649,3555.8419108356843,3948.9908436151104,4574.051738508031,23.846999475695704,21.121530571372368,149.69681552331014,160.16958718468015,-41.0777343690021,1764.9818930286385,0.1836734693877551,0.663319142266187,0.008514144465806098,0.010162043394671794,0.00906344410876133,0.006316945893985169
326000,163,-393.70072052001956,93.48027490320236,0.0,0.0008250825082508251,0.32,11.34,1212,1,1211,0,0.0,2.82,3285,350,34,1,34,3285,0.4927536231884058,0.4498767460969597,0.009628610729023384,0.010350076103500762,0.0008257638315441783,False,paper_literal_eq15_eq20_joint_v3,paper_joint,paper_fixed_v1,paper,0.0,paper_eq9,vanilla_mappo_paper_env_v2,tanh_squashed_normal_v1,eq17_engineering_thresholds_unbounded_tail_v2,"{""d_att_max_m"":null,""h_adv_m"":5000.0,""h_att_m"":2000.0,""h_max_m"":10000.0,""h_min_m"":0.0,""high_altitude_tail"":0.1,""version"":""eq17_engineering_thresholds_unbounded_tail_v2""}",1.122308611869812,1.1049723625183105,1.1385314464569092,0.11531293392181396,-0.191912005469203,72.00743713378907,4.588583534955978,-1.3798459434648578,-0.200146839670328,38.843347635018524,0.0,0.0,-346.36388057815975,-84.6,0.0,-1.3798459434648578,-0.45994864782161926,-0.200146839670328,-0.06671561322344267,38.843347635018524,12.947782545006175,0.0,0.0,0.0,0.0,-346.36388057815975,-115.45462685938658,-84.6,0,1072,0,35,100072,12763,10146,34806,25300,6419,0,67901,0,3,0,0,0,38,0.0,0.03264925373134328,0.0,0.030799287479170257,0.0,0.0,0.0,0.0,0.0,0.0,0.0,0.0,0.0,0.0,0.0,4531.369152295761,3663.945445041948,4246.01776769458,5358.129131305484,24.906486439021194,24.716209672382522,144.19428530053193,146.69808845902617,-7.572172052204629,2516.502820164308,0.13157894736842105,0.6496320437251507,0.006641034603285564,0.008738203425375743,0.005592450192240475,0.005592450192240475
328000,164,-397.23388031005857,90.74395648980641,0.0,0.0008216926869350862,0.28,11.48,1217,1,1216,0,0.0,2.86,3296,354,34,1,34,3296,0.4927536231884058,0.4486795534985026,0.009589041095890411,0.010315533980582525,0.0008223684210526315,False,paper_literal_eq15_eq20_joint_v3,paper_joint,paper_fixed_v1,paper,0.0,paper_eq9,vanilla_mappo_paper_env_v2,tanh_squashed_normal_v1,eq17_engineering_thresholds_unbounded_tail_v2,"{""d_att_max_m"":null,""h_adv_m"":5000.0,""h_att_m"":2000.0,""h_max_m"":10000.0,""h_min_m"":0.0,""high_altitude_tail"":0.1,""version"":""eq17_engineering_thresholds_unbounded_tail_v2""}",1.1314780712127686,1.1161473989486694,1.1430901288986206,0.12347470968961716,-0.2222324420697987,117.00900192260742,4.6152153551578525,-1.3453208723499361,-0.19553539900023448,40.15904667784558,0.0,0.0,-350.05185212038276,-85.8,0.0,-1.3453208723499361,-0.44844029078331205,-0.19553539900023448,-0.0651784663334115,40.15904667784558,13.386348892615194,0.0,0.0,0.0,0.0,-350.05185212038276,-116.68395070679425,-85.8,0,1356,0,44,124861,18629,8429,52364,42219,9104,0,72628,0,0,0,0,0,44,0.0,0.032448377581120944,0.0,0.025895653502406232,0.0,0.0,0.0,0.0,0.0,0.0,0.0,0.0,0.0,0.0,0.0,4055.343076092662,3161.196661124598,3997.9335958532406,4623.298184359572,24.566184044512394,24.539729353339347,144.08145850592632,152.0992411292513,-3.9912925722161927,1899.1496842730223,0.21951219512195122,0.6637496059946197,0.01024904214559387,0.014367816091954023,0.009195402298850575,0.007183908045977011
330000,165,-401.5999203491211,90.01989913228812,0.0,0.0008210180623973727,0.28,11.64,1218,1,1217,0,0.0,2.86,3298,355,34,1,34,3298,0.4722222222222222,0.4457961611246283,0.009581166164796057,0.010309278350515464,0.0008216926869350862,False,paper_literal_eq15_eq20_joint_v3,paper_joint,paper_fixed_v1,paper,0.0,paper_eq9,vanilla_mappo_paper_env_v2,tanh_squashed_normal_v1,eq17_engineering_thresholds_unbounded_tail_v2,"{""d_att_max_m"":null,""h_adv_m"":5000.0,""h_att_m"":2000.0,""h_max_m"":10000.0,""h_min_m"":0.0,""high_altitude_tail"":0.1,""version"":""eq17_engineering_thresholds_unbounded_tail_v2""}",1.1404484510421753,1.1258224248886108,1.1537812948226929,0.13137096166610718,-0.2871749226935208,62.50177688598633,4.63848444223404,-1.3591108795558404,-0.19648351764929511,41.01633901339577,0.0,0.0,-355.26044203675156,-85.8,0.0,-1.3591108795558404,-0.4530369598519468,-0.19648351764929511,-0.06549450588309837,41.01633901339577,13.672113004465258,0.0,0.0,0.0,0.0,-355.26044203675156,-118.42014734558386,-85.8,45,1383,3,52,128615,13188,21232,45697,27978,14191,3097,87833,0,15,0,0,3,67,0.06666666666666667,0.03759942154736081,0.0003498814290712592,0.030264568790073748,7431.302673867983,6193.749318866738,8258.501866049439,9082.455624959955,42.422985342718995,43.33569688314352,131.24361289001538,119.64851724360565,67.40720526334074,4410.533032225769,0.0,4520.132759209867,3451.203383070597,4289.698789974567,5674.342786771254,23.869224451098358,17.096340475205942,148.93077456992776,159.50391531135227,-33.13609128537426,1992.3690577101308,0.09803921568627451,0.665719558228631,0.008788449466415568,0.011299435028248588,0.009416195856873822,0.005649717514124294
332000,166,-405.86272674560547,88.07677977397347,0.0,0.000819672131147541,0.28,11.7,1220,1,1219,0,0.0,2.9,3304,355,34,1,34,3304,0.4533333333333333,0.44468371467025575,0.0095654550423613,0.010290556900726392,0.0008203445447087777,False,paper_literal_eq15_eq20_joint_v3,paper_joint,paper_fixed_v1,paper,0.0,paper_eq9,vanilla_mappo_paper_env_v2,tanh_squashed_normal_v1,eq17_engineering_thresholds_unbounded_tail_v2,"{""d_att_max_m"":null,""h_adv_m"":5000.0,""h_att_m"":2000.0,""h_max_m"":10000.0,""h_min_m"":0.0,""high_altitude_tail"":0.1,""version"":""eq17_engineering_thresholds_unbounded_tail_v2""}",1.1544212102890015,1.1392990350723267,1.1683293581008911,0.14354608952999115,-0.1327215924859047,64.29417152404785,4.668660354614258,-1.361895862546847,-0.19618238210639724,42.02905860813586,0.0,0.0,-359.3334438241637,-87.0,0.0,-1.361895862546847,-0.45396528751561566,-0.19618238210639724,-0.06539412736879908,42.02905860813586,14.009686202711954,0.0,0.0,0.0,0.0,-359.3334438241637,-119.77781460805456,-87.0,49,1033,3,32,89741,11126,7027,32065,20791,10570,4979,66788,4,0,0,0,7,32,0.061224489795918366,0.030977734753146177,0.0005460157564546863,0.03221581163262124,7297.296801915712,5954.153168638866,9968.245501840413,9975.91478515491,34.3611914609125,33.52739401878166,115.48834351702014,116.64251739767093,127.86209430141234,1517.910431848568,0.6666666666666666,5582.61447027194,4114.735460719619,5622.95198530229,6757.481590321739,19.526832589022874,15.552723896700224,150.13269765014104,158.97294954133696,0.8808852884719842,1963.2837803220013,0.14705882352941177,0.6553208749757995,0.008255933952528379,0.01238390092879257,0.007223942208462332,0.005159958720330237
334000,167,-411.8897973632813,96.95407583405601,0.0,0.0008143322475570033,0.28,11.22,1228,1,1227,0,0.0,2.88,3319,364,36,1,36,3319,0.48,0.4444890853086916,0.01004615802335053,0.01084664055438385,0.0008149959250203749,False,paper_literal_eq15_eq20_joint_v3,paper_joint,paper_fixed_v1,paper,0.0,paper_eq9,vanilla_mappo_paper_env_v2,tanh_squashed_normal_v1,eq17_engineering_thresholds_unbounded_tail_v2,"{""d_att_max_m"":null,""h_adv_m"":5000.0,""h_att_m"":2000.0,""h_max_m"":10000.0,""h_min_m"":0.0,""high_altitude_tail"":0.1,""version"":""eq17_engineering_thresholds_unbounded_tail_v2""}",1.1641039848327637,1.1491665840148926,1.177280068397522,0.15190231800079346,-0.23487001610919833,150.33288116455077,4.700658249855041,-1.393611074058095,-0.1977409069991655,41.19243445402075,0.0,0.0,-365.0906163704781,-86.4,0.0,-1.393611074058095,-0.46453702468603164,-0.1977409069991655,-0.0659136356663885,41.19243445402075,13.730811484673582,0.0,0.0,0.0,0.0,-365.0906163704781,-121.6968721234927,-86.4,0,990,0,37,139822,35156,10183,79714,65536,9848,349,60457,0,2,0,0,0,39,0.0,0.03737373737373737,0.0,0.012419399352685852,0.0,0.0,0.0,0.0,0.0,0.0,0.0,0.0,0.0,0.0,0.0,4250.335347862405,3470.8841568928556,4037.618349559153,4518.519042491594,29.333091157368294,32.03540265270972,134.09297272122598,139.5571829081823,-8.083959879176295,2282.5315652644636,0.32432432432432434,0.6718607665475707,0.012797992471769134,0.01831869510664994,0.010037641154328732,0.010037641154328732
336000,168,-411.24537536621096,97.87436273282835,0.0,0.0008130081300813008,0.28,11.14,1230,1,1229,0,0.0,2.88,3322,367,36,1,36,3322,0.46153846153846156,0.4414617940199336,0.01002981837896449,0.010836845273931367,0.0008136696501220504,False,paper_literal_eq15_eq20_joint_v3,paper_joint,paper_fixed_v1,paper,0.0,paper_eq9,vanilla_mappo_paper_env_v2,tanh_squashed_normal_v1,eq17_engineering_thresholds_unbounded_tail_v2,"{""d_att_max_m"":null,""h_adv_m"":5000.0,""h_att_m"":2000.0,""h_max_m"":10000.0,""h_min_m"":0.0,""high_altitude_tail"":0.1,""version"":""eq17_engineering_thresholds_unbounded_tail_v2""}",1.1753896474838257,1.1652642488479614,1.188420057296753,0.16156592965126038,-0.21530907871201635,63.09425773620605,4.727276062965393,-1.4165728146456422,-0.19768516435025485,40.852976888124324,0.0,0.0,-364.0838348504016,-86.4,0.0,-1.4165728146456422,-0.4721909382152141,-0.19768516435025485,-0.06589505478341828,40.852976888124324,13.617658962708107,0.0,0.0,0.0,0.0,-364.0838348504016,-121.3612782834672,-86.4,45,1632,3,58,113545,7896,10257,33856,24631,9068,5343,87937,0,1,0,0,3,59,0.06666666666666667,0.03553921568627451,0.0003963186401867101,0.048204158790170135,6969.816345652563,6612.294265410457,7294.19020991918,7489.525358027977,43.04397952455087,43.29974645660684,120.38082627094524,107.12979260677004,108.08619185337555,3197.421702079333,0.3333333333333333,4583.402462252856,3491.465683946075,4170.52351933291,5476.254128350621,21.881458878538535,19.142830935397,142.18341648177972,150.66507624169319,0.582447719045986,1887.1244244186012,0.17543859649122806,0.6720760314742634,0.01330671989354624,0.012546335899629312,0.015112631879098944,0.012261191901910464
338000,169,-412.23796630859374,95.86873820641875,0.0,0.0008090614886731392,0.24,10.52,1236,1,1235,0,0.0,2.92,3336,371,36,1,36,3336,0.45569620253164556,0.44167880312458624,0.009981116806042621,0.01079136690647482,0.0008097165991902834,False,paper_literal_eq15_eq20_joint_v3,paper_joint,paper_fixed_v1,paper,0.0,paper_eq9,vanilla_mappo_paper_env_v2,tanh_squashed_normal_v1,eq17_engineering_thresholds_unbounded_tail_v2,"{""d_att_max_m"":null,""h_adv_m"":5000.0,""h_att_m"":2000.0,""h_max_m"":10000.0,""h_min_m"":0.0,""high_altitude_tail"":0.1,""version"":""eq17_engineering_thresholds_unbounded_tail_v2""}",1.187113642692566,1.1752362251281738,1.1985275745391846,0.17149268090724945,-0.1468966795131564,95.73607330322265,4.75624663233757,-1.3890743924988562,-0.1944472900748381,38.25684187114534,0.0,0.0,-361.31109145674617,-87.6,0.0,-1.3890743924988562,-0.4630247974996187,-0.1944472900748381,-0.06481576335827936,38.25684187114534,12.752280623715114,0.0,0.0,0.0,0.0,-361.31109145674617,-120.43703048558206,-87.6,15,1192,1,28,108808,22252,8231,57104,44403,11690,1425,55558,0,0,0,0,1,28,0.06666666666666667,0.02348993288590604,0.0001378575104771708,0.020874194452227515,1239.3493395221867,1239.3493395221867,1239.3493395221867,1239.3493395221867,8.608431294938184,8.608431294938184,111.25523357982495,111.25523357982495,255.40826241435605,1227.1261421587606,0.0,4673.74712175552,3829.698750202233,4252.566600136443,5149.253242067895,26.092255425391897,25.347249746659443,129.57802970659068,125.9038927289919,24.097582684510204,2634.4012944496776,0.36666666666666664,0.6802115717000911,0.016125801282051284,0.0234375,0.01201923076923077,0.012920673076923076
340000,170,-417.22434204101563,93.23481610149632,0.0,0.0008058017727639,0.32,10.86,1241,1,1240,0,0.0,2.9,3348,374,37,1,37,3348,0.46835443037974683,0.44064227428270597,0.010209564750134336,0.011051373954599762,0.0008064516129032258,False,paper_literal_eq15_eq20_joint_v3,paper_joint,paper_fixed_v1,paper,0.0,paper_eq9,vanilla_mappo_paper_env_v2,tanh_squashed_normal_v1,eq17_engineering_thresholds_unbounded_tail_v2,"{""d_att_max_m"":null,""h_adv_m"":5000.0,""h_att_m"":2000.0,""h_max_m"":10000.0,""h_min_m"":0.0,""high_altitude_tail"":0.1,""version"":""eq17_engineering_thresholds_unbounded_tail_v2""}",1.1980652809143066,1.1817882061004639,1.2084202766418457,0.18066051602363586,-0.08647271748632193,101.0371192932129,4.784650522470474,-1.4324874938754772,-0.19812709127359582,39.7873174099652,0.0,0.0,-368.38085958056865,-87.0,0.0,-1.4324874938754772,-0.47749583129182577,-0.19812709127359582,-0.06604236375786528,39.7873174099652,13.262439136655066,0.0,0.0,0.0,0.0,-368.38085958056865,-122.79361986018955,-87.0,0,1667,0,45,133740,24641,1294,64586,58853,5378,0,69189,0,1,0,0,0,46,0.0,0.026994601079784044,0.0,0.025810547177406867,0.0,0.0,0.0,0.0,0.0,0.0,0.0,0.0,0.0,0.0,0.0,3741.305046391077,3335.2253217554817,3779.233680173126,4299.495412174509,27.67665145713249,29.954321766841282,135.8209868582984,135.8921439284527,-4.342283805583138,2188.9892772318735,0.21951219512195122,0.680949124830623,0.015333868235713649,0.023535704733886064,0.014174913078363199,0.008290986894891682
342000,171,-417.8091119384766,94.11564720237796,0.0,0.0008012820512820513,0.28,10.58,1248,1,1247,0,0.0,2.94,3364,379,37,1,37,3364,0.4625,0.4395087535928926,0.01015228426395939,0.010998810939357907,0.0008019246190858059,False,paper_literal_eq15_eq20_joint_v3,paper_joint,paper_fixed_v1,paper,0.0,paper_eq9,vanilla_mappo_paper_env_v2,tanh_squashed_normal_v1,eq17_engineering_thresholds_unbounded_tail_v2,"{""d_att_max_m"":null,""h_adv_m"":5000.0,""h_att_m"":2000.0,""h_max_m"":10000.0,""h_min_m"":0.0,""high_altitude_tail"":0.1,""version"":""eq17_engineering_thresholds_unbounded_tail_v2""}",1.209886908531189,1.1983994245529175,1.2165257930755615,0.19050398468971252,-0.33364786151796577,117.07608032226562,4.813947033882141,-1.482409091767997,-0.1993012764857579,37.980613742978036,0.0,0.0,-365.9077990918366,-88.2,0.0,-1.482409091767997,-0.4941363639226657,-0.1993012764857579,-0.06643375882858597,37.980613742978036,12.660204580992678,0.0,0.0,0.0,0.0,-365.9077990918366,-121.96926636394552,-88.2,15,1630,1,56,151581,23597,17040,69716,56783,9266,1492,87777,0,14,0,0,1,70,0.06666666666666667,0.0343558282208589,9.895699329071585e-05,0.023380572608870272,7684.399934066724,7684.399934066724,7684.399934066724,7684.399934066724,44.07930486547863,44.07930486547863,140.98038183952193,140.98038183952193,17.741659630479376,5270.843737774672,0.0,4410.443261806108,3685.362287587564,4187.237568846546,4843.270151540142,29.383775051292876,29.457043527844537,140.35158483188903,148.00076801395988,15.90791655379547,2457.915056140998,0.288135593220339,0.6830894078554692,0.01601396478445659,0.025045537340619307,0.012750455373406194,0.010245901639344262
344000,172,-420.5772515869141,93.30390691554233,0.0,0.0008,0.26,10.6,1250,1,1249,0,0.0,2.94,3370,379,37,1,37,3370,0.4625,0.4377191843096506,0.010136036276340358,0.010979228486646885,0.0008006405124099279,False,paper_literal_eq15_eq20_joint_v3,paper_joint,paper_fixed_v1,paper,0.0,paper_eq9,vanilla_mappo_paper_env_v2,tanh_squashed_normal_v1,eq17_engineering_thresholds_unbounded_tail_v2,"{""d_att_max_m"":null,""h_adv_m"":5000.0,""h_att_m"":2000.0,""h_max_m"":10000.0,""h_min_m"":0.0,""high_altitude_tail"":0.1,""version"":""eq17_engineering_thresholds_unbounded_tail_v2""}",1.2135388851165771,1.196833848953247,1.2225184440612793,0.19349312782287598,-0.335195835866034,72.61908493041992,4.834055769443512,-1.4835729646133038,-0.19942313467814604,37.32934495198553,0.0,0.0,-368.023410076666,-88.2,0.0,-1.4835729646133038,-0.49452432153776793,-0.19942313467814604,-0.06647437822604868,37.32934495198553,12.443114983995178,0.0,0.0,0.0,0.0,-368.023410076666,-122.67447002555532,-88.2,0,1409,0,45,111432,13615,11293,43016,32868,7700,332,74041,0,1,0,0,0,46,0.0,0.0319375443577005,0.0,0.0327552538590292,0.0,0.0,0.0,0.0,0.0,0.0,0.0,0.0,0.0,0.0,0.0,4201.220469228097,3429.971886268032,3920.2036285061504,4550.70446600521,22.74645048901029,19.39572659428737,147.00783170257898,157.82382889730985,-5.381702320175052,1748.6278752384574,0.07142857142857142,0.6782949025118997,0.009520884520884522,0.012592137592137592,0.008292383292383292,0.007678132678132678
346000,173,-416.65899169921875,92.38428281682786,0.0,0.0007955449482895784,0.26,10.48,1257,1,1256,0,0.0,2.94,3382,388,37,1,37,3382,0.4625,0.43695090439276485,0.010079575596816976,0.01094027202838557,0.0007961783439490446,False,paper_literal_eq15_eq20_joint_v3,paper_joint,paper_fixed_v1,paper,0.0,paper_eq9,vanilla_mappo_paper_env_v2,tanh_squashed_normal_v1,eq17_engineering_thresholds_unbounded_tail_v2,"{""d_att_max_m"":null,""h_adv_m"":5000.0,""h_att_m"":2000.0,""h_max_m"":10000.0,""h_min_m"":0.0,""high_altitude_tail"":0.1,""version"":""eq17_engineering_thresholds_unbounded_tail_v2""}",1.222267985343933,1.2048343420028687,1.2362765073776245,0.20065079629421234,-0.3292657917365432,126.52503890991211,4.847464740276337,-1.569368746868376,-0.20780256328113697,36.70437926779968,0.0,0.0,-363.38598998786716,-88.2,0.0,-1.569368746868376,-0.523122915622792,-0.20780256328113697,-0.06926752109371233,36.70437926779968,12.23479308926656,0.0,0.0,0.0,0.0,-363.38598998786716,-121.12866332928905,-88.2,0,1282,0,41,131041,25924,11407,62705,50644,8871,0,71936,0,0,0,0,0,41,0.0,0.031981279251170044,0.0,0.020444940594848894,0.0,0.0,0.0,0.0,0.0,0.0,0.0,0.0,0.0,0.0,0.0,3854.1906689277766,3379.0329336752734,4015.1736638348884,4277.304088946378,25.83856725559784,26.21930222882101,137.2135189475604,134.19889808348304,18.779636293023223,1853.4614800791917,0.29545454545454547,0.6898620642482559,0.017548524328636,0.023132145705929273,0.015687317202871576,0.013826110077107153
348000,174,-401.5274932861328,79.92259076935376,0.0,0.000791765637371338,0.24,9.88,1263,1,1262,0,0.0,2.94,3390,398,37,1,37,3390,0.45121951219512196,0.4359567901234568,0.01003167898627244,0.010914454277286136,0.000792393026941363,False,paper_literal_eq15_eq20_joint_v3,paper_joint,paper_fixed_v1,paper,0.0,paper_eq9,vanilla_mappo_paper_env_v2,tanh_squashed_normal_v1,eq17_engineering_thresholds_unbounded_tail_v2,"{""d_att_max_m"":null,""h_adv_m"":5000.0,""h_att_m"":2000.0,""h_max_m"":10000.0,""h_min_m"":0.0,""high_altitude_tail"":0.1,""version"":""eq17_engineering_thresholds_unbounded_tail_v2""}",1.2350776195526123,1.218694806098938,1.2490795850753784,0.2110823392868042,-0.2168901490047574,122.65229568481445,4.8748240053653715,-1.572224432361452,-0.20523633142197603,34.28500802697029,0.0,0.0,-345.83485201317154,-88.2,0.0,-1.572224432361452,-0.5240748107871507,-0.20523633142197603,-0.06841211047399201,34.28500802697029,11.428336008990096,0.0,0.0,0.0,0.0,-345.83485201317154,-115.27828400439051,-88.2,30,1076,2,36,126022,23962,8193,71732,58760,7752,869,55159,0,0,0,0,2,36,0.06666666666666667,0.03345724907063197,0.000238053673168177,0.015000278815591368,2871.3083306111243,2523.0180558201023,2871.3083306111243,3219.5986054021464,32.74053631164246,32.74053631164246,101.30987135112485,101.30987135112485,218.21120056894299,2818.7791329696834,0.0,3901.6700779691496,2883.261900605043,3665.4442397508174,4330.362495519517,28.92247301411517,25.880228837957464,119.3173252835663,112.49452360437292,27.793509083472642,2245.8221798539744,0.2,0.6875882205359085,0.014907066704406075,0.02604019247098783,0.010472686102462497,0.008208321539767903
350000,175,-399.11225158691406,79.35816423182865,0.0,0.0007905138339920949,0.24,9.62,1265,1,1264,0,0.0,2.94,3393,401,37,1,37,3393,0.43529411764705883,0.4335548172757475,0.010015814443858724,0.010904804008252285,0.0007911392405063291,False,paper_literal_eq15_eq20_joint_v3,paper_joint,paper_fixed_v1,paper,0.0,paper_eq9,vanilla_mappo_paper_env_v2,tanh_squashed_normal_v1,eq17_engineering_thresholds_unbounded_tail_v2,"{""d_att_max_m"":null,""h_adv_m"":5000.0,""h_att_m"":2000.0,""h_max_m"":10000.0,""h_min_m"":0.0,""high_altitude_tail"":0.1,""version"":""eq17_engineering_thresholds_unbounded_tail_v2""}",1.2450909614562988,1.2308920621871948,1.2593896389007568,0.21916496753692627,-0.2953150225803256,133.53073959350587,4.90302529335022,-1.5532406914721,-0.2025569107639778,33.95490754759824,0.0,0.0,-343.1111667141067,-88.2,0.0,-1.5532406914721,-0.5177468971573667,-0.2025569107639778,-0.06751897025465926,33.95490754759824,11.31830251586608,0.0,0.0,0.0,0.0,-343.1111667141067,-114.37038890470222,-88.2,84,1399,3,50,112045,8392,11595,36317,22845,10500,4156,83266,15,15,0,0,18,65,0.03571428571428571,0.035739814152966405,0.0007496987817394797,0.03852190434231902,4298.654856292255,3512.564272008591,5642.756348931492,5756.796186895537,35.30750151876483,36.50364939289743,125.99019695563469,134.1789632915035,116.54178936025507,2454.7994209802846,1.0,3906.855759732153,3466.859917299328,3835.0009781290546,4216.866422275221,24.256042933478142,22.580311950589092,146.4061189964328,161.01283428116648,-6.786439984462099,1744.834615710849,0.14285714285714285,0.6839863835466907,0.015277379929342118,0.02320252076768834,0.012603838441707248,0.010025780578630765
352000,176,-393.4418756103516,83.6598166262119,0.0,0.0007874015748031496,0.3,9.52,1270,1,1269,0,0.0,2.86,3405,404,41,1,41,3405,0.47674418604651164,0.43260068606276203,0.011026516145970071,0.012041116005873716,0.0007880220646178094,False,paper_literal_eq15_eq20_joint_v3,paper_joint,paper_fixed_v1,paper,0.0,paper_eq9,vanilla_mappo_paper_env_v2,tanh_squashed_normal_v1,eq17_engineering_thresholds_unbounded_tail_v2,"{""d_att_max_m"":null,""h_adv_m"":5000.0,""h_att_m"":2000.0,""h_max_m"":10000.0,""h_min_m"":0.0,""high_altitude_tail"":0.1,""version"":""eq17_engineering_thresholds_unbounded_tail_v2""}",1.2544069290161133,1.237363338470459,1.270655632019043,0.22660404443740845,-0.26814927672967315,121.1478759765625,4.925861805677414,-1.566463846792865,-0.20302457894396764,32.36602023100937,0.0,0.0,-338.23819715503384,-85.8,0.0,-1.566463846792865,-0.5221546155976217,-0.20302457894396764,-0.06767485964798921,32.36602023100937,10.788673410336457,0.0,0.0,0.0,0.0,-338.23819715503384,-112.74606571834461,-85.8,15,1562,1,45,130549,22848,7838,59772,51757,4600,601,73773,0,0,0,0,1,45,0.06666666666666667,0.02880921895006402,0.00011489938643727642,0.02613263735528341,7590.743542403379,7590.743542403379,7590.743542403379,7590.743542403379,43.28940405926786,43.28940405926786,137.13072393039488,137.13072393039488,97.26541621565167,1574.578606007547,0.0,4004.245867139404,3322.479615157766,3923.2238004485284,4659.739419964449,21.22187688914357,18.028316267239163,139.4481961956997,142.23537782042735,13.177115897909374,1646.4274078030776,0.28888888888888886,0.6894688993272547,0.01722943722943723,0.0212987012987013,0.016623376623376623,0.013766233766233767
354000,177,-388.8436560058594,73.9465382175394,0.0,0.0007855459544383347,0.28,9.34,1273,1,1272,0,0.0,2.86,3413,405,41,1,41,3413,0.4659090909090909,0.4309887612072231,0.011000523834468309,0.012012891883973044,0.0007861635220125787,False,paper_literal_eq15_eq20_joint_v3,paper_joint,paper_fixed_v1,paper,0.0,paper_eq9,vanilla_mappo_paper_env_v2,tanh_squashed_normal_v1,eq17_engineering_thresholds_unbounded_tail_v2,"{""d_att_max_m"":null,""h_adv_m"":5000.0,""h_att_m"":2000.0,""h_max_m"":10000.0,""h_min_m"":0.0,""high_altitude_tail"":0.1,""version"":""eq17_engineering_thresholds_unbounded_tail_v2""}",1.2627646923065186,1.2407256364822388,1.2798360586166382,0.23321932554244995,-0.34880639221519233,97.93899917602539,4.946494770050049,-1.5534456094188098,-0.19987547692903182,30.4010826655295,0.0,0.0,-331.69123028250556,-85.8,0.0,-1.5534456094188098,-0.5178152031396033,-0.19987547692903182,-0.06662515897634394,30.4010826655295,10.133694221843166,0.0,0.0,0.0,0.0,-331.69123028250556,-110.56374342750185,-85.8,49,1254,2,48,115432,14348,14257,45850,26839,13354,2623,73821,15,0,0,0,17,48,0.04081632653061224,0.03827751196172249,0.00042449234181162935,0.027350054525627044,5634.367311856893,5608.372159085153,5634.367311856893,5660.3624646286335,42.613673635599824,42.613673635599824,136.2112744847945,136.2112744847945,10.58925252869242,2887.4277680955006,0.5,4170.562189526537,3376.260678958357,3913.1835726244162,5049.6738300619145,26.375038236963093,28.627990035708383,148.9924919700544,159.69616545159255,-8.807785865745117,1829.5141429429357,0.10869565217391304,0.6852290812825516,0.01595323028141102,0.025267538644470868,0.01070154577883472,0.011890606420927468
356000,178,-388.3633465576172,68.15698198794364,0.0,0.0007830853563038371,0.26,9.26,1277,1,1276,0,0.0,2.88,3423,407,42,1,42,3423,0.4666666666666667,0.4293239683933275,0.011227154046997388,0.012269938650306749,0.0007836990595611285,False,paper_literal_eq15_eq20_joint_v3,paper_joint,paper_fixed_v1,paper,0.0,paper_eq9,vanilla_mappo_paper_env_v2,tanh_squashed_normal_v1,eq17_engineering_thresholds_unbounded_tail_v2,"{""d_att_max_m"":null,""h_adv_m"":5000.0,""h_att_m"":2000.0,""h_max_m"":10000.0,""h_min_m"":0.0,""high_altitude_tail"":0.1,""version"":""eq17_engineering_thresholds_unbounded_tail_v2""}",1.272843360900879,1.2519173622131348,1.2885340452194214,0.24117979407310486,-0.2510086284950376,91.20726623535157,4.9688837885856625,-1.509639877008698,-0.19846061481756172,30.601605224242494,0.0,0.0,-330.856659361813,-86.4,0.0,-1.509639877008698,-0.5032132923362327,-0.19846061481756172,-0.06615353827252057,30.601605224242494,10.200535074747497,0.0,0.0,0.0,0.0,-330.856659361813,-110.28555312060433,-86.4,36,1574,2,54,131033,16805,20065,49717,40568,8878,2918,91350,6,8,0,0,8,62,0.05555555555555555,0.03430749682337993,0.0002747399510047087,0.03165919102117988,4989.065998005022,4940.192884808345,4989.065998005022,5037.939111201698,37.272971068209664,37.272971068209664,166.49757923920646,166.49757923920646,142.18418283092115,4859.824187337319,0.0,3925.5758337142884,3233.3803798108015,3912.6148707892908,4095.8389999779893,24.07644389056456,22.205327124499902,144.37027854698798,153.7873102198486,-1.1053896551373312,1836.7394727857215,0.21153846153846154,0.6959982059783624,0.020771267792121816,0.027060575968222443,0.022840119165839126,0.012413108242303872
358000,179,-387.1167291259766,71.33808279193437,0.0,0.00078064012490242,0.3,10.0,1281,1,1280,0,0.0,2.84,3433,409,44,1,44,3433,0.4731182795698925,0.4275750404782663,0.011712649661634565,0.012816778327993009,0.00078125,False,paper_literal_eq15_eq20_joint_v3,paper_joint,paper_fixed_v1,paper,0.0,paper_eq9,vanilla_mappo_paper_env_v2,tanh_squashed_normal_v1,eq17_engineering_thresholds_unbounded_tail_v2,"{""d_att_max_m"":null,""h_adv_m"":5000.0,""h_att_m"":2000.0,""h_max_m"":10000.0,""h_min_m"":0.0,""high_altitude_tail"":0.1,""version"":""eq17_engineering_thresholds_unbounded_tail_v2""}",1.2875330448150635,1.2639247179031372,1.3042274713516235,0.2526387572288513,-0.22157692816108465,122.95588760375976,4.997263842821122,-1.517724207608231,-0.20030512161931405,33.27465594947391,0.0,0.0,-333.47316519153287,-85.2,0.0,-1.517724207608231,-0.5059080692027437,-0.20030512161931405,-0.06676837387310468,33.27465594947391,11.09155198315797,0.0,0.0,0.0,0.0,-333.47316519153287,-111.15772173051096,-85.2,45,1444,3,56,129274,16176,18757,46402,30296,16004,4192,91247,0,1,0,0,3,57,0.06666666666666667,0.038781163434903045,0.00034809783869919707,0.031119348303952417,6139.89247182013,5445.643661683489,7297.394185316412,7412.89213870491,30.8029171152611,37.52630500895775,97.97215822596145,100.25528049994064,207.17634389178042,4071.0246519283887,1.0,4295.121938600229,3203.9052729485275,3966.506849261938,4808.212505060992,23.467646282290122,19.86990434219588,156.57091972999544,168.14833985363296,-27.631122378834668,1885.8315204249013,0.1896551724137931,0.7019412450184772,0.022977267171840624,0.02688829137130286,0.022732828159374236,0.019310681984844782
360000,180,-388.8112634277344,71.59639162597645,0.0,0.0007776049766718507,0.36,10.42,1286,1,1285,0,0.0,2.82,3446,411,45,1,45,3446,0.4787234042553192,0.4264323722311595,0.011926367643246047,0.0130586186883343,0.0007782101167315176,False,paper_literal_eq15_eq20_joint_v3,paper_joint,paper_fixed_v1,paper,0.0,paper_eq9,vanilla_mappo_paper_env_v2,tanh_squashed_normal_v1,eq17_engineering_thresholds_unbounded_tail_v2,"{""d_att_max_m"":null,""h_adv_m"":5000.0,""h_att_m"":2000.0,""h_max_m"":10000.0,""h_min_m"":0.0,""high_altitude_tail"":0.1,""version"":""eq17_engineering_thresholds_unbounded_tail_v2""}",1.2996408939361572,1.2770246267318726,1.3132396936416626,0.26201072335243225,-0.22299405429512262,102.86576766967774,5.0297178506851195,-1.5197852150854212,-0.20056617312560845,35.07639150918388,0.0,0.0,-337.56710633260576,-84.6,0.0,-1.5197852150854212,-0.5065950716951404,-0.20056617312560845,-0.06685539104186948,35.07639150918388,11.692130503061293,0.0,0.0,0.0,0.0,-337.56710633260576,-112.52236877753525,-84.6,27,1461,1,52,136028,24392,13470,57459,51574,10902,1911,83611,0,1,0,0,1,53,0.037037037037037035,0.03559206023271732,0.0001984885464757256,0.025426826084686473,1871.7872174097,1871.7872174097,1871.7872174097,1871.7872174097,14.236741262482152,14.236741262482152,106.63789195707801,106.63789195707801,321.1160021387205,1856.363118768706,1.0,4185.203069557558,3568.2452774519325,3856.8848912066765,4552.417432888324,24.34877858726134,21.74669921624286,136.90482437073027,139.43348426671707,5.873124500246328,2094.6758712210376,0.2653061224489796,0.7076734087851079,0.026963180188986642,0.03396871945259042,0.02541544477028348,0.021505376344086023
362000,181,-392.17893676757814,74.83664114659416,0.0,0.0007733952049497294,0.3,10.76,1293,1,1292,0,0.0,2.84,3464,414,45,1,45,3464,0.4787234042553192,0.4264959369613396,0.01186178442496132,0.012990762124711317,0.0007739938080495357,False,paper_literal_eq15_eq20_joint_v3,paper_joint,paper_fixed_v1,paper,0.0,paper_eq9,vanilla_mappo_paper_env_v2,tanh_squashed_normal_v1,eq17_engineering_thresholds_unbounded_tail_v2,"{""d_att_max_m"":null,""h_adv_m"":5000.0,""h_att_m"":2000.0,""h_max_m"":10000.0,""h_min_m"":0.0,""high_altitude_tail"":0.1,""version"":""eq17_engineering_thresholds_unbounded_tail_v2""}",1.308708906173706,1.281355619430542,1.325888991355896,0.26892876625061035,-0.30847306549549103,127.9718391418457,5.053895217180252,-1.454817481650623,-0.19394960140413514,35.55698195248214,0.0,0.0,-340.88694849723385,-85.2,0.0,-1.454817481650623,-0.48493916055020764,-0.19394960140413514,-0.06464986713471171,35.55698195248214,11.852327317494046,0.0,0.0,0.0,0.0,-340.88694849723385,-113.62898283241128,-85.2,0,1286,0,41,107212,19935,10024,41892,38512,3401,996,71560,0,0,0,0,0,41,0.0,0.03188180404354588,0.0,0.03069798529552182,0.0,0.0,0.0,0.0,0.0,0.0,0.0,0.0,0.0,0.0,0.0,4373.8532030256865,3711.485428537441,4167.056997278465,4851.824899768581,21.528362733925224,20.570614797417583,144.91640112056277,154.42453621919486,-1.5662537780298076,1940.6473752639488,0.3125,0.7022640327693097,0.025984824862280428,0.03211724352977861,0.027128157156220765,0.018709073900841908
364000,182,-389.1830230712891,74.49961250226559,0.0,0.0007722007722007722,0.3,10.38,1295,1,1294,0,0.0,2.84,3468,416,45,1,45,3468,0.47368421052631576,0.42468772961058043,0.01184346035015448,0.012975778546712802,0.0007727975270479134,False,paper_literal_eq15_eq20_joint_v3,paper_joint,paper_fixed_v1,paper,0.0,paper_eq9,vanilla_mappo_paper_env_v2,tanh_squashed_normal_v1,eq17_engineering_thresholds_unbounded_tail_v2,"{""d_att_max_m"":null,""h_adv_m"":5000.0,""h_att_m"":2000.0,""h_max_m"":10000.0,""h_min_m"":0.0,""high_altitude_tail"":0.1,""version"":""eq17_engineering_thresholds_unbounded_tail_v2""}",1.3198198080062866,1.2909573316574097,1.337364673614502,0.2773728668689728,-0.21286267470568418,47.789965057373045,5.076617324352265,-1.4678100326937935,-0.1936607834272731,33.21461479424226,0.0,0.0,-335.5359927780386,-85.2,0.0,-1.4678100326937935,-0.48927001089793115,-0.1936607834272731,-0.0645535944757577,33.21461479424226,11.071538264747419,0.0,0.0,0.0,0.0,-335.5359927780386,-111.84533092601286,-85.2,15,1329,1,44,123736,17681,3515,53386,42754,11030,621,71604,0,15,0,0,1,59,0.06666666666666667,0.03310759969902182,0.00012122583565009375,0.024894167010077548,600.8919107844541,600.8919107844541,600.8919107844541,600.8919107844541,41.69059133273204,41.69059133273204,100.66940441884809,100.66940441884809,259.1761096111777,451.38118681165406,0.0,3927.3168915378437,3375.4602844425317,3714.528545318697,4332.800573435788,26.917797456001225,28.585726362781656,141.3388631992266,152.58728874354168,-9.128914630721205,1971.8965360384725,0.21951219512195122,0.6953100074899988,0.023632551934438726,0.03230417381360778,0.022584333905088624,0.016009148084619784
366000,183,-387.8464605712891,71.22055133967613,0.0,0.0007698229407236335,0.28,10.28,1299,1,1298,0,0.0,2.84,3479,417,45,1,45,3479,0.47368421052631576,0.42390642134763007,0.011806981519507187,0.012934751365334866,0.0007704160246533128,False,paper_literal_eq15_eq20_joint_v3,paper_joint,paper_fixed_v1,paper,0.0,paper_eq9,vanilla_mappo_paper_env_v2,tanh_squashed_normal_v1,eq17_engineering_thresholds_unbounded_tail_v2,"{""d_att_max_m"":null,""h_adv_m"":5000.0,""h_att_m"":2000.0,""h_max_m"":10000.0,""h_min_m"":0.0,""high_altitude_tail"":0.1,""version"":""eq17_engineering_thresholds_unbounded_tail_v2""}",1.3332566022872925,1.3065805435180664,1.355316162109375,0.2875097393989563,-0.1555091455578804,73.45290679931641,5.104124921560287,-1.4459998373893317,-0.1937194401008695,32.906303948033695,0.0,0.0,-333.9128886181103,-85.2,0.0,-1.4459998373893317,-0.4819999457964439,-0.1937194401008695,-0.06457314670028984,32.906303948033695,10.968767982677898,0.0,0.0,0.0,0.0,-333.9128886181103,-111.30429620603677,-85.2,0,1226,0,41,116639,17861,3470,50362,41607,8368,0,66277,0,0,0,0,0,41,0.0,0.033442088091353996,0.0,0.024343751241015052,0.0,0.0,0.0,0.0,0.0,0.0,0.0,0.0,0.0,0.0,0.0,4141.860258636735,3378.6273316799693,4129.0973596921,4444.355953093,24.90320484367487,23.061319445261564,132.85437866774834,131.2848160396298,39.63801667679829,2197.7622121008153,0.2564102564102564,0.704047456970855,0.02782055230469151,0.04096088697259008,0.02525408068986757,0.017246689251616876
368000,184,-383.0449597167969,67.86465762231168,0.0,0.0007680491551459293,0.3,10.32,1302,1,1301,0,0.0,2.84,3486,419,45,1,45,3486,0.47368421052631576,0.42208499818379946,0.0117797695262484,0.012908777969018933,0.0007686395080707148,False,paper_literal_eq15_eq20_joint_v3,paper_joint,paper_fixed_v1,paper,0.0,paper_eq9,vanilla_mappo_paper_env_v2,tanh_squashed_normal_v1,eq17_engineering_thresholds_unbounded_tail_v2,"{""d_att_max_m"":null,""h_adv_m"":5000.0,""h_att_m"":2000.0,""h_max_m"":10000.0,""h_min_m"":0.0,""high_altitude_tail"":0.1,""version"":""eq17_engineering_thresholds_unbounded_tail_v2""}",1.345732569694519,1.3208470344543457,1.3659110069274902,0.29684168100357056,-0.17688440829515456,73.16442642211913,5.132985001802444,-1.4409928519350672,-0.1924934789859527,33.382899075417306,0.0,0.0,-329.5942017854467,-85.2,0.0,-1.4409928519350672,-0.4803309506450224,-0.1924934789859527,-0.06416449299531757,33.382899075417306,11.127633025139103,0.0,0.0,0.0,0.0,-329.5942017854467,-109.86473392848224,-85.2,0,1608,0,52,118448,12727,12756,34736,29317,5662,0,87643,0,18,0,0,0,70,0.0,0.03233830845771144,0.0,0.04629203132197144,0.0,0.0,0.0,0.0,0.0,0.0,0.0,0.0,0.0,0.0,0.0,3472.0431594764623,3117.5885890270265,3413.192383504379,3734.7241002923133,25.386902652643464,24.02307373642051,148.53845935569177,158.02477619025305,-13.498507280207237,1855.648200826263,0.2037037037037037,0.7171027781305432,0.030978207759210397,0.03518029903254178,0.03781882145998241,0.019935502785107008
370000,185,-382.67201171875,68.1848232463532,0.0,0.0007645259938837921,0.3,10.54,1308,1,1307,0,0.0,2.82,3501,422,45,2,45,3501,0.45918367346938777,0.42175641488977234,0.011980627071119042,0.012853470437017995,0.0007651109410864575,False,paper_literal_eq15_eq20_joint_v3,paper_joint,paper_fixed_v1,paper,0.0,paper_eq9,vanilla_mappo_paper_env_v2,tanh_squashed_normal_v1,eq17_engineering_thresholds_unbounded_tail_v2,"{""d_att_max_m"":null,""h_adv_m"":5000.0,""h_att_m"":2000.0,""h_max_m"":10000.0,""h_min_m"":0.0,""high_altitude_tail"":0.1,""version"":""eq17_engineering_thresholds_unbounded_tail_v2""}",1.3569724559783936,1.3323378562927246,1.3773020505905151,0.30516165494918823,-0.21219247430562974,114.48171997070312,5.159029459953308,-1.4208027863533204,-0.1900517116876285,34.42463127511281,0.0,0.0,-330.88557738727906,-84.6,0.0,-1.4208027863533204,-0.4736009287844401,-0.1900517116876285,-0.06335057056254283,34.42463127511281,11.47487709170427,0.0,0.0,0.0,0.0,-330.88557738727906,-110.29519246242636,-84.6,45,1175,3,42,118540,25409,8570,63631,47068,12644,4066,61384,0,0,0,0,3,42,0.06666666666666667,0.03574468085106383,0.00037961869411169225,0.01846584212097877,6142.634315537541,4678.802299865191,5681.459791156714,7375.879069019478,35.784284448267094,41.58472587835922,107.37644194770854,107.10961766730077,191.74864926074352,4644.489043137357,0.0,3729.486444365477,3363.4025206055926,3802.26433780077,4213.98322597846,28.832929352586174,29.873199743959027,137.27071704089934,140.29548907684142,2.371614473823239,2117.708095700333,0.20454545454545456,0.7085118620184256,0.02983947119924457,0.041359773371104816,0.025495750708215296,0.0226628895184136
372000,186,-383.1695733642578,68.40624782826569,0.0,0.0007616146230007616,0.34,11.14,1313,1,1312,0,0.0,2.82,3513,425,45,2,45,3513,0.45918367346938777,0.42092020129403307,0.011934992381919756,0.012809564474807857,0.0007621951219512195,False,paper_literal_eq15_eq20_joint_v3,paper_joint,paper_fixed_v1,paper,0.0,paper_eq9,vanilla_mappo_paper_env_v2,tanh_squashed_normal_v1,eq17_engineering_thresholds_unbounded_tail_v2,"{""d_att_max_m"":null,""h_adv_m"":5000.0,""h_att_m"":2000.0,""h_max_m"":10000.0,""h_min_m"":0.0,""high_altitude_tail"":0.1,""version"":""eq17_engineering_thresholds_unbounded_tail_v2""}",1.371260166168213,1.3416022062301636,1.391440510749817,0.31560736894607544,-0.3363064620643854,102.23591537475586,5.1889828741550446,-1.395513804951865,-0.19133368672412424,36.644380708655206,0.0,0.0,-333.62688872462013,-84.6,0.0,-1.395513804951865,-0.46517126831728833,-0.19133368672412424,-0.06377789557470807,36.644380708655206,12.214793569551736,0.0,0.0,0.0,0.0,-333.62688872462013,-111.20896290820671,-84.6,0,1582,0,45,128604,18428,3634,48292,42257,7274,0,81261,0,1,0,0,0,46,0.0,0.028445006321112517,0.0,0.03275904911786631,0.0,0.0,0.0,0.0,0.0,0.0,0.0,0.0,0.0,0.0,0.0,3821.787596349765,3461.985322470924,3886.68346507037,4122.125515742723,23.00527288808933,23.775927345282653,142.71599054527817,149.04951218097673,15.023258357226064,1819.5857644018165,0.23809523809523808,0.7160039095529702,0.035014781966001475,0.05016629711751663,0.03131929046563193,0.023558758314855877
374000,187,-381.62128662109376,66.34989983302901,0.0,0.0007593014426727411,0.3,10.98,1317,1,1316,0,0.0,2.86,3522,428,45,2,45,3522,0.45,0.4197354308187344,0.01189873417721519,0.012776831345826235,0.0007598784194528875,False,paper_literal_eq15_eq20_joint_v3,paper_joint,paper_fixed_v1,paper,0.0,paper_eq9,vanilla_mappo_paper_env_v2,tanh_squashed_normal_v1,eq17_engineering_thresholds_unbounded_tail_v2,"{""d_att_max_m"":null,""h_adv_m"":5000.0,""h_att_m"":2000.0,""h_max_m"":10000.0,""h_min_m"":0.0,""high_altitude_tail"":0.1,""version"":""eq17_engineering_thresholds_unbounded_tail_v2""}",1.3814443349838257,1.3484009504318237,1.4040570259094238,0.32297903299331665,-0.3175028059631586,83.94494323730468,5.215076994895935,-1.39928214800422,-0.19182630511735416,35.989297414197424,0.0,0.0,-330.21928240399575,-85.8,0.0,-1.39928214800422,-0.4664273826680733,-0.19182630511735416,-0.06394210170578472,35.989297414197424,11.99643247139914,0.0,0.0,0.0,0.0,-330.21928240399575,-110.07309413466525,-85.8,54,1414,2,45,133393,18895,9687,64271,46723,8294,2752,71874,0,4,0,0,2,49,0.037037037037037035,0.03182461103253183,0.00040481884356750354,0.022000591246440854,4774.34861774304,4128.414350234347,4774.34861774304,5420.282885251734,42.49836120910497,42.49836120910497,155.44467985503394,155.44467985503394,-57.92987208967788,1197.5271273073267,0.0,4200.368320705175,3548.4151467995516,3918.0805798040765,4831.631069932662,22.48540731672857,21.13027924934251,139.8308701507178,145.43584494580176,9.634297674322704,1778.9274529984493,0.2553191489361702,0.720403813496199,0.038248483249802165,0.0540754418359272,0.03191769981535215,0.028752308098127143
376000,188,-381.0348864746094,69.74607270366609,0.0,0.0007564296520423601,0.28,11.04,1322,1,1321,0,0.0,2.88,3532,433,46,2,46,3532,0.46,0.41878112402181644,0.01210592686002522,0.013023782559456399,0.000757002271006813,False,paper_literal_eq15_eq20_joint_v3,paper_joint,paper_fixed_v1,paper,0.0,paper_eq9,vanilla_mappo_paper_env_v2,tanh_squashed_normal_v1,eq17_engineering_thresholds_unbounded_tail_v2,"{""d_att_max_m"":null,""h_adv_m"":5000.0,""h_att_m"":2000.0,""h_max_m"":10000.0,""h_min_m"":0.0,""high_altitude_tail"":0.1,""version"":""eq17_engineering_thresholds_unbounded_tail_v2""}",1.4028277397155762,1.3666812181472778,1.4216885566711426,0.3383224606513977,-0.11667641792446375,97.4172378540039,5.248399120569229,-1.40903676164714,-0.18990935958513094,36.30464103217279,0.0,0.0,-329.340389615247,-86.4,0.0,-1.40903676164714,-0.46967892054904664,-0.18990935958513094,-0.06330311986171032,36.30464103217279,12.101547010724262,0.0,0.0,0.0,0.0,-329.340389615247,-109.780129871749,-86.4,0,1338,0,43,108442,14577,6512,41134,26259,12767,953,68261,0,0,0,0,0,43,0.0,0.032137518684603884,0.0,0.032527835853551804,0.0,0.0,0.0,0.0,0.0,0.0,0.0,0.0,0.0,0.0,0.5,4036.0320499699465,3319.868106022457,3927.4668066815766,4423.821459492739,31.496300400540044,32.630623150558755,144.87934356339423,153.82571625172915,0.41021117890663694,2040.0997289369782,0.15555555555555556,0.7167821219753554,0.035506778566817304,0.05326016785022595,0.02711426726920594,0.026145900581020013
378000,189,-375.51029113769533,64.5777679393792,0.0,0.0007535795026375283,0.24,10.82,1327,1,1326,0,0.0,2.9,3543,437,46,2,46,3543,0.45544554455445546,0.4170197740112994,0.012060301507537688,0.012983347445667513,0.0007541478129713424,False,paper_literal_eq15_eq20_joint_v3,paper_joint,paper_fixed_v1,paper,0.0,paper_eq9,vanilla_mappo_paper_env_v2,tanh_squashed_normal_v1,eq17_engineering_thresholds_unbounded_tail_v2,"{""d_att_max_m"":null,""h_adv_m"":5000.0,""h_att_m"":2000.0,""h_max_m"":10000.0,""h_min_m"":0.0,""high_altitude_tail"":0.1,""version"":""eq17_engineering_thresholds_unbounded_tail_v2""}",1.4138336181640625,1.374465823173523,1.4354685544967651,0.3461085259914398,-0.3267843810841441,124.91511459350586,5.284579241275788,-1.4442062723547542,-0.19179048323498765,34.898389424656465,0.0,0.0,-321.77247073682776,-87.0,0.0,-1.4442062723547542,-0.4814020907849181,-0.19179048323498765,-0.06393016107832922,34.898389424656465,11.632796474885488,0.0,0.0,0.0,0.0,-321.77247073682776,-107.25749024560925,-87.0,15,2141,1,62,161942,21627,7887,66144,59683,5885,389,96187,0,1,0,0,1,63,0.06666666666666667,0.028958430639887903,9.262575489990244e-05,0.032368771165940974,4525.471658518038,4525.471658518038,4525.471658518038,4525.471658518038,42.74423903385939,42.74423903385939,113.70841906440046,113.70841906440046,57.96909185943709,3218.9458260628016,0.0,3937.2023516090603,3369.9165604499676,3719.545632449217,4433.836531374404,26.2880433851788,27.488214783327376,135.90590079299423,139.06345703864292,14.67960635096334,1757.1606427016557,0.25862068965517243,0.7273977713696738,0.04153755348974472,0.06418769366976539,0.029216467463479414,0.031208499335989376
380000,190,-377.28220520019534,66.56638220115171,0.0,0.0007524454477050414,0.24,10.46,1329,1,1328,0,0.0,2.9,3548,438,46,2,46,3548,0.45544554455445546,0.41506785212915304,0.012042147516307075,0.012965050732807215,0.0007530120481927711,False,paper_literal_eq15_eq20_joint_v3,paper_joint,paper_fixed_v1,paper,0.0,paper_eq9,vanilla_mappo_paper_env_v2,tanh_squashed_normal_v1,eq17_engineering_thresholds_unbounded_tail_v2,"{""d_att_max_m"":null,""h_adv_m"":5000.0,""h_att_m"":2000.0,""h_max_m"":10000.0,""h_min_m"":0.0,""high_altitude_tail"":0.1,""version"":""eq17_engineering_thresholds_unbounded_tail_v2""}",1.4251182079315186,1.3848477602005005,1.4473447799682617,0.35405248403549194,-0.33259784132242204,56.8053539276123,5.307571864128112,-1.4021838778915683,-0.1871157147237053,33.52262287270388,0.0,0.0,-322.2153264809678,-87.0,0.0,-1.4021838778915683,-0.4673946259638561,-0.1871157147237053,-0.062371904907901767,33.52262287270388,11.174207624234626,0.0,0.0,0.0,0.0,-322.2153264809678,-107.40510882698926,-87.0,0,1285,0,52,105104,11196,19700,33709,24843,8350,136,83149,0,2,0,0,0,54,0.0,0.04046692607003891,0.0,0.03812038328042956,0.0,0.0,0.0,0.0,0.0,0.0,0.0,0.0,0.0,0.0,1.0,4231.449257840726,3558.7723709488673,3974.723423417584,5023.612249777801,18.822791137840927,15.494106484930587,148.4930786069716,160.06599255062798,5.41887947977041,1734.3406500640804,0.1346153846153846,0.7239325517606695,0.04073075771188979,0.05121293800539083,0.041928721174004195,0.029050613956274333
382000,191,-382.66772033691404,66.30213504082971,0.0,0.000749063670411985,0.16,10.9,1335,1,1334,0,0.0,2.94,3565,439,47,2,47,3565,0.46534653465346537,0.4150657818139481,0.012237762237762238,0.013183730715287518,0.0007496251874062968,False,paper_literal_eq15_eq20_joint_v3,paper_joint,paper_fixed_v1,paper,0.0,paper_eq9,vanilla_mappo_paper_env_v2,tanh_squashed_normal_v1,eq17_engineering_thresholds_unbounded_tail_v2,"{""d_att_max_m"":null,""h_adv_m"":5000.0,""h_att_m"":2000.0,""h_max_m"":10000.0,""h_min_m"":0.0,""high_altitude_tail"":0.1,""version"":""eq17_engineering_thresholds_unbounded_tail_v2""}",1.4398012161254883,1.3974182605743408,1.4661608934402466,0.3642820715904236,-0.3360100107267499,128.42268447875978,5.3344978332519535,-1.3483503766104596,-0.18171770807635076,34.49757123746504,0.0,0.0,-327.4350098523989,-88.2,0.0,-1.3483503766104596,-0.4494501255368199,-0.18171770807635076,-0.060572569358783586,34.49757123746504,11.499190412488346,0.0,0.0,0.0,0.0,-327.4350098523989,-109.14500328413295,-88.2,0,942,0,41,113226,21621,7764,50897,45859,4006,0,71700,0,0,0,0,0,41,0.0,0.0435244161358811,0.0,0.018507967070750732,0.0,0.0,0.0,0.0,0.0,0.0,0.0,0.0,0.0,0.0,0.0,4159.214727469605,3479.0367443740415,3995.906067622435,4479.2930791774,23.595738113243005,20.534430510717772,133.00803014774542,136.72336778635804,17.865199753339773,2052.2625101150434,0.2682926829268293,0.7279674776184477,0.0461434501399749,0.06313350709527947,0.042282073559223865,0.03301476976542137
384000,192,-385.04389221191406,68.4897332201902,0.0,0.0007473841554559044,0.16,10.54,1338,1,1337,0,0.0,2.94,3572,441,47,2,47,3572,0.46534653465346537,0.41270941652224147,0.01221031647146773,0.013157894736842105,0.0007479431563201197,False,paper_literal_eq15_eq20_joint_v3,paper_joint,paper_fixed_v1,paper,0.0,paper_eq9,vanilla_mappo_paper_env_v2,tanh_squashed_normal_v1,eq17_engineering_thresholds_unbounded_tail_v2,"{""d_att_max_m"":null,""h_adv_m"":5000.0,""h_att_m"":2000.0,""h_max_m"":10000.0,""h_min_m"":0.0,""high_altitude_tail"":0.1,""version"":""eq17_engineering_thresholds_unbounded_tail_v2""}",1.4494245052337646,1.4117072820663452,1.472190022468567,0.37099334597587585,-0.3253357958048582,61.67080459594727,5.360418289899826,-1.3733427827815998,-0.1847700155276864,33.477550497845385,0.0,0.0,-328.7631230674286,-88.2,0.0,-1.3733427827815998,-0.4577809275938666,-0.1847700155276864,-0.06159000517589547,33.477550497845385,11.159183499281795,0.0,0.0,0.0,0.0,-328.7631230674286,-109.58770768914286,-88.2,0,1892,0,66,153931,14988,16409,50082,37834,9398,0,105227,0,8,0,0,0,74,0.0,0.03488372093023256,0.0,0.037778044007827166,0.0,0.0,0.0,0.0,0.0,0.0,0.0,0.0,0.0,0.0,0.0,3872.18309092995,3151.0769726500985,3698.012907297857,4326.357011423559,23.505982799566425,22.910191008116087,149.3259493368993,160.5391507360642,-14.353112273178207,1558.000717101602,0.15625,0.7403399544634628,0.05412907702984039,0.07610455702058755,0.04603284755956512,0.040249826509368494
386000,193,-382.4305029296875,63.32551832886213,0.0,0.0007446016381236039,0.14,10.94,1343,1,1342,0,0.0,2.94,3583,445,47,2,47,3583,0.46534653465346537,0.41169711593703323,0.012164846077457795,0.013117499302260676,0.0007451564828614009,False,paper_literal_eq15_eq20_joint_v3,paper_joint,paper_fixed_v1,paper,0.0,paper_eq9,vanilla_mappo_paper_env_v2,tanh_squashed_normal_v1,eq17_engineering_thresholds_unbounded_tail_v2,"{""d_att_max_m"":null,""h_adv_m"":5000.0,""h_att_m"":2000.0,""h_max_m"":10000.0,""h_min_m"":0.0,""high_altitude_tail"":0.1,""version"":""eq17_engineering_thresholds_unbounded_tail_v2""}",1.463939905166626,1.427660584449768,1.4821630716323853,0.38097652792930603,-0.20823793299496174,90.91787948608399,5.384511858224869,-1.3547565173967628,-0.18360228981024182,35.39855941365073,0.0,0.0,-328.09048317325863,-88.2,0.0,-1.3547565173967628,-0.4515855057989209,-0.18360228981024182,-0.06120076327008061,35.39855941365073,11.799519804550243,0.0,0.0,0.0,0.0,-328.09048317325863,-109.3634943910862,-88.2,0,1210,0,48,126514,21916,10857,48224,41114,5970,0,84281,0,0,0,0,0,48,0.0,0.03966942148760331,0.0,0.02509124087591241,0.0,0.0,0.0,0.0,0.0,0.0,0.0,0.0,0.0,0.0,0.0,4308.00088499255,3742.549937272363,4259.397292000178,4852.235518307591,23.67062509937712,23.763060932671983,129.37840833227602,129.14224984807822,25.12931568637768,1990.1649611774471,0.2391304347826087,0.7379902350542047,0.05069331892670628,0.07428417071853052,0.041869259859535386,0.035926526202052944
388000,194,-385.44494873046875,62.29833760019384,0.0,0.0007423904974016332,0.18,11.64,1347,1,1346,0,0.0,2.94,3595,445,47,2,47,3595,0.44761904761904764,0.4107632541133455,0.012128712871287129,0.013073713490959666,0.0007429420505200594,False,paper_literal_eq15_eq20_joint_v3,paper_joint,paper_fixed_v1,paper,0.0,paper_eq9,vanilla_mappo_paper_env_v2,tanh_squashed_normal_v1,eq17_engineering_thresholds_unbounded_tail_v2,"{""d_att_max_m"":null,""h_adv_m"":5000.0,""h_att_m"":2000.0,""h_max_m"":10000.0,""h_min_m"":0.0,""high_altitude_tail"":0.1,""version"":""eq17_engineering_thresholds_unbounded_tail_v2""}",1.4741382598876953,1.4377824068069458,1.4929118156433105,0.38792023062705994,-0.3074613269418478,69.9582534790039,5.411272746324539,-1.2976318823386799,-0.17908563157559196,39.05223739691096,0.0,0.0,-334.82024460795134,-88.2,0.0,-1.2976318823386799,-0.43254396077956,-0.17908563157559196,-0.05969521052519732,39.05223739691096,13.017412465636987,0.0,0.0,0.0,0.0,-334.82024460795134,-111.60674820265045,-88.2,76,1265,4,49,132316,16436,13089,45606,31551,9234,4974,93830,0,0,0,0,4,49,0.05263157894736842,0.03873517786561265,0.0005743825387708214,0.02773757838880849,8350.447053862423,7613.055829938596,9222.626012868182,9960.017236792011,32.67512917431987,32.726924992754675,113.90540690949138,107.93544994114043,116.59396085291903,3950.402777275496,0.0,4374.314175091425,3626.665330591809,4340.766009796866,5275.208373775266,23.396383697423136,23.632737292878474,143.4600225593048,154.4096891266209,2.5089540886585873,1693.863807884326,0.19230769230769232,0.7408631021864687,0.055983564458140726,0.08885464817668208,0.03980482794042116,0.039291217257318954
390000,195,-389.4943133544922,68.86124653508239,0.0,0.0007396449704142012,0.22,11.56,1352,1,1351,0,0.0,2.94,3608,447,47,2,47,3608,0.44339622641509435,0.4105598543468366,0.012083847102342787,0.013026607538802661,0.0007401924500370096,False,paper_literal_eq15_eq20_joint_v3,paper_joint,paper_fixed_v1,paper,0.0,paper_eq9,vanilla_mappo_paper_env_v2,tanh_squashed_normal_v1,eq17_engineering_thresholds_unbounded_tail_v2,"{""d_att_max_m"":null,""h_adv_m"":5000.0,""h_att_m"":2000.0,""h_max_m"":10000.0,""h_min_m"":0.0,""high_altitude_tail"":0.1,""version"":""eq17_engineering_thresholds_unbounded_tail_v2""}",1.4868924617767334,1.452701210975647,1.5043156147003174,0.3965550661087036,-0.3545726565644145,97.15684356689454,5.433968651294708,-1.2965664009492202,-0.17607466651682774,38.99931576940889,0.0,0.0,-338.8207803123412,-88.2,0.0,-1.2965664009492202,-0.4321888003164067,-0.17607466651682774,-0.05869155550560925,38.99931576940889,12.999771923136295,0.0,0.0,0.0,0.0,-338.8207803123412,-112.94026010411373,-88.2,23,1152,1,36,112265,19080,9001,52163,39664,6603,1559,65539,15,0,0,0,16,36,0.043478260869565216,0.03125,0.00020487240012470495,0.022084619366217435,8500.48718941485,8500.48718941485,8500.48718941485,8500.48718941485,40.63539746327151,40.63539746327151,105.8888823258963,105.8888823258963,177.00034090687754,4734.747086494037,0.0,4095.228677929246,3273.331443013087,3672.4248440742876,4732.54598192264,27.784190317297433,26.9181891207403,136.68565442739566,134.30924943743582,5.707449287838546,1955.0212119323232,0.34146341463414637,0.7403558776738396,0.05125100887812752,0.06840193704600485,0.048426150121065374,0.036924939467312345
392000,196,-391.4874694824219,68.28883926807622,0.0,0.0007363770250368188,0.22,10.92,1358,1,1357,0,0.0,2.96,3618,455,47,2,47,3618,0.44339622641509435,0.4092760180995475,0.012030444389884607,0.012990602542841349,0.0007369196757553427,False,paper_literal_eq15_eq20_joint_v3,paper_joint,paper_fixed_v1,paper,0.0,paper_eq9,vanilla_mappo_paper_env_v2,tanh_squashed_normal_v1,eq17_engineering_thresholds_unbounded_tail_v2,"{""d_att_max_m"":null,""h_adv_m"":5000.0,""h_att_m"":2000.0,""h_max_m"":10000.0,""h_min_m"":0.0,""high_altitude_tail"":0.1,""version"":""eq17_engineering_thresholds_unbounded_tail_v2""}",1.4991631507873535,1.4688891172409058,1.5193768739700317,0.4048006236553192,-0.30204252656549213,101.56535339355469,5.458937466144562,-1.3189530614892737,-0.17598293492801304,36.6989977322377,0.0,-5.2305674668557954e-05,-337.8913307707011,-88.8,0.0,-1.3189530614892737,-0.43965102049642457,-0.17598293492801304,-0.058660978309337676,36.6989977322377,12.232999244079233,0.0,0.0,-5.2305674668557954e-05,-1.7435224889519318e-05,-337.8913307707011,-112.6304435902337,-88.8,0,1480,0,52,154120,28381,12150,79604,65199,7627,0,75703,0,0,0,0,0,52,0.0,0.03513513513513514,0.0,0.018592030551228583,0.0,0.0,0.0,0.0,0.0,0.0,0.0,0.0,0.0,0.0,0.0,3991.952107374585,3338.405530860243,3893.773013009004,4350.223144208471,24.201500747072906,23.356175182966126,141.19620615366318,152.03812997782825,-0.39973078767997944,1959.2508848525526,0.17391304347826086,0.7413444623388341,0.058291533667730655,0.0898312813497492,0.04354765161878705,0.04149566803465572
394000,197,-392.61004638671875,68.15189170636022,0.0,0.0007358351729212656,0.2,10.86,1359,1,1358,0,0.0,2.96,3620,456,47,2,47,3620,0.44339622641509435,0.4067415730337079,0.012021589793915604,0.012983425414364641,0.0007363770250368188,False,paper_literal_eq15_eq20_joint_v3,paper_joint,paper_fixed_v1,paper,0.0,paper_eq9,vanilla_mappo_paper_env_v2,tanh_squashed_normal_v1,eq17_engineering_thresholds_unbounded_tail_v2,"{""d_att_max_m"":null,""h_adv_m"":5000.0,""h_att_m"":2000.0,""h_max_m"":10000.0,""h_min_m"":0.0,""high_altitude_tail"":0.1,""version"":""eq17_engineering_thresholds_unbounded_tail_v2""}",1.5191991329193115,1.4905760288238525,1.5351366996765137,0.41809365153312683,-0.17007672060281037,37.21422805786133,5.490557312965393,-1.3041486651985033,-0.17435300844573137,36.28242316315668,0.0,-5.2305674668557954e-05,-338.613773297415,-88.8,0.0,-1.3041486651985033,-0.4347162217328344,-0.17435300844573137,-0.05811766948191046,36.28242316315668,12.09414105438556,0.0,0.0,-5.2305674668557954e-05,-1.7435224889519318e-05,-338.613773297415,-112.871257765805,-88.8,0,1549,0,60,131257,5209,16280,29793,16099,10537,0,103878,0,15,0,0,0,75,0.0,0.03873466752743705,0.0,0.05199207867619911,0.0,0.0,0.0,0.0,0.0,0.0,0.0,0.0,0.0,0.0,0.0,4186.784405628629,3139.1107156943635,3854.440696067453,4713.223703035654,23.356143572694407,22.709973088119185,141.59223214230144,148.4864228203416,-4.265993119025809,1847.391858471003,0.06779661016949153,0.7347811081325183,0.054509592971131435,0.07907477138246369,0.0392684238838085,0.04518558364712211
396000,198,-396.0094873046875,67.7258998370927,0.0,0.0007320644216691069,0.2,11.62,1366,1,1365,0,0.0,2.92,3636,461,49,2,49,3636,0.44545454545454544,0.4066659210379152,0.012448132780082987,0.013476347634763476,0.0007326007326007326,False,paper_literal_eq15_eq20_joint_v3,paper_joint,paper_fixed_v1,paper,0.0,paper_eq9,vanilla_mappo_paper_env_v2,tanh_squashed_normal_v1,eq17_engineering_thresholds_unbounded_tail_v2,"{""d_att_max_m"":null,""h_adv_m"":5000.0,""h_att_m"":2000.0,""h_max_m"":10000.0,""h_min_m"":0.0,""high_altitude_tail"":0.1,""version"":""eq17_engineering_thresholds_unbounded_tail_v2""}",1.531611680984497,1.5026322603225708,1.5465046167373657,0.4262305200099945,-0.3581534242257476,122.40641021728516,5.524522203207016,-1.2497360219964648,-0.17097266372318315,40.149507471241826,0.0,-5.2305674668557954e-05,-347.1380795379493,-87.6,0.0,-1.2497360219964648,-0.4165786739988216,-0.17097266372318315,-0.056990887907727716,40.149507471241826,13.383169157080609,0.0,0.0,-5.2305674668557954e-05,-1.7435224889519318e-05,-347.1380795379493,-115.71269317931643,-87.6,60,858,4,41,116255,25293,18608,61987,46498,9800,6512,67015,0,5,0,0,4,46,0.06666666666666667,0.047785547785547784,0.0005161068341146618,0.013841611950892929,7362.674867097032,7083.477171671035,7449.038859178041,7728.236554604038,42.92739594965052,43.37291033968745,128.20274002934275,128.93778795178403,66.26467384896787,3219.5331721121256,0.75,3690.1692996986462,3368.0973653654255,3734.8542961472835,4220.724688972367,32.540953273922895,34.103973639714205,131.9509355733345,133.74364097758004,23.292613246710626,2424.8118587882145,0.2608695652173913,0.7479706285352951,0.06330608537693007,0.09754768392370572,0.05013623978201635,0.04223433242506812
398000,199,-391.82854064941404,65.17448211040598,0.0,0.0007304601899196494,0.2,11.44,1369,1,1368,0,0.0,2.92,3641,465,50,2,50,3641,0.45045045045045046,0.40464547677261614,0.012664393570384803,0.013732491073880802,0.0007309941520467836,False,paper_literal_eq15_eq20_joint_v3,paper_joint,paper_fixed_v1,paper,0.0,paper_eq9,vanilla_mappo_paper_env_v2,tanh_squashed_normal_v1,eq17_engineering_thresholds_unbounded_tail_v2,"{""d_att_max_m"":null,""h_adv_m"":5000.0,""h_att_m"":2000.0,""h_max_m"":10000.0,""h_min_m"":0.0,""high_altitude_tail"":0.1,""version"":""eq17_engineering_thresholds_unbounded_tail_v2""}",1.5403398275375366,1.5163216590881348,1.5563924312591553,0.43193966150283813,-0.40521266106516124,52.96351852416992,5.544632834196091,-1.271927797435308,-0.1724213853841152,39.83336669280903,0.0,-5.2305674668557954e-05,-342.61737333085944,-87.6,0.0,-1.271927797435308,-0.423975932478436,-0.1724213853841152,-0.0574737951280384,39.83336669280903,13.27778889760301,0.0,0.0,-5.2305674668557954e-05,-1.7435224889519318e-05,-342.61737333085944,-114.20579111028648,-87.6,15,1907,1,57,148561,17554,10186,63286,47533,10039,51,85326,0,1,0,0,1,58,0.06666666666666667,0.029889879391714735,0.00010096862568237963,0.030133046803400437,4710.968704203662,4710.968704203662,4710.968704203662,4710.968704203662,43.70469269722198,43.70469269722198,145.1212967479965,145.1212967479965,5.867878868844677,3258.273850395263,0.0,3599.5762034914333,3178.5234515012417,3587.228507407142,3998.351559355647,25.32605013668305,25.484714496166287,146.01561944669925,156.06446737372227,-1.311865737239604,1838.3846375724725,0.1509433962264151,0.7492937067324451,0.06185238322971465,0.0746054519368723,0.06025824964131994,0.050693448110951694
400000,200,-392.6051483154297,64.78327035817931,0.0,0.00072992700729927,0.2,11.36,1370,1,1369,0,0.0,2.92,3643,466,50,2,50,3643,0.43859649122807015,0.4023191606847046,0.012655147237770748,0.01372495196266813,0.0007304601899196494,False,paper_literal_eq15_eq20_joint_v3,paper_joint,paper_fixed_v1,paper,0.0,paper_eq9,vanilla_mappo_paper_env_v2,tanh_squashed_normal_v1,eq17_engineering_thresholds_unbounded_tail_v2,"{""d_att_max_m"":null,""h_adv_m"":5000.0,""h_att_m"":2000.0,""h_max_m"":10000.0,""h_min_m"":0.0,""high_altitude_tail"":0.1,""version"":""eq17_engineering_thresholds_unbounded_tail_v2""}",1.5563268661499023,1.5341908931732178,1.5739543437957764,0.44227179884910583,-0.21403475534170865,34.374527549743654,5.5677837371826175,-1.2837169529457177,-0.17250011278657928,39.43550071532164,0.0,-5.2305674668557954e-05,-342.98425317422925,-87.6,0.0,-1.2837169529457177,-0.4279056509819059,-0.17250011278657928,-0.05750003759552643,39.43550071532164,13.145166905107212,0.0,0.0,-5.2305674668557954e-05,-1.7435224889519318e-05,-342.98425317422925,-114.32808439140975,-87.6,45,1490,3,57,118020,6357,21713,32689,12420,11761,6134,96037,0,1,0,0,3,58,0.06666666666666667,0.03825503355704698,0.0003812913065582105,0.04558108232127015,6442.957446430107,5438.823541486721,8403.70484494056,8427.465050628718,29.787605173311324,25.277580390872927,119.66017350643436,119.38750675421873,96.62103575993399,4845.847770731507,0.0,4701.808304968659,3417.2447403781175,4407.418180013729,5599.699648904255,22.924284279121654,22.34582461841629,153.0565301326016,158.65013945395728,-27.86541913983567,1908.6171062848068,0.08196721311475409,0.7432519387466043,0.059738816337871634,0.08974715198666296,0.047513198110586276,0.041956098916365654
402000,201,-403.68825866699217,64.53039182235213,0.0,0.000727802037845706,0.22,12.12,1374,1,1373,0,0.0,2.92,3651,470,50,2,50,3651,0.43478260869565216,0.4018269865727493,0.012618296529968454,0.013694878115584772,0.0007283321194464676,False,paper_literal_eq15_eq20_joint_v3,paper_joint,paper_fixed_v1,paper,0.0,paper_eq9,vanilla_mappo_paper_env_v2,tanh_squashed_normal_v1,eq17_engineering_thresholds_unbounded_tail_v2,"{""d_att_max_m"":null,""h_adv_m"":5000.0,""h_att_m"":2000.0,""h_max_m"":10000.0,""h_min_m"":0.0,""high_altitude_tail"":0.1,""version"":""eq17_engineering_thresholds_unbounded_tail_v2""}",1.5769679546356201,1.550208330154419,1.5963796377182007,0.4554266631603241,-0.2767246562987566,99.4013656616211,5.603794032335282,-1.2807757053404731,-0.17581258643206182,41.86590979048142,0.0,-5.2305674668557954e-05,-356.49742058147064,-87.6,0.0,-1.2807757053404731,-0.42692523511349106,-0.17581258643206182,-0.05860419547735394,41.86590979048142,13.955303263493805,0.0,0.0,-5.2305674668557954e-05,-1.7435224889519318e-05,-356.49742058147064,-118.83247352715688,-87.6,15,1061,1,31,90550,15900,10928,33850,27078,8760,1008,61300,0,0,0,0,1,31,0.06666666666666667,0.029217719132893498,0.00016565433462175595,0.03134416543574594,588.3887559705003,588.3887559705003,588.3887559705003,588.3887559705003,39.48782438391111,39.48782438391111,95.65462703995948,95.65462703995948,230.99451433388654,456.1456264552198,0.0,4908.239458483511,3127.854643292537,3930.289579529002,6638.8003584837315,18.014688196211438,12.087069550021454,139.1416957972739,135.2066366322321,17.649342426376148,1529.2405376457746,0.21212121212121213,0.7454253694777774,0.06344086021505377,0.09283154121863799,0.053405017921146956,0.04408602150537634
404000,202,-409.5318951416016,71.4533726844284,0.0,0.0007262164124909223,0.3,12.76,1377,1,1376,0,0.0,2.92,3658,472,50,2,50,3658,0.43478260869565216,0.40092064883822887,0.012590799031476998,0.01366867140513942,0.0007267441860465116,False,paper_literal_eq15_eq20_joint_v3,paper_joint,paper_fixed_v1,paper,0.0,paper_eq9,vanilla_mappo_paper_env_v2,tanh_squashed_normal_v1,eq17_engineering_thresholds_unbounded_tail_v2,"{""d_att_max_m"":null,""h_adv_m"":5000.0,""h_att_m"":2000.0,""h_max_m"":10000.0,""h_min_m"":0.0,""high_altitude_tail"":0.1,""version"":""eq17_engineering_thresholds_unbounded_tail_v2""}",1.597588300704956,1.5624107122421265,1.6221020221710205,0.468366801738739,-0.16178771816194057,70.39606018066407,5.641899675130844,-1.31703255426369,-0.1777210626845018,44.95228913525547,0.0,-5.2305674668557954e-05,-365.3892914980196,-87.6,0.0,-1.31703255426369,-0.43901085142123003,-0.1777210626845018,-0.059240354228167265,44.95228913525547,14.98409637841849,0.0,0.0,-5.2305674668557954e-05,-1.7435224889519318e-05,-365.3892914980196,-121.79643049933986,-87.6,0,1423,0,38,108159,11900,4590,40654,32747,6592,0,67505,0,4,0,0,0,42,0.0,0.026704146170063246,0.0,0.03500270576081074,0.0,0.0,0.0,0.0,0.0,0.0,0.0,0.0,0.0,0.0,0.0,3980.9316152358515,3287.767937372072,3815.34490095616,4271.8580593422885,21.538032142124887,19.165037451719066,138.1383340551895,144.46003412197163,3.787158436206552,1923.1316404348997,0.1891891891891892,0.7458133946995074,0.061039104907499725,0.07976071784646062,0.05782652043868395,0.0455300764373546
406000,203,-404.2696929931641,69.93885173796325,0.0,0.000723589001447178,0.28,11.9,1382,1,1381,0,0.0,2.94,3668,477,50,2,50,3668,0.43478260869565216,0.4001745581496836,0.012545235223160435,0.013631406761177753,0.000724112961622013,False,paper_literal_eq15_eq20_joint_v3,paper_joint,paper_fixed_v1,paper,0.0,paper_eq9,vanilla_mappo_paper_env_v2,tanh_squashed_normal_v1,eq17_engineering_thresholds_unbounded_tail_v2,"{""d_att_max_m"":null,""h_adv_m"":5000.0,""h_att_m"":2000.0,""h_max_m"":10000.0,""h_min_m"":0.0,""high_altitude_tail"":0.1,""version"":""eq17_engineering_thresholds_unbounded_tail_v2""}",1.6133774518966675,1.5776413679122925,1.638625144958496,0.4781993329524994,-0.21928469222038985,74.77092971801758,5.677112591266632,-1.3648093572774664,-0.18269960104218136,41.64620727059511,0.0,-5.2305674668557954e-05,-356.16825595529326,-88.2,0.0,-1.3648093572774664,-0.45493645242582215,-0.18269960104218136,-0.06089986701406045,41.64620727059511,13.882069090198371,0.0,0.0,-5.2305674668557954e-05,-1.7435224889519318e-05,-356.16825595529326,-118.72275198509776,-88.2,0,1125,0,42,138835,22126,10230,70485,57601,8771,0,68350,0,7,0,0,0,49,0.0,0.037333333333333336,0.0,0.015960842732496275,0.0,0.0,0.0,0.0,0.0,0.0,0.0,0.0,0.0,0.0,0.0,3778.4873369210254,3011.7515375674984,3492.416740250188,3972.73337782116,28.848257181823545,28.394647711434928,132.46800844531276,131.54711978835806,7.687987833517995,1934.0176473894514,0.1891891891891892,0.7558982603905898,0.0753773178094006,0.10478654592496765,0.06649417852522639,0.05485122897800776
408000,204,-399.24072204589845,75.10191419028928,0.0,0.0007204610951008645,0.34,11.7,1388,1,1387,0,0.0,2.94,3676,487,50,2,50,3676,0.4166666666666667,0.3989148128052089,0.012490992073024261,0.013601741022850925,0.0007209805335255948,False,paper_literal_eq15_eq20_joint_v3,paper_joint,paper_fixed_v1,paper,0.0,paper_eq9,vanilla_mappo_paper_env_v2,tanh_squashed_normal_v1,eq17_engineering_thresholds_unbounded_tail_v2,"{""d_att_max_m"":null,""h_adv_m"":5000.0,""h_att_m"":2000.0,""h_max_m"":10000.0,""h_min_m"":0.0,""high_altitude_tail"":0.1,""version"":""eq17_engineering_thresholds_unbounded_tail_v2""}",1.629441261291504,1.595359206199646,1.657522201538086,0.48811203241348267,-0.26310180593281984,112.68098831176758,5.70657297372818,-1.3921176851899602,-0.18500157358357935,41.810322180845304,0.0,-5.2305674668557954e-05,-351.2737770332908,-88.2,0.0,-1.3921176851899602,-0.4640392283966534,-0.18500157358357935,-0.061667191194526454,41.810322180845304,13.936774060281769,0.0,0.0,-5.2305674668557954e-05,-1.7435224889519318e-05,-351.2737770332908,-117.09125901109694,-88.2,220,1547,5,49,143311,24862,15444,70512,51297,9513,5151,78164,45,17,0,0,50,66,0.022727272727272728,0.03167420814479638,0.0015351229145006316,0.02193952802359882,6255.604673972887,5043.370276634951,5293.188218593145,8916.153538042478,37.073455924932325,42.214953139706495,138.14214846758478,123.33224151028223,62.998406446041145,3067.850990293814,0.4,4211.6294333773185,3607.0316126724683,4097.163516344335,4650.994643686758,24.203423786191635,23.282784988888892,140.00022924293515,139.9470423905236,10.695126718749936,2107.4299873996333,0.1836734693877551,0.7562130315227493,0.07894947553847385,0.1258707662743214,0.05765073264472736,0.05332692769637281
410000,205,-394.1893646240234,78.94782013245141,0.0,0.0007183908045977011,0.38,11.64,1392,1,1391,0,0.0,2.9,3686,489,52,2,52,3686,0.4297520661157025,0.39809914677610975,0.012934131736526947,0.01410743353228432,0.0007189072609633358,False,paper_literal_eq15_eq20_joint_v3,paper_joint,paper_fixed_v1,paper,0.0,paper_eq9,vanilla_mappo_paper_env_v2,tanh_squashed_normal_v1,eq17_engineering_thresholds_unbounded_tail_v2,"{""d_att_max_m"":null,""h_adv_m"":5000.0,""h_att_m"":2000.0,""h_max_m"":10000.0,""h_min_m"":0.0,""high_altitude_tail"":0.1,""version"":""eq17_engineering_thresholds_unbounded_tail_v2""}",1.6419786214828491,1.6036733388900757,1.670944333076477,0.49575313925743103,-0.30670420322567227,77.24237899780273,5.733292198181152,-1.3901834993228983,-0.18687158562894302,41.58438699052711,0.0,-5.2305674668557954e-05,-347.1965559449391,-87.0,0.0,-1.3901834993228983,-0.4633944997742994,-0.18687158562894302,-0.062290528542981005,41.58438699052711,13.861462330175703,0.0,0.0,-5.2305674668557954e-05,-1.7435224889519318e-05,-347.1965559449391,-115.7321853149797,-87.0,15,1105,1,44,124360,15884,8470,51617,41136,6504,604,73597,0,2,0,0,1,46,0.06666666666666667,0.039819004524886875,0.00012061756191701512,0.021407675765736094,2906.635003122829,2906.635003122829,2906.635003122829,2906.635003122829,40.41376992221139,40.41376992221139,115.09106739251463,115.09106739251463,148.4098389181214,1136.1170747171282,1.0,4266.13616356903,3605.8181171375204,4113.889127331182,4639.042614858273,21.67839914544093,16.009363181598804,135.99463828584916,136.00630048119217,10.927055065614349,1809.3696001755634,0.21428571428571427,0.7544646884691617,0.07446030003658982,0.10373216245883644,0.060098792535675086,0.059549945115257956
412000,206,-396.4374682617188,82.60267586283871,0.0,0.0007163323782234957,0.36,11.14,1396,1,1395,0,0.0,2.9,3694,493,52,2,52,3694,0.42276422764227645,0.3967350445709376,0.01289706233580129,0.014076881429344884,0.0007168458781362007,False,paper_literal_eq15_eq20_joint_v3,paper_joint,paper_fixed_v1,paper,0.0,paper_eq9,vanilla_mappo_paper_env_v2,tanh_squashed_normal_v1,eq17_engineering_thresholds_unbounded_tail_v2,"{""d_att_max_m"":null,""h_adv_m"":5000.0,""h_att_m"":2000.0,""h_max_m"":10000.0,""h_min_m"":0.0,""high_altitude_tail"":0.1,""version"":""eq17_engineering_thresholds_unbounded_tail_v2""}",1.65733003616333,1.620902419090271,1.6811375617980957,0.5050824880599976,-0.312252826243639,71.24723434448242,5.758037346601486,-1.4513599889447313,-0.19126802777743296,39.2472608298354,0.0,-5.2305674668557954e-05,-347.041971628617,-87.0,0.0,-1.4513599889447313,-0.4837866629815771,-0.19126802777743296,-0.06375600925914432,39.2472608298354,13.0824202766118,0.0,0.0,-5.2305674668557954e-05,-1.7435224889519318e-05,-347.041971628617,-115.68065720953899,-87.0,42,1515,2,52,124168,17069,8244,46838,34313,7422,2224,80938,0,0,0,0,2,52,0.047619047619047616,0.034323432343234324,0.00033825140132723406,0.032345531406123236,7174.964238132224,6269.280261425682,7174.964238132224,8080.648214838766,41.08237943669828,41.08237943669828,140.47905060984397,140.47905060984397,-26.24101949329524,3402.2928427902966,0.0,4231.165753327725,3640.1433650556664,4162.924184377604,4690.735437335861,26.78019426783317,28.060533592945585,142.06106574061403,149.4602615743144,-21.049684606908666,1934.3790088192775,0.12727272727272726,0.754969582902414,0.07591933570581258,0.11114152751163427,0.06022447303586093,0.05639200656994251
414000,207,-393.80895629882815,76.99714717180456,0.0,0.0007142857142857143,0.32,11.34,1400,1,1399,0,0.0,2.88,3702,497,53,2,53,3702,0.4274193548387097,0.39555508067101186,0.013098356751607526,0.01431658562938952,0.0007147962830593281,False,paper_literal_eq15_eq20_joint_v3,paper_joint,paper_fixed_v1,paper,0.0,paper_eq9,vanilla_mappo_paper_env_v2,tanh_squashed_normal_v1,eq17_engineering_thresholds_unbounded_tail_v2,"{""d_att_max_m"":null,""h_adv_m"":5000.0,""h_att_m"":2000.0,""h_max_m"":10000.0,""h_min_m"":0.0,""high_altitude_tail"":0.1,""version"":""eq17_engineering_thresholds_unbounded_tail_v2""}",1.671968698501587,1.6309670209884644,1.703954815864563,0.5138348340988159,-0.3129681138321757,59.971472549438474,5.785344034433365,-1.434624510350221,-0.19265465129669312,39.9738188819925,0.0,-5.2305674668557954e-05,-345.7553551258947,-86.4,0.0,-1.434624510350221,-0.4782081701167404,-0.19265465129669312,-0.0642182170988977,39.9738188819925,13.3246062939975,0.0,0.0,-5.2305674668557954e-05,-1.7435224889519318e-05,-345.7553551258947,-115.25178504196491,-86.4,15,1273,1,48,115889,13528,14601,36781,27167,9258,3120,89704,0,0,0,0,1,48,0.06666666666666667,0.037706205813040065,0.00012943419996721,0.03461026073244338,8945.973949528316,8945.973949528316,8945.973949528316,8945.973949528316,42.61950101335339,42.61950101335339,154.47803572476602,154.47803572476602,7.617685195981537,2991.478741528542,0.0,3691.1349573543725,2710.9741405764325,3443.6033920268906,4224.464533378928,24.773581640304684,23.622344911269273,150.5639646639011,160.81155488243468,-5.7474597642417775,1733.5229122050714,0.1956521739130435,0.7595346625690008,0.08465021717031698,0.13113390629331856,0.0568339340171888,0.06598281120044358
416000,208,-394.5055267333984,76.39732572460224,0.0,0.0007132667617689016,0.36,11.56,1402,1,1401,0,0.0,2.88,3706,499,53,2,53,3706,0.424,0.39387820172175575,0.013079667063020214,0.014301133297355639,0.0007137758743754461,False,paper_literal_eq15_eq20_joint_v3,paper_joint,paper_fixed_v1,paper,0.0,paper_eq9,vanilla_mappo_paper_env_v2,tanh_squashed_normal_v1,eq17_engineering_thresholds_unbounded_tail_v2,"{""d_att_max_m"":null,""h_adv_m"":5000.0,""h_att_m"":2000.0,""h_max_m"":10000.0,""h_min_m"":0.0,""high_altitude_tail"":0.1,""version"":""eq17_engineering_thresholds_unbounded_tail_v2""}",1.6916091442108154,1.652819275856018,1.7191622257232666,0.5255401134490967,-0.254800402931869,47.16710777282715,5.815956997871399,-1.4432890280980928,-0.19480336845058907,41.137741697595764,0.0,-5.2305674668557954e-05,-347.60501891079514,-86.4,0.0,-1.4432890280980928,-0.48109634269936424,-0.19480336845058907,-0.06493445615019636,41.137741697595764,13.712580565865254,0.0,0.0,-5.2305674668557954e-05,-1.7435224889519318e-05,-347.60501891079514,-115.86833963693171,-86.4,15,1485,1,50,120551,12349,13270,40458,34652,6859,1554,84863,0,2,0,0,1,52,0.06666666666666667,0.03367003367003367,0.00012442866504632893,0.0367047308319739,8948.485079634878,8948.485079634878,8948.485079634878,8948.485079634878,40.6539737450958,40.6539737450958,164.6670282119173,164.6670282119173,-47.435434850091525,2452.4650445208445,0.0,4368.819421132118,3517.229369219837,4061.9604938688326,4605.094401858922,25.083575881695072,26.38366410210027,147.69056940004862,155.0090350926211,-9.189852554284919,2087.588233059394,0.16666666666666666,0.7672102420996775,0.08854604955586723,0.12819074333800842,0.07068723702664796,0.0667601683029453
418000,209,-391.4155529785156,77.08513467675226,0.0,0.0007097232079489,0.38,12.22,1409,1,1408,0,0.0,2.88,3723,503,53,2,53,3723,0.424,0.3941350836332839,0.013014671083767155,0.014235831318828902,0.0007102272727272727,False,paper_literal_eq15_eq20_joint_v3,paper_joint,paper_fixed_v1,paper,0.0,paper_eq9,vanilla_mappo_paper_env_v2,tanh_squashed_normal_v1,eq17_engineering_thresholds_unbounded_tail_v2,"{""d_att_max_m"":null,""h_adv_m"":5000.0,""h_att_m"":2000.0,""h_max_m"":10000.0,""h_min_m"":0.0,""high_altitude_tail"":0.1,""version"":""eq17_engineering_thresholds_unbounded_tail_v2""}",1.7139379978179932,1.6744869947433472,1.7384538650512695,0.5386576056480408,-0.3218255998566747,120.5708740234375,5.853738629817963,-1.4307690478394488,-0.19437854079132907,43.77109033632089,0.0,0.0,-347.1613677496723,-86.4,0.0,-1.4307690478394488,-0.47692301594648295,-0.19437854079132907,-0.06479284693044303,43.77109033632089,14.590363445440296,0.0,0.0,0.0,0.0,-347.1613677496723,-115.72045591655744,-86.4,0,1202,0,37,119087,23815,5640,54693,47801,5953,0,64394,0,17,0,0,0,54,0.0,0.030782029950083195,0.0,0.021977218291189,0.0,0.0,0.0,0.0,0.0,0.0,0.0,0.0,0.0,0.0,0.0,4192.224369396385,3555.8766474546474,4053.1030581140653,4500.825500354683,27.242498378598572,27.501521928269945,125.22384625926739,120.48854055638687,27.54986355031265,2431.945844305244,0.2972972972972973,0.7658172977349499,0.08929110105580694,0.12398190045248869,0.07209653092006033,0.07179487179487179
420000,210,-390.30058532714844,76.13445953007326,0.0,0.0007077140835102619,0.34,11.58,1413,1,1412,0,0.0,2.92,3729,509,53,2,53,3729,0.424,0.39223729883243924,0.012977819726285984,0.014212925717350496,0.000708215297450425,False,paper_literal_eq15_eq20_joint_v3,paper_joint,paper_fixed_v1,paper,0.0,paper_eq9,vanilla_mappo_paper_env_v2,tanh_squashed_normal_v1,eq17_engineering_thresholds_unbounded_tail_v2,"{""d_att_max_m"":null,""h_adv_m"":5000.0,""h_att_m"":2000.0,""h_max_m"":10000.0,""h_min_m"":0.0,""high_altitude_tail"":0.1,""version"":""eq17_engineering_thresholds_unbounded_tail_v2""}",1.7257070541381836,1.6909998655319214,1.7477595806121826,0.5455325841903687,-0.30707151498645546,71.20127563476562,5.883600896596908,-1.4573174373602282,-0.19522869877987575,40.79678168345994,0.0,0.0,-341.84472267309,-87.6,0.0,-1.4573174373602282,-0.4857724791200761,-0.19522869877987575,-0.06507623292662525,40.79678168345994,13.59892722781998,0.0,0.0,0.0,0.0,-341.84472267309,-113.94824089103001,-87.6,0,2188,0,61,158228,19490,9250,66588,53278,7525,0,91640,0,0,0,0,0,61,0.0,0.027879341864716637,0.0,0.03285877335255601,0.0,0.0,0.0,0.0,0.0,0.0,0.0,0.0,0.0,0.0,0.0,4333.639859320765,3670.735215016278,4130.34876198813,4878.587064356567,24.693189785420063,24.13818371221553,147.52847193545395,160.216498531855,-21.81228848229079,1908.236274094807,0.10714285714285714,0.7711260328376709,0.09307604994324631,0.13348467650397275,0.07309875141884223,0.07264472190692395
422000,211,-390.59253845214846,78.97953846244181,0.0,0.0007057163020465773,0.42,11.58,1417,1,1416,0,0.0,2.88,3736,514,55,2,55,3736,0.4230769230769231,0.39136811229834484,0.013411764705882352,0.014721627408993576,0.0007062146892655367,False,paper_literal_eq15_eq20_joint_v3,paper_joint,paper_fixed_v1,paper,0.0,paper_eq9,vanilla_mappo_paper_env_v2,tanh_squashed_normal_v1,eq17_engineering_thresholds_unbounded_tail_v2,"{""d_att_max_m"":null,""h_adv_m"":5000.0,""h_att_m"":2000.0,""h_max_m"":10000.0,""h_min_m"":0.0,""high_altitude_tail"":0.1,""version"":""eq17_engineering_thresholds_unbounded_tail_v2""}",1.7460575103759766,1.7089958190917969,1.7666304111480713,0.5572464466094971,-0.18874255139380694,62.71867485046387,5.910572272539139,-1.4921415496191879,-0.1985360277196514,40.48277042382145,0.0,0.0,-342.9845384515647,-86.4,0.0,-1.4921415496191879,-0.4973805165397293,-0.1985360277196514,-0.06617867590655047,40.48277042382145,13.494256807940483,0.0,0.0,0.0,0.0,-342.9845384515647,-114.3281794838549,-86.4,134,1173,5,39,108138,15711,13961,43636,27258,10957,6584,71228,30,7,0,0,35,46,0.03731343283582089,0.03324808184143223,0.0012391573729863693,0.026881474012283437,6188.409729177192,5004.628719311822,6062.230503761938,7166.097119886217,40.14412871266255,41.58431978019169,125.6843349558208,117.46175064141002,102.5268229281556,2352.375462975973,0.75,4201.868296336934,3626.7559992553774,4116.000817188696,4619.035325521236,26.720690319945998,26.097193315367054,136.09867518568973,129.03831842330123,23.94604040465931,2027.1235943668464,0.1590909090909091,0.7658832204841061,0.08744186046511628,0.13581395348837208,0.05891472868217054,0.0675968992248062
424000,212,-390.4480279541016,73.62958113658054,0.0,0.0007032348804500703,0.4,11.34,1422,1,1421,0,0.0,2.88,3747,518,56,2,56,3747,0.4307692307692308,0.3907602461153405,0.013599062133645956,0.014945289564985321,0.0007037297677691766,False,paper_literal_eq15_eq20_joint_v3,paper_joint,paper_fixed_v1,paper,0.0,paper_eq9,vanilla_mappo_paper_env_v2,tanh_squashed_normal_v1,eq17_engineering_thresholds_unbounded_tail_v2,"{""d_att_max_m"":null,""h_adv_m"":5000.0,""h_att_m"":2000.0,""h_max_m"":10000.0,""h_min_m"":0.0,""high_altitude_tail"":0.1,""version"":""eq17_engineering_thresholds_unbounded_tail_v2""}",1.7564795017242432,1.7132375240325928,1.7786095142364502,0.5631586909294128,-0.41251902636140586,92.46004638671874,5.93913089632988,-1.4776808383649414,-0.19753328995485434,40.238852789646785,0.0,0.0,-342.61155040572004,-86.4,0.0,-1.4776808383649414,-0.49256027945498043,-0.19753328995485434,-0.06584442998495145,40.238852789646785,13.412950929882262,0.0,0.0,0.0,0.0,-342.61155040572004,-114.20385013524002,-86.4,0,1429,0,43,131650,16203,5645,61915,50413,8522,0,69735,0,15,0,0,0,58,0.0,0.030090972708187544,0.0,0.023080029072114996,0.0,0.0,0.0,0.0,0.0,0.0,0.0,0.0,0.0,0.0,0.0,3918.528421171533,3286.703312150866,3944.925571755638,4414.999183071502,23.55381025534682,21.866647240149707,134.50490665423996,136.28223043374928,22.076396814279764,1772.4753680698457,0.2682926829268293,0.7703396068418724,0.10230845234887272,0.1438965238480194,0.07787658313123147,0.08515225006736729
426000,213,-380.9243096923828,65.87938213417947,0.0,0.000700770847932726,0.3,10.22,1427,1,1426,0,0.0,2.88,3756,524,56,2,56,3756,0.4307692307692308,0.38990968545624416,0.013551401869158878,0.014909478168264111,0.0007012622720897616,False,paper_literal_eq15_eq20_joint_v3,paper_joint,paper_fixed_v1,paper,0.0,paper_eq9,vanilla_mappo_paper_env_v2,tanh_squashed_normal_v1,eq17_engineering_thresholds_unbounded_tail_v2,"{""d_att_max_m"":null,""h_adv_m"":5000.0,""h_att_m"":2000.0,""h_max_m"":10000.0,""h_min_m"":0.0,""high_altitude_tail"":0.1,""version"":""eq17_engineering_thresholds_unbounded_tail_v2""}",1.7683757543563843,1.720184326171875,1.7926595211029053,0.5698739886283875,-0.36521617136895657,89.75804748535157,5.9564214766025545,-1.3882808674963263,-0.19049891481289977,34.98224272922258,0.0,0.0,-327.9276225774622,-86.4,0.0,-1.3882808674963263,-0.4627602891654421,-0.19049891481289977,-0.0634996382709666,34.98224272922258,11.660747576407525,0.0,0.0,0.0,0.0,-327.9276225774622,-109.30920752582074,-86.4,0,1442,0,44,133304,19360,14351,59311,45834,10058,0,76932,0,3,0,0,0,47,0.0,0.030513176144244106,0.0,0.024312522129116016,0.0,0.0,0.0,0.0,0.0,0.0,0.0,0.0,0.0,0.0,0.0,4020.5840012192507,3239.944504801976,3818.1411777777116,4821.183284125719,22.95835212140184,20.777943164536754,138.2321434032374,141.0647516658691,12.281801587382652,1897.1028516734225,0.20454545454545456,0.7787014813206538,0.0982613277133825,0.13724973656480505,0.0666491043203372,0.09088514225500527
428000,214,-378.7353436279297,66.66192561663034,0.0,0.0007002801120448179,0.3,10.22,1428,1,1427,0,0.0,2.88,3758,525,56,2,56,3758,0.4307692307692308,0.38822314049586776,0.013541909876254962,0.014901543374135177,0.000700770847932726,False,paper_literal_eq15_eq20_joint_v3,paper_joint,paper_fixed_v1,paper,0.0,paper_eq9,vanilla_mappo_paper_env_v2,tanh_squashed_normal_v1,eq17_engineering_thresholds_unbounded_tail_v2,"{""d_att_max_m"":null,""h_adv_m"":5000.0,""h_att_m"":2000.0,""h_max_m"":10000.0,""h_min_m"":0.0,""high_altitude_tail"":0.1,""version"":""eq17_engineering_thresholds_unbounded_tail_v2""}",1.7854684591293335,1.7490196228027344,1.8053323030471802,0.5795756578445435,-0.24708097241818905,32.70794792175293,5.98073935508728,-1.3926669319969704,-0.1902214680586628,35.2623417119642,0.0,0.0,-326.01463540623524,-86.4,0.0,-1.3926669319969704,-0.46422231066565683,-0.1902214680586628,-0.06340715601955427,35.2623417119642,11.754113903988065,0.0,0.0,0.0,0.0,-326.01463540623524,-108.67154513541175,-86.4,0,1212,0,47,110378,9066,12948,30141,19486,9113,0,89267,0,0,0,0,0,47,0.0,0.038778877887788776,0.0,0.040211008261172486,0.0,0.0,0.0,0.0,0.0,0.0,0.0,0.0,0.0,0.0,0.0,4532.193854288458,3654.1719081261344,3996.1911824783074,5015.244413889373,24.788177524368344,24.21064554812894,141.97575791983155,148.3507473013322,10.942593142383812,1921.1454157551113,0.1111111111111111,0.7723209685391426,0.09268098647573587,0.12619331742243436,0.07189737470167064,0.07995226730310262
430000,215,-372.47634460449217,56.240600611666835,0.0,0.0006978367062107466,0.3,10.54,1433,1,1432,0,0.02,2.88,3768,529,56,2,56,3768,0.4307692307692308,0.38813349814585907,0.013497789155224576,0.014861995753715499,0.0006983240223463687,False,paper_literal_eq15_eq20_joint_v3,paper_joint,paper_fixed_v1,paper,0.0,paper_eq9,vanilla_mappo_paper_env_v2,tanh_squashed_normal_v1,eq17_engineering_thresholds_unbounded_tail_v2,"{""d_att_max_m"":null,""h_adv_m"":5000.0,""h_att_m"":2000.0,""h_max_m"":10000.0,""h_min_m"":0.0,""high_altitude_tail"":0.1,""version"":""eq17_engineering_thresholds_unbounded_tail_v2""}",1.8079819679260254,1.769328236579895,1.8309950828552246,0.592094898223877,-0.2646443326026201,98.60559692382813,6.01454256772995,-1.3599271469255996,-0.18656616589381222,38.72762997978723,0.0,0.0,-323.8572863488309,-85.8,0.0,-1.3599271469255996,-0.45330904897519986,-0.18656616589381222,-0.06218872196460407,38.72762997978723,12.90920999326241,0.0,0.0,0.0,0.0,-323.8572863488309,-107.95242878294363,-85.8,0,819,0,28,100396,18298,3369,40234,32601,9114,0,66051,0,4,0,0,0,32,0.0,0.03418803418803419,0.0,0.02035591788039966,0.0,0.0,0.0,0.0,0.0,0.0,0.0,0.0,0.0,0.0,0.0,3800.7152617705733,3248.2598305866827,3614.015619242231,4098.482138082433,28.240868694621263,31.05730950624745,129.00138429097316,126.44791938756657,20.90684275719647,1787.706328744385,0.3333333333333333,0.77264920571061,0.09921032143254366,0.1334668001334668,0.07907907907907907,0.08508508508508508
432000,216,-377.3690313720703,60.77436897478075,0.0,0.0006963788300835655,0.3,11.12,1436,1,1435,0,0.02,2.88,3775,531,56,2,56,3775,0.4307692307692308,0.38666393526579945,0.013469577333952624,0.014834437086092715,0.0006968641114982578,False,paper_literal_eq15_eq20_joint_v3,paper_joint,paper_fixed_v1,paper,0.0,paper_eq9,vanilla_mappo_paper_env_v2,tanh_squashed_normal_v1,eq17_engineering_thresholds_unbounded_tail_v2,"{""d_att_max_m"":null,""h_adv_m"":5000.0,""h_att_m"":2000.0,""h_max_m"":10000.0,""h_min_m"":0.0,""high_altitude_tail"":0.1,""version"":""eq17_engineering_thresholds_unbounded_tail_v2""}",1.8215017318725586,1.776302456855774,1.8492417335510254,0.5995034575462341,-0.452085542678833,86.95169830322266,6.0457054555416105,-1.3218757748907983,-0.18414222131358024,40.81848483224624,0.0,0.0,-330.881278729566,-85.8,0.0,-1.3218757748907983,-0.4406252582969328,-0.18414222131358024,-0.06138074043786008,40.81848483224624,13.606161610748748,0.0,0.0,0.0,0.0,-330.881278729566,-110.293759576522,-85.8,0,1770,0,55,135314,17427,9094,51306,41830,6353,0,84008,0,14,0,0,0,69,0.0,0.031073446327683617,0.0,0.03449888901882821,0.0,0.0,0.0,0.0,0.0,0.0,0.0,0.0,0.0,0.0,0.0,3945.0552179263714,3376.0385529468895,3967.20958664209,4172.069354704479,20.850585785786375,17.01800240181728,145.03379299986975,146.2207656951125,-7.279683184033382,1690.8687413649072,0.14,0.7802600033225311,0.10606463036741921,0.14847277556440902,0.0804780876494024,0.08924302788844622
434000,217,-383.57011840820314,63.90094244265254,0.0,0.0006944444444444445,0.2,11.06,1440,1,1439,0,0.02,2.92,3784,534,56,2,56,3784,0.4307692307692308,0.38596491228070173,0.013432144511347846,0.014799154334038054,0.0006949270326615705,False,paper_literal_eq15_eq20_joint_v3,paper_joint,paper_fixed_v1,paper,0.0,paper_eq9,vanilla_mappo_paper_env_v2,tanh_squashed_normal_v1,eq17_engineering_thresholds_unbounded_tail_v2,"{""d_att_max_m"":null,""h_adv_m"":5000.0,""h_att_m"":2000.0,""h_max_m"":10000.0,""h_min_m"":0.0,""high_altitude_tail"":0.1,""version"":""eq17_engineering_thresholds_unbounded_tail_v2""}",1.839103102684021,1.7859408855438232,1.8674569129943848,0.6090666651725769,-0.25630130209028723,88.67368240356446,6.06949822306633,-1.316367409378603,-0.18200693051239736,40.02962808313457,0.0,0.0,-335.101171482784,-87.0,0.0,-1.316367409378603,-0.4387891364595344,-0.18200693051239736,-0.060668976837465784,40.02962808313457,13.343209361044856,0.0,0.0,0.0,0.0,-335.101171482784,-111.70039049426134,-87.0,0,1235,0,41,112310,16457,5627,41966,34126,5886,0,70344,0,0,0,0,0,41,0.0,0.03319838056680162,0.0,0.029428585045036457,0.0,0.0,0.0,0.0,0.0,0.0,0.0,0.0,0.0,0.0,0.0,4467.064887365898,3528.468773986757,4298.454119232236,5020.3616506732515,25.595527289877825,26.23433000575635,135.6475438774961,136.09014233901695,0.5095459505821034,2161.9484580921808,0.1590909090909091,0.7710906718420842,0.10577948389848582,0.15323096609085093,0.07773512476007678,0.08637236084452975
436000,218,-384.3450183105469,69.63498802456222,0.0,0.0006920415224913495,0.18,11.18,1445,1,1444,0,0.02,2.92,3794,539,56,2,56,3794,0.42424242424242425,0.3849431818181818,0.013385645049619201,0.014760147601476014,0.0006925207756232687,False,paper_literal_eq15_eq20_joint_v3,paper_joint,paper_fixed_v1,paper,0.0,paper_eq9,vanilla_mappo_paper_env_v2,tanh_squashed_normal_v1,eq17_engineering_thresholds_unbounded_tail_v2,"{""d_att_max_m"":null,""h_adv_m"":5000.0,""h_att_m"":2000.0,""h_max_m"":10000.0,""h_min_m"":0.0,""high_altitude_tail"":0.1,""version"":""eq17_engineering_thresholds_unbounded_tail_v2""}",1.8536580801010132,1.7934787273406982,1.885850191116333,0.6168941259384155,-0.24835815709084272,80.16638793945313,6.09567813873291,-1.2752830077116848,-0.17601956459377263,40.77069721636268,0.0,0.0,-336.6641888346855,-87.0,0.0,-1.2752830077116848,-0.42509433590389495,-0.17601956459377263,-0.05867318819792421,40.77069721636268,13.590232405454225,0.0,0.0,0.0,0.0,-336.6641888346855,-112.2213962782285,-87.0,30,1511,2,52,133159,19503,12108,58394,46508,7115,3018,78056,0,2,0,0,2,54,0.06666666666666667,0.03441429516876241,0.00022529457265374478,0.025875946158851935,9744.689611167207,9628.046437934627,9744.689611167207,9861.332784399789,39.30329769347024,39.30329769347024,128.54078942884342,128.54078942884342,28.29881970406209,757.4183137172781,0.0,3769.6709182665113,3285.4232158291657,3609.4354651663134,4020.7798418744105,24.396086885154983,21.729806174083187,137.9855322207511,140.30569027941618,-9.84745205921813,2102.029809575869,0.19607843137254902,0.7747692483303198,0.11599543739580591,0.17767833640431693,0.08528560147407212,0.08502237430902869
438000,219,-378.2332308959961,71.80954606052474,0.0,0.0006901311249137336,0.2,11.06,1449,1,1448,0,0.02,2.9,3803,542,58,2,58,3803,0.43609022556390975,0.3844909513699323,0.01380897583429229,0.015251117538785169,0.0006906077348066298,False,paper_literal_eq15_eq20_joint_v3,paper_joint,paper_fixed_v1,paper,0.0,paper_eq9,vanilla_mappo_paper_env_v2,tanh_squashed_normal_v1,eq17_engineering_thresholds_unbounded_tail_v2,"{""d_att_max_m"":null,""h_adv_m"":5000.0,""h_att_m"":2000.0,""h_max_m"":10000.0,""h_min_m"":0.0,""high_altitude_tail"":0.1,""version"":""eq17_engineering_thresholds_unbounded_tail_v2""}",1.8756928443908691,1.8147422075271606,1.9077130556106567,0.6287109851837158,-0.1380971536040306,81.93801422119141,6.1241863489151,-1.3076327624614406,-0.17589745045069233,39.97942262443773,0.0,0.0,-330.3288909416114,-86.4,0.0,-1.3076327624614406,-0.43587758748714683,-0.17589745045069233,-0.05863248348356411,39.97942262443773,13.32647420814591,0.0,0.0,0.0,0.0,-330.3288909416114,-110.10963031387047,-86.4,15,1071,1,35,107876,16390,6281,47936,36792,6733,882,60822,0,1,0,0,1,36,0.06666666666666667,0.032679738562091505,0.00013904853720938856,0.02234228971962617,3701.395511160106,3701.395511160106,3701.395511160106,3701.395511160106,30.320955992894543,30.320955992894543,115.21418321213575,115.21418321213575,205.85341212788404,3694.2126518094638,1.0,4156.334240858426,3256.891908721298,3689.114210615841,4399.042823202595,27.888040041480295,30.961684332077102,140.179838282541,147.96367490133972,6.932193929179159,2200.523242940801,0.24324324324324326,0.7742636669900418,0.11490183456710654,0.16446733183134857,0.08400386224654006,0.09623430962343096
440000,220,-378.45194366455075,73.30295084680036,0.0,0.0006882312456985547,0.16,10.84,1453,1,1452,0,0.02,2.9,3810,547,58,2,58,3810,0.43609022556390975,0.38349270256668344,0.013770943309616708,0.015223097112860892,0.0006887052341597796,False,paper_literal_eq15_eq20_joint_v3,paper_joint,paper_fixed_v1,paper,0.0,paper_eq9,vanilla_mappo_paper_env_v2,tanh_squashed_normal_v1,eq17_engineering_thresholds_unbounded_tail_v2,"{""d_att_max_m"":null,""h_adv_m"":5000.0,""h_att_m"":2000.0,""h_max_m"":10000.0,""h_min_m"":0.0,""high_altitude_tail"":0.1,""version"":""eq17_engineering_thresholds_unbounded_tail_v2""}",1.8964488506317139,1.8381505012512207,1.9271092414855957,0.6397440433502197,-0.29574483055621387,68.12878799438477,6.1601406037807465,-1.3180311961804634,-0.17657197646633369,39.48177168249205,0.0,0.0,-330.03887196130205,-86.4,0.0,-1.3180311961804634,-0.4393437320601545,-0.17657197646633369,-0.058857325488777895,39.48177168249205,13.160590560830684,0.0,0.0,0.0,0.0,-330.03887196130205,-110.01295732043401,-86.4,0,1283,0,44,125227,14430,9687,53256,39125,12049,451,72665,0,15,0,0,0,59,0.0,0.034294621979735,0.0,0.024091182214210607,0.0,0.0,0.0,0.0,0.0,0.0,0.0,0.0,0.0,0.0,0.0,3764.246881063765,2977.2241219184307,3788.1531871256734,4187.930146212343,28.197404877910568,28.962605136715993,137.4613171633872,143.9430922275014,4.226627695098751,1853.204773243492,0.15384615384615385,0.7866153176513438,0.12306229196386115,0.1629101283880171,0.1035663338088445,0.10271041369472182
442000,221,-379.9133218383789,72.97483489041463,0.0,0.0006868131868131869,0.16,10.64,1456,1,1455,0,0.02,2.9,3816,550,58,2,58,3816,0.42962962962962964,0.3817527010804322,0.013742556115437472,0.01519916142557652,0.0006872852233676976,False,paper_literal_eq15_eq20_joint_v3,paper_joint,paper_fixed_v1,paper,0.0,paper_eq9,vanilla_mappo_paper_env_v2,tanh_squashed_normal_v1,eq17_engineering_thresholds_unbounded_tail_v2,"{""d_att_max_m"":null,""h_adv_m"":5000.0,""h_att_m"":2000.0,""h_max_m"":10000.0,""h_min_m"":0.0,""high_altitude_tail"":0.1,""version"":""eq17_engineering_thresholds_unbounded_tail_v2""}",1.9089505672454834,1.8553086519241333,1.936951994895935,0.6463541984558105,-0.4090011926367879,61.51700325012207,6.186767858266831,-1.3160133214944307,-0.17728448718283982,38.95286062853335,0.0,0.0,-330.9726282763245,-86.4,0.0,-1.3160133214944307,-0.4386711071648102,-0.17728448718283982,-0.0590948290609466,38.95286062853335,12.984286876177784,0.0,0.0,0.0,0.0,-330.9726282763245,-110.3242094254415,-86.4,30,1604,2,61,138507,16564,19983,53015,38416,14907,634,96614,0,1,0,0,2,62,0.06666666666666667,0.038029925187032416,0.00021659555112737985,0.030255588041120437,6995.851393610346,5504.906690701817,6995.851393610346,8486.796096518876,22.3839083910416,22.3839083910416,125.12732298229466,125.12732298229466,130.62202304891312,3859.0920172503675,0.0,4646.243987188702,3555.1255648141364,4031.0476411551426,5525.42476907148,22.082663362677145,18.688806970529473,148.39312996452233,163.11802603428666,-4.163917655631065,1983.6601167170363,0.10344827586206896,0.7873008283769939,0.12499021679580496,0.17163653439774595,0.09485794787508806,0.10847616811458088
444000,222,-386.17390411376954,78.16324952188589,0.0,0.0006854009595613434,0.18,10.92,1459,1,1458,0,0.02,2.9,3822,553,58,2,58,3822,0.42028985507246375,0.3801472050925005,0.013714285714285714,0.015175300889586603,0.0006858710562414266,False,paper_literal_eq15_eq20_joint_v3,paper_joint,paper_fixed_v1,paper,0.0,paper_eq9,vanilla_mappo_paper_env_v2,tanh_squashed_normal_v1,eq17_engineering_thresholds_unbounded_tail_v2,"{""d_att_max_m"":null,""h_adv_m"":5000.0,""h_att_m"":2000.0,""h_max_m"":10000.0,""h_min_m"":0.0,""high_altitude_tail"":0.1,""version"":""eq17_engineering_thresholds_unbounded_tail_v2""}",1.9201271533966064,1.8700456619262695,1.9459331035614014,0.6522197723388672,-0.3506705278530717,80.89002075195313,6.205018788576126,-1.3041622748124144,-0.1770345065643879,40.62995341939411,0.0,0.0,-338.9224203652481,-86.4,0.0,-1.3041622748124144,-0.4347207582708048,-0.1770345065643879,-0.059011502188129304,40.62995341939411,13.543317806464705,0.0,0.0,0.0,0.0,-338.9224203652481,-112.97414012174937,-86.4,45,1477,3,58,124095,18839,25853,41868,30438,9147,7037,103707,0,0,0,0,3,58,0.06666666666666667,0.03926878808395396,0.00036262540795358394,0.03527753893188115,7206.04013485662,5828.613164196251,5909.921311623788,7935.407693900573,40.569235820495116,39.764149472568,117.65279195547656,106.57460195710797,67.93250627514357,1671.1462443859498,0.25,4684.4816403913055,3861.804787713091,4477.794162016229,5601.5182678758665,20.466669726723165,14.48321308783975,151.5515587507928,160.5448526304698,-12.127013612342454,1863.1288431058144,0.1206896551724138,0.7892225379958733,0.13135186960690318,0.20302013422818793,0.08964525407478427,0.1013902205177373
446000,223,-384.26599884033203,79.07161191290491,0.0,0.0006844626967830253,0.26,11.04,1461,1,1460,0,0.02,2.86,3827,554,60,2,60,3827,0.42857142857142855,0.3785361028684471,0.014152020086738187,0.01567807682257643,0.0006849315068493151,False,paper_literal_eq15_eq20_joint_v3,paper_joint,paper_fixed_v1,paper,0.0,paper_eq9,vanilla_mappo_paper_env_v2,tanh_squashed_normal_v1,eq17_engineering_thresholds_unbounded_tail_v2,"{""d_att_max_m"":null,""h_adv_m"":5000.0,""h_att_m"":2000.0,""h_max_m"":10000.0,""h_min_m"":0.0,""high_altitude_tail"":0.1,""version"":""eq17_engineering_thresholds_unbounded_tail_v2""}",1.9405816793441772,1.8857192993164062,1.983268141746521,0.6627659797668457,-0.14044577442109585,26.63233184814453,6.228700011968613,-1.2871715722787755,-0.17530338438269108,40.97323408724312,0.0,0.0,-338.57652188893445,-85.2,0.0,-1.2871715722787755,-0.42905719075959187,-0.17530338438269108,-0.05843446146089703,40.97323408724312,13.657744695747708,0.0,0.0,0.0,0.0,-338.57652188893445,-112.85884062964482,-85.2,30,1534,2,56,104827,8713,20556,28906,15437,15642,2995,87816,0,1,0,0,2,57,0.06666666666666667,0.03650586701434159,0.00028618581090749523,0.053068567079499064,3476.466071884679,3426.546906523524,3476.466071884679,3526.3852372458337,43.668868041833505,43.668868041833505,151.8708950174725,151.8708950174725,47.9992880065477,1693.1961764519333,0.5,4068.4995612122593,3194.9689346454506,3724.344548266185,4384.8509721718,22.859708116307363,18.75967208603375,150.86906989242058,156.08257184079412,-6.436335324217677,1727.106735140152,0.14516129032258066,0.7819762189624503,0.120283452972575,0.16896742131419104,0.08752070679182772,0.10436223081170624
448000,224,-393.8084213256836,89.75594780297367,0.0,0.0006821282401091405,0.2,11.78,1466,1,1465,0,0.02,2.9,3839,557,60,2,60,3839,0.42857142857142855,0.3780031508467901,0.014103730664240218,0.015629070070330816,0.0006825938566552901,False,paper_literal_eq15_eq20_joint_v3,paper_joint,paper_fixed_v1,paper,0.0,paper_eq9,vanilla_mappo_paper_env_v2,tanh_squashed_normal_v1,eq17_engineering_thresholds_unbounded_tail_v2,"{""d_att_max_m"":null,""h_adv_m"":5000.0,""h_att_m"":2000.0,""h_max_m"":10000.0,""h_min_m"":0.0,""high_altitude_tail"":0.1,""version"":""eq17_engineering_thresholds_unbounded_tail_v2""}",1.9586560726165771,1.8978610038757324,2.004176378250122,0.6719958782196045,-0.32944327834993603,113.19120254516602,6.2594803929328915,-1.2723821357923195,-0.17494224993399443,43.493323741700536,0.0,0.0,-349.4541541430557,-86.4,0.0,-1.2723821357923195,-0.4241273785974398,-0.17494224993399443,-0.05831408331133148,43.493323741700536,14.497774580566846,0.0,0.0,0.0,0.0,-349.4541541430557,-116.48471804768523,-86.4,0,1324,0,46,117038,17753,10051,47568,40795,7339,0,75370,0,2,0,0,0,48,0.0,0.03474320241691843,0.0,0.027833837874201142,0.0,0.0,0.0,0.0,0.0,0.0,0.0,0.0,0.0,0.0,0.0,4246.0076874583665,3648.4874231769186,4267.214061918368,4679.939763096063,24.816236647309662,23.423115346208707,138.99401039217628,138.79213390410155,14.75026723542863,2123.3829410315266,0.21739130434782608,0.7876259318862668,0.1286718674756814,0.17798324183761918,0.10228257728980064,0.10574978329962438
450000,225,-396.0425045776367,96.75973522004253,0.0,0.0006798096532970768,0.2,12.28,1471,1,1470,0,0.04,2.92,3848,562,60,2,60,3848,0.4195804195804196,0.3772549019607843,0.014058956916099773,0.015592515592515593,0.0006802721088435374,False,paper_literal_eq15_eq20_joint_v3,paper_joint,paper_fixed_v1,paper,0.0,paper_eq9,vanilla_mappo_paper_env_v2,tanh_squashed_normal_v1,eq17_engineering_thresholds_unbounded_tail_v2,"{""d_att_max_m"":null,""h_adv_m"":5000.0,""h_att_m"":2000.0,""h_max_m"":10000.0,""h_min_m"":0.0,""high_altitude_tail"":0.1,""version"":""eq17_engineering_thresholds_unbounded_tail_v2""}",1.9770963191986084,1.9191248416900635,2.0304176807403564,0.6813631057739258,-0.2923540549352765,76.1764289855957,6.287539821863175,-1.309617034560915,-0.17555628661466305,45.19775470097628,0.0,0.0,-353.35482877954877,-86.4,0.0,-1.309617034560915,-0.436539011520305,-0.17555628661466305,-0.058518762204887685,45.19775470097628,15.065918233658762,0.0,0.0,0.0,0.0,-353.35482877954877,-117.78494292651625,-86.4,64,1279,3,44,114887,18265,12261,48946,40009,6394,2559,73121,15,0,0,0,18,44,0.046875,0.03440187646598905,0.0005570691200919164,0.02613083806644057,6632.900812729821,6561.455907083038,6627.954820596746,6701.872722310067,41.132298021630476,42.36986323691076,116.6053470379208,114.0166225222188,49.23839890201433,2705.1305129739667,0.0,4295.8053185962235,3786.3612790453208,4314.369543976882,4872.516734955723,23.75366834950295,21.998648382467188,134.1564994114712,133.70131253568508,29.62597812764262,2198.9752264552717,0.18181818181818182,0.7899482740737104,0.13480176211453745,0.20499265785609397,0.09515418502202644,0.10425844346549193
452000,226,-399.4828872680664,95.4766590140863,0.0,0.0006770480704129993,0.26,12.38,1477,1,1476,0,0.04,2.9,3861,567,61,2,61,3861,0.42657342657342656,0.37679320776812725,0.014227642276422764,0.015799015799015798,0.0006775067750677507,False,paper_literal_eq15_eq20_joint_v3,paper_joint,paper_fixed_v1,paper,0.0,paper_eq9,vanilla_mappo_paper_env_v2,tanh_squashed_normal_v1,eq17_engineering_thresholds_unbounded_tail_v2,"{""d_att_max_m"":null,""h_adv_m"":5000.0,""h_att_m"":2000.0,""h_max_m"":10000.0,""h_min_m"":0.0,""high_altitude_tail"":0.1,""version"":""eq17_engineering_thresholds_unbounded_tail_v2""}",1.9982116222381592,1.9406834840774536,2.061122417449951,0.6919487714767456,-0.2672730337828398,99.14750823974609,6.316120475530624,-1.3430811845259263,-0.18102734357779635,45.11584141482769,0.0,0.0,-357.2743834874245,-85.8,0.0,-1.3430811845259263,-0.4476937281753088,-0.18102734357779635,-0.06034244785926545,45.11584141482769,15.038613804942564,0.0,0.0,0.0,0.0,-357.2743834874245,-119.09146116247483,-85.8,0,1447,0,47,145278,25285,3121,85385,71413,8225,1832,62320,0,0,0,0,0,47,0.0,0.03248099516240498,0.0,0.016946770510042748,0.0,0.0,0.0,0.0,0.0,0.0,0.0,0.0,0.0,0.0,0.3333333333333333,3607.509594337049,2982.4102899563522,3719.8228390369886,4057.1246417038283,24.139625856472165,22.715145057511666,133.10021162409532,129.44159772775433,9.039937211553012,1899.2061698856112,0.2857142857142857,0.7920811759643324,0.1393605995375907,0.20162640516622818,0.10188950011958861,0.11456589332695527
454000,227,-406.22322662353514,95.03893407198836,0.0,0.0006752194463200541,0.26,12.36,1481,1,1480,0,0.04,2.9,3867,573,61,2,61,3867,0.42657342657342656,0.37550980772965625,0.01418918918918919,0.015774502198086373,0.0006756756756756757,False,paper_literal_eq15_eq20_joint_v3,paper_joint,paper_fixed_v1,paper,0.0,paper_eq9,vanilla_mappo_paper_env_v2,tanh_squashed_normal_v1,eq17_engineering_thresholds_unbounded_tail_v2,"{""d_att_max_m"":null,""h_adv_m"":5000.0,""h_att_m"":2000.0,""h_max_m"":10000.0,""h_min_m"":0.0,""high_altitude_tail"":0.1,""version"":""eq17_engineering_thresholds_unbounded_tail_v2""}",2.020610809326172,1.9600729942321777,2.0820159912109375,0.7030961513519287,-0.2964873746037483,74.7967025756836,6.348886686563492,-1.3652481376798091,-0.18515320501998847,43.98501265363763,0.0,0.0,-362.8576067412439,-85.8,0.0,-1.3652481376798091,-0.4550827125599364,-0.18515320501998847,-0.061717735006662826,43.98501265363763,14.661670884545877,0.0,0.0,0.0,0.0,-362.8576067412439,-120.95253558041463,-85.8,0,1382,0,51,128582,15252,16193,45274,33390,9278,0,86804,0,11,0,0,0,62,0.0,0.03690303907380608,0.0,0.030525246278217077,0.0,0.0,0.0,0.0,0.0,0.0,0.0,0.0,0.0,0.0,0.0,3673.889301523094,3186.9482572954394,3552.5897707854656,4224.361230229697,23.385784055676087,21.996609463953206,153.35650168866152,162.35896798183504,-6.817517593433747,1809.9457871262407,0.13725490196078433,0.7926751725905566,0.1489342403628118,0.20489795918367346,0.11401360544217687,0.12789115646258503
456000,228,-410.2023934936523,95.60559015301264,0.0,0.0006738544474393531,0.26,12.28,1484,1,1483,0,0.02,2.9,3874,575,61,2,61,3874,0.4236111111111111,0.37458905434152,0.014160485502360081,0.01574599896747548,0.0006743088334457181,False,paper_literal_eq15_eq20_joint_v3,paper_joint,paper_fixed_v1,paper,0.0,paper_eq9,vanilla_mappo_paper_env_v2,tanh_squashed_normal_v1,eq17_engineering_thresholds_unbounded_tail_v2,"{""d_att_max_m"":null,""h_adv_m"":5000.0,""h_att_m"":2000.0,""h_max_m"":10000.0,""h_min_m"":0.0,""high_altitude_tail"":0.1,""version"":""eq17_engineering_thresholds_unbounded_tail_v2""}",2.0473599433898926,1.9788782596588135,2.113877058029175,0.7161880731582642,-0.22851309403777123,62.879071426391604,6.38510754108429,-1.3686160336138966,-0.1865866144130944,41.80339803106949,0.0,0.0,-364.05039317648135,-86.4,0.0,-1.3686160336138966,-0.4562053445379655,-0.1865866144130944,-0.06219553813769813,41.80339803106949,13.934466010356497,0.0,0.0,0.0,0.0,-364.05039317648135,-121.35013105882712,-86.4,15,1214,1,44,97437,15144,13873,32472,25189,7377,938,77770,0,0,0,0,1,44,0.06666666666666667,0.036243822075782535,0.00015394562640475384,0.03738605567873861,5545.769618218836,5545.769618218836,5545.769618218836,5545.769618218836,42.72648210901408,42.72648210901408,156.86566966531848,156.86566966531848,189.91940440920092,5339.417649829735,0.0,4419.862736885584,3779.0753763828834,4225.286875629418,4741.442415988304,22.507220665849612,19.487476407791238,143.57647343224957,150.5302605015757,13.476183928375757,2166.8724983988886,0.1836734693877551,0.7906677841419635,0.13632451043684096,0.19431891542930924,0.09425435765009683,0.12040025823111684
458000,229,-408.80534698486326,89.01050642189773,0.0,0.0006711409395973154,0.32,11.88,1490,1,1489,0,0.02,2.9,3889,578,61,2,61,3889,0.4178082191780822,0.374410320593049,0.014103425117528543,0.015685266135253277,0.000671591672263264,False,paper_literal_eq15_eq20_joint_v3,paper_joint,paper_fixed_v1,paper,0.0,paper_eq9,vanilla_mappo_paper_env_v2,tanh_squashed_normal_v1,eq17_engineering_thresholds_unbounded_tail_v2,"{""d_att_max_m"":null,""h_adv_m"":5000.0,""h_att_m"":2000.0,""h_max_m"":10000.0,""h_min_m"":0.0,""high_altitude_tail"":0.1,""version"":""eq17_engineering_thresholds_unbounded_tail_v2""}",2.062981367111206,1.9929264783859253,2.129751443862915,0.7237841486930847,-0.4404019106179476,125.83180618286133,6.417881345748901,-1.334390852935086,-0.18496760657306996,40.50348664762745,0.0,0.0,-361.3892934858557,-86.4,0.0,-1.334390852935086,-0.444796950978362,-0.18496760657306996,-0.061655868857689984,40.50348664762745,13.501162215875816,0.0,0.0,0.0,0.0,-361.3892934858557,-120.46309782861857,-86.4,30,1280,2,45,148475,27562,14179,79191,63433,11323,1571,70927,0,20,0,0,2,65,0.06666666666666667,0.03515625,0.00020205421788179828,0.01616345291762953,7313.6158311041445,7263.620176101453,7313.6158311041445,7363.611486106836,42.73790780633516,42.73790780633516,129.08125574068757,129.08125574068757,25.799063780109286,1367.8499604033577,0.0,3740.6283619069363,3183.3929759543516,3699.7644020862163,4130.666982731485,26.887678891922025,28.647453739080152,139.82034917299967,151.40147444280475,-9.499057320148376,1929.948025605597,0.35135135135135137,0.7984417471521298,0.1470939966515188,0.2111934943793351,0.10667304472614207,0.12341545084907916
460000,230,-402.3975942993164,81.55123518261419,0.0,0.0006702412868632708,0.32,11.58,1492,1,1491,0,0.02,2.9,3893,580,61,2,61,3893,0.41496598639455784,0.3730356458413185,0.014084507042253521,0.015669149755972257,0.0006706908115358819,False,paper_literal_eq15_eq20_joint_v3,paper_joint,paper_fixed_v1,paper,0.0,paper_eq9,vanilla_mappo_paper_env_v2,tanh_squashed_normal_v1,eq17_engineering_thresholds_unbounded_tail_v2,"{""d_att_max_m"":null,""h_adv_m"":5000.0,""h_att_m"":2000.0,""h_max_m"":10000.0,""h_min_m"":0.0,""high_altitude_tail"":0.1,""version"":""eq17_engineering_thresholds_unbounded_tail_v2""}",2.0817770957946777,2.0097146034240723,2.1451361179351807,0.732863187789917,-0.21959176287055016,80.73623580932617,6.441402071714402,-1.3726036278544915,-0.18786196326637528,39.78740307402964,0.0,0.0,-354.2243544175464,-86.4,0.0,-1.3726036278544915,-0.45753454261816384,-0.18786196326637528,-0.0626206544221251,39.78740307402964,13.262467691343213,0.0,0.0,0.0,0.0,-354.2243544175464,-118.07478480584881,-86.4,15,1219,1,49,110017,12454,23259,28081,18875,7463,1354,93291,0,0,0,0,1,49,0.06666666666666667,0.04019688269073011,0.00013634256523991747,0.04341013496670346,6613.036053916569,6613.036053916569,6613.036053916569,6613.036053916569,37.912981699692054,37.912981699692054,90.8207318349005,90.8207318349005,190.16472423166348,5386.237872007459,0.0,3972.094400986617,3239.194618459465,3717.070077913493,4585.356444928676,22.704674477654216,20.372802628111994,148.64130769408916,149.16655162342485,3.450644531150802,1490.9926312437951,0.18181818181818182,0.7884050165409023,0.13892156862745098,0.18235294117647058,0.10882352941176471,0.12558823529411764
462000,231,-413.6555615234375,84.33171522825452,0.0,0.0006675567423230974,0.3,11.88,1498,1,1497,0,0.02,2.94,3909,582,61,2,61,3909,0.41216216216216217,0.37310298749642073,0.014028056112224449,0.015605014070094653,0.0006680026720106881,False,paper_literal_eq15_eq20_joint_v3,paper_joint,paper_fixed_v1,paper,0.0,paper_eq9,vanilla_mappo_paper_env_v2,tanh_squashed_normal_v1,eq17_engineering_thresholds_unbounded_tail_v2,"{""d_att_max_m"":null,""h_adv_m"":5000.0,""h_att_m"":2000.0,""h_max_m"":10000.0,""h_min_m"":0.0,""high_altitude_tail"":0.1,""version"":""eq17_engineering_thresholds_unbounded_tail_v2""}",2.0941412448883057,2.0126748085021973,2.1599040031433105,0.7387142181396484,-0.4370266146957874,109.39856796264648,6.465178775787353,-1.3236444812836123,-0.1850960300330462,40.60741413133233,0.0,0.0,-365.1540625501683,-87.6,0.0,-1.3236444812836123,-0.44121482709453747,-0.1850960300330462,-0.061698676677682064,40.60741413133233,13.53580471044411,0.0,0.0,0.0,0.0,-365.1540625501683,-121.7180208500561,-87.6,15,942,1,41,125154,27581,14989,74939,55954,13057,1133,60077,0,2,0,0,1,43,0.06666666666666667,0.0435244161358811,0.00011985234191476102,0.012570223782009367,4720.284411187302,4720.284411187302,4720.284411187302,4720.284411187302,42.96145559308426,42.96145559308426,108.9481548530255,108.9481548530255,141.07830308850424,4596.703005494452,0.0,4279.038827263414,3174.971112329559,3878.83173701868,4964.585549760299,29.692198981535835,35.11106312247303,144.3050188954042,153.9920247741462,-8.66366587217883,2117.8023158315905,0.20512820512820512,0.8004601120538785,0.15731515469323545,0.23544834819087573,0.1130047194546408,0.12349239643418983
464000,232,-422.8511804199219,93.38575309583501,0.0,0.0006662225183211193,0.3,12.22,1501,1,1500,0,0.02,2.94,3916,584,61,2,61,3916,0.41216216216216217,0.3719604863221885,0.014,0.01557711950970378,0.0006666666666666666,False,paper_literal_eq15_eq20_joint_v3,paper_joint,paper_fixed_v1,paper,0.0,paper_eq9,vanilla_mappo_paper_env_v2,tanh_squashed_normal_v1,eq17_engineering_thresholds_unbounded_tail_v2,"{""d_att_max_m"":null,""h_adv_m"":5000.0,""h_att_m"":2000.0,""h_max_m"":10000.0,""h_min_m"":0.0,""high_altitude_tail"":0.1,""version"":""eq17_engineering_thresholds_unbounded_tail_v2""}",2.108350992202759,2.018118381500244,2.1734046936035156,0.7454127073287964,-0.33360672891139986,64.93179244995117,6.483356243371963,-1.2820348231884018,-0.18278078589275584,41.882899135599104,0.0,0.0,-375.6691136111981,-87.6,0.0,-1.2820348231884018,-0.4273449410628006,-0.18278078589275584,-0.060926928630918614,41.882899135599104,13.960966378533035,0.0,0.0,0.0,0.0,-375.6691136111981,-125.22303787039937,-87.6,0,1452,0,51,118935,12428,15734,29510,21066,7685,5,95031,0,1,0,0,0,52,0.0,0.03512396694214876,0.0,0.049203659776347004,0.0,0.0,0.0,0.0,0.0,0.0,0.0,0.0,0.0,0.0,0.0,4500.129549257348,3595.957167879841,4249.633230763916,5313.217892122197,21.371866255059004,15.66079405451663,149.50159272231775,157.2183881711032,-12.33242860741933,1913.6099333646182,0.14814814814814814,0.7964807199929554,0.14771091275554277,0.18773394759573855,0.11949323351569248,0.13590555715519723
466000,233,-423.34373962402344,92.97976537739449,0.0,0.0006640106241699867,0.34,12.18,1506,1,1505,0,0.02,2.94,3928,587,61,2,61,3928,0.4066666666666667,0.3713367366231802,0.013953488372093023,0.015529531568228106,0.000664451827242525,False,paper_literal_eq15_eq20_joint_v3,paper_joint,paper_fixed_v1,paper,0.0,paper_eq9,vanilla_mappo_paper_env_v2,tanh_squashed_normal_v1,eq17_engineering_thresholds_unbounded_tail_v2,"{""d_att_max_m"":null,""h_adv_m"":5000.0,""h_att_m"":2000.0,""h_max_m"":10000.0,""h_min_m"":0.0,""high_altitude_tail"":0.1,""version"":""eq17_engineering_thresholds_unbounded_tail_v2""}",2.130033254623413,2.0303702354431152,2.189938545227051,0.755574107170105,-0.294553117454052,78.67334747314453,6.508127135038376,-1.2860243898626225,-0.18141404625836127,40.5229955886004,0.0,0.0,-374.799191306161,-87.6,0.0,-1.2860243898626225,-0.42867479662087415,-0.18141404625836127,-0.06047134875278709,40.5229955886004,13.507665196200135,0.0,0.0,0.0,0.0,-374.799191306161,-124.93306376872033,-87.6,52,1349,2,50,134991,22933,12419,63714,55677,5433,43,73828,15,0,0,0,17,50,0.038461538461538464,0.037064492216456635,0.00038521086590957915,0.02117274068493581,4666.536155712838,4653.0048096879245,4666.536155712838,4680.0675017377525,39.717774479514055,39.717774479514055,107.40875167789721,107.40875167789721,167.3704796547254,1230.4208842766466,0.0,4369.140522842952,3381.1483918852987,4045.751799567811,5123.373404686114,24.799836428094814,23.433403415041383,132.55998271255558,127.66211766761288,5.664870346674827,2089.0100511218375,0.2558139534883721,0.802691597792505,0.16627614336544302,0.2275449101796407,0.12262431658422286,0.14865920333246552
468000,234,-417.6562072753906,91.65811754226957,0.0,0.0006626905235255136,0.32,11.96,1509,1,1508,0,0.02,2.94,3934,590,61,2,61,3934,0.40397350993377484,0.3704680290046144,0.013925729442970823,0.015505846466700559,0.000663129973474801,False,paper_literal_eq15_eq20_joint_v3,paper_joint,paper_fixed_v1,paper,0.0,paper_eq9,vanilla_mappo_paper_env_v2,tanh_squashed_normal_v1,eq17_engineering_thresholds_unbounded_tail_v2,"{""d_att_max_m"":null,""h_adv_m"":5000.0,""h_att_m"":2000.0,""h_max_m"":10000.0,""h_min_m"":0.0,""high_altitude_tail"":0.1,""version"":""eq17_engineering_thresholds_unbounded_tail_v2""}",2.155508041381836,2.0626986026763916,2.2192635536193848,0.7675352096557617,-0.24549355115741492,73.21274948120117,6.540665727853775,-1.2984824676439783,-0.1835992108907539,39.92018402363298,0.0,0.0,-368.49418566322413,-87.6,0.0,-1.2984824676439783,-0.43282748921465947,-0.1835992108907539,-0.06119973696358463,39.92018402363298,13.306728007877659,0.0,0.0,0.0,0.0,-368.49418566322413,-122.83139522107471,-87.6,15,1128,1,41,128131,15740,20289,52410,30500,14546,1491,80304,0,7,0,0,1,48,0.06666666666666667,0.03634751773049645,0.00011706768853751239,0.021522610188895248,9203.182196152715,9203.182196152715,9203.182196152715,9203.182196152715,43.10537584597399,43.10537584597399,139.18652460317375,139.18652460317375,18.62183241641636,5436.124855441301,0.0,4133.52220008416,3019.8489501210265,3982.6985153171227,4577.698230166057,25.741392672512127,21.19757155431677,158.72815529358357,166.8210002859974,-33.61782121639909,1826.6454176226225,0.17647058823529413,0.8039598156820695,0.167252410561413,0.22519599891862666,0.11543660448769938,0.16112462827791296
470000,235,-412.49790344238284,81.40565457832597,0.0,0.0006609385327164573,0.24,12.5,1513,1,1512,0,0.02,2.98,3943,593,61,2,61,3943,0.40397350993377484,0.36867695184665733,0.013888888888888888,0.015470453969059092,0.0006613756613756613,False,paper_literal_eq15_eq20_joint_v3,paper_joint,paper_fixed_v1,paper,0.0,paper_eq9,vanilla_mappo_paper_env_v2,tanh_squashed_normal_v1,eq17_engineering_thresholds_unbounded_tail_v2,"{""d_att_max_m"":null,""h_adv_m"":5000.0,""h_att_m"":2000.0,""h_max_m"":10000.0,""h_min_m"":0.0,""high_altitude_tail"":0.1,""version"":""eq17_engineering_thresholds_unbounded_tail_v2""}",2.173336982727051,2.0858240127563477,2.233654499053955,0.7758340835571289,-0.3997644495218992,91.68176193237305,6.572565281391144,-1.2783735000548087,-0.17877991710573354,40.32144173238518,0.0,0.0,-362.5620399689735,-88.8,0.0,-1.2783735000548087,-0.42612450001826957,-0.17877991710573354,-0.05959330570191118,40.32144173238518,13.440480577461727,0.0,0.0,0.0,0.0,-362.5620399689735,-120.85401332299118,-88.8,0,2317,0,76,102446,20559,7420,43178,34272,11934,0,60393,0,528,0,0,0,604,0.0,0.03280103582218386,0.0,0.05366158691926444,0.0,0.0,0.0,0.0,0.0,0.0,0.0,0.0,0.0,0.0,0.0,4251.374286920855,3332.2515975799142,4566.871047499495,4638.093479996698,20.280091873905647,14.55935320872194,140.2772512606964,156.56128198758904,15.149116200528846,1730.9459826840703,0.06666666666666667,0.8017427024885516,0.15825948648034538,0.20279481935923654,0.1223585548738923,0.1496250852079073
472000,236,-415.66278259277345,83.51930067919648,0.0,0.0006600660066006601,0.24,12.3,1515,1,1514,0,0.02,2.98,3947,595,61,2,61,3947,0.40131578947368424,0.3671286391963538,0.013870541611624834,0.015454775779072713,0.0006605019815059445,False,paper_literal_eq15_eq20_joint_v3,paper_joint,paper_fixed_v1,paper,0.0,paper_eq9,vanilla_mappo_paper_env_v2,tanh_squashed_normal_v1,eq17_engineering_thresholds_unbounded_tail_v2,"{""d_att_max_m"":null,""h_adv_m"":5000.0,""h_att_m"":2000.0,""h_max_m"":10000.0,""h_min_m"":0.0,""high_altitude_tail"":0.1,""version"":""eq17_engineering_thresholds_unbounded_tail_v2""}",2.190382480621338,2.1130309104919434,2.2518794536590576,0.7837256789207458,-0.2644453585147858,60.99279251098633,6.595923924446106,-1.267924652923286,-0.17696879492927944,39.93652856518853,0.0,0.0,-365.3542669337364,-88.8,0.0,-1.267924652923286,-0.4226415509744286,-0.17696879492927944,-0.05898959830975981,39.93652856518853,13.312176188396178,0.0,0.0,0.0,0.0,-365.3542669337364,-121.78475564457881,-88.8,22,1417,1,56,134663,6445,18774,42817,19906,17016,1415,93261,0,31,0,0,1,87,0.045454545454545456,0.03952011291460833,0.0001633707848481023,0.033094331690683605,2497.825447948524,2497.825447948524,2497.825447948524,2497.825447948524,33.35778624004797,33.35778624004797,92.43738639473258,92.43738639473258,248.83555707199505,346.87233495352484,0.0,3949.8173798083335,3305.223152781875,3923.1374752541587,4366.543290893472,25.294251283615175,24.242483603616698,150.93193071637117,166.96868932495687,-18.81710254455819,1826.9717131937991,0.08,0.8039373296821618,0.16411205073995772,0.2063953488372093,0.12103594080338266,0.1649048625792812
474000,237,-411.4101196289063,78.26517851864344,0.0,0.0006574621959237344,0.22,11.6,1521,1,1520,0,0.0,2.98,3960,600,61,2,61,3960,0.40131578947368424,0.3670405042172583,0.01381578947368421,0.015404040404040404,0.0006578947368421052,False,paper_literal_eq15_eq20_joint_v3,paper_joint,paper_fixed_v1,paper,0.0,paper_eq9,vanilla_mappo_paper_env_v2,tanh_squashed_normal_v1,eq17_engineering_thresholds_unbounded_tail_v2,"{""d_att_max_m"":null,""h_adv_m"":5000.0,""h_att_m"":2000.0,""h_max_m"":10000.0,""h_min_m"":0.0,""high_altitude_tail"":0.1,""version"":""eq17_engineering_thresholds_unbounded_tail_v2""}",2.2066750526428223,2.128444194793701,2.274170160293579,0.7911155223846436,-0.41885741520673037,121.51372680664062,6.620360553264618,-1.2399644615414933,-0.1768795745624377,37.084539191704245,0.0,0.0,-357.6776409150448,-89.4,0.0,-1.2399644615414933,-0.41332148718049777,-0.1768795745624377,-0.05895985818747923,37.084539191704245,12.361513063901414,0.0,0.0,0.0,0.0,-357.6776409150448,-119.22588030501493,-89.4,0,837,0,38,136479,27563,15033,73086,55401,9776,866,65769,0,15,0,0,0,53,0.0,0.04540023894862605,0.0,0.011452261719070683,0.0,0.0,0.0,0.0,0.0,0.0,0.0,0.0,0.0,0.0,1.0,4032.4203847718636,3590.6169131845186,4081.48992167405,4525.715720671527,26.30187740258577,26.74375353146804,137.3365680986376,139.89254459950826,7.919869831250561,2032.7062512791979,0.34146341463414637,0.8150709874939047,0.18431970197273728,0.24003048006096012,0.13385826771653545,0.17907035814071628
476000,238,-413.39228759765626,78.86149690217303,0.0,0.000657030223390276,0.22,11.9,1522,1,1521,0,0.0,2.98,3962,601,61,2,61,3962,0.40131578947368424,0.3655656025096881,0.013806706114398421,0.015396264512872286,0.0006574621959237344,False,paper_literal_eq15_eq20_joint_v3,paper_joint,paper_fixed_v1,paper,0.0,paper_eq9,vanilla_mappo_paper_env_v2,tanh_squashed_normal_v1,eq17_engineering_thresholds_unbounded_tail_v2,"{""d_att_max_m"":null,""h_adv_m"":5000.0,""h_att_m"":2000.0,""h_max_m"":10000.0,""h_min_m"":0.0,""high_altitude_tail"":0.1,""version"":""eq17_engineering_thresholds_unbounded_tail_v2""}",2.2260146141052246,2.1341824531555176,2.303295373916626,0.7997176051139832,-0.32181439399719236,36.113305282592776,6.6430087208747866,-1.2400303471484093,-0.1780597868394587,38.50706133772317,0.0,0.0,-361.0810751099293,-89.4,0.0,-1.2400303471484093,-0.4133434490494698,-0.1780597868394587,-0.05935326227981957,38.50706133772317,12.83568711257439,0.0,0.0,0.0,0.0,-361.0810751099293,-120.36035836997644,-89.4,9,1259,0,49,102732,6048,15875,26399,17402,6565,0,84891,0,0,0,0,0,49,0.0,0.03891977760127085,8.760658801541876e-05,0.04769120042425849,0.0,0.0,0.0,0.0,0.0,0.0,0.0,0.0,0.0,0.0,0.0,4477.249293050115,3509.0566196014115,4365.189994683236,5031.410005841924,19.34428609866582,15.103239370626833,150.39241249867183,165.7400919398886,-11.639888411245744,1787.8494708407886,0.08,0.7984302660474223,0.16107101767597531,0.19987449011609665,0.13053027925949168,0.15280828365233762
478000,239,-410.2183184814453,81.65535099868042,0.0,0.0006544502617801048,0.2,12.62,1528,1,1527,0,0.0,2.98,3973,608,62,2,62,3973,0.40522875816993464,0.3654005334314357,0.013970748744815542,0.015605336018122326,0.0006548788474132286,False,paper_literal_eq15_eq20_joint_v3,paper_joint,paper_fixed_v1,paper,0.0,paper_eq9,vanilla_mappo_paper_env_v2,tanh_squashed_normal_v1,eq17_engineering_thresholds_unbounded_tail_v2,"{""d_att_max_m"":null,""h_adv_m"":5000.0,""h_att_m"":2000.0,""h_max_m"":10000.0,""h_min_m"":0.0,""high_altitude_tail"":0.1,""version"":""eq17_engineering_thresholds_unbounded_tail_v2""}",2.236511707305908,2.14711856842041,2.3089051246643066,0.8044630885124207,-0.5030462954193353,107.10274887084961,6.663909536600113,-1.224025576944076,-0.1727362845933016,43.10366815798882,0.0,0.0,-362.52502100276996,-89.4,0.0,-1.224025576944076,-0.4080085256480253,-0.1727362845933016,-0.05757876153110053,43.10366815798882,14.367889385996273,0.0,0.0,0.0,0.0,-362.52502100276996,-120.84167366758999,-89.4,15,890,1,35,114064,24085,6981,59353,51682,7152,1513,61366,0,11,0,0,1,46,0.06666666666666667,0.03932584269662921,0.00013150511993266937,0.014995029737334254,5069.727199765908,5069.727199765908,5069.727199765908,5069.727199765908,43.44257386525443,43.44257386525443,109.06294122188748,109.06294122188748,130.02645759978674,4055.1541892433825,0.0,4527.8553729097,3609.337629535612,4085.6039894972046,5263.493776201547,22.048799276744557,18.107268737250916,134.47016917874973,140.5279001505173,5.994741387538115,2254.0203683990962,0.35294117647058826,0.8126537511486569,0.1912616593028964,0.24418262150220912,0.14698085419734905,0.18262150220913106
480000,240,-405.2183587646484,84.29256016426748,0.0,0.0006527415143603133,0.2,12.32,1532,1,1531,0,0.0,2.98,3983,610,62,2,62,3983,0.40522875816993464,0.36487724441187247,0.01393424776834313,0.015566156163695707,0.0006531678641410843,False,paper_literal_eq15_eq20_joint_v3,paper_joint,paper_fixed_v1,paper,0.0,paper_eq9,vanilla_mappo_paper_env_v2,tanh_squashed_normal_v1,eq17_engineering_thresholds_unbounded_tail_v2,"{""d_att_max_m"":null,""h_adv_m"":5000.0,""h_att_m"":2000.0,""h_max_m"":10000.0,""h_min_m"":0.0,""high_altitude_tail"":0.1,""version"":""eq17_engineering_thresholds_unbounded_tail_v2""}",2.257005453109741,2.1733148097991943,2.3261983394622803,0.8136434555053711,-0.32797741871327163,61.92733917236328,6.683117032051086,-1.2383909132883126,-0.17183450196992628,42.29813503589113,0.0,0.0,-356.70608488909033,-89.4,0.0,-1.2383909132883126,-0.4127969710961042,-0.17183450196992628,-0.05727816732330876,42.29813503589113,14.099378345297042,0.0,0.0,0.0,0.0,-356.70608488909033,-118.90202829636344,-89.4,0,1290,0,43,120826,19646,10307,48349,37173,8900,0,72913,0,0,0,0,0,43,0.0,0.03333333333333333,0.0,0.026681006846056794,0.0,0.0,0.0,0.0,0.0,0.0,0.0,0.0,0.0,0.0,0.0,4217.530890590595,3448.781390494991,3977.7205767578735,4822.814851234733,20.11138207590393,18.948435887953107,145.5885901277815,150.00728949244115,-7.892613678609553,1812.8928652340026,0.2127659574468085,0.812597512504371,0.18448326917382293,0.24666864080544862,0.13621557595498965,0.1705655907610305
482000,241,-400.20048461914064,84.52714742432947,0.0,0.0006510416666666666,0.2,12.02,1536,1,1535,0,0.0,2.98,3992,613,62,2,62,3992,0.40522875816993464,0.3640674874601003,0.013897937024972856,0.015531062124248497,0.0006514657980456026,False,paper_literal_eq15_eq20_joint_v3,paper_joint,paper_fixed_v1,paper,0.0,paper_eq9,vanilla_mappo_paper_env_v2,tanh_squashed_normal_v1,eq17_engineering_thresholds_unbounded_tail_v2,"{""d_att_max_m"":null,""h_adv_m"":5000.0,""h_att_m"":2000.0,""h_max_m"":10000.0,""h_min_m"":0.0,""high_altitude_tail"":0.1,""version"":""eq17_engineering_thresholds_unbounded_tail_v2""}",2.282222270965576,2.1910927295684814,2.362459659576416,0.8246714472770691,-0.30022031255066395,85.22845306396485,6.714786893129348,-1.2707635821845102,-0.1730615602302153,41.263226038751625,0.0,0.0,-350.6196826581849,-89.4,0.0,-1.2707635821845102,-0.42358786072817006,-0.1730615602302153,-0.057687186743405096,41.263226038751625,13.754408679583875,0.0,0.0,0.0,0.0,-350.6196826581849,-116.8732275527283,-89.4,0,1422,0,49,130492,18344,14479,58933,42515,13070,0,71790,0,6,0,0,0,55,0.0,0.034458509142053444,0.0,0.02412909575280403,0.0,0.0,0.0,0.0,0.0,0.0,0.0,0.0,0.0,0.0,0.0,4077.9583401218583,3402.139203088121,3999.523671109393,4551.798929687597,26.769333942203097,26.74435310739761,150.5591973599384,159.7939004651813,-32.43291570991915,2080.9592601840022,0.20930232558139536,0.8145587154516734,0.1870543060888645,0.2528798683488755,0.1437191442676906,0.16456390565002743
484000,242,-404.96637573242185,85.86469207863843,0.0,0.000649772579597141,0.2,12.24,1539,1,1538,0,0.0,2.98,3999,615,62,2,62,3999,0.4,0.36334726512811194,0.013870827915041179,0.015503875968992248,0.0006501950585175553,False,paper_literal_eq15_eq20_joint_v3,paper_joint,paper_fixed_v1,paper,0.0,paper_eq9,vanilla_mappo_paper_env_v2,tanh_squashed_normal_v1,eq17_engineering_thresholds_unbounded_tail_v2,"{""d_att_max_m"":null,""h_adv_m"":5000.0,""h_att_m"":2000.0,""h_max_m"":10000.0,""h_min_m"":0.0,""high_altitude_tail"":0.1,""version"":""eq17_engineering_thresholds_unbounded_tail_v2""}",2.307875633239746,2.2158761024475098,2.392075300216675,0.8358368277549744,-0.333904130011797,70.99029846191407,6.748602825403213,-1.2903666993701632,-0.17389562611022477,42.369056331688334,0.0,0.0,-356.4709477465523,-89.4,0.0,-1.2903666993701632,-0.43012223312338776,-0.17389562611022477,-0.05796520870340826,42.369056331688334,14.123018777229445,0.0,0.0,0.0,0.0,-356.4709477465523,-118.82364924885077,-89.4,35,1124,2,41,120137,14166,10527,47297,32147,8878,2133,75173,0,0,0,0,2,41,0.05714285714285714,0.036476868327402136,0.000291334060281179,0.0237647208068165,5293.199971693503,4636.389782455673,5293.199971693503,5950.010160931332,41.38378502588324,41.38378502588324,102.96210992829104,102.96210992829104,88.6707770619669,3224.3161035599182,1.0,4256.949619152418,3804.520798270525,4131.876723666679,4787.803311399018,25.816344119755207,21.237644447620063,145.70860834911656,151.21795958971302,-14.440314458473711,2240.9185716457273,0.20930232558139536,0.8135471733992589,0.18769113149847094,0.2436926605504587,0.1522362385321101,0.16714449541284404
486000,243,-407.37532897949217,85.94488137902613,0.0,0.0006476683937823834,0.16,12.3,1544,1,1543,0,0.0,2.96,4011,618,63,2,63,4011,0.4064516129032258,0.36265822784810126,0.014041909699719161,0.015706806282722512,0.0006480881399870382,False,paper_literal_eq15_eq20_joint_v3,paper_joint,paper_fixed_v1,paper,0.0,paper_eq9,vanilla_mappo_paper_env_v2,tanh_squashed_normal_v1,eq17_engineering_thresholds_unbounded_tail_v2,"{""d_att_max_m"":null,""h_adv_m"":5000.0,""h_att_m"":2000.0,""h_max_m"":10000.0,""h_min_m"":0.0,""high_altitude_tail"":0.1,""version"":""eq17_engineering_thresholds_unbounded_tail_v2""}",2.3290536403656006,2.238271951675415,2.4140634536743164,0.8449841737747192,-0.2690073844045401,82.54397735595703,6.778017061948776,-1.275994651627473,-0.1736652504789427,41.91198790228737,0.0,0.0,-359.0374389796232,-88.8,0.0,-1.275994651627473,-0.425331550542491,-0.1736652504789427,-0.05788841682631424,41.91198790228737,13.97066263409579,0.0,0.0,0.0,0.0,-359.0374389796232,-119.67914632654106,-88.8,0,1520,0,54,139593,21778,12690,61901,53299,9163,0,78617,0,1,0,0,0,55,0.0,0.035526315789473684,0.0,0.024555338362869744,0.0,0.0,0.0,0.0,0.0,0.0,0.0,0.0,0.0,0.0,0.0,4405.486598763856,3658.515071774924,4260.303087762583,4824.81133224091,23.97824405364618,22.836466422889927,139.95211426836872,148.71476050281768,-5.896546694640387,2017.0718403507256,0.1875,0.8214956495272719,0.20477233990747504,0.2646700754808863,0.1538836133430728,0.19576333089846604
488000,244,-403.0359866333008,89.81766525069867,0.0,0.0006464124111182935,0.18,12.38,1547,1,1546,0,0.0,2.94,4018,620,64,2,64,4018,0.41025641025641024,0.3619167717528373,0.014230271668822769,0.015928322548531607,0.000646830530401035,False,paper_literal_eq15_eq20_joint_v3,paper_joint,paper_fixed_v1,paper,0.0,paper_eq9,vanilla_mappo_paper_env_v2,tanh_squashed_normal_v1,eq17_engineering_thresholds_unbounded_tail_v2,"{""d_att_max_m"":null,""h_adv_m"":5000.0,""h_att_m"":2000.0,""h_max_m"":10000.0,""h_min_m"":0.0,""high_altitude_tail"":0.1,""version"":""eq17_engineering_thresholds_unbounded_tail_v2""}",2.3532891273498535,2.2484099864959717,2.4470741748809814,0.8552109599113464,-0.28915605060756205,51.57918930053711,6.80743955373764,-1.307581145045351,-0.1760646205665199,43.15771586305775,0.0,0.0,-356.509827551844,-88.2,0.0,-1.307581145045351,-0.43586038168178365,-0.1760646205665199,-0.05868820685550663,43.15771586305775,14.385905287685917,0.0,0.0,0.0,0.0,-356.509827551844,-118.836609183948,-88.2,15,1065,1,42,95501,13157,21448,32829,17818,13133,1029,71097,0,0,0,0,1,42,0.06666666666666667,0.03943661971830986,0.0001570664181526895,0.03244082975418076,9251.655624941246,9251.655624941246,9251.655624941246,9251.655624941246,44.91757467587314,44.91757467587314,168.45281482377504,168.45281482377504,-40.63804064979673,2516.9705660652053,0.0,4164.271970517507,3177.3941005296065,3809.240172985627,5033.147006140924,27.221119010643065,25.637757576554094,146.11624340307685,146.11514006232392,2.4286976408227363,2366.298544711362,0.1568627450980392,0.8116365495747639,0.19080535439982443,0.2583936800526662,0.13890717577353523,0.17511520737327188
490000,245,-390.7919924926758,70.4288087517385,0.0,0.0006451612903225806,0.14,12.04,1550,1,1549,0,0.0,2.94,4025,622,64,2,64,4025,0.40764331210191085,0.36105130965195553,0.014202711426726921,0.015900621118012423,0.0006455777921239509,False,paper_literal_eq15_eq20_joint_v3,paper_joint,paper_fixed_v1,paper,0.0,paper_eq9,vanilla_mappo_paper_env_v2,tanh_squashed_normal_v1,eq17_engineering_thresholds_unbounded_tail_v2,"{""d_att_max_m"":null,""h_adv_m"":5000.0,""h_att_m"":2000.0,""h_max_m"":10000.0,""h_min_m"":0.0,""high_altitude_tail"":0.1,""version"":""eq17_engineering_thresholds_unbounded_tail_v2""}",2.367978572845459,2.26244854927063,2.462193489074707,0.8614346385002136,-0.43703476171940564,81.54407348632813,6.832209426164627,-1.32674680778914,-0.17562759883741935,41.80645495473996,0.0,0.0,-342.8958233275282,-88.2,0.0,-1.32674680778914,-0.4422489359297133,-0.17562759883741935,-0.05854253294580645,41.80645495473996,13.935484984913321,0.0,0.0,0.0,0.0,-342.8958233275282,-114.29860777584274,-88.2,15,1297,1,46,113899,14699,9761,52555,38496,12848,3622,73949,0,12,0,0,1,58,0.06666666666666667,0.03546646106399383,0.00013169562507133514,0.02467890781086481,2925.9839608820475,2925.9839608820475,2925.9839608820475,2925.9839608820475,10.739151063864831,10.739151063864831,128.8487890832948,128.8487890832948,326.0874811845832,2925.2996881572826,0.0,4185.741413057456,3239.5524980783844,3990.7458530253507,4580.944436741833,24.7472845585107,21.77904912676898,151.31366475191035,167.91158207138392,-21.716989834940108,2051.821676851575,0.21951219512195122,0.8160482625597675,0.19500372856077555,0.2569910514541387,0.13450782997762864,0.1935123042505593
492000,246,-394.12565460205076,80.65899228409454,0.0,0.0006435006435006435,0.1,12.12,1554,1,1553,0,0.0,2.94,4032,627,64,2,64,4032,0.4050632911392405,0.36006429719592786,0.014166130070830651,0.015873015873015872,0.000643915003219575,False,paper_literal_eq15_eq20_joint_v3,paper_joint,paper_fixed_v1,paper,0.0,paper_eq9,vanilla_mappo_paper_env_v2,tanh_squashed_normal_v1,eq17_engineering_thresholds_unbounded_tail_v2,"{""d_att_max_m"":null,""h_adv_m"":5000.0,""h_att_m"":2000.0,""h_max_m"":10000.0,""h_min_m"":0.0,""high_altitude_tail"":0.1,""version"":""eq17_engineering_thresholds_unbounded_tail_v2""}",2.3857078552246094,2.276068687438965,2.483276605606079,0.8688570857048035,-0.35856091417372227,82.90482177734376,6.852910649776459,-1.340744294550703,-0.1802344070258389,42.34890733794887,0.0,0.0,-346.7533418321557,-88.2,0.0,-1.340744294550703,-0.44691476485023435,-0.1802344070258389,-0.060078135675279636,42.34890733794887,14.116302445982958,0.0,0.0,0.0,0.0,-346.7533418321557,-115.58444727738522,-88.2,15,1404,1,50,119251,18146,9828,44397,37175,5753,1467,84006,0,0,0,0,1,50,0.06666666666666667,0.03561253561253561,0.00012578510872026231,0.03162375836205149,7683.2386325032085,7683.2386325032085,7683.2386325032085,7683.2386325032085,43.35235394348371,43.35235394348371,91.20689742877012,91.20689742877012,191.4602829310727,4279.042469725415,1.0,4292.344107334623,3247.2195202716675,4015.72610231696,4842.083133952508,25.600787255883002,25.932959233538924,145.3515983505006,149.68516540223155,-2.917583755155805,2156.69716832427,0.11764705882352941,0.8224710465231727,0.2055220332784787,0.2671420735052112,0.15907844212835984,0.19034558420186506
494000,247,-398.7810464477539,88.41714923597098,0.0,0.0006406149903907751,0.18,12.46,1561,1,1560,0,0.0,2.92,4049,631,65,2,65,4049,0.4012345679012346,0.3599431060538715,0.014316239316239316,0.016053346505309953,0.000641025641025641,False,paper_literal_eq15_eq20_joint_v3,paper_joint,paper_fixed_v1,paper,0.0,paper_eq9,vanilla_mappo_paper_env_v2,tanh_squashed_normal_v1,eq17_engineering_thresholds_unbounded_tail_v2,"{""d_att_max_m"":null,""h_adv_m"":5000.0,""h_att_m"":2000.0,""h_max_m"":10000.0,""h_min_m"":0.0,""high_altitude_tail"":0.1,""version"":""eq17_engineering_thresholds_unbounded_tail_v2""}",2.408736228942871,2.3061656951904297,2.4951603412628174,0.8785741329193115,-0.4414033111184835,108.67024612426758,6.878332704305649,-1.3515563613086798,-0.18060013650852255,43.154499672757595,0.0,0.0,-352.80315080795003,-87.6,0.0,-1.3515563613086798,-0.4505187871028933,-0.18060013650852255,-0.06020004550284085,43.154499672757595,14.384833224252532,0.0,0.0,0.0,0.0,-352.80315080795003,-117.60105026931667,-87.6,64,1295,4,51,141963,29385,15579,63112,52117,8561,3687,85313,0,0,0,0,4,51,0.0625,0.039382239382239385,0.0004508216929763389,0.02051907719609583,5593.41003374788,5131.306423638845,6258.0471550873135,6720.1507651963475,40.67216135342904,40.40644770631873,107.27029812131963,96.79310050000576,152.20766364786124,2393.9943283785647,0.5,3788.7750960819876,3005.4544242498264,3700.6407403842913,4303.851168701227,20.471777290946065,17.438665800025763,143.72388328979852,150.6273603815433,2.0171513006076225,1571.1084792661995,0.19230769230769232,0.8290122084179503,0.22898482346465363,0.3205944798301486,0.15758433592828497,0.20877565463552725
496000,248,-390.69651275634766,85.10477636562692,0.0,0.0006381620931716656,0.22,11.5,1567,1,1566,0,0.0,2.9,4059,639,66,2,66,4059,0.4074074074074074,0.3594898591798778,0.01447424435930183,0.016260162601626018,0.0006385696040868455,False,paper_literal_eq15_eq20_joint_v3,paper_joint,paper_fixed_v1,paper,0.0,paper_eq9,vanilla_mappo_paper_env_v2,tanh_squashed_normal_v1,eq17_engineering_thresholds_unbounded_tail_v2,"{""d_att_max_m"":null,""h_adv_m"":5000.0,""h_att_m"":2000.0,""h_max_m"":10000.0,""h_min_m"":0.0,""high_altitude_tail"":0.1,""version"":""eq17_engineering_thresholds_unbounded_tail_v2""}",2.431918144226074,2.3262102603912354,2.517272472381592,0.88814377784729,-0.3779367381706834,87.88332824707031,6.907700169086456,-1.3554991811908197,-0.18288659855932143,41.65450304173571,0.0,0.0,-343.8124127136335,-87.0,0.0,-1.3554991811908197,-0.4518330603969399,-0.18288659855932143,-0.06096219951977381,41.65450304173571,13.884834347245237,0.0,0.0,0.0,0.0,-343.8124127136335,-114.60413757121115,-87.0,0,1026,0,42,139683,24132,16764,77694,59471,13905,0,67290,0,8,0,0,0,50,0.0,0.04093567251461988,0.0,0.01320565294617345,0.0,0.0,0.0,0.0,0.0,0.0,0.0,0.0,0.0,0.0,0.0,3811.3807777573356,3194.503226851125,3611.5929110426587,4105.494149656862,26.955868298951128,27.18173991090059,146.1538019474184,158.0555286959521,-3.46122638666708,1963.5932912152255,0.28888888888888886,0.8264056180290267,0.22055743515385853,0.30183663605606575,0.14475592073465443,0.2150797486708555
498000,249,-389.22946075439455,82.29922690949634,0.0,0.0006361323155216285,0.22,10.9,1572,1,1571,0,0.0,2.9,4067,646,66,2,66,4067,0.4074074074074074,0.3584523179975322,0.014428177381710164,0.01622817801819523,0.0006365372374283895,False,paper_literal_eq15_eq20_joint_v3,paper_joint,paper_fixed_v1,paper,0.0,paper_eq9,vanilla_mappo_paper_env_v2,tanh_squashed_normal_v1,eq17_engineering_thresholds_unbounded_tail_v2,"{""d_att_max_m"":null,""h_adv_m"":5000.0,""h_att_m"":2000.0,""h_max_m"":10000.0,""h_min_m"":0.0,""high_altitude_tail"":0.1,""version"":""eq17_engineering_thresholds_unbounded_tail_v2""}",2.450071334838867,2.345843553543091,2.540743827819824,0.8955788612365723,-0.365167491696775,70.69291305541992,6.932816535234451,-1.386030839314327,-0.1839874265246688,38.82465644244256,0.0,0.0,-339.48391068668735,-87.0,0.0,-1.386030839314327,-0.4620102797714423,-0.1839874265246688,-0.0613291421748896,38.82465644244256,12.941552147480854,0.0,0.0,0.0,0.0,-339.48391068668735,-113.16130356222912,-87.0,0,1515,0,55,150168,21752,17096,71961,55075,10694,0,82396,0,26,0,0,0,81,0.0,0.036303630363036306,0.0,0.021053070413140453,0.0,0.0,0.0,0.0,0.0,0.0,0.0,0.0,0.0,0.0,0.0,4120.169318226969,3549.3871653801334,3976.7719200618917,4514.781186810474,23.644910565046075,20.59730300733301,139.8189944960388,143.96953195234542,4.608500846531808,1944.8740181835146,0.14,0.8225223433766545,0.22493603163526402,0.2903000697836706,0.16329378925331473,0.2212142358688067
500000,250,-389.8663357543945,81.1398669729403,0.0,0.0006337135614702154,0.2,10.4,1578,1,1577,0,0.0,2.9,4080,651,67,2,67,4080,0.4110429447852761,0.35811463179145087,0.014584654407102092,0.01642156862745098,0.0006341154090044388,False,paper_literal_eq15_eq20_joint_v3,paper_joint,paper_fixed_v1,paper,0.0,paper_eq9,vanilla_mappo_paper_env_v2,tanh_squashed_normal_v1,eq17_engineering_thresholds_unbounded_tail_v2,"{""d_att_max_m"":null,""h_adv_m"":5000.0,""h_att_m"":2000.0,""h_max_m"":10000.0,""h_min_m"":0.0,""high_altitude_tail"":0.1,""version"":""eq17_engineering_thresholds_unbounded_tail_v2""}",2.4730496406555176,2.358635902404785,2.5753347873687744,0.9048025012016296,-0.3697620311751962,99.54703369140626,6.956808811426162,-1.3833693198823502,-0.18630488858286193,35.809624301236674,0.0,0.0,-337.10612855129256,-87.0,0.0,-1.3833693198823502,-0.4611231066274501,-0.18630488858286193,-0.06210162952762064,35.809624301236674,11.936541433745559,0.0,0.0,0.0,0.0,-337.10612855129256,-112.36870951709751,-87.0,15,1251,1,47,119420,18683,15864,54855,42895,13484,2662,73433,0,0,0,0,1,47,0.06666666666666667,0.037569944044764186,0.0001256071009881092,0.02280557834290402,8687.687413508083,8687.687413508083,8687.687413508083,8687.687413508083,39.7440595184761,39.7440595184761,110.9034252280933,110.9034252280933,124.33280258151976,2794.712997436606,1.0,4122.588044260797,3296.927210467288,3874.10042370718,4685.420642447145,27.3873615697712,28.993518436345965,142.55556283346695,151.74632846219296,-7.034484448643048,2218.3789639312677,0.2641509433962264,0.8273884990284646,0.23910921834797266,0.31700825126430665,0.16795315411232367,0.23236624966728772
