team,shooter_id,target_id,missile_id,current_step,physics_frame,range_m,AO_rad,AO_deg,TA_rad,TA_deg,relative_distance_3d_m,horizontal_range_m,altitude_diff_m,shooter_speed_mps,target_speed_mps,closing_speed_mps,shooter_alt_m,target_alt_m,target_alive_at_launch,raw_termination_reason,termination_reason,is_success,flight_time_sec,launch_step,termination_step,step_delta,target_alive_at_termination
blue,blue_0,red_2,m0,41,483,6155.709512605225,0.2799969419365301,16.04264304953274,1.5857310604674257,90.85569720758784,6155.709512605225,6142.592022858878,-401.65015161073643,263.5863300875696,263.6259382959853,276.8381941776648,6065.139466654959,5663.489315044222,True,hit,hit,True,8.683333333333344,41,84,43,False
blue,blue_1,red_1,m0,47,554,5494.373658116335,0.08752438781743328,5.014778026405166,1.616713313975203,92.63084957338786,5494.373658116335,5476.23265407384,-446.11412604629913,257.36466234404526,268.60214513057093,282.74764835540935,6057.702453170708,5611.588327124409,True,hit,hit,True,7.649999999999978,47,85,38,False
blue,blue_0,red_1,m1,49,581,5391.031509280728,0.07076110003751669,4.054312385852717,1.6877050095611628,96.69837411094088,5391.031509280728,5365.292888763262,-526.1681782890373,254.91079686534096,256.1538870848369,255.7955115910423,6063.916995703944,5537.748817414907,True,hit,hit,True,7.98333333333331,49,89,40,False
blue,blue_0,red_0,m1,53,625,5163.252893399705,0.05567458654703325,3.1899188352808365,1.6312625632412256,93.46446015141477,5163.252893399705,5143.622735822612,-449.80617239998355,253.56393646493333,258.0735588297707,268.8497353435831,6036.434202122868,5586.628029722884,True,hit,hit,True,7.416666666666646,53,90,37,False
blue,blue_0,red_2,m0,45,534,5790.201196293965,0.15571147311122696,8.921610231038107,1.684144056264243,96.49434651598418,5790.201196293965,5770.124026686435,-481.7661364396463,257.9414652725498,260.4358172144712,259.2043509219409,6074.689177176297,5592.92304073665,True,p_hit_fail,miss,False,9.283333333333374,45,91,46,True
blue,blue_0,red_2,m0,45,539,5903.102212061876,0.2220644457427164,12.72335552096951,1.6741784838919198,95.92336127861789,5903.102212061876,5885.079736982204,-460.9253902870769,258.8701056615723,261.4145907887778,250.54779782327736,6061.342662336754,5600.417272049677,True,p_hit_fail,miss,False,9.366666666666712,45,92,47,True
blue,blue_0,red_2,m2,54,648,5171.233853520104,0.2500283446833904,14.325568909000486,1.5908416660556917,91.14851333855145,5171.233853520104,5158.8818915440825,-357.2074983688535,252.94010220376563,263.43147788831203,235.20842614992523,6012.162793701392,5654.955295332538,True,hit,hit,True,7.583333333333312,54,92,38,False
blue,blue_0,red_2,m0,50,600,5606.4566633663935,0.24202047331858995,13.866751676913752,1.635135399804044,93.68635734120822,5606.4566633663935,5580.776487655555,-535.9945084013116,254.83946819825172,265.1723762387669,241.28584221910103,6049.514342396877,5513.519833995565,True,hit,hit,True,8.550000000000004,50,93,43,False
blue,blue_0,red_0,m1,48,575,5373.591132972767,0.1168775080754878,6.6965879327316475,1.6901311235033374,96.83738020044532,5373.591132972767,5329.006457849749,-690.7762565108997,257.471386149872,263.692315898797,243.66945237242717,6041.431461612972,5350.655205102073,True,hit,hit,True,9.1166666666667,48,94,46,False
blue,blue_0,red_0,m2,59,702,4490.042064811952,0.05357928167541936,3.0698667093441596,1.664497599763651,95.3686874761129,4490.042064811952,4401.952340880752,-885.0386050310144,249.692628323836,271.7170201491513,232.09949761374816,5989.682538127561,5104.643933096547,True,hit,hit,True,7.299999999999979,59,95,36,False
blue,blue_0,red_2,m0,55,654,5000.986779320533,0.317385181947446,18.184831405580383,1.6410291295663955,94.0240431821816,5000.986779320533,4999.456930871226,-123.6897865727824,251.16025789198292,256.7214990063948,244.18328341405686,5993.952629163762,5870.26284259098,True,hit,hit,True,7.98333333333331,55,95,40,False
blue,blue_0,red_0,m2,56,672,4937.506277849084,0.09643366837110409,5.5252422006284805,1.5875631354592166,90.96066737236892,4937.506277849084,4908.346508895112,-535.8197387333557,248.88326805680578,262.4479094024731,244.95746286511968,6018.059237715965,5482.239498982609,True,hit,hit,True,7.666666666666645,56,95,39,False
blue,blue_0,red_2,m0,49,582,5443.5974237056635,0.2990000953717262,17.131443538809012,1.652000180592875,94.65263810282154,5443.5974237056635,5393.455277304948,-737.152008127453,257.1575014587472,270.99474008071354,246.02309975304843,6038.406817991878,5301.254809864425,True,hit,hit,True,9.333333333333377,49,96,47,False
blue,blue_0,red_0,m1,58,694,4778.315176678179,0.09312569135953253,5.335709079139131,1.746072344014614,100.04257603655215,4778.315176678179,4723.24652431987,-723.3520568666991,249.97466098157926,269.44855082227025,213.7122407594292,6003.1546598435825,5279.8026029768835,True,p_hit_fail,miss,False,7.649999999999978,58,96,38,True
blue,blue_0,red_1,m1,51,609,5240.156944880014,0.13537203569313314,7.756246309310867,1.6568817483998828,94.93233133557003,5240.156944880014,5194.240578584347,-692.1774474525973,254.31765306963993,273.063253666645,247.82919453546114,6044.794317791598,5352.616870339,True,hit,hit,True,8.950000000000024,51,96,45,False
blue,blue_0,red_2,m0,52,618,5216.77340444984,0.2064146241674736,11.826686794575322,1.6687632594731996,95.61309177430903,5216.77340444984,5189.957102259203,-528.2707923824992,253.5078989158677,268.02484330260245,257.2089728249698,6018.851752906451,5490.580960523952,True,hit,hit,True,9.100000000000032,52,97,45,False
blue,blue_0,red_1,m1,55,653,4995.684774383082,0.17440191383382664,9.992493601682513,1.5936396751092623,91.30882744836045,4995.684774383082,4965.176074869616,-551.2648279595714,252.274724154506,266.9931823979523,251.3587011732379,6017.421610872381,5466.15678291281,True,hit,hit,True,8.566666666666672,55,98,43,False
blue,blue_0,red_0,m1,61,726,4430.6605488116575,0.16572952908903452,9.495602557492285,1.675067847061829,95.97431803470805,4430.6605488116575,4388.4975414907285,-609.7886741534712,245.85342586711744,269.8345299355759,229.2895163508494,5944.550881186171,5334.7622070327,True,hit,hit,True,7.333333333333313,61,98,37,False
blue,blue_0,red_0,m1,61,721,4835.9908957389125,0.1039794716867478,5.957584883650688,1.6510157959358214,94.59623701655494,4835.9908957389125,4802.692852672764,-566.523879951762,245.24106156293308,265.01215703054055,224.62940076491415,5950.81789780346,5384.294017851698,True,hit,hit,True,7.683333333333311,61,99,38,False
blue,blue_0,red_1,m2,55,655,5199.739899286218,0.15886225101866175,9.102136507317182,1.7981938946065608,103.0289209071483,5199.739899286218,5146.550726773856,-741.8292505506561,252.1247524793881,272.5329971771105,203.76926457640297,6020.413697087626,5278.58444653697,True,hit,hit,True,8.800000000000017,55,99,44,False
blue,blue_0,red_1,m2,63,756,4479.233843174327,0.29527524795759036,16.91802550264881,1.7330179556714604,99.29461468036467,4479.233843174327,4405.819490113445,-807.6449977401971,243.8141681106332,272.4662239348917,201.4034097824122,5924.210717763063,5116.565720022866,True,hit,hit,True,8.349999999999994,63,105,42,False
blue,blue_0,red_1,m2,69,821,4102.096875524867,0.27460810961167553,15.733885700814904,1.6000282220163573,91.67486422335834,4102.096875524867,4010.092303903107,-863.9204190016271,241.40266995756477,273.01803459847537,213.55585725556784,5888.787522543959,5024.867103542332,True,p_hit_fail,miss,False,7.6333333333333115,69,107,38,True
blue,blue_0,red_1,m2,61,726,4793.268030060317,0.23730311173819335,13.596466767919864,1.7449399145733793,99.97769260897304,4793.268030060317,4718.314659949025,-844.3489667835411,248.4108768133981,278.2909888158907,201.75228655695992,5979.190280649578,5134.841313866037,True,hit,hit,True,9.733333333333396,61,110,49,False
blue,blue_0,red_0,m2,73,868,4056.252033650009,0.23274541194917578,13.335329805721491,1.7399569764315768,99.692191283873,4056.252033650009,3864.7556534576424,-1231.602330120004,242.09049425006125,279.2332789440365,165.2756496564063,5840.095329551161,4608.492999431157,True,hit,hit,True,8.349999999999994,73,114,41,False
blue,blue_0,red_0,m3,100,1196,3240.8930508984545,0.2813696262774678,16.12129206887217,1.7463766972236439,100.06001419091082,3240.8930508984545,2950.3293545351544,-1341.2473549387041,246.98206470764782,261.05850738974294,155.78862260725361,5517.891811797368,4176.644456858664,True,hit,hit,True,6.6166666666666485,100,133,33,False
blue,blue_0,red_1,m3,108,1293,3079.4645169752534,0.21574697550719257,12.361391139274478,1.9110692129864688,109.49620026151248,3079.4645169752534,2894.953230014365,-1049.9273819360196,247.34063695701502,256.5058224742106,115.59971339373392,5332.557734885599,4282.630352949579,True,hit,hit,True,6.049999999999984,108,138,30,False
blue,blue_0,red_2,m3,93,1105,4027.055392209579,0.4604252234739991,26.38042208642791,2.174750940122646,124.60405036113562,4027.055392209579,3943.038898117281,-818.302743401432,251.15209553486568,301.303704149758,74.78538852463896,5707.479581495049,4889.176838093617,True,hit,hit,True,10.750000000000114,93,146,53,False
blue,blue_0,red_2,m3,93,1115,4060.9642228176285,0.5567022569924821,31.896689771076545,1.8950859214671016,108.5804251147255,4060.9642228176285,4008.10230773045,-653.105129187199,248.54269785650595,302.35387194802087,107.97706567806082,5640.490146756085,4987.385017568886,True,hit,hit,True,10.733333333333446,93,147,54,False
blue,blue_0,red_0,m1,58,694,4577.355048845956,0.0750512915146427,4.3001222507950345,1.6343828351247556,93.64323856127437,4577.355048845956,4538.2062828556855,-597.3800946171068,249.79283149048874,270.5281185274322,254.4476305429508,6028.089202065139,5430.709107448032,True,hit,hit,True,7.14999999999998,58,94,36,False
blue,blue_0,red_2,m0,47,563,5659.347652554136,0.2401844013175062,13.761552500369515,1.7160099678754595,98.3201287616438,5659.347652554136,5623.693598698793,-634.2603254376154,256.70028630716473,269.2381352314422,240.0607180348347,6073.384479154571,5439.124153716955,True,hit,hit,True,9.533333333333387,47,95,48,False
blue,blue_0,red_2,m0,50,594,5437.193050834085,0.2868977523746077,16.438030362854413,1.7040614978256974,97.63553185615397,5437.193050834085,5413.559338363581,-506.4025691630286,257.1254001529351,268.1569620022732,243.71510894123654,6004.752086413993,5498.349517250965,True,hit,hit,True,9.233333333333372,50,96,46,False
blue,blue_0,red_1,m2,65,773,4090.1797965539863,0.2535418189629768,14.526876156648552,1.7314605886773862,99.20538412445124,4090.1797965539863,4080.3604900948444,-283.2473106869202,246.5190200207105,265.8522749188167,240.63726857496565,5981.910398892371,5698.663088205451,True,hit,hit,True,7.0833333333333135,65,100,35,False
blue,blue_0,red_2,m0,45,538,5780.331885994873,0.24319163923425702,13.933854540991051,1.7029623099491706,97.57255302993704,5780.331885994873,5773.932452962145,-271.9204679305958,259.30010646048385,259.32793539254635,258.867051993262,6060.020356833667,5788.099888903072,True,hit,hit,True,9.200000000000037,45,91,46,False
blue,blue_0,red_0,m1,59,698,4594.095809149618,0.07459353716642035,4.273894858588132,1.6366071947946423,93.770684982478,4594.095809149618,4496.02636596549,-944.1732998709649,251.50022030593777,265.52866689776255,241.93663956639955,5942.943335850281,4998.770035979316,True,hit,hit,True,8.299999999999992,59,100,41,False
blue,blue_0,red_1,m2,61,728,4526.800817984561,0.2504526794949434,14.34988150280295,1.7038214528671425,97.62177829313538,4526.800817984561,4465.986706050814,-739.5190241522478,250.36767325575994,263.7900459989013,208.4881366235905,5915.447264051798,5175.92823989955,True,hit,hit,True,8.18333333333332,61,102,41,False
blue,blue_0,red_2,m0,43,507,5998.218424619005,0.28327401341100417,16.23040541418282,1.600313679628898,91.6912197397868,5998.218424619005,5991.4784127567045,-284.27222676390284,260.70609420302424,259.38556729530944,274.470148727549,6083.835412135956,5799.563185372053,True,hit,hit,True,9.483333333333384,43,90,47,False
blue,blue_0,red_0,m1,63,751,4500.372738443717,0.15611039397581067,8.944466712938462,1.6377898006241143,93.83844330533431,4500.372738443717,4420.169228665995,-845.8479620367125,247.0990396354622,273.68723594993645,217.21688129358523,5942.007685412373,5096.15972337566,True,hit,hit,True,7.5499999999999785,63,101,38,False
blue,blue_0,red_0,m2,61,728,4345.041747821279,0.1379438159552909,7.903598464167555,1.6507924744777993,94.58344163953556,4345.041747821279,4341.346593377294,-179.15788143746613,247.01468602777354,260.7947735373617,254.53622313163325,6045.860981381387,5866.703099943921,True,hit,hit,True,6.933333333333314,61,96,35,False
blue,blue_0,red_1,m2,66,781,4461.351067260284,0.2555222055832925,14.640343951796822,1.7672512238490476,101.25603646587993,4461.351067260284,4404.844599112495,-707.8117002522376,245.15009143182274,270.6124189326074,204.18927469164566,5915.738278843317,5207.926578591079,True,hit,hit,True,8.950000000000024,66,110,44,False
blue,blue_0,red_1,m1,59,697,4954.0116114361,0.22253903612696252,12.750547546984306,1.7431548433506414,99.8754155617799,4954.0116114361,4918.111578963858,-595.3230577638706,248.48475591269946,268.687878776145,211.5864730782198,6060.053686077073,5464.730628313202,True,hit,hit,True,8.85000000000002,59,103,44,False
blue,blue_0,red_1,m0,51,611,5101.062432470085,0.17127157936019502,9.813138647879114,1.6440780965382995,94.19873612154649,5101.062432470085,5061.473382053733,-634.2910552098019,254.21011289033174,267.3978849571644,258.04960862464105,6019.207207307774,5384.916152097972,True,hit,hit,True,8.566666666666672,51,94,43,False
blue,blue_0,red_0,m2,59,703,4586.049583755644,0.15789117364751784,9.046497872369976,1.7135398363199945,98.17860064867358,4586.049583755644,4557.875648096317,-507.56315977018767,247.43195650136786,266.53543630209003,227.03045806466596,5962.724232085098,5455.161072314911,True,hit,hit,True,7.833333333333311,59,98,39,False
blue,blue_0,red_2,m1,56,669,4932.417738095654,0.3050639435802397,17.478876448764797,1.731405172563159,99.20220901498901,4932.417738095654,4879.09005952447,-723.3428883525121,249.95896686791187,268.55091538882044,222.30451023617718,5984.149799960887,5260.806911608375,True,hit,hit,True,8.58333333333334,56,99,43,False
blue,blue_0,red_2,m0,51,604,5465.110239396134,0.2129149662763601,12.199128962805688,1.61454347633663,92.506527034469,5465.110239396134,5417.400266676195,-720.5583108736955,257.0965250031015,275.94967129044204,236.5514754197121,6012.405677488112,5291.847366614416,True,hit,hit,True,8.733333333333347,51,94,43,False
blue,blue_0,red_0,m1,53,634,5179.51450646092,0.10848684012143973,6.215838071669024,1.6010720438061572,91.73467080647767,5179.51450646092,5150.77367703447,-544.8862730955079,256.05342169256187,272.4620746058008,240.02647055938948,5989.470188841016,5444.583915745508,True,hit,hit,True,8.45,53,95,42,False
blue,blue_0,red_1,m2,59,700,4797.71653859437,0.2275629715033013,13.038397840594987,1.691871472538276,96.93709485502697,4797.71653859437,4731.0083790743665,-797.272664670043,253.8954137339088,263.76203298173755,239.42051779704508,5930.952070757894,5133.679406087851,True,hit,hit,True,8.083333333333314,59,99,40,False
blue,blue_0,red_0,m1,55,658,4931.7070589126115,0.0762731145111829,4.370127551808816,1.7018793548070876,97.51050427089369,4931.7070589126115,4903.7045297087625,-524.8012959609077,252.19167024269777,260.30021436520667,240.34557927206725,6013.774336541441,5488.973040580533,True,hit,hit,True,7.366666666666646,55,92,37,False
blue,blue_0,red_1,m0,55,651,4892.779917147038,0.1671663934040798,9.577928818477336,1.6161874416145956,92.60071930656248,4892.779917147038,4861.489730829295,-552.4607811226788,250.1783739459646,270.11082860938365,248.38442682078443,6025.495328553731,5473.0345474310525,True,hit,hit,True,8.283333333333324,55,96,41,False
blue,blue_0,red_1,m0,52,624,5303.756063206292,0.1459197296555552,8.36058465695327,1.6461399572256594,94.31687203687615,5303.756063206292,5247.857224144253,-767.9993053346307,253.82152110202216,271.21583435565776,232.77862880551496,6031.1023389736365,5263.103033639006,True,p_hit_fail,miss,False,9.166666666666702,52,98,46,True
blue,blue_0,red_0,m2,63,752,4314.345326212839,0.14697101845752067,8.420819068355257,1.7137148762731043,98.18862969923293,4314.345326212839,4263.695448119768,-659.1484806152066,241.7862246651586,269.688508633908,214.56932807096058,5960.562978685795,5301.414498070589,True,hit,hit,True,7.333333333333313,63,100,37,False
blue,blue_0,red_2,m2,58,688,4919.322078013371,0.24246903088216254,13.892452132175134,1.6949558929819215,97.11381912869173,4919.322078013371,4814.429105984807,-1010.4464808569146,250.81854195306514,272.3103086737056,204.18017771657253,5994.646702187287,4984.200221330372,True,hit,hit,True,8.833333333333352,58,102,44,False
blue,blue_0,red_2,m1,57,681,5150.822690120752,0.3183379546844992,18.23942126224866,1.6176695846802112,92.68563984885684,5150.822690120752,5128.646931254808,-477.44637352630616,247.78281115391684,268.4993281589379,228.8775330795793,6007.228085850842,5529.781712324536,True,hit,hit,True,9.333333333333377,57,104,47,False
blue,blue_0,red_2,m0,47,562,5667.0118790477245,0.20935701773286064,11.99527352753845,1.5886462703950919,91.02272643283774,5667.0118790477245,5649.867812625047,-440.47399143590974,257.1545368870431,265.712782055868,259.4765602207928,6063.036999661928,5622.563008226019,True,hit,hit,True,9.616666666666724,47,95,48,False
blue,blue_0,red_0,m1,58,693,4760.150315840267,0.12114486085374813,6.9410892366193915,1.739754666304929,99.68059976746332,4760.150315840267,4715.649571798991,-649.3690363623627,250.09467974224967,270.84731918876156,217.2029369820896,5999.773341358331,5350.404304995968,True,hit,hit,True,8.266666666666657,58,99,41,False
blue,blue_0,red_2,m0,51,607,5579.474187856363,0.18287569646681506,10.478005583064004,1.662902737063817,95.27730857450956,5579.474187856363,5556.782881868801,-502.6889860791389,253.26975053196642,268.5586966391737,237.0174015929078,6052.37771132869,5549.688725249551,True,hit,hit,True,8.600000000000007,51,94,43,False
blue,blue_0,red_1,m3,99,1188,3967.554421692772,0.4286350938224845,24.558981827222425,2.306275937778432,132.1398776272802,3967.554421692772,3868.3925573450642,-881.4914131012165,245.11015100410904,296.1088501059352,28.311070739426167,5556.916165342922,4675.424752241705,True,hit,hit,True,9.650000000000059,99,148,49,False
blue,blue_0,red_1,m2,63,748,4588.87398787966,0.2667513127120981,15.283724397977648,1.6007272768135614,91.71491711288651,4588.87398787966,4537.167631252183,-686.9311192223204,246.8351615094245,269.65849496001294,226.91507437191987,5958.1472619411825,5271.216142718862,True,hit,hit,True,7.966666666666644,63,103,40,False
blue,blue_0,red_1,m2,61,725,4601.470854196738,0.1547434934258432,8.866149080411216,1.5966061927635318,91.47879638980113,4601.470854196738,4527.439855500118,-822.0841665250173,246.11298978496822,275.1316608928477,219.50323188911287,5975.282725641309,5153.198559116292,True,hit,hit,True,7.6333333333333115,61,99,38,False
blue,blue_0,red_0,m1,57,676,4969.160314377247,0.06954858818188618,3.9848405739155135,1.727387623703999,98.97202042137154,4969.160314377247,4917.19604941384,-716.7546592877525,249.59328783183733,275.3418845875001,215.93715108613154,6011.218694516136,5294.464035228383,True,hit,hit,True,9.233333333333372,57,103,46,False
blue,blue_0,red_0,m1,55,654,4822.375942984506,0.11528854205335752,6.605546885873892,1.6101696494422573,92.25592521310062,4822.375942984506,4821.805664951354,-74.16107414767521,252.5045864226031,244.6338578330256,287.1191463926859,6032.177316406038,5958.016242258363,True,hit,hit,True,7.1666666666666465,55,91,36,False
blue,blue_1,red_1,m2,56,671,4687.399377645156,0.11183073358704892,6.407429054389805,1.6451346423483812,94.2592717373264,4687.399377645156,4676.71235920759,-316.34543585007214,251.7199227294894,257.4642317283605,267.65798947124165,6018.462959741076,5702.117523891004,True,hit,hit,True,7.183333333333313,56,92,36,False
blue,blue_0,red_2,m0,49,586,5564.527677588036,0.3179525848106502,18.21734119492562,1.6839931845742173,96.4857022048977,5564.527677588036,5564.036030832611,-73.96838675933759,256.9077346168572,256.9435944284154,247.64986705304437,6040.177265760168,5966.20887900083,True,hit,hit,True,9.066666666666697,49,95,46,False
blue,blue_0,red_2,m0,49,587,5497.179521572785,0.22086021002820433,12.65435789698905,1.6783618385328651,96.16304984375051,5497.179521572785,5454.968091472658,-679.9307416306065,255.88951550311654,272.7876028338989,242.02228000835265,6058.523710655964,5378.592969025358,True,hit,hit,True,9.416666666666714,49,96,47,False
blue,blue_0,red_0,m1,67,803,3887.4971780039104,0.16992086783626206,9.735748578218073,1.6526711202868523,94.69108011559425,3887.4971780039104,3772.4158318869404,-938.8892907670916,245.67538904945985,267.80884779122005,224.4723303385549,5900.350697244698,4961.461406477606,True,hit,hit,True,7.266666666666646,67,104,37,False
blue,blue_1,red_1,m2,69,827,3844.1814711404286,0.1938519756313624,11.106900053949946,1.6674300639170152,95.53670529567407,3844.1814711404286,3729.937195318661,-930.2148687468671,244.025681900947,266.72168702891105,225.04410059426047,5850.730976950278,4920.516108203411,True,hit,hit,True,7.5499999999999785,69,107,38,False
blue,blue_0,red_2,m0,47,554,5730.161250504935,0.21482073164779245,12.308321275330941,1.5892808281164816,91.05908391213082,5730.161250504935,5713.382429914378,-438.18850547904276,258.0768220230688,271.1198600880542,261.04751059169,6055.001352199213,5616.8128467201705,True,hit,hit,True,8.833333333333352,47,91,44,False
blue,blue_0,red_1,m0,52,623,5059.337672594233,0.08583704464890907,4.918100384258497,1.6513237461374715,94.6138812634097,5059.337672594233,5033.217643620459,-513.4372768692792,252.7536959569308,262.41119234951464,253.66227651206563,6042.469692900268,5529.032416030988,True,hit,hit,True,7.849999999999977,52,92,40,False
blue,blue_0,red_0,m1,55,653,5044.972671254001,0.05176196618962311,2.9657422019642676,1.6441308944770467,94.20176122060369,5044.972671254001,4993.388350518182,-719.5985232121029,251.12563370341627,265.23577883213846,237.99334726766625,6025.4486276461885,5305.850104434086,True,hit,hit,True,7.433333333333312,55,92,37,False
blue,blue_0,red_1,m1,58,689,4858.895239866241,0.14537904179648367,8.329605524594507,1.7427878191203092,99.85438662240283,4858.895239866241,4801.408673941123,-745.2098347430474,250.98106627190535,274.7994131935946,216.75394687065614,5989.728151177908,5244.518316434861,True,hit,hit,True,8.399999999999997,58,100,42,False
blue,blue_0,red_0,m2,64,763,4589.705406905222,0.1233263490892591,7.06607930557161,1.6942065746997912,97.07088635361367,4589.705406905222,4488.557614871008,-958.2516684872107,247.54914638396593,274.80957624746304,210.25564040129666,5928.611484766207,4970.359816278996,True,hit,hit,True,8.233333333333322,64,105,41,False
blue,blue_0,red_2,m2,58,693,4837.212395287853,0.23477006131896558,13.451333669604269,1.7679740464882734,101.29745115244407,4837.212395287853,4796.745586967061,-624.3841213855949,248.4874440617331,266.38286335158665,221.86750779675194,5999.677795091994,5375.293673706399,True,hit,hit,True,9.150000000000034,58,104,46,False
blue,blue_0,red_2,m0,52,615,5319.607157349392,0.36245052949475287,20.7668856223313,1.6914981615161828,96.91570570901533,5319.607157349392,5318.389778039952,-113.80016416079252,254.41582544464646,251.57001034430652,252.3162302479363,6052.705207968851,5938.9050438080585,True,hit,hit,True,8.216666666666654,52,93,41,False
blue,blue_0,red_0,m2,66,781,3713.621915631421,0.10460116906133086,5.9932055193486615,1.619697771997406,92.80184642219406,3713.621915631421,3668.4276665820335,-577.6038324954934,244.87095525369918,254.39214317046745,250.73036887901134,5995.18803413871,5417.584201643216,True,hit,hit,True,5.883333333333318,66,95,29,False
blue,blue_0,red_1,m1,62,733,4570.201827046306,0.23400959573709484,13.407762201298116,1.5757812522545596,90.28561519002601,4570.201827046306,4502.01028758587,-786.5418681852789,246.63982843358318,272.65441910716214,219.637398327839,6023.933826258339,5237.39195807306,True,hit,hit,True,7.416666666666646,62,99,37,False
blue,blue_0,red_1,m0,42,497,6054.053070732667,0.1893744109206195,10.850354493527664,1.6749170466690408,95.96567780865237,6054.053070732667,6040.554045503692,-404.0611421513104,262.58638267547775,262.65194580868746,266.2280849142626,6058.282127053176,5654.220984901865,True,hit,hit,True,9.466666666666717,42,89,47,False
blue,blue_0,red_0,m0,47,562,5475.32838892179,0.06830726434553058,3.9137179570833496,1.5931518451685864,91.28087685163959,5475.32838892179,5465.563847299299,-326.8528684710818,256.2570703365063,270.7133086423754,278.2604484832383,6069.85141715771,5742.998548686628,True,hit,hit,True,7.866666666666644,47,87,40,False
blue,blue_0,red_0,m1,52,617,5193.689768750314,0.04233801772708089,2.425789728711797,1.6228115385412307,92.98025210354425,5193.689768750314,5156.912208226166,-616.9845141246533,254.25404771563197,268.60285838626686,260.1815960405922,6029.188535175603,5412.204021050949,True,hit,hit,True,7.949999999999977,52,92,40,False
blue,blue_0,red_0,m1,49,580,5327.536941917301,0.07114144135685585,4.076104338225289,1.6775960527674139,96.11917355137896,5327.536941917301,5322.606174247823,-229.1579833924543,255.29591343667624,254.48934386814557,272.21302833731323,6077.315388083356,5848.157404690902,True,hit,hit,True,7.749999999999978,49,87,38,False
blue,blue_0,red_2,m1,52,621,5355.521469929732,0.1659206719138991,9.506554234641232,1.5891059351892007,91.04906328553093,5355.521469929732,5347.018867929859,-301.66113584684445,252.6571712939783,264.06868165731555,232.20008387616005,6053.681623417564,5752.0204875707195,True,hit,hit,True,8.38333333333333,52,94,42,False
blue,blue_0,red_1,m2,56,662,4940.413702521565,0.13230482664218665,7.5805081758073065,1.6887521831748575,96.75837273942305,4940.413702521565,4922.485727468864,-420.50186079037394,250.8459751194672,267.7459646674969,246.2904202055314,6032.967248302399,5612.465387512025,True,hit,hit,True,7.899999999999977,56,95,39,False
blue,blue_0,red_2,m0,40,480,6386.844821350556,0.294385569274611,16.867050668991336,1.653289587212024,94.72651566017501,6386.844821350556,6380.809278962939,-277.59632114434226,263.12612617232963,258.79707710273993,255.04236710586076,6080.550471079073,5802.954149934731,True,hit,hit,True,9.833333333333401,40,90,50,False
blue,blue_0,red_2,m2,56,671,4991.344517753078,0.255441558237332,14.635723199244351,1.6545215457082971,94.79710168254675,4991.344517753078,4939.915589767672,-714.6705960608897,251.71255784267592,276.40872817847855,233.88868727523123,5996.765932165467,5282.095336104578,True,hit,hit,True,9.183333333333369,56,102,46,False
blue,blue_0,red_1,m2,54,648,5178.1666982986135,0.1623146493541642,9.299944361139461,1.6182305132097854,92.71777868620991,5178.1666982986135,5081.37724569345,-996.5017021147542,251.22433842324608,267.82581570738023,229.13591481279502,6060.567644150789,5064.065942036035,True,hit,hit,True,8.566666666666672,54,97,43,False
blue,blue_0,red_1,m1,51,604,5264.792530991228,0.13792212263044182,7.902355528210096,1.6719574331203182,95.79610444332083,5264.792530991228,5260.864944071034,-203.323472883696,254.41519512693358,256.80204630772624,274.2242569409122,6054.308215416512,5850.984742532816,True,hit,hit,True,7.883333333333311,51,90,39,False
blue,blue_0,red_0,m2,60,720,4543.896339800287,0.1446213965740132,8.2861956509787,1.6826788700489521,96.41039752964727,4543.896339800287,4524.433478119871,-420.1138523288291,248.430852508566,265.9824850625716,238.2104167299799,5996.780398311159,5576.66654598233,True,hit,hit,True,6.916666666666647,60,95,35,False
blue,blue_0,red_2,m0,48,574,5576.166537054935,0.2450090633799405,14.037985274123884,1.725517995271506,98.86489860293204,5576.166537054935,5523.8597304043415,-761.9756740136154,256.42776188379975,273.2592618172456,230.0840038317652,6060.494260185613,5298.518586171997,True,hit,hit,True,9.633333333333391,48,96,48,False
blue,blue_0,red_0,m1,56,670,4967.344935031879,0.07823602940893862,4.482594290993571,1.6632801159449064,95.29893079167336,4967.344935031879,4900.477926145411,-812.3003132760841,250.10521188901944,268.7288308510685,234.31550106758317,5986.556341081567,5174.2560278054825,True,hit,hit,True,7.566666666666645,56,94,38,False
blue,blue_0,red_2,m0,50,600,5560.038280532345,0.21559800156230424,12.352855560974962,1.601556259857487,91.76241434259136,5560.038280532345,5537.38471499199,-501.3942552105618,254.62990642442554,266.9781111203219,251.14963293056928,6036.859710899767,5535.465455689206,True,hit,hit,True,9.033333333333362,50,96,46,False
blue,blue_0,red_1,m2,60,709,4611.697059084556,0.13845567850845633,7.932926028154725,1.6571785826492276,94.94933868527241,4611.697059084556,4548.415007721584,-761.3610722267131,246.8376259144235,267.0790706697943,237.4552686274333,5955.515471443886,5194.154399217173,True,hit,hit,True,7.516666666666645,60,97,37,False
blue,blue_0,red_1,m1,54,647,5036.646638280161,0.19466413309230415,11.15343324876197,1.6872320632271887,96.67127628206798,5036.646638280161,5032.183926080777,-211.977104879531,252.32234928882139,263.0685435390895,248.62439385197254,6036.173052916934,5824.195948037403,True,hit,hit,True,8.133333333333317,54,95,41,False
blue,blue_0,red_1,m1,56,664,4706.680761247516,0.11624051836410995,6.660091110676441,1.6028703967790472,91.83770884189907,4706.680761247516,4682.235103964535,-479.0805981249123,250.89417135502327,262.2974289745611,265.67549736423314,6019.071792319146,5539.991194194234,True,hit,hit,True,7.033333333333314,56,91,35,False
blue,blue_0,red_2,m0,46,543,5690.062937217289,0.19624639339373082,11.244090086124816,1.6515956606836255,94.62946081929253,5690.062937217289,5681.158664574535,-318.2019129790551,258.2204414836841,267.3083770343342,269.9319535824717,6056.574089940241,5738.372176961186,True,hit,hit,True,9.066666666666697,46,91,45,False
blue,blue_0,red_2,m0,45,529,5930.555228494294,0.33014498580280166,18.915914313907017,1.66539310350118,95.4199960608115,5930.555228494294,5917.410391079378,-394.6385457184997,260.6722930969115,270.01631556481414,258.2699688739064,6060.170475831679,5665.531930113179,True,hit,hit,True,10.483333333333434,45,97,52,False
blue,blue_0,red_0,m2,69,817,3847.8433316259698,0.17497031974120664,10.025060861225692,1.6450107181775184,94.2521714053563,3847.8433316259698,3741.4820508722914,-898.4488676262617,244.76643422010977,272.4822694033131,218.3751273556998,5910.530747394801,5012.08187976854,True,hit,hit,True,6.883333333333314,69,103,34,False
blue,blue_0,red_0,m2,62,738,4635.8209340828635,0.12458921975277609,7.1384364646620195,1.6340582548692089,93.62464148251827,4635.8209340828635,4562.038048018385,-823.798871881676,246.24838508237022,269.2971472292274,213.12793827048858,5972.279378550404,5148.480506668728,True,hit,hit,True,7.349999999999979,62,99,37,False
blue,blue_0,red_2,m0,60,709,4640.7925247173425,0.3012263103513969,17.258996261432944,1.8098573615107405,103.69718833524831,4640.7925247173425,4628.454293237978,-338.1805921091518,249.8154481528622,264.1721638836007,226.244093814438,5995.421521533362,5657.24092942421,True,hit,hit,True,7.916666666666644,60,99,39,False
blue,blue_0,red_1,m2,67,804,4340.429372676658,0.36755900952010495,21.05957996751086,1.644394841018742,94.2168842434599,4340.429372676658,4325.895614346811,-354.9003704834895,247.75959560454598,253.2477690744279,222.25590069044995,5928.937540344553,5574.037169861063,True,hit,hit,True,7.433333333333312,67,105,38,False
blue,blue_0,red_0,m1,64,766,4475.5759151160555,0.17116642565509813,9.8071137843769,1.6882848541680344,96.73159675968805,4475.5759151160555,4370.17841943707,-965.5673742693625,248.18861746134257,266.222558379452,192.46948480739968,5955.707813842853,4990.140439573491,True,hit,hit,True,8.099999999999982,64,105,41,False
blue,blue_0,red_2,m0,50,597,5537.225382735313,0.21749579813551362,12.46159129499425,1.6055011677099822,91.98844091310734,5537.225382735313,5498.113119522851,-656.9756952421803,254.8014311385729,264.60339742915505,246.09136498386755,6054.9985893918365,5398.022894149656,True,hit,hit,True,8.65000000000001,50,93,43,False
blue,blue_0,red_0,m1,53,630,5233.876610640748,0.06052962534633737,3.468092067853225,1.7178109893515536,98.42331969103643,5233.876610640748,5219.699104840028,-384.97484378138324,253.01203197162636,252.6589893420792,240.95507473742376,6045.798571272826,5660.823727491443,True,hit,hit,True,7.5499999999999785,53,91,38,False
blue,blue_0,red_2,m0,50,600,5432.685170008328,0.19457495271749214,11.148323589669848,1.683352830413467,96.44901261409306,5432.685170008328,5419.852399547454,-373.1864460937895,254.54428905524472,257.6397364174956,247.1513049078536,6057.677455057313,5684.491008963523,True,hit,hit,True,8.31666666666666,50,92,42,False
blue,blue_0,red_1,m0,48,573,5484.817309978991,0.1534693134819537,8.793143947286131,1.6066016728315455,92.05149521190546,5484.817309978991,5467.417550746132,-436.538944011123,256.49313419621257,268.4143206120232,253.66175605894193,6062.991755141942,5626.452811130819,True,hit,hit,True,8.299999999999992,48,90,42,False
blue,blue_0,red_1,m1,59,706,4799.886878421175,0.252679536613023,14.477471017247579,1.7554159443625128,100.57792490194372,4799.886878421175,4783.898889757495,-391.44023581739384,249.14273575469554,262.8503759614622,224.04389383072245,6000.028348800994,5608.5881129836,True,p_hit_fail,miss,False,8.233333333333322,59,100,41,True
blue,blue_0,red_0,m0,49,577,5340.627990695702,0.08982120000593044,5.146375671140259,1.640274917826563,93.98083003262998,5340.627990695702,5335.350991241273,-237.35445069172147,255.82074985052412,259.26004245917136,274.9911543127674,6065.884683611097,5828.5302329193755,True,hit,hit,True,7.399999999999979,49,85,36,False
blue,blue_1,red_2,m1,50,598,5463.029248116867,0.1656208986095599,9.489378489491907,1.6083044943967586,92.14905970085603,5463.029248116867,5441.58376593307,-483.58523976028664,254.90431674013652,271.2193173793656,247.90579465917233,6050.027398257602,5566.442158497315,True,hit,hit,True,9.000000000000027,50,95,45,False
blue,blue_0,red_0,m2,70,830,4019.6515687287797,0.23373681368581734,13.392132941032992,1.7406431232506012,99.73150460072942,4019.6515687287797,3955.8934053117932,-713.096136432111,241.97734038135334,271.7938288882905,203.52604400073415,5911.028106070929,5197.931969638818,True,hit,hit,True,7.349999999999979,70,106,36,False
blue,blue_0,red_0,m2,63,756,4335.524698016348,0.1503531801013703,8.614602656178869,1.6358950512680437,93.72988216399634,4335.524698016348,4260.825234192049,-801.3380876895953,246.60818043133858,273.5096422076482,225.84242819241484,5959.653940365446,5158.315852675851,True,hit,hit,True,7.283333333333313,63,100,37,False
blue,blue_1,red_2,m1,50,599,5214.74697050367,0.09749144296452222,5.585848220507506,1.6376441104214106,93.83009587160298,5214.74697050367,5162.940249235236,-733.2352618389377,254.74889383787828,271.4369971538748,261.09820193116644,6025.165652411815,5291.9303905728775,True,hit,hit,True,8.11666666666665,50,91,41,False
blue,blue_0,red_1,m2,62,739,4912.234362390574,0.2687263782478307,15.39688731743687,1.6471552861027146,94.37504609634917,4912.234362390574,4890.164631471347,-465.1196707917634,246.82933567063992,268.74866507960127,213.4130201878607,5980.921145282082,5515.8014744903185,True,hit,hit,True,8.933333333333357,62,107,45,False
blue,blue_0,red_1,m2,57,676,4994.665410719416,0.15293838778464555,8.762724145595334,1.6034333588820386,91.86996419442629,4994.665410719416,4954.550703661408,-631.7514462865865,249.90239012962502,268.4585731367606,246.78625147756142,6039.340800714169,5407.589354427582,True,hit,hit,True,8.133333333333317,57,97,40,False
blue,blue_0,red_2,m0,45,539,5889.306071957794,0.28104985578166236,16.102970569049713,1.6610603379071334,95.17174687865314,5889.306071957794,5888.313544092272,-108.11852597242068,259.2210811995879,255.12073808953835,262.90692381818224,6060.129371144289,5952.010845171868,True,hit,hit,True,9.150000000000034,45,91,46,False
blue,blue_0,red_0,m1,66,784,4224.656294576416,0.1840074553661017,10.5428505914195,1.6262821045252975,93.17910088695295,4224.656294576416,4196.585556815735,-486.20003252745937,244.6127913162573,254.9937151365897,241.2910407286392,5948.346892044523,5462.146859517064,True,hit,hit,True,6.816666666666648,66,100,34,False
blue,blue_0,red_1,m0,48,566,5566.820233791637,0.15774482235576454,9.038112561026225,1.6502968122979613,94.5550422885666,5566.820233791637,5552.714933402581,-396.03583640872057,257.79056251041584,264.92345359872866,263.816508653179,6040.30472784801,5644.268891439289,True,hit,hit,True,8.38333333333333,48,89,41,False
blue,blue_0,red_0,m0,55,659,4877.02334339639,0.06695679240260821,3.8363416144030658,1.6305736574963152,93.42498875974908,4877.02334339639,4835.946697219583,-631.645655161431,251.6646861731921,267.31837701837435,242.54366392573684,6023.222856485832,5391.577201324401,True,hit,hit,True,7.216666666666646,55,91,36,False
blue,blue_0,red_1,m3,102,1214,3540.0116324615146,0.553293055256388,31.701356900089678,2.016576324396464,115.54131245392178,3540.0116324615146,3493.8405338630587,-569.8777780352002,249.81161946920687,294.4688537993835,60.604972434332396,5532.5711045715925,4962.693326536392,True,hit,hit,True,7.849999999999977,102,141,39,False
blue,blue_0,red_1,m2,83,988,3656.2965740578024,0.3011022069052201,17.251885657743983,1.5790176028813274,90.47104442196432,3656.2965740578024,3522.3900082769082,-980.4454431827526,246.30375391399718,265.460041880128,199.39857884144658,5825.4394212257175,4844.993978042965,True,hit,hit,True,7.0833333333333135,83,118,35,False
blue,blue_0,red_2,m1,52,613,5328.058356412736,0.20091748287677738,11.51172379923133,1.6628156513255359,95.27231892925028,5328.058356412736,5306.067701535668,-483.58184008458375,254.81106219997073,267.32870325468315,259.54607582981515,6023.3542093890865,5539.772369304503,True,p_hit_fail,miss,False,9.500000000000052,52,99,47,True
blue,blue_0,red_0,m2,59,703,4825.737476924739,0.12954510321371787,7.422387670732672,1.6544586297683868,94.79349686472578,4825.737476924739,4758.03265826648,-805.523071715239,250.54285464151,270.0426581273091,223.70516459729592,5962.445888720384,5156.922817005145,True,hit,hit,True,8.299999999999992,59,100,41,False
blue,blue_0,red_2,m0,43,508,6059.254106395817,0.29512685491530133,16.90952320761654,1.656705888516397,94.92225530646063,6059.254106395817,6047.923148059674,-370.3861782498607,262.30455500287303,266.89686390945695,262.76170183858324,6051.524578909142,5681.138400659282,True,hit,hit,True,8.966666666666692,43,88,45,False
blue,blue_0,red_1,m1,52,618,5082.0863366759395,0.14179915690811123,8.124493229348106,1.6103602913361668,92.26684818902002,5082.0863366759395,5059.926174771691,-474.0766175299068,254.34857921237293,269.6054226420178,253.88935840469253,6027.437132244222,5553.360514714315,True,hit,hit,True,7.783333333333311,52,91,39,False
blue,blue_0,red_1,m2,68,805,4428.9243535361375,0.2653088682326363,15.201078417122538,1.6759003415339109,96.02201645442632,4428.9243535361375,4405.087065145392,-458.88874232677153,242.55176852171707,273.48917328392355,210.49030836514234,5912.771823319109,5453.883080992337,True,hit,hit,True,8.266666666666657,68,109,41,False
blue,blue_1,red_2,m1,64,758,4500.248777220806,0.30472037212547914,17.459191254445848,1.6699228816510692,95.67953323093073,4500.248777220806,4384.074817155744,-1015.936540566483,238.26430587499115,277.3494880804592,206.26636804277288,5946.0481371096275,4930.1115965431445,True,hit,hit,True,9.350000000000044,64,110,46,False
blue,blue_0,red_0,m2,57,680,4736.306649610747,0.07258056322345997,4.158559947386694,1.6148038737317192,92.5214467062038,4736.306649610747,4678.128641688668,-740.076408865405,251.2123895953705,265.52706025529324,247.84158849649353,5994.274276960057,5254.197868094652,True,hit,hit,True,7.683333333333311,57,95,38,False
blue,blue_0,red_0,m0,54,647,4682.102254759596,0.0775068113224076,4.4408131722907385,1.6376369816815348,93.82968742489486,4682.102254759596,4681.192486035747,-92.29535582766584,249.6571233287511,250.3505844136146,276.2035113064494,6096.865227010572,6004.569871182906,True,hit,hit,True,6.983333333333314,54,89,35,False
blue,blue_0,red_1,m0,48,576,5480.0406527840105,0.13144342720230695,7.531153623427266,1.63589952068868,93.73013824293567,5480.0406527840105,5460.460160435297,-462.83948887743736,256.5044877329645,261.4170562637186,270.47055793065175,6050.754059876225,5587.914570998788,True,hit,hit,True,8.099999999999982,48,89,41,False
blue,blue_1,red_2,m1,54,648,4925.526186304366,0.13100660171621004,7.506125366690163,1.6374875615593103,93.82112628251706,4925.526186304366,4899.044684185238,-510.06802911611067,251.14611876468717,261.61830437263814,262.28322980572887,6010.919868944817,5500.851839828706,True,hit,hit,True,8.04999999999998,54,95,41,False
blue,blue_0,red_0,m1,56,668,5027.912011678244,0.05583443051356593,3.1990772199437894,1.6064336617710726,92.04186888722884,5027.912011678244,5019.301720505555,-294.12486414505474,248.9440452694758,255.49150714632864,252.413551006525,5994.1947131079205,5700.069848962866,True,hit,hit,True,7.19999999999998,56,92,36,False
blue,blue_0,red_1,m2,57,679,4988.281986261863,0.24532149387142838,14.055886222677337,1.6211377098566953,92.88434878429244,4988.281986261863,4912.096325982532,-868.4853819918344,247.45305459305527,274.41131656943867,214.31990473630194,6094.987687185853,5226.502305194019,True,hit,hit,True,8.600000000000007,57,100,43,False
blue,blue_0,red_2,m3,100,1197,4150.093635804312,0.5628302406930692,32.24779737404515,2.4181546048965945,138.5500530707,4150.093635804312,4074.840568163583,-786.734726570362,249.1214426719718,323.7391412588641,-33.104619842448265,5495.489390600218,4708.754664029856,True,hit,hit,True,12.483333333333533,100,163,63,False
blue,blue_0,red_0,m2,62,734,4520.482284895103,0.15269335066433026,8.74868455277723,1.7400007659803958,99.69470024020711,4520.482284895103,4477.112098753757,-624.6817935902818,247.79715411231558,256.6775260012152,232.2352946423671,5959.752744941546,5335.070951351264,True,hit,hit,True,7.783333333333311,62,100,38,False
blue,blue_0,red_1,m2,59,698,4782.789457750884,0.17959917692395258,10.29027484176585,1.8157668286207596,104.03577585982377,4782.789457750884,4761.321849300862,-452.6469314412907,246.124229408704,262.6792036363525,218.28476985132082,5977.773545226271,5525.126613784981,True,hit,hit,True,7.916666666666644,59,98,39,False
blue,blue_0,red_2,m0,53,626,5269.029227923199,0.21037589108950638,12.053650670732578,1.7147291812424,98.24674509311272,5269.029227923199,5213.124423516294,-765.5081643240974,252.5293864531025,282.7029322857163,218.43735281547535,6018.275633578638,5252.767469254541,True,hit,hit,True,9.266666666666707,53,99,46,False
blue,blue_0,red_2,m1,53,628,5505.750922544305,0.2323940813498947,13.315200045168883,1.7633702059980827,101.0336705228047,5505.750922544305,5488.745424181671,-432.3966808640271,253.60683390558262,266.7718705242823,224.80755413842783,6030.491769277602,5598.095088413575,True,hit,hit,True,10.066666666666746,53,103,50,False
blue,blue_0,red_0,m0,58,685,4696.885232082342,0.022803249653337136,1.3065299643193755,1.6178384671399613,92.69531610103431,4696.885232082342,4637.82633400376,-742.494295583765,251.31786582038768,273.973343257571,245.02075606281264,5987.61804812812,5245.123752544355,True,hit,hit,True,7.0833333333333135,58,93,35,False
blue,blue_0,red_2,m2,63,745,4316.488411233887,0.2540947727899798,14.55855807720143,1.6674918960225664,95.54024801436056,4316.488411233887,4297.479252277075,-404.6532843861787,248.86395081272903,266.39856559068517,231.05416554524749,5945.284728358466,5540.631443972287,True,hit,hit,True,6.9999999999999805,63,97,34,False
blue,blue_0,red_1,m1,60,715,4789.319879778394,0.18484734873471703,10.590972936682183,1.619551020319454,92.79343817041095,4789.319879778394,4765.30760124788,-478.986822709885,250.22958320058885,275.71142262060323,220.51485699570304,5966.471341196792,5487.484518486907,True,hit,hit,True,7.816666666666644,60,99,39,False
blue,blue_0,red_2,m0,49,583,5676.723998608827,0.2577766661967959,14.769515030029039,1.6771857156086112,96.09566296400217,5676.723998608827,5667.296103859147,-327.0324564386992,255.90427803698424,264.65945775941015,239.95493602822918,6063.585248538253,5736.552792099554,True,p_hit_fail,miss,False,9.466666666666717,49,96,47,True
blue,blue_0,red_0,m2,64,766,4295.996200278359,0.1670450405885162,9.570975814313512,1.7475185004772413,100.12543469837627,4295.996200278359,4247.6998244294045,-642.3624789388787,246.17821397286434,267.64849851143396,222.19088816699,5960.569293561414,5318.206814622536,True,hit,hit,True,7.283333333333313,64,101,37,False
blue,blue_0,red_1,m1,58,693,4848.8092937083775,0.18881828731568248,10.818490958077172,1.6919211762040156,96.93994266530018,4848.8092937083775,4749.9472399530305,-974.1420760932797,250.01275439457802,278.39592958388465,212.56547242539187,6015.077334205138,5040.935258111858,True,p_hit_fail,miss,False,8.666666666666677,58,101,43,True
blue,blue_0,red_2,m0,48,569,5583.539971654053,0.21866760801167237,12.528731055289894,1.6935108546146385,97.03102452901194,5583.539971654053,5579.051720012974,-223.83145551691632,255.93866635470056,261.3866131161327,252.12181005057408,6080.726654673308,5856.895199156392,True,hit,hit,True,8.166666666666652,48,89,41,False
blue,blue_0,red_2,m0,47,558,5500.736511121046,0.2132360870747353,12.217527829266457,1.6436023461442941,94.17147763186829,5500.736511121046,5476.1764376807305,-519.2242176271457,257.22246884306605,268.0417887992825,265.5451973445238,6065.731234154091,5546.507016526945,True,hit,hit,True,8.65000000000001,47,90,43,False
blue,blue_0,red_0,m1,55,652,4935.203339050512,0.059801925683108825,3.4263979483971383,1.6230007460561398,92.9910928956007,4935.203339050512,4927.913058550551,-268.15086265436094,251.09103390049756,259.23354751081615,261.2264153420603,6061.964465335931,5793.81360268157,True,hit,hit,True,7.399999999999979,55,92,37,False
blue,blue_0,red_1,m1,50,594,5496.672620789246,0.15040540911922456,8.617595158470031,1.7724186787677958,101.5521098235483,5496.672620789246,5460.816927251879,-626.8080943745535,254.77370278597402,273.83934097275693,222.30091014371996,6059.433316036312,5432.625221661759,True,hit,hit,True,9.183333333333369,50,96,46,False
blue,blue_0,red_0,m2,71,847,4082.122482966247,0.2553447995513436,14.630179334905984,1.6884520510462586,96.74117643515805,4082.122482966247,4037.961249994898,-598.8262765428381,241.86673953318163,257.44170802680435,217.57844318955415,5919.483959110286,5320.657682567448,True,hit,hit,True,6.949999999999981,71,106,35,False
blue,blue_0,red_1,m2,61,725,4793.910295387901,0.25142857156994874,14.405795999961022,1.7589711962549899,100.78162583048855,4793.910295387901,4667.026728790001,-1095.6447567463738,247.34407217265615,280.3110875988608,197.242694495875,6025.492213651153,4929.847456904779,True,hit,hit,True,9.400000000000047,61,108,47,False
blue,blue_0,red_1,m4,103,1227,3751.086000139163,0.22359718973582068,12.811175282848415,1.7801862348607358,101.9971580048049,3751.086000139163,3426.4638556115897,-1526.4310094555153,245.19691294136715,262.8315835169566,114.89716403439238,5513.808218121751,3987.377208666236,True,p_hit_fail,miss,False,7.683333333333311,103,141,38,True
blue,blue_0,red_2,m3,98,1165,4110.255196293272,0.5475471083468675,31.372138392867917,1.833154848525119,105.03203601443305,4110.255196293272,4082.207814768889,-479.3507439189543,246.54469669128846,290.979219469009,93.23992447447523,5598.651327817568,5119.300583898614,True,hit,hit,True,8.78333333333335,98,141,43,False
blue,blue_0,red_2,m0,46,546,5754.438554818964,0.15649342302280322,8.966412660762055,1.6120984708063553,92.36643853669811,5754.438554818964,5747.798261060109,-276.36611829482536,256.70967263593235,270.63760540426597,267.5597911094984,6083.446365228568,5807.080246933742,True,hit,hit,True,8.78333333333335,46,90,44,False
blue,blue_0,red_1,m1,56,666,4837.027361455878,0.13420796981110092,7.689550247195247,1.6708384425912506,95.73199100869014,4837.027361455878,4818.500498519962,-422.94992757499585,249.14444723208837,256.9027309968181,249.5828849090742,6028.356076115635,5605.406148540639,True,hit,hit,True,7.766666666666644,56,95,39,False
blue,blue_0,red_0,m2,58,696,4866.953794081197,0.0879408271373442,5.03863824185936,1.7902537005862325,102.57398130126847,4866.953794081197,4860.210100266825,-256.1191421696103,246.62993877445368,251.98717915708855,227.1376248116004,6010.610016194044,5754.490874024434,True,hit,hit,True,7.733333333333311,58,97,39,False
blue,blue_0,red_2,m0,51,606,5381.795609039608,0.20083288123971735,11.506876482487892,1.683020902230293,96.42999453009575,5381.795609039608,5361.121368134169,-471.2766211188855,254.41757688010844,258.1450920071557,251.35278492676946,6051.517250500658,5580.240629381772,True,hit,hit,True,8.600000000000007,51,94,43,False
blue,blue_0,red_0,m2,58,688,4739.186176573637,0.1215823205457607,6.966153830678803,1.6100477241670426,92.24893940941486,4739.186176573637,4703.464822199892,-580.7790307464493,250.23977548969725,264.4523348306007,248.59733598993404,6004.5828735332725,5423.803842786823,True,p_hit_fail,miss,False,7.416666666666646,58,95,37,True
blue,blue_0,red_2,m0,48,572,5496.923151849944,0.3052452995147609,17.489267378402516,1.61510839311023,92.53889438137242,5496.923151849944,5480.060966384106,-430.2277792718887,257.3675543706592,261.5721435710172,265.210405628976,6054.90251880525,5624.674739533361,True,hit,hit,True,8.98333333333336,48,93,45,False
blue,blue_0,red_0,m1,61,722,4184.163405783905,0.0847451954737167,4.855542034655134,1.5826366186120282,90.67839874932493,4184.163405783905,4129.510584073261,-674.066571139736,248.3968001550115,265.00017199302124,251.00388200865547,5999.045067256788,5324.978496117052,True,hit,hit,True,6.566666666666649,61,93,32,False
blue,blue_0,red_1,m1,55,654,5129.397694077371,0.17061141764306562,9.77531416769149,1.6146101900634253,92.51034944944996,5129.397694077371,5108.3701177322255,-463.97784889657305,252.0430241760579,271.0158328139406,242.23970826281823,6026.827606509595,5562.849757613022,True,hit,hit,True,9.083333333333364,55,100,45,False
blue,blue_0,red_0,m2,66,784,4020.9773089155524,0.20579778895751452,11.7913447403896,1.6609777692657115,95.16701604397953,4020.9773089155524,3984.7441961001123,-538.5835222695077,246.04920209960247,271.27138226377775,227.85111845410125,5951.4318838767085,5412.848361607201,True,hit,hit,True,6.366666666666649,66,98,32,False
blue,blue_0,red_1,m1,60,709,4569.720175958838,0.22069419373607543,12.644845864119652,1.6919176262345266,96.93973926703106,4569.720175958838,4495.578134525844,-819.8290815398104,249.8272494841693,269.9285455618911,226.65334497219487,6003.340240316767,5183.511158776957,True,hit,hit,True,8.016666666666644,60,100,40,False
blue,blue_0,red_1,m2,64,759,4229.051007400198,0.27029906670244874,15.486995728375435,1.674253781944298,95.92767553922471,4229.051007400198,4175.80084735044,-668.999033227984,246.8915351027904,273.75577139685225,227.73870130719547,5970.412235251287,5301.413202023303,True,hit,hit,True,7.666666666666645,64,102,38,False
blue,blue_0,red_1,m5,142,1702,3169.144705851059,0.25238547914483667,14.460622765386198,2.69033849135813,154.14504101641393,3169.144705851059,2987.6128819446535,-1057.188457306529,252.73230344271502,238.70472565106422,92.6146204373684,4977.589472056781,3920.401014750252,True,hit,hit,True,6.6166666666666485,142,175,33,False
blue,blue_0,red_2,m0,55,654,5333.214840102291,0.2750813432275006,15.760999989725397,1.6982127645390932,97.30042412333387,5333.214840102291,5290.451972817228,-674.0166570653937,252.53257012010653,275.16599424008297,229.73082482794328,6035.70230905927,5361.6856519938765,True,hit,hit,True,10.566666666666771,55,108,53,False
blue,blue_0,red_2,m0,44,521,5971.715653767453,0.26394996551976385,15.123219026906071,1.631112631326391,93.45586968548044,5971.715653767453,5969.589155630921,-159.3523216804424,259.9030746646691,255.3536021412344,270.93811789928264,6066.7901426248445,5907.437820944402,True,hit,hit,True,9.450000000000049,44,91,47,False
blue,blue_0,red_0,m1,54,640,5026.897492850101,0.0009284744261422782,0.05319766600378361,1.6843286136881082,96.50492087744946,5026.897492850101,5001.519038993348,-504.48558573034006,251.14676271471447,260.3555862559735,242.4869796962178,6049.398190279781,5544.912604549441,True,hit,hit,True,7.733333333333311,54,92,38,False
blue,blue_0,red_1,m2,57,683,4644.758315103728,0.1261678482343444,7.22888521407503,1.7341464114163792,99.3592704319158,4644.758315103728,4615.670680530266,-519.0028657131834,249.04200435684623,261.1757487791792,238.97525432424513,6027.424692212588,5508.421826499404,True,hit,hit,True,7.399999999999979,57,94,37,False
blue,blue_0,red_0,m3,96,1147,3190.7013115675336,0.3474598309699933,19.907981864909587,1.9579726631895724,112.18357000275233,3190.7013115675336,3123.844281261077,-649.7474633049706,245.8475951157312,291.07074354725415,120.0839116715707,5619.977340419339,4970.229877114369,True,hit,hit,True,5.866666666666651,96,125,29,False
blue,blue_0,red_2,m0,43,509,5985.691601053711,0.3157649016125145,18.091996180760766,1.5936672478163674,91.31040724810731,5985.691601053711,5979.909716592732,-263.02799152327407,262.02450535352534,264.9579690665989,268.6081497920431,6062.029212928592,5799.001221405318,True,hit,hit,True,9.300000000000042,43,89,46,False
blue,blue_0,red_2,m0,52,615,5183.152738201906,0.20186045367866212,11.565752046383393,1.7070137147428115,97.80468142571173,5183.152738201906,5171.600451754296,-345.8627978616232,253.48578505711288,259.3717034514376,254.51280144201823,6045.16216279323,5699.299364931607,True,hit,hit,True,7.966666666666644,52,91,39,False
blue,blue_0,red_0,m2,66,792,3798.9051623016167,0.1668172280301113,9.557923116196832,1.7298897620233813,99.1153823868301,3798.9051623016167,3759.1586278962936,-548.0938263424687,245.130609335048,261.39388621511114,220.2199436417854,5971.546924976623,5423.453098634154,True,hit,hit,True,6.183333333333317,66,97,31,False
blue,blue_0,red_0,m2,61,721,4611.643588924925,0.11731005790890581,6.721371212615586,1.592943552414436,91.26894255592362,4611.643588924925,4591.087689854158,-434.93725448846635,247.46877066939228,264.3426792913588,226.58061053466326,5970.488733671489,5535.551479183023,True,p_hit_fail,miss,False,7.483333333333312,61,98,37,True
blue,blue_0,red_1,m1,63,756,4445.724628062314,0.2765692637356196,15.846251555091573,1.754569002771678,100.52939872329479,4445.724628062314,4419.396733083739,-483.1148767825107,246.34841958586895,266.3422796259725,211.6070278327129,5997.927888658001,5514.813011875491,True,p_hit_fail,miss,False,7.716666666666645,63,102,39,True
blue,blue_0,red_1,m1,58,691,4722.687212764853,0.16538870657380683,9.476074865806705,1.6503072295024852,94.55563915042013,4722.687212764853,4664.688570074052,-737.8719765875003,249.40278013260033,269.0491340438636,229.84447983071058,5993.061857055292,5255.189880467792,True,hit,hit,True,8.483333333333334,58,100,42,False
blue,blue_0,red_0,m3,99,1184,3234.3031041785084,0.1808302993081918,10.360812958446841,1.9115787561388213,109.52539493362207,3234.3031041785084,3217.652621221682,-327.76238167913016,247.955093361216,284.1290717025653,129.76502074250178,5554.060267033567,5226.297885354436,True,hit,hit,True,5.416666666666653,99,126,27,False
blue,blue_0,red_1,m0,52,613,5196.626086858194,0.15990178212521058,9.161697252394994,1.5944228800721039,91.35370178722496,5196.626086858194,5162.997396225372,-590.2377259927871,253.88762929516574,270.21157482456766,255.35984539836014,6062.262376438843,5472.024650446056,True,hit,hit,True,7.816666666666644,52,91,39,False
blue,blue_0,red_0,m0,47,556,5477.417611924396,0.031449308853017964,1.8019126658813451,1.652774356728572,94.69699512799673,5477.417611924396,5474.878790092416,-166.75109959385554,256.20811675692147,258.34250173220966,278.80453591161574,6071.274303029726,5904.5232034358705,True,hit,hit,True,8.04999999999998,47,87,40,False
blue,blue_0,red_2,m1,56,666,5112.636416444852,0.27522178023422605,15.769046437498215,1.6897728350597472,96.8168517847793,5112.636416444852,5091.717630790268,-462.02023230330724,251.17125248824843,272.8179622048551,226.62522232276504,6038.873619489032,5576.853387185724,True,hit,hit,True,8.91666666666669,56,100,44,False
blue,blue_0,red_1,m3,103,1233,3368.726657196903,0.603073363832233,34.5535584843445,1.8986780516028023,108.7862390109629,3368.726657196903,3340.225494211276,-437.27901702466534,244.0644864417531,288.7170451533927,57.47250706049126,5577.780768934995,5140.501751910329,True,p_hit_fail,miss,False,7.816666666666644,103,142,39,True
blue,blue_0,red_1,m1,48,575,5650.07810610687,0.1277473031796283,7.319381316370863,1.6607948220349176,95.15653393978143,5650.07810610687,5631.273775431719,-460.58470582857535,255.58366550987066,262.7418519356982,246.62515589970639,6076.593190809956,5616.00848498138,True,hit,hit,True,7.766666666666644,48,87,39,False
blue,blue_0,red_1,m1,51,610,5212.609338168195,0.08921455393375378,5.111617411546348,1.6518934376288872,94.64652218149233,5212.609338168195,5198.983338367908,-376.6541646273781,252.99330406265548,259.7240685980133,252.51479945253158,6055.218384165384,5678.564219538006,True,hit,hit,True,8.016666666666644,51,91,40,False
blue,blue_1,red_2,m0,46,544,5743.413359239355,0.1134289211628287,6.49899845735223,1.655580212506079,94.85775882197028,5743.413359239355,5718.179387868364,-537.7931788768474,258.12791780736734,268.3003018652237,259.3342455158953,6065.264691847055,5527.471512970207,True,hit,hit,True,9.300000000000042,46,92,46,False
blue,blue_0,red_0,m1,57,677,4705.93624348543,0.09016791624696527,5.166241048440195,1.6793797356804125,96.22137105428338,4705.93624348543,4686.394391119355,-428.41981587552164,248.22493339415658,262.2018256400935,250.31436173142666,5959.082138293745,5530.662322418223,True,hit,hit,True,6.949999999999981,57,92,35,False
blue,blue_0,red_2,m0,48,571,5843.506323081212,0.21799442587184623,12.49016055983427,1.693547070077459,97.03309952218467,5843.506323081212,5829.772944378561,-400.3917642532433,256.88284233304296,258.65584450404924,237.8191603228815,6030.007921035614,5629.616156782371,True,hit,hit,True,8.900000000000022,48,92,44,False
blue,blue_0,red_0,m2,78,929,3429.0458170265256,0.33127797107723467,18.980829588382502,1.6902059406064573,96.84166690468949,3429.0458170265256,3286.363991816623,-978.8600147918096,245.57666182140696,272.2244698278585,175.96008402612566,5838.222703827199,4859.36268903539,True,hit,hit,True,6.683333333333315,78,111,33,False
blue,blue_0,red_2,m2,54,640,5462.0779215725515,0.22186578856966724,12.711973303383795,1.729070158854432,99.06842258437376,5462.0779215725515,5447.121766806475,-403.93028967067585,251.45046597707517,263.07267864899495,232.78519776843765,6040.617531880192,5636.687242209516,True,p_hit_fail,miss,False,9.416666666666714,54,101,47,True
blue,blue_0,red_0,m2,60,714,4918.346487109561,0.1522072077349085,8.720830614681237,1.7135801491409826,98.18091040317645,4918.346487109561,4905.081055459236,-360.9875436048551,247.65742912974346,256.257443977567,238.83819313362673,6011.045640332819,5650.058096727964,True,hit,hit,True,8.216666666666654,60,101,41,False
blue,blue_0,red_2,m0,47,559,5691.095095417604,0.27264955362169535,15.621668708648972,1.685371444067048,96.56467065691074,5691.095095417604,5686.131568406164,-237.6366382971537,257.63979733984866,253.98608850256312,260.5354062417256,6063.332334612296,5825.695696315142,True,hit,hit,True,8.98333333333336,47,92,45,False
blue,blue_0,red_1,m2,67,797,4260.650767819323,0.22848358647489284,13.091145193023738,1.7659852258341395,101.18350012275376,4260.650767819323,4133.165235864009,-1034.4515930504367,238.8879725198546,273.1881080828137,177.38421696067607,5867.366193420717,4832.91460037028,True,hit,hit,True,8.18333333333332,67,108,41,False
blue,blue_0,red_2,m0,57,683,4981.097258847677,0.31263283514868484,17.91254199122886,1.5853363381917456,90.83308128711157,4981.097258847677,4969.18873487674,-344.22844053613335,250.97654216081838,267.09628994182543,246.7585072203926,6000.42163213359,5656.1931915974565,True,hit,hit,True,7.716666666666645,57,96,39,False
blue,blue_0,red_1,m1,56,669,4977.786780011505,0.1711076286355432,9.803744963308455,1.6657835915218406,95.44236937634577,4977.786780011505,4936.8540318238565,-637.0506225739355,250.7131366054944,279.8153688356889,230.3540358366428,6035.116025710346,5398.06540313641,True,hit,hit,True,8.349999999999994,56,98,42,False
blue,blue_0,red_0,m1,68,814,4135.491005329159,0.1920481656175337,11.00354935311413,1.7321502359056673,99.24489799998464,4135.491005329159,4073.026895722692,-716.0570940071357,242.91966870363112,261.6694280474164,208.18530664212258,5895.005542642217,5178.948448635081,True,hit,hit,True,7.24999999999998,68,104,36,False
blue,blue_0,red_0,m2,72,853,3976.547772390913,0.24543717708962043,14.062514382840233,1.5955500811642072,91.41828565246502,3976.547772390913,3932.281645391511,-591.6867815188734,242.2667043485635,269.3088079511848,224.89296843805815,5915.390423947043,5323.70364242817,True,hit,hit,True,7.133333333333313,72,107,35,False
blue,blue_0,red_1,m2,71,844,4088.085414510077,0.3203719367871598,18.355959852336255,1.6207941273859312,92.86466295880298,4088.085414510077,4052.254346522412,-540.0713540081979,240.98304142214627,271.12066664798397,194.3808180391351,5871.748336227023,5331.676982218825,True,hit,hit,True,7.416666666666646,71,108,37,False
blue,blue_0,red_1,m4,143,1716,3334.326792956366,0.5663229558583679,32.4479152120581,2.364591147048721,135.48109299988994,3334.326792956366,3307.4450320477645,422.54292351102595,253.0483539145992,288.9175972457032,-15.147115848626632,4825.846142496905,5248.3890660079305,True,hit,hit,True,8.416666666666664,143,185,42,False
blue,blue_0,red_2,m3,102,1219,3946.2061592256096,0.4935743742078981,28.279728517923317,2.0888252876634255,119.68087312331438,3946.2061592256096,3733.2256430318607,-1278.8937990777358,251.1819797129786,299.41085711147537,73.82992791924524,5831.548434630722,4552.654635552986,True,hit,hit,True,8.600000000000007,102,145,43,False
blue,blue_0,red_2,m0,52,623,5365.36277991228,0.26047812455290204,14.92429719236427,1.6677240267199087,95.55354812361371,5365.36277991228,5349.610348616936,-410.836802195975,253.29831165947212,264.26510311795516,239.53909018985215,6052.89262997556,5642.055827779585,True,hit,hit,True,8.866666666666687,52,97,45,False
blue,blue_0,red_0,m2,66,788,3825.1277915489395,0.16106461132778574,9.228322457997113,1.5956745909801233,91.42541953942496,3825.1277915489395,3731.869237312748,-839.4966451861728,245.25466784471826,268.1746327833505,229.57653354820988,5946.769946136332,5107.273300950159,True,hit,hit,True,6.833333333333314,66,100,34,False
blue,blue_0,red_1,m1,58,696,4864.203270115632,0.221639415763653,12.699003097002645,1.6631847200504284,95.29346500953689,4864.203270115632,4821.402215985834,-643.8587769771384,249.3718901394961,273.2557840394036,226.9408949485029,6019.744230030925,5375.8854530537865,True,hit,hit,True,8.766666666666682,58,102,44,False
blue,blue_0,red_0,m1,54,637,4872.484961985754,0.009038895723110969,0.5178905763931089,1.632183872308726,93.51724727260968,4872.484961985754,4852.672071221008,-438.9572575649363,252.36664166161,262.52097399674506,269.5290157438017,6047.707355400374,5608.750097835437,True,hit,hit,True,7.133333333333313,54,89,35,False
blue,blue_0,red_2,m0,49,578,5569.180398441477,0.193822532219938,11.105213070740863,1.6289740257623793,93.33333661261936,5569.180398441477,5565.1034352380075,-213.0588310464982,255.81592386846012,262.31187764137246,269.362395837673,6065.748860213921,5852.690029167423,True,p_hit_fail,miss,False,8.466666666666667,49,91,42,True
blue,blue_0,red_0,m1,51,607,5129.635662790239,0.07536503805149053,4.318098603193261,1.6150360231175203,92.53474788622677,5129.635662790239,5099.589925198665,-554.3867132081414,254.94471342922213,265.1890298680763,260.9504343680633,6037.4171831001295,5483.030469891988,True,hit,hit,True,6.983333333333314,51,86,35,False
blue,blue_0,red_2,m0,47,562,5673.961695183613,0.2776823536970678,15.910026912100935,1.7266631916328663,98.93051352115172,5673.961695183613,5670.904441552706,-186.236766479381,258.0968293881609,262.17879152375895,253.47054814136965,6048.304817337314,5862.068050857933,True,hit,hit,True,9.316666666666709,47,94,47,False
blue,blue_0,red_1,m2,66,785,4042.3564877673953,0.26622290878743693,15.253449083216413,1.7500982504062392,100.27324348150702,4042.3564877673953,4027.842735900523,-342.24095174093236,246.3381892362233,260.26534176978174,224.06145847000093,5960.598370333548,5618.357418592615,True,p_hit_fail,miss,False,6.9999999999999805,66,101,35,True
blue,blue_0,red_0,m1,56,664,4721.906089502365,0.07445793864799315,4.266125635774026,1.665429847638233,95.42210134478648,4721.906089502365,4715.767469919997,-240.69542522422398,250.774470511658,250.97830885747877,270.8389466854089,6048.341151534213,5807.645726309989,True,hit,hit,True,6.9999999999999805,56,91,35,False
blue,blue_0,red_2,m0,45,532,5914.950669503301,0.2890621161532271,16.56203927270029,1.6091245191377173,92.19604365760927,5914.950669503301,5905.463246581377,-334.88097278598707,259.2792933877238,267.5223529947642,261.06025749377255,6074.326530665655,5739.445557879668,True,hit,hit,True,9.416666666666714,45,92,47,False
blue,blue_0,red_1,m2,55,655,5224.4339674301245,0.1767998880631666,10.129887404404828,1.7300819918368049,99.12639634383586,5224.4339674301245,5189.224393007934,-605.5249615408984,252.24572096051025,274.96444556192574,218.62791628167935,6016.993274379074,5411.468312838176,True,hit,hit,True,9.266666666666707,55,101,46,False
blue,blue_0,red_1,m2,64,766,4363.574145122359,0.2935059311609791,16.81665111758138,1.6353141522327697,93.69659910095191,4363.574145122359,4279.28222789323,-853.5355493577808,245.5288479906329,266.1867719877475,223.9470009677637,5992.492609621631,5138.9570602638505,True,hit,hit,True,7.6333333333333115,64,102,38,False
blue,blue_0,red_1,m0,54,639,5067.266306521045,0.144600822936721,8.285016868392624,1.6129065370643554,92.41273732284844,5067.266306521045,5055.334897522278,-347.52970390579503,252.8569911639655,263.3233051546794,255.2054535710583,6037.730415661452,5690.200711755657,True,hit,hit,True,7.799999999999978,54,93,39,False
blue,blue_0,red_0,m1,61,726,4518.473161765724,0.15043969885406672,8.61955981555711,1.6230134074577398,92.9918183404751,4518.473161765724,4491.238719474337,-495.3528825914518,248.41032529061943,259.43072548888864,235.46224062933413,5984.846645439578,5489.493762848127,True,hit,hit,True,6.983333333333314,61,96,35,False
blue,blue_0,red_2,m0,54,640,5188.054604739897,0.24655853799466135,14.126763630010046,1.6763876642078355,96.04993798690323,5188.054604739897,5147.278594739843,-649.1792124643798,253.41529103312837,281.73048634480693,220.91275450684813,6014.158178884073,5364.978966419693,True,hit,hit,True,8.38333333333333,54,96,42,False
blue,blue_1,red_0,m1,56,661,4724.7549247412835,0.14684911276070256,8.413834386428977,1.7055094912428679,97.71849576772057,4724.7549247412835,4622.076838557339,-979.6503444284608,250.76836727444652,268.8808676351856,226.59288059825508,6053.716131416545,5074.065786988084,True,p_hit_fail,miss,False,8.533333333333337,56,98,42,True
blue,blue_0,red_1,m2,57,678,4868.633492062268,0.24361223805254373,13.957953078147069,1.742245186338927,99.82329605420419,4868.633492062268,4859.022606621462,-305.7636151866318,251.5728270517645,268.3365501509655,223.36677713057526,5989.0109583014055,5683.247343114774,True,hit,hit,True,8.38333333333333,57,99,42,False
blue,blue_0,red_2,m3,92,1100,3718.2540323542976,0.5037405257835819,28.862206097100266,1.5961714333210502,91.45388650864348,3718.2540323542976,3715.6579875464136,-138.92000828365872,246.28735822874128,283.7018158745421,163.3023704859873,5701.648838974619,5562.72883069096,True,hit,hit,True,7.09999999999998,92,128,36,False
blue,blue_1,red_2,m2,62,735,4450.160647608734,0.19388480808286548,11.108781214852142,1.5745990584240248,90.21788047296995,4450.160647608734,4388.394596476642,-738.8657896668337,244.81727163689618,277.0388240843794,228.08891506869116,5942.745254530935,5203.8794648641015,True,hit,hit,True,8.65000000000001,62,105,43,False
blue,blue_0,red_2,m0,55,649,5107.844917051073,0.2541251373243803,14.560297836869461,1.7141889041891218,98.21578949819212,5107.844917051073,5098.694206222833,-305.60937170546003,251.1198725932372,261.710725976083,238.54278021306305,6060.877173185487,5755.267801480027,True,hit,hit,True,8.733333333333347,55,98,43,False
blue,blue_0,red_1,m0,47,562,5481.707081222956,0.16939133366405223,9.705408505042495,1.6446377386063329,94.23080125008276,5481.707081222956,5475.006007503534,-270.9644665451542,256.95187047903505,262.7357086357567,269.69576493181904,6071.854525767863,5800.890059222709,True,p_hit_fail,miss,False,8.216666666666654,47,88,41,True
blue,blue_0,red_1,m4,102,1219,2955.2416166197136,0.391939773372387,22.45649483755174,1.9357640884764962,110.91111240269211,2955.2416166197136,2919.1879516072054,-460.2115989329541,249.19628814577104,289.7549679546406,77.5120983042894,5618.963322373638,5158.751723440684,True,hit,hit,True,6.449999999999982,102,134,32,False
blue,blue_0,red_1,m1,58,685,5085.436009313196,0.21743545233392172,12.4581337352517,1.5744446693745449,90.20903463203172,5085.436009313196,4994.034019768409,-959.8352015919791,249.25063866136335,275.96069188790375,219.86509455573895,6049.071405891338,5089.236204299359,True,p_hit_fail,miss,False,9.083333333333364,58,103,45,True
blue,blue_0,red_0,m1,54,646,4842.949721128132,0.04678650190421344,2.6806690972922196,1.6243898993477988,93.07068551630947,4842.949721128132,4818.707418455463,-483.963652248126,251.63416076139177,269.70124703447584,264.14190124638435,6049.943867122445,5565.980214874319,True,p_hit_fail,miss,False,7.416666666666646,54,91,37,True
blue,blue_0,red_0,m2,73,874,3422.5726747752938,0.2911360756396758,16.68086839815492,1.7385496861206065,99.61155948850475,3422.5726747752938,3393.1330216698343,-447.941973220024,243.45976586642462,267.12575804850843,202.64265097106906,5942.120923827687,5494.178950607663,True,hit,hit,True,6.26666666666665,73,105,32,False
blue,blue_0,red_2,m2,57,676,5062.62779909042,0.252708761087894,14.479145456316171,1.7618901965810547,100.94887222956937,5062.62779909042,5005.872105819284,-755.93960889975,250.22020954630156,267.3312761802562,207.4336491284636,6034.4761990261295,5278.536590126379,True,hit,hit,True,9.266666666666707,57,103,46,False
blue,blue_0,red_1,m3,90,1069,3554.23416568088,0.36011836754407905,20.633262585416695,1.7015586804164622,97.49213098171293,3554.23416568088,3506.2100415118784,-582.2985911837086,247.1113356459284,291.19527051077733,164.05249938170425,5756.408236092255,5174.109644908546,True,hit,hit,True,5.716666666666652,90,118,28,False
blue,blue_0,red_0,m4,93,1105,3277.3847968843447,0.3832638433524198,21.95940066405677,1.6744596134218428,95.93946881417897,3277.3847968843447,3230.5185791927115,-552.2687899377843,247.72730069634508,291.78252855185434,160.80884463808738,5726.9813913877515,5174.712601449967,True,hit,hit,True,5.966666666666651,93,122,29,False
blue,blue_0,red_0,m0,50,600,5279.518595679675,0.04031091692156497,2.309645407908166,1.6236910231118715,93.03064285758884,5279.518595679675,5254.663096271205,-511.6955606735328,255.0593746984574,265.6477849745638,266.829068025654,6043.658750679898,5531.963190006365,True,p_hit_fail,miss,False,8.016666666666644,50,90,40,True
blue,blue_0,red_1,m1,54,639,5105.735410685736,0.20476923352220436,11.732412854951086,1.7039489747522065,97.6290847589451,5105.735410685736,5105.367189634603,61.318373532813894,253.0908106605319,251.85261343148917,256.999386503227,6025.2071450151125,6086.525518547926,True,hit,hit,True,7.683333333333311,54,92,38,False
blue,blue_0,red_0,m3,99,1187,4028.8339433912356,0.2488600785857266,14.25863219225613,2.53074704509943,145.00112469940154,4028.8339433912356,3708.5833783866956,-1574.138579978046,248.45138328493996,327.61847206793965,-25.066799538065716,5566.090046687239,3991.951466709193,True,hit,hit,True,10.066666666666746,99,150,51,False
blue,blue_0,red_1,m3,104,1244,3834.2403131324536,0.3271831026001406,18.746210906983848,2.3366989389179,133.8829871926934,3834.2403131324536,3737.825338533773,-854.4357889654093,242.26392499215112,288.98999576958,50.46464050809351,5584.138272343369,4729.70248337796,True,p_hit_fail,miss,False,8.733333333333347,104,148,44,True
blue,blue_0,red_2,m2,57,675,5472.018697991869,0.3050648134595977,17.4789262891807,1.7269463363178161,98.9467365165909,5472.018697991869,5448.45171281117,-507.30914079844024,251.13759237953113,259.59653530184886,211.68079566269046,6004.902114851994,5497.592974053554,True,hit,hit,True,9.750000000000064,57,105,48,False
blue,blue_0,red_2,m0,48,573,5790.912824349593,0.25265400285176476,14.476008040492387,1.653039336900763,94.71217737351792,5790.912824349593,5776.157248707197,-413.13288107326116,256.26165834760417,267.7546122070219,251.5600958403829,6069.637083595182,5656.504202521921,True,p_hit_fail,miss,False,9.266666666666707,48,94,46,True
blue,blue_0,red_0,m1,58,694,4766.329306622678,0.10140016943777815,5.809801750696125,1.6810586015188935,96.31756298119704,4766.329306622678,4729.596017442677,-590.6069513310749,249.66872771749956,266.24408593180056,242.02881195697356,6018.9646786845915,5428.357727353517,True,hit,hit,True,7.866666666666644,58,98,40,False
blue,blue_0,red_1,m1,54,643,4874.704280715998,0.16915367248778695,9.69179152268838,1.6314633167001205,93.4759624773321,4874.704280715998,4863.792637276162,-325.980069956845,251.68046677766574,267.92437266342296,269.9283843208687,6053.9493122940185,5727.9692423371735,True,hit,hit,True,7.5499999999999785,54,92,38,False
blue,blue_1,red_1,m2,60,715,4696.881028589772,0.14433837501672475,8.269979710234852,1.5911312458344584,91.16510503770712,4696.881028589772,4651.629917927629,-650.407951494376,248.74904325773733,267.9152719630637,227.0701170154729,5979.003541756916,5328.59559026254,True,hit,hit,True,8.366666666666662,60,102,42,False
blue,blue_0,red_2,m0,45,536,5838.597195124123,0.31528109789212133,18.06427626946951,1.705471797824626,97.71633609393989,5838.597195124123,5834.772428659066,-211.30052690722005,259.45009983022686,265.32947677541983,259.3233359800562,6065.6768729208525,5854.376346013632,True,hit,hit,True,9.700000000000061,45,94,49,False
blue,blue_0,red_0,m3,92,1095,3516.017506865837,0.3785562950732533,21.68967801580645,2.022084640088009,115.85691569527297,3516.017506865837,3401.8496856780907,-888.70570192777,247.0611882045612,316.85295778144456,95.93291860050299,5672.003115265858,4783.297413338088,True,hit,hit,True,8.199999999999987,92,133,41,False
blue,blue_0,red_0,m2,69,822,3826.5193578219787,0.20137805768241,11.538112791744137,1.717132750948684,98.3844594930483,3826.5193578219787,3781.9384498727195,-582.40188629559,243.6958804371795,257.0851189537616,219.5318912356127,5950.801571778745,5368.399685483155,True,hit,hit,True,6.483333333333316,69,101,32,False
blue,blue_0,red_0,m1,54,639,4913.523058255296,0.029779681088620034,1.7062500416234807,1.5900791705382487,91.10482556350432,4913.523058255296,4881.281387045742,-561.9616218989204,252.42961468901055,265.7683166261171,256.96387181523784,6038.652282441072,5476.690660542152,True,hit,hit,True,6.649999999999982,54,87,33,False
blue,blue_0,red_2,m0,43,515,5963.646478773501,0.3034181132609656,17.384577317675728,1.6068007155418904,92.06289951915106,5963.646478773501,5963.5486554423305,-34.157838918151356,261.32934050208627,254.80682339632747,281.0296129816724,6062.922325938395,6028.764487020244,True,hit,hit,True,9.150000000000034,43,89,46,False
blue,blue_0,red_2,m0,55,655,5028.579989361147,0.1737869417050688,9.957258294186513,1.6141883662461165,92.48618072502006,5028.579989361147,5000.374055131634,-531.8609011478156,249.77609738269078,265.0829291027559,248.33245166187194,5989.886982873123,5458.026081725307,True,p_hit_fail,miss,False,7.566666666666645,55,93,38,True
blue,blue_0,red_1,m4,149,1782,3806.2601934206423,0.3811604057069308,21.838882564501315,2.3713159108602504,135.86639358451288,3806.2601934206423,3711.349739320007,844.6891573045468,228.0609462707558,273.98167495862344,-9.179800537651793,4871.514644707166,5716.2038020117125,True,hit,hit,True,9.133333333333367,149,195,46,False
blue,blue_0,red_1,m2,62,739,4423.704269909153,0.23669353176559016,13.561540408214,1.70212732397051,97.52471185740718,4423.704269909153,4393.14494271681,-519.0731931955142,248.60249280869493,276.6610674379786,228.38104460428076,5975.704723536883,5456.6315303413685,True,p_hit_fail,miss,False,7.683333333333311,62,100,38,True
blue,blue_0,red_0,m2,58,688,4897.768061231899,0.06098880009909419,3.494400843245154,1.6723509433885937,95.81865092088808,4897.768061231899,4871.51818749809,-506.4015506479018,245.27871548067426,262.6767583087222,242.824252092812,5967.757297422337,5461.355746774435,True,hit,hit,True,7.799999999999978,58,97,39,False
blue,blue_1,red_1,m1,57,674,4844.967922304411,0.06670789216758946,3.822080681416677,1.610386078933847,92.26832570953088,4844.967922304411,4757.03567151146,-918.8720194489688,246.90581914875767,281.9133554287008,234.1591186889154,6043.917620436787,5125.045600987818,True,p_hit_fail,miss,False,8.866666666666687,57,101,44,True
blue,blue_0,red_2,m3,96,1143,4034.6549038461217,0.6015358019150399,34.465462675749286,1.824429897766155,104.53213315948494,4034.6549038461217,3990.839282654493,-592.9941088673031,247.75903096907376,293.17722585113165,103.67162683335786,5603.927819339034,5010.933710471731,True,hit,hit,True,6.833333333333314,96,130,34,False
blue,blue_0,red_2,m3,94,1123,3200.337437315144,0.38501954476371647,22.05999494500923,1.6717873639165983,95.78636019572254,3200.337437315144,3100.7831111937567,-792.0251321873775,250.27199176319374,282.6720756548203,206.0953200436515,5658.300805309204,4866.275673121827,True,p_hit_fail,miss,False,5.616666666666652,94,122,28,True
blue,blue_0,red_0,m0,52,618,4881.015723726683,0.05060422397695433,2.899408459414209,1.6446870551177142,94.23362687804523,4881.015723726683,4865.083261160794,-394.05501803704374,253.47055988916895,264.8286618912915,272.013805991844,6059.2399450477515,5665.184927010708,True,hit,hit,True,7.516666666666645,52,89,37,False
blue,blue_0,red_1,m1,55,653,5032.68034619785,0.16315255042459664,9.347952556124735,1.7224798225263065,98.69082412720043,5032.68034619785,5016.282078434477,-405.9378974463898,251.5460361978229,263.04494108188743,235.74173493438417,6046.671377662602,5640.733480216212,True,hit,hit,True,8.38333333333333,55,97,42,False
blue,blue_1,red_2,m2,57,675,4924.108235499162,0.19998844838244292,11.458494043683896,1.6667097770334767,95.49543589720868,4924.108235499162,4831.64158370391,-949.7797226377506,252.27377059554547,282.839798314534,225.6753808115279,6015.090173328974,5065.310450691223,True,p_hit_fail,miss,False,8.700000000000012,57,100,43,True
blue,blue_0,red_1,m3,102,1214,3262.8968346945735,0.3342312080156779,19.150037600857434,2.1372198419451127,122.45367683507183,3262.8968346945735,3147.9092953642726,-858.5818668124057,243.582503967635,304.09555966053944,58.61763536902105,5513.938820033826,4655.356953221421,True,hit,hit,True,7.333333333333313,102,138,36,False
blue,blue_0,red_1,m0,51,611,5263.918864679134,0.18034115814043086,10.332787233948038,1.6394176877731192,93.93171436849588,5263.918864679134,5260.173401489234,-198.5386617010363,254.86304344551255,265.50385905227785,269.8085200833365,6042.582549865515,5844.043888164479,True,hit,hit,True,8.266666666666657,51,93,42,False
blue,blue_0,red_0,m1,57,682,4632.634955471631,0.06427935003884744,3.6829354670700423,1.6759756669525157,96.02633228300243,4632.634955471631,4560.127824728894,-816.4195323428803,251.24615347236636,270.1272109888721,235.86335489882887,6003.238087058847,5186.8185547159665,True,hit,hit,True,7.216666666666646,57,93,36,False
blue,blue_0,red_2,m2,61,729,4741.76092694348,0.3733272112183147,21.39007358019847,1.6883000712908345,96.73246863660081,4741.76092694348,4738.647030320263,-171.81679290698958,249.15852267265188,259.59609534085786,215.2012372318423,5964.655398494008,5792.838605587019,True,hit,hit,True,7.499999999999979,61,99,38,False
blue,blue_0,red_2,m5,123,1474,2303.105829919732,0.35014014156726864,20.061552349917655,1.896963085430615,108.68797868728886,2303.105829919732,2295.9527660915605,181.3762930671237,247.35859850637513,276.7274119440558,108.30828927668448,5330.106834141019,5511.483127208143,True,hit,hit,True,4.483333333333323,123,146,23,False
blue,blue_0,red_1,m4,102,1220,4055.4226855667384,0.03462021794334238,1.9835923739766013,2.441591205490999,139.89287137089318,4055.4226855667384,3896.1031515136206,-1125.536934700488,248.33820934537835,323.4176659335871,9.658845166607389,5535.024871568979,4409.487936868491,True,hit,hit,True,10.316666666666759,102,154,52,False
blue,blue_0,red_1,m1,52,620,5088.065257377708,0.1542048071702763,8.835284631485527,1.6250360736955205,93.10770857926354,5088.065257377708,5039.981656312643,-697.8488141181751,253.26637854940842,266.15808584781297,261.04604143201385,6006.082946839562,5308.234132721387,True,p_hit_fail,miss,False,8.033333333333312,52,92,40,True
blue,blue_0,red_2,m0,49,587,5452.130501209534,0.27527502337453513,15.772097044725948,1.6416132976464244,94.05751354769352,5452.130501209534,5451.142974809229,-103.76545864260243,255.5558269594401,265.44662206981053,258.91485991608823,6027.491678839174,5923.726220196571,True,hit,hit,True,8.683333333333344,49,93,44,False
blue,blue_0,red_2,m3,101,1211,4262.305893158064,0.43451634387002785,24.895952633207777,2.2312487536173684,127.84113662610048,4262.305893158064,4114.2673647728525,-1113.577827551806,244.12887939876373,300.14704555240024,30.746772352090296,5594.813422202822,4481.235594651016,True,hit,hit,True,9.950000000000074,101,151,50,False
blue,blue_0,red_2,m0,58,694,5214.263376695258,0.24460051248638406,14.014577032206802,1.7150533724011847,98.26531987826655,5214.263376695258,5153.450893828845,-794.0317666441979,248.33987884571584,267.8313239531316,200.6165789104113,5991.942018054949,5197.910251410751,True,hit,hit,True,9.166666666666702,58,104,46,False
blue,blue_0,red_0,m2,71,844,3712.2821610053475,0.2712316147829856,15.54042679758322,1.7638269107824645,101.05983777943321,3712.2821610053475,3567.2096496041927,-1027.6449575068555,244.4934064061174,276.0364442762573,180.43878366729643,5840.959315816341,4813.314358309485,True,hit,hit,True,7.749999999999978,71,109,38,False
blue,blue_0,red_0,m2,75,892,3989.8627368384077,0.06912693632610353,3.960681702155309,1.6256189886880792,93.14110714815205,3989.8627368384077,3911.4988528218496,-786.8807935037084,236.6570873445891,271.93231386312834,202.0310385816949,5824.618836325617,5037.7380428219085,True,hit,hit,True,6.2333333333333165,75,106,31,False
blue,blue_0,red_1,m1,61,727,4693.596686446739,0.15511511036809336,8.887441162797707,1.7060226516267125,97.74789769192817,4693.596686446739,4617.5709245270045,-841.3611661983405,245.63337403860294,268.70808623455105,210.73793258938335,5967.035163331871,5125.673997133531,True,p_hit_fail,miss,False,9.000000000000027,61,106,45,True
blue,blue_0,red_2,m0,51,607,5552.5555983632285,0.2725245072604258,15.61450407990476,1.6379316407400015,93.8465701453403,5552.5555983632285,5537.6517559706845,-406.55467345686975,254.39936646232115,265.96705707363685,241.75036884280178,6049.963799326889,5643.409125870019,True,hit,hit,True,9.000000000000027,51,96,45,False
blue,blue_0,red_2,m0,50,593,5481.764482885238,0.22618068580671427,12.959198704099249,1.6103788732740316,92.26791285563486,5481.764482885238,5471.816337386604,-330.1027351160792,255.12499691908423,269.8486528121423,258.9324312631332,6054.200474977732,5724.097739861652,True,hit,hit,True,8.566666666666672,50,93,43,False
blue,blue_0,red_0,m1,62,739,4471.499420787075,0.1293703677261833,7.4123760647657795,1.7019747116776536,97.5159678171247,4471.499420787075,4407.476746471198,-753.9600781306744,247.49588417239437,271.509604195754,214.4227025936707,5980.0747478522835,5226.114669721609,True,hit,hit,True,7.949999999999977,62,102,40,False
blue,blue_0,red_1,m1,56,662,4908.298349680823,0.1504901834658,8.622452370739785,1.6266282848064577,93.19893555601408,4908.298349680823,4863.860784663666,-658.9772051372029,251.40390844354926,266.5822197112377,250.37419745440914,6027.332353658672,5368.355148521469,True,hit,hit,True,7.666666666666645,56,94,38,False
blue,blue_0,red_1,m2,70,833,4192.684837848518,0.3231931574812251,18.517603891181167,1.7148936587363615,98.25616895934161,4192.684837848518,4163.807567722058,-491.2358786829127,242.10804197298958,258.8376227964122,212.81944330638203,5912.2479587669595,5421.012080084047,True,hit,hit,True,6.899999999999981,70,104,34,False
blue,blue_0,red_0,m2,61,729,4586.846681312792,0.14475082623708943,8.293611424416767,1.6618075200865263,95.21455726405974,4586.846681312792,4553.212499413944,-554.4532559655408,247.97450680942669,260.78786983033456,237.24257879160714,5984.5404906860995,5430.087234720559,True,hit,hit,True,7.616666666666645,61,99,38,False
blue,blue_0,red_1,m3,93,1116,3445.3303273505308,0.4222359777046063,24.192339481053867,1.9617476004968921,112.39985797838824,3445.3303273505308,3388.918727406432,-620.9113653294544,245.01464796984234,280.74959326903615,117.45840238440663,5492.679121636077,4871.767756306623,True,hit,hit,True,7.19999999999998,93,129,36,False
blue,blue_0,red_2,m0,45,532,5887.776909991284,0.17604143185716972,10.086431064855702,1.7368893061344082,99.5164267229076,5887.776909991284,5860.803836042558,-562.9345763544306,258.50364237472115,271.8670807001413,252.08691797295955,6072.637158035422,5509.702581680991,True,hit,hit,True,9.883333333333404,45,94,49,False
blue,blue_0,red_0,m1,56,662,4987.568730415027,0.06795500144326391,3.8935347795044404,1.6605692492300141,95.14360957008753,4987.568730415027,4961.648561824671,-507.82417189115586,251.61631998653456,267.59227308258164,244.80943953063894,6016.232339241045,5508.4081673498895,True,hit,hit,True,7.883333333333311,56,95,39,False
blue,blue_1,red_1,m1,50,590,5188.562147934474,0.1255585105796511,7.193972738162703,1.6116998912451406,92.34360161004034,5188.562147934474,5135.12193153294,-742.7650444574001,255.43992600092741,267.2628022099194,258.4367933311402,6041.091118235247,5298.326073777847,True,hit,hit,True,8.533333333333337,50,92,42,False
blue,blue_0,red_2,m0,49,583,5327.047029225775,0.20040272046208535,11.482230085417513,1.645204304844146,94.26326310432407,5327.047029225775,5301.227199412776,-523.8513451250519,255.99228886033268,263.50527632205495,259.1599101884924,6056.47213987359,5532.620794748538,True,p_hit_fail,miss,False,8.71666666666668,49,93,44,True
blue,blue_0,red_0,m2,64,766,4393.5546213400485,0.1598509704868986,9.158785959969572,1.662734729317962,95.26768243974657,4393.5546213400485,4331.951085953205,-733.1589183849201,246.13883951334944,267.28058914634545,219.1645556182152,5948.220905550837,5215.061987165917,True,p_hit_fail,miss,False,6.649999999999982,64,97,33,True
blue,blue_0,red_1,m3,107,1281,3795.9666939066283,0.2834820486562565,16.242324955725746,2.467411104875289,141.3722426330654,3795.9666939066283,3669.3908274382807,-972.0772072012714,249.10378499773418,319.6517685966125,-6.676482654745893,5286.442574111537,4314.365366910266,True,hit,hit,True,10.800000000000116,107,161,54,False
blue,blue_0,red_1,m2,74,885,3916.0081924673123,0.32467474867412205,18.602492813497914,1.7709830341306478,101.46985344495914,3916.0081924673123,3861.6730199627336,-650.0781878843527,245.36053552536603,265.09132972307924,183.02906471578345,5877.012196935215,5226.934009050862,True,hit,hit,True,7.283333333333313,74,111,37,False
blue,blue_0,red_0,m0,56,662,4899.891407705881,0.04791488345540955,2.7453205978561814,1.587403470260675,90.95151923035736,4899.891407705881,4813.452239840778,-916.3041755234544,251.7355106327446,275.3800670160265,235.52346562211915,6009.367576200683,5093.063400677229,True,hit,hit,True,7.683333333333311,56,94,38,False
blue,blue_1,red_1,m1,58,686,4719.541699921963,0.09449664283886482,5.414258812822088,1.6310497531131496,93.45226702923837,4719.541699921963,4685.868316455389,-562.7716927332367,248.1237258430912,272.6461336070228,249.54767931835556,6012.667503296592,5449.895810563356,True,hit,hit,True,7.733333333333311,58,96,38,False
blue,blue_0,red_2,m2,64,760,4544.797597536302,0.30429229980195116,17.43466451698134,1.5932346910888988,91.28562357322338,4544.797597536302,4519.98186325935,-474.28805422262485,245.05914201731423,274.9600918811927,215.5249982372179,5930.0571022078275,5455.769047985203,True,hit,hit,True,8.166666666666652,64,105,41,False
blue,blue_0,red_0,m4,99,1179,2826.384777247095,0.38463823771764233,22.03814766057058,1.7124294659616428,98.11498111344359,2826.384777247095,2774.9689445468243,-536.6546989031149,247.16121759443828,270.04868865073377,192.78239337544116,5588.09249543827,5051.437796535155,True,hit,hit,True,4.649999999999989,99,122,23,False
blue,blue_1,red_2,m1,56,670,4854.138637177553,0.1487701177825041,8.523899866601642,1.607506924610246,92.1033623182217,4854.138637177553,4829.9911764205035,-483.5774443044638,250.48559258956774,268.0607206849328,247.68073723040695,6043.987169566668,5560.409725262204,True,hit,hit,True,7.316666666666646,56,93,37,False
blue,blue_0,red_2,m3,94,1120,3727.4739405842893,0.5324666010692923,30.50808897294654,2.0735545756004754,118.80592577194783,3727.4739405842893,3641.365303535681,-796.5680786608673,248.00909676886587,295.2851934945765,80.6262761432964,5647.538322519152,4850.970243858284,True,p_hit_fail,miss,False,8.566666666666672,94,137,43,True
blue,blue_0,red_1,m0,55,656,5000.844922385621,0.2049238027074963,11.74126901691109,1.666823606762974,95.501957860292,5000.844922385621,5000.724893054096,-34.64796875927095,250.52017338413017,259.28424892124536,245.56601021261318,6035.896199261821,6001.24823050255,True,p_hit_fail,miss,False,8.199999999999987,55,96,41,True
blue,blue_0,red_0,m2,65,769,4422.6406029920945,0.135194216528552,7.746058021663826,1.7102297054758617,97.9889441216687,4422.6406029920945,4359.5459144899405,-744.3851977896593,242.12523524522217,274.55158316564984,221.44905490012502,5955.410566594612,5211.025368804952,True,hit,hit,True,7.4666666666666455,65,102,37,False
blue,blue_0,red_0,m0,57,674,4945.286529359082,0.0469425603169572,2.6896105856999473,1.6961090662425988,97.17989108957589,4945.286529359082,4937.963449419042,-269.0275630153619,249.56842765034662,261.7500143527628,246.9468869418773,6032.090368027969,5763.062805012607,True,hit,hit,True,7.383333333333312,57,93,36,False
blue,blue_0,red_1,m1,56,665,4753.797849885879,0.16121764708630537,9.237090761074871,1.6263926355830352,93.18543385006643,4753.797849885879,4705.39344565643,-676.6583474347426,251.30306520129332,271.254559659109,248.33127438284012,6035.184307168455,5358.525959733713,True,hit,hit,True,7.183333333333313,56,92,36,False
blue,blue_0,red_2,m0,50,600,5356.0410027366515,0.25674092888647787,14.710171653463584,1.5765176217053236,90.32780605171715,5356.0410027366515,5347.378988649324,-304.4883819589277,254.95593482630218,267.46969387988423,263.52496162530406,6058.578641838509,5754.090259879581,True,hit,hit,True,8.333333333333327,50,92,42,False
blue,blue_0,red_0,m2,62,741,4134.8866561308005,0.14439088597845517,8.272988366720178,1.655519029506321,94.85425329430619,4134.8866561308005,4101.007898267393,-528.2252146547089,247.77260687620745,263.4934840449069,252.23207335457064,5986.6806771346655,5458.455462479957,True,p_hit_fail,miss,False,6.6166666666666485,62,95,33,True
blue,blue_0,red_2,m1,60,716,4623.133821768771,0.1935855812215203,11.091636778580117,1.708327029384682,97.87992881186365,4623.133821768771,4606.670141245282,-389.8160383328159,246.6662357085045,267.7603472257261,235.57363899410714,6010.070591877631,5620.254553544815,True,hit,hit,True,7.9333333333333105,60,100,40,False
blue,blue_0,red_1,m2,63,746,4539.056493288561,0.1456818449587158,8.346954867813624,1.5883150065576253,91.0037464130456,4539.056493288561,4514.210072519039,-474.2797385854592,244.18433425121586,268.8023253924375,227.71842695023173,5994.967536059453,5520.687797473994,True,p_hit_fail,miss,False,7.899999999999977,63,102,39,True
blue,blue_0,red_1,m1,57,683,5065.399577906719,0.2061055193325478,11.808976392106985,1.5945365679476158,91.3602156226736,5065.399577906719,5043.101165573749,-474.76680343749103,250.18232875099082,260.3700044143541,231.9023112202665,6019.780424435372,5545.013620997881,True,hit,hit,True,7.416666666666646,57,94,37,False
blue,blue_0,red_0,m2,61,728,4723.270268146335,0.15464620850269226,8.860575064904411,1.6063918817505245,92.03947506838347,4723.270268146335,4703.451599603267,-432.2326643656388,247.50763820918303,258.7287082478214,229.33343380196175,5991.082724853469,5558.85006048783,True,hit,hit,True,6.883333333333314,61,95,34,False
blue,blue_0,red_2,m0,51,610,5414.26007236007,0.2097480258809261,12.017676644177826,1.703541247428638,97.60572370411246,5414.26007236007,5403.658170134137,-338.6598758268383,253.82680452190309,263.585279194333,238.18904588345492,6055.775931033987,5717.116055207149,True,hit,hit,True,8.866666666666687,51,96,45,False
blue,blue_0,red_1,m3,97,1162,3467.4106916004284,0.35219247655341945,20.179142482771137,1.8091102539385524,103.65438222451967,3467.4106916004284,3467.4056936036104,-5.887290567757191,252.6023638073272,292.10996621014255,135.24094725069574,5659.7804793937485,5653.893188825991,True,p_hit_fail,miss,False,6.733333333333315,97,131,34,True
blue,blue_0,red_0,m3,96,1152,2857.9839302535775,0.4641476693651929,26.59370252545913,1.6846964849762216,96.5259983496624,2857.9839302535775,2830.0688674201674,-398.47503214984135,246.79094895829647,275.43035522325124,137.4204913262345,5642.770927030026,5244.295894880184,True,hit,hit,True,4.883333333333321,96,121,25,False
blue,blue_0,red_2,m5,138,1648,3645.898924223759,0.533734681420547,30.5807446251569,2.124430987900018,121.72092947347909,3645.898924223759,3611.466233884828,499.890595196287,247.13552016758362,283.7148302105904,26.749953895999642,4957.066727589824,5456.957322786111,True,hit,hit,True,8.533333333333337,138,180,42,False
blue,blue_0,red_0,m0,55,660,4853.734165292456,0.10281759560859233,5.8910142880551675,1.5906207137077706,91.13585370154206,4853.734165292456,4849.297414510554,-207.48477763082337,251.99785418792624,258.4804763626147,279.43662487555065,6019.4117318849,5811.926954254077,True,hit,hit,True,6.899999999999981,55,90,35,False
blue,blue_0,red_1,m3,103,1234,3311.9618452327463,0.23318215159324887,13.360353144072926,2.187137307319963,125.31373692504118,3311.9618452327463,3196.198289516356,-867.9906441720559,251.35827975885343,296.9746122228281,64.23232313901029,5632.3330035364725,4764.342359364417,True,hit,hit,True,7.0833333333333135,103,139,36,False
blue,blue_1,red_2,m1,56,666,4810.326066420955,0.10406609471218929,5.96254801741714,1.6394602763220725,93.93415451260648,4810.326066420955,4780.7727333964185,-532.3992269925211,250.71440452790637,262.4537584902557,251.4988549347882,6028.080503324514,5495.681276331993,True,hit,hit,True,7.9333333333333105,56,96,40,False
blue,blue_2,red_1,m2,56,670,4736.709682667485,0.0380567353286974,2.1804903163807765,1.6771260851858276,96.0922463924461,4736.709682667485,4696.5769044879125,-615.2917991543918,251.37933969135383,267.15128784734327,251.31218115831678,6028.230446567157,5412.938647412765,True,p_hit_fail,miss,False,7.949999999999977,56,96,40,True
blue,blue_0,red_2,m0,55,650,5323.797089638596,0.2921244914301313,16.73750045135211,1.6757902864750802,96.01571076404126,5323.797089638596,5316.166421432938,-284.93864475234386,253.21448311785815,268.26752803710224,233.97855897013795,6011.079723078671,5726.141078326327,True,hit,hit,True,9.333333333333377,55,101,46,False
blue,blue_0,red_1,m1,62,744,4709.350641469192,0.36042057507255937,20.650577801335697,1.6164577300348943,92.61620569229686,4709.350641469192,4706.665186977112,-159.01660920794257,248.92618552262311,259.2498688388576,225.08587812769431,5936.47610854883,5777.459499340887,True,hit,hit,True,8.033333333333312,62,103,41,False
blue,blue_0,red_0,m2,75,891,3520.7501651724324,0.277965675911296,15.926260079218514,1.5779522072855263,90.4100017508131,3520.7501651724324,3388.0753248471174,-957.4065587428413,241.91697345757086,277.00894719682697,208.4846896200109,5793.039658128984,4835.633099386143,True,p_hit_fail,miss,False,6.26666666666665,75,106,31,True
blue,blue_0,red_1,m1,59,706,4902.506004288047,0.24861394481241048,14.244529765849487,1.6313221148574168,93.46787220768572,4902.506004288047,4888.631075205378,-368.58015765456275,249.14653801493958,253.80957609168487,233.2825480127374,6004.486034455364,5635.905876800801,True,hit,hit,True,7.333333333333313,59,96,37,False
blue,blue_1,red_1,m4,135,1609,2956.842993500443,0.7451332052869108,42.692987837995155,2.459145039091028,140.89863195044975,2956.842993500443,2921.655211133184,454.80909783223524,250.10310701040868,285.2831220858768,-81.98396607046453,5564.424984631523,6019.234082463759,True,hit,hit,True,7.999999999999977,135,174,39,False
blue,blue_0,red_0,m2,72,856,3662.364964604121,0.24257060165014666,13.898271708502525,1.7448765620870255,99.97406277888331,3662.364964604121,3584.5544539140305,-750.9237650286668,240.406611001594,265.2730977132703,211.02271094198076,5902.416488569718,5151.492723541051,True,hit,hit,True,7.4666666666666455,72,109,37,False
blue,blue_0,red_2,m0,57,676,5124.851291011546,0.24723721783436314,14.165649120465575,1.7059609154854645,97.74436047159124,5124.851291011546,5046.063990190011,-895.1753805206954,250.56563044019805,271.2181294158713,206.92716532201197,6022.780937583093,5127.605557062398,True,hit,hit,True,10.983333333333459,57,112,55,False
blue,blue_0,red_0,m3,107,1281,2691.037671500338,0.6126371428962025,35.10152266090553,2.235645030253398,128.09302472291694,2691.037671500338,2686.300121799192,-159.6101658905527,241.1929907782529,273.2339810945087,41.142351948515795,5303.401582951979,5143.791417061427,True,p_hit_fail,miss,False,5.599999999999985,107,135,28,True
blue,blue_0,red_1,m3,97,1161,4177.300691435663,0.285814173890143,16.375945888923404,2.296443147315019,131.57650023289014,4177.300691435663,3953.1934187050592,-1349.8529034586954,245.99649788025854,322.16054048859377,-0.1780787665331225,5745.083717465598,4395.230814006903,True,hit,hit,True,10.483333333333434,97,150,53,False
blue,blue_0,red_0,m0,50,590,5275.685569370316,0.04166083665563945,2.386990111352056,1.6470970054313083,94.3717068598504,5275.685569370316,5245.245177086675,-565.9163004466054,255.6085715449968,268.50208876967054,273.3541049259833,6038.035802999802,5472.119502553197,True,p_hit_fail,miss,False,8.51666666666667,50,92,42,True
blue,blue_0,red_2,m1,53,635,5294.670532132755,0.2388769663335318,13.686641993800027,1.5720904740866413,90.07414917788526,5294.670532132755,5261.702701488588,-589.9328139565141,252.50804087860678,267.7773078229576,228.41688997236014,6011.790427895616,5421.857613939102,True,p_hit_fail,miss,False,8.950000000000024,53,98,45,True
blue,blue_0,red_1,m2,66,782,4171.168372505263,0.2732604636076493,15.656671272506529,1.7274995578485246,98.97843377543627,4171.168372505263,4119.194905611695,-656.4136815841512,243.7184395891597,278.73391778152387,203.54772843660973,5924.5799469239855,5268.166265339834,True,hit,hit,True,8.51666666666667,66,108,42,False
blue,blue_1,red_1,m1,50,597,5315.8887741040235,0.06830701725012728,3.9137037995596033,1.5908235673496485,91.14747635908053,5315.8887741040235,5307.715357782673,-294.67123952487873,253.9260264870567,262.3087258976498,261.61975423422075,6055.114956240036,5760.443716715157,True,hit,hit,True,7.833333333333311,50,89,39,False
blue,blue_0,red_2,m0,49,587,5460.524053593953,0.20465264287817214,11.725732703117329,1.6235441220682967,93.02222604778594,5460.524053593953,5425.552282290546,-617.0132672884592,255.38974962458306,267.55478102965,256.8816182783871,6060.498934338308,5443.485667049848,True,hit,hit,True,8.266666666666657,49,91,42,False
blue,blue_0,red_0,m2,54,639,4989.066737705642,0.061370801615698606,3.5162879179141835,1.5907605086727923,91.14386336303498,4989.066737705642,4976.786043205322,-349.8393823421329,252.44046400517973,269.39166707333897,252.5550728865029,6043.817865935946,5693.9784835938135,True,hit,hit,True,7.599999999999978,54,92,38,False
blue,blue_0,red_1,m0,52,618,5049.671511554272,0.13695656511696394,7.847033157810667,1.6595586271326912,95.08570518922828,5049.671511554272,5015.407187308322,-587.2589889468109,254.3664867690983,267.3240966685544,255.01281661498834,6011.342590540577,5424.083601593766,True,hit,hit,True,8.45,52,94,42,False
blue,blue_1,red_2,m1,51,607,5233.288151978154,0.1260937347088707,7.224638821860551,1.5772359549707993,90.36896351611276,5233.288151978154,5226.041087762582,-275.3169639746284,254.92353257328804,262.98508521345434,261.20953514721145,6034.032951190067,5758.715987215439,True,hit,hit,True,7.583333333333312,51,89,38,False
blue,blue_0,red_1,m0,49,586,5314.673569802957,0.20539289999710963,11.76814631178696,1.6139636544847997,92.47330568948966,5314.673569802957,5286.099381801955,-550.3712195192347,256.40683776661115,264.375345326399,258.9147236441158,6042.922209335002,5492.550989815767,True,hit,hit,True,8.283333333333324,49,91,42,False
blue,blue_0,red_2,m2,69,825,4280.37539507122,0.3476417327127946,19.918404067058177,1.5861674621595316,90.88070118271787,4280.37539507122,4264.2678876829395,-370.9890898762196,242.04963147956704,270.2512342038448,187.85655855634795,5823.712957349179,5452.72386747296,True,p_hit_fail,miss,False,7.483333333333312,69,107,38,True
blue,blue_0,red_0,m1,67,795,4210.470572694594,0.15263754450791048,8.745487095543528,1.6909608207291527,96.88491834975825,4210.470572694594,4051.1162122258934,-1147.397001289296,244.81279305855367,272.8011071132959,198.20827301870065,5856.54331474755,4709.146313458254,True,hit,hit,True,8.45,67,109,42,False
blue,blue_0,red_0,m2,61,724,4447.804659877935,0.12479956212376306,7.150488194772348,1.6675684663319128,95.54463516992212,4447.804659877935,4404.25820764252,-620.8670814637971,248.79823970556674,263.737767458492,232.6531895791819,5979.444162734788,5358.577081270991,True,p_hit_fail,miss,False,6.933333333333314,61,95,34,True
blue,blue_0,red_2,m4,99,1186,3748.3301682125425,0.2892848033699894,16.574798310372287,1.6694247438725007,95.65099203860274,3748.3301682125425,3532.150463070588,-1254.548586608943,247.51741614223812,257.5145213427894,157.02176177921302,5533.048640823449,4278.500054214506,True,hit,hit,True,6.583333333333315,99,132,33,False
blue,blue_0,red_0,m3,93,1115,3673.5887734343955,0.1163148307453825,6.664348896488924,2.3335146108499796,133.70053863381654,3673.5887734343955,3582.9640188537605,-810.9397732893212,246.04180838618876,307.01773433191664,42.182718923319804,5608.478286725327,4797.538513436006,True,hit,hit,True,8.733333333333347,93,137,44,False
blue,blue_2,red_0,m4,171,2042,2324.1366031439584,0.7552863987709186,43.274722973208526,2.458135291273778,140.84077766214878,2324.1366031439584,1673.070392766294,1613.2099711204291,232.9664317091991,195.29968886940347,-14.75671883115769,5139.214910326734,6752.424881447163,True,hit,hit,True,4.899999999999988,171,195,24,False
blue,blue_0,red_1,m1,59,707,4438.522639109069,0.17440667194215448,9.992766221208164,1.6356555936104265,93.71616225084277,4438.522639109069,4428.074377851565,-304.36905575010405,245.89202722208526,253.82340438460798,264.2067362425415,5979.264343843569,5674.895288093465,True,hit,hit,True,6.983333333333314,59,94,35,False
blue,blue_0,red_0,m0,56,667,4939.020922326475,0.11214583303892768,6.425482923109343,1.7301593880185244,99.13083081839882,4939.020922326475,4897.792935111451,-636.8296757776134,249.76593885763037,272.29555091564214,223.15137979005647,6000.480139137517,5363.650463359903,True,hit,hit,True,8.266666666666657,56,97,41,False
blue,blue_0,red_0,m3,97,1154,2985.2193649989954,0.39922500616340634,22.873907929247462,1.8019085855326615,103.24175701940942,2985.2193649989954,2924.811087848693,-597.5071192566256,247.80352313917987,275.56153524218314,162.9532967589687,5628.2391988121135,5030.732079555488,True,hit,hit,True,4.983333333333321,97,121,24,False
blue,blue_0,red_2,m3,108,1288,3142.6510386233053,0.455005494313774,26.06989447944303,1.8420237095616319,105.54018432091326,3142.6510386233053,2967.404798919277,-1034.7774204682792,250.86393977090793,269.75443702141405,90.89201391616616,5360.780273768249,4326.0028532999695,True,hit,hit,True,6.049999999999984,108,138,30,False
blue,blue_0,red_2,m2,64,765,4395.9298066099,0.3285270959299364,18.82321605247488,1.748160164474207,100.1621993372679,4395.9298066099,4337.760399296236,-712.7647458584861,240.99457728868097,278.98527582750455,186.0017769588352,5953.05537251388,5240.290626655394,True,hit,hit,True,7.849999999999977,64,103,39,False
blue,blue_0,red_1,m0,52,613,5195.823463560072,0.09340584084073011,5.351760462044533,1.7558589976170893,100.6033099835305,5195.823463560072,5183.281380146209,-360.7985569691082,253.4788070691192,268.5519971770654,240.39862589351537,6038.648516211837,5677.849959242729,True,hit,hit,True,8.700000000000012,52,95,43,False
blue,blue_0,red_0,m1,56,671,5031.15325700898,0.06538147921603542,3.7460828174011396,1.6660511246246168,95.45769789401488,5031.15325700898,5025.6867303000545,-234.46958096523394,249.2766077912684,261.32942290031747,240.70472398201406,6004.198728864165,5769.729147898931,True,hit,hit,True,7.733333333333311,56,95,39,False
blue,blue_0,red_2,m2,70,838,3909.5057269825993,0.3091368608255287,17.71223741722591,1.715979761600062,98.31839806954872,3909.5057269825993,3822.133295206992,-821.9076000256255,242.5299355042728,265.96579569720905,189.50338905979729,5908.643111949636,5086.73551192401,True,hit,hit,True,8.033333333333312,70,110,40,False
blue,blue_1,red_2,m1,56,661,4980.902798180603,0.19006451326604576,10.889894445352668,1.7318892185610206,99.22994280775669,4980.902798180603,4964.87039332802,-399.3177461348714,250.61009207517472,261.77377050754745,235.6153713340997,6030.071211522527,5630.7534653876555,True,hit,hit,True,8.199999999999987,56,96,40,False
blue,blue_0,red_1,m0,54,647,4901.924757658248,0.1729297590314534,9.908145344716612,1.7703416943659995,101.43310738321088,4901.924757658248,4868.884780749545,-568.1789520286138,252.90403846372564,271.7828115777624,233.74953998446975,6016.123892817164,5447.94494078855,True,hit,hit,True,8.500000000000002,54,97,43,False
blue,blue_0,red_0,m2,60,718,4478.664463779714,0.13744650599012329,7.875104702053653,1.7074951640915312,97.8322664414427,4478.664463779714,4416.021703131908,-746.4500630257871,249.1074267849548,273.1814323848879,226.94983886242971,5963.56070363296,5217.110640607173,True,hit,hit,True,7.98333333333331,60,100,40,False
blue,blue_0,red_2,m0,53,628,5187.726704249156,0.22241570747207617,12.743481335566292,1.638306800196263,93.8680651988285,5187.726704249156,5187.726455041231,1.6079941394355046,252.79931321843918,249.26519445362555,253.22365187592493,6052.221742963886,6053.829737103321,True,hit,hit,True,8.533333333333337,53,95,42,False
blue,blue_0,red_0,m2,68,806,3743.4638319114883,0.2021511467933408,11.582407534987993,1.7152655858061756,98.27747881072862,3743.4638319114883,3687.8612769665633,-642.8068626578224,243.96729963221296,271.5388513366967,225.73238342253111,5942.507136948788,5299.700274290965,True,hit,hit,True,6.466666666666649,68,100,32,False
blue,blue_0,red_1,m1,63,745,4688.115903846601,0.25973337246977424,14.881626041217471,1.648648289732039,94.46058890310717,4688.115903846601,4635.998995305246,-697.0968680378464,246.96373160683163,259.18577980366473,223.20760940715627,5988.294084626955,5291.197216589108,True,hit,hit,True,8.083333333333314,63,103,40,False
blue,blue_0,red_0,m0,52,616,5106.614992467269,0.0654277146508723,3.748731912681245,1.6546292310322812,94.80327159712654,5106.614992467269,5076.348513104753,-555.1598461620406,253.02315318803974,265.138321201674,260.3080872056301,6032.702764881821,5477.542918719781,True,hit,hit,True,7.566666666666645,52,90,38,False
blue,blue_0,red_1,m1,53,634,4943.875017335941,0.13922369533862436,7.976930151118369,1.6551883486909098,94.8353066792172,4943.875017335941,4935.752855039856,-283.2736150868459,252.60437738195756,260.3608066239313,266.47646742089813,6051.413459724534,5768.139844637688,True,hit,hit,True,7.733333333333311,53,92,39,False
blue,blue_0,red_2,m0,43,515,5977.1440482237285,0.2779193357625554,15.923604984273668,1.6569199113908226,94.93451791388448,5977.1440482237285,5960.546340466021,-445.1272810932469,260.53704465470753,272.38668328390025,266.09606516586337,6073.962544416784,5628.835263323537,True,hit,hit,True,9.866666666666736,43,93,50,False
blue,blue_0,red_0,m2,56,664,4748.683871058677,0.08545687569279972,4.896318307571537,1.6086003658418537,92.16601188593842,4748.683871058677,4733.437843198939,-380.21663801706654,251.17865066832525,260.89436724282444,257.3396497306005,6037.277757066619,5657.061119049553,True,p_hit_fail,miss,False,7.383333333333312,56,93,37,True
blue,blue_0,red_1,m1,60,712,4702.287087213941,0.13618283411130727,7.802701636708128,1.6299692945864752,93.39036131572101,4702.287087213941,4687.028260113203,-378.5101576961588,248.4652007459036,263.31446714111104,245.88420567983832,5974.331207950941,5595.821050254782,True,hit,hit,True,7.0833333333333135,60,95,35,False
blue,blue_0,red_0,m0,62,734,4064.2574132241725,0.10661664026922726,6.108683513291259,1.6879988984453984,96.71521270365339,4064.2574132241725,4042.9997393683807,-415.1402514992351,247.42510124052217,255.03414465819577,248.77486341256702,6014.869459530128,5599.729208030893,True,hit,hit,True,6.299999999999983,62,93,31,False
blue,blue_0,red_2,m2,65,778,4375.0470591678295,0.20472348700590967,11.729791772639974,1.6783276926119726,96.16109342659578,4375.0470591678295,4296.804599534383,-823.7153654954163,242.61624790471777,280.9250257123637,203.6495921854973,5927.450013212555,5103.734647717139,True,hit,hit,True,9.433333333333382,65,112,47,False
blue,blue_0,red_0,m2,56,669,4679.9560784150635,0.08120631930259942,4.652779365830697,1.605839818571054,92.00784417817523,4679.9560784150635,4663.620116914909,-390.6869603668247,251.31942771817575,259.36799415947695,274.4203189257093,6020.265527606451,5629.578567239626,True,hit,hit,True,6.6999999999999815,56,90,34,False
blue,blue_0,red_2,m0,48,573,5606.841162855424,0.1414137993003096,8.102413864817814,1.6133042253172718,92.43552318130249,5606.841162855424,5590.853437487607,-423.1142470101513,255.45516564493263,266.88308532213244,261.9443422971383,6063.2498926970675,5640.135645686916,True,hit,hit,True,8.58333333333334,48,91,43,False
blue,blue_0,red_1,m1,56,670,4781.180436542285,0.1484127592004013,8.503424728074373,1.6741413698802194,95.92123480238665,4781.180436542285,4770.372993560948,-321.29094148299737,250.0207226857344,261.24872269105583,254.74019243993715,6021.731904955456,5700.440963472459,True,hit,hit,True,7.299999999999979,56,93,37,False
blue,blue_0,red_1,m1,49,578,5683.661938386593,0.19124391753272563,10.957469332173146,1.7612036621256202,100.90953670278267,5683.661938386593,5667.4933029666745,-428.40715527677276,256.4890397353047,260.6622791933882,240.84696651753478,6051.822380915807,5623.415225639034,True,hit,hit,True,9.400000000000047,49,96,47,False
blue,blue_1,red_0,m2,59,697,4617.753490657629,0.04069292192304996,2.3315326822461446,1.6206578589566751,92.85685535292573,4617.753490657629,4544.171749742822,-821.0666290380923,251.22044014906484,274.18076111905214,237.64342335129257,5995.726769098074,5174.660140059982,True,p_hit_fail,miss,False,8.24999999999999,59,100,41,True
blue,blue_0,red_2,m0,46,541,5896.445698023763,0.27820030412078567,15.939703285376984,1.8393261779518717,105.38562714457086,5896.445698023763,5870.548390260825,-552.0266907940031,259.24043642168215,264.71104830038183,227.2011365582973,6056.772278636272,5504.745587842269,True,p_hit_fail,miss,False,10.850000000000119,46,100,54,True
blue,blue_0,red_2,m1,64,764,4604.293619543816,0.38955032578232046,22.31958957527322,1.6310458853662642,93.45204542366562,4604.293619543816,4587.937610324606,-387.74762248251045,246.2686494843523,268.97620397824454,199.90656453389133,5995.095349831088,5607.347727348578,True,p_hit_fail,miss,False,8.299999999999992,64,106,42,True
blue,blue_0,red_0,m3,94,1121,3271.6334065709516,0.379365396866738,21.73603613376959,1.8405049532560867,105.45316599449663,3271.6334065709516,3257.1713031942577,-307.27878000095006,246.62878484750104,278.2657283977495,131.00430782077984,5744.355012227748,5437.076232226798,True,hit,hit,True,6.3166666666666496,94,125,31,False
blue,blue_0,red_1,m2,67,804,4347.822163106361,0.33006096339780594,18.911100184716226,1.7609931058891402,100.8974727190822,4347.822163106361,4195.708251217712,-1139.9955406327163,244.81886916118404,281.13377162140114,176.5521646033456,5966.493422129465,4826.497881496749,True,hit,hit,True,8.800000000000017,67,111,44,False
blue,blue_0,red_2,m0,58,689,4941.939318824263,0.26597779912491415,15.23940533403598,1.6624307276013246,95.25026442441852,4941.939318824263,4940.454493192152,-121.13476643267495,248.30409115610095,260.7063593519519,252.50119191189427,6004.4028698410575,5883.268103408383,True,hit,hit,True,7.9333333333333105,58,97,39,False
blue,blue_0,red_0,m1,60,719,4554.181928048688,0.1467362612147896,8.407368469136639,1.7564825178070063,100.63903505885392,4554.181928048688,4479.755761002356,-819.9764359611008,245.64270677592205,275.0898256220237,210.95550237979447,5986.481786355143,5166.505350394043,True,p_hit_fail,miss,False,7.816666666666644,60,99,39,True
blue,blue_0,red_1,m2,64,763,4323.4932573392525,0.20261148328658032,11.60878287320647,1.5989372335001732,91.61235518588376,4323.4932573392525,4293.666881271322,-506.97007695896355,241.49964255112087,272.38270708327934,220.24196628624145,5961.751998305976,5454.781921347012,True,hit,hit,True,7.09999999999998,64,99,35,False
blue,blue_0,red_0,m0,48,568,5384.458951021741,0.05685545517174,3.2575776236359513,1.6220527840903731,92.93677867582335,5384.458951021741,5383.42251118963,-105.6421376860826,255.76036008037119,255.28037680366631,282.0434392958057,6085.481964413438,5979.839826727355,True,hit,hit,True,7.9333333333333105,48,87,39,False
blue,blue_0,red_1,m2,63,745,4862.523462361108,0.2856898040389623,16.368820021352082,1.6150515065047646,92.53563501896843,4862.523462361108,4858.381769812576,-200.65144097433404,246.03205232326385,253.27894508869187,211.04088345954537,6018.705274464209,5818.053833489875,True,hit,hit,True,8.016666666666644,63,103,40,False
blue,blue_0,red_2,m1,60,715,4774.177955674355,0.3332078944068309,19.0914060499522,1.583408823490906,90.72264282980404,4774.177955674355,4647.798524040289,-1091.2121848549323,247.7101212317785,287.1548645598464,209.6523487056238,6035.233844516403,4944.021659661471,True,hit,hit,True,9.266666666666707,60,106,46,False
blue,blue_0,red_1,m0,54,637,4943.189427624303,0.1416025619869364,8.113229170091081,1.5787301708705677,90.45457578085083,4943.189427624303,4934.862999271644,-286.7906828966852,252.4454922912664,252.85066178816868,263.30026523133955,6045.906596708144,5759.115913811459,True,hit,hit,True,7.24999999999998,54,90,36,False
blue,blue_0,red_0,m3,101,1202,3338.9111026559362,0.16404149629635806,9.398885402792242,1.599104702473749,91.62195045126903,3338.9111026559362,3106.9030274610677,-1222.898576903388,248.03274358349287,251.91197175702496,169.0097345977915,5616.950327956732,4394.051751053344,True,hit,hit,True,5.616666666666652,101,129,28,False
blue,blue_0,red_2,m3,107,1276,3623.540502178784,0.5174730354895661,29.649020945375604,2.1033174555048024,120.5112131766205,3623.540502178784,3572.014135098077,-608.9012970832073,242.70013559327552,301.3270444883534,34.97500709218137,5588.376238490763,4979.474941407556,True,hit,hit,True,9.083333333333364,107,152,45,False
blue,blue_0,red_0,m3,101,1206,3808.9347537994754,0.276697252247136,15.853584756627626,2.342770570130199,134.23086603591804,3808.9347537994754,3501.2596940721464,-1499.7214785977067,250.55238522341767,332.2280889714349,-3.2790523901767443,5643.7939243959445,4144.072445798238,True,hit,hit,True,9.916666666666739,101,150,49,False
blue,blue_0,red_0,m2,63,753,4167.893588673794,0.1541614566852243,8.832800831652202,1.7045651735817566,97.66439035121923,4167.893588673794,4130.506932715214,-557.000399730261,246.8611540835168,273.98816455501645,227.64818510117158,5980.971573950528,5423.971174220267,True,hit,hit,True,7.216666666666646,63,99,36,False
blue,blue_0,red_2,m1,56,667,4912.575240484999,0.21799540061806186,12.490216408678522,1.70968170027467,97.9575457364892,4912.575240484999,4856.432408710947,-740.5806863861862,250.8128363240401,267.0285989868919,225.69815826512416,6034.330036497367,5293.74935011118,True,hit,hit,True,9.133333333333367,56,102,46,False
blue,blue_0,red_2,m3,101,1206,4518.50931431508,0.31184947907509286,17.8676589943561,2.2595963493527176,129.46533422107905,4518.50931431508,4145.90424352703,-1796.7761204603908,244.32142855950434,345.43151312020245,-10.8779983394379,5592.450197137814,3795.6740766774233,True,hit,hit,True,12.683333333333543,101,164,63,False
blue,blue_1,red_1,m1,58,685,4689.491536520808,0.1083455599375102,6.20774331340103,1.61804186869675,92.70697015178469,4689.491536520808,4654.372947310178,-572.8379687550905,249.0131099432595,273.4395297277754,248.0422325740939,6032.242482618008,5459.404513862917,True,hit,hit,True,7.5499999999999785,58,95,37,False
blue,blue_0,red_2,m0,56,662,5091.621506889929,0.3023857283434559,17.325426019069457,1.687055705438544,96.66117172509438,5091.621506889929,5090.464222265028,-108.55215918519207,252.34469345172565,257.61244754417004,241.85577014811489,6003.008237715503,5894.456078530311,True,hit,hit,True,8.11666666666665,56,96,40,False
blue,blue_1,red_2,m1,51,609,5314.644207686791,0.12374231088720261,7.089912161032447,1.6210293839279153,92.8781421657615,5314.644207686791,5286.62473897406,-545.0155259863777,253.74850941041203,268.9444887304495,252.31517682057648,6060.214044083887,5515.198518097509,True,hit,hit,True,8.11666666666665,51,92,41,False
blue,blue_0,red_1,m0,50,589,5380.667441130153,0.24715051678043623,14.160681515996227,1.625527108470589,93.13584279946912,5380.667441130153,5368.598689091448,-360.1808261466522,256.70617677278136,265.42081462118625,264.3291592434182,6040.039075825775,5679.858249679123,True,hit,hit,True,9.033333333333362,50,95,45,False
blue,blue_0,red_0,m2,79,940,3832.6685692279134,0.2309578158450387,13.232908093480408,1.6033799008726506,91.86690127610719,3832.6685692279134,3752.3683966231515,-780.435633201957,246.17600875455648,264.79501035500596,218.64912229689045,5772.412711519248,4991.977078317291,True,hit,hit,True,6.949999999999981,79,113,34,False
blue,blue_0,red_0,m2,73,868,3415.005050296377,0.2386033023123852,13.670962200383748,1.6304739140656768,93.41927388213935,3415.005050296377,3280.882488783348,-947.6653356246306,243.78923715419654,278.8554547574481,197.57006171197463,5853.643966250902,4905.978630626271,True,hit,hit,True,6.199999999999983,73,104,31,False
blue,blue_0,red_1,m0,52,613,5103.989144765354,0.13827579983074448,7.922619739097442,1.5738876917881104,90.17712216704564,5103.989144765354,5100.851295798568,-178.94481840120625,252.68615760535522,255.88901101000252,269.59771974632525,6085.445121971394,5906.5003035701875,True,hit,hit,True,7.649999999999978,52,90,38,False
blue,blue_0,red_2,m0,44,527,5863.913183600763,0.14528202887856395,8.324047093839459,1.6258689941835893,93.15543140789985,5863.913183600763,5856.495748262781,-294.848054744818,258.30422820574904,263.33092353009886,277.6169832796808,6080.622902403415,5785.774847658597,True,hit,hit,True,8.500000000000002,44,87,43,False
blue,blue_0,red_0,m2,67,796,3820.780530958668,0.2221148811269223,12.72624525562263,1.719525680283276,98.52156424459346,3820.780530958668,3820.1847101938474,-67.4732965990961,243.38676849774754,261.566770438324,235.08676888193898,6017.101531648529,5949.628235049433,True,hit,hit,True,6.3166666666666496,67,98,31,False
blue,blue_0,red_0,m1,51,601,5254.961460437504,0.07727413891758227,4.427482025485087,1.6574113130275636,94.96267315371556,5254.961460437504,5251.442390200854,-192.2830545966217,254.04651848169297,260.9589485522884,267.2948517116643,6051.332777483352,5859.049722886731,True,hit,hit,True,7.999999999999977,51,90,39,False
blue,blue_0,red_2,m1,55,651,5282.2628630054805,0.2637716126765244,15.11300016172429,1.7502707716663295,100.28312822158647,5282.2628630054805,5265.380138879707,-421.9869037991266,250.49874758615428,262.0929474730184,222.08746585966986,6078.075616767574,5656.088712968447,True,hit,hit,True,9.200000000000037,55,101,46,False
blue,blue_0,red_2,m0,42,499,6111.449062587063,0.2976278274313835,17.052818377466263,1.6559720316142466,94.88020840320085,6111.449062587063,6110.729824443028,-93.75850499438002,262.4132442168868,260.2277188891593,275.1490894626806,6067.130958064129,5973.372453069749,True,p_hit_fail,miss,False,9.700000000000061,42,90,48,True
blue,blue_0,red_1,m2,56,668,4868.399432751264,0.1454534950981238,8.333871384549301,1.6214411895715148,92.90173689111943,4868.399432751264,4835.703347928859,-563.2816059862471,249.38266967956008,277.3624742627066,236.67361950956314,6012.042813837386,5448.761207851139,True,hit,hit,True,8.016666666666644,56,96,40,False
blue,blue_0,red_0,m2,53,626,4905.018012820507,0.055675420129695403,3.189966596049253,1.6219761075319035,92.93238543263544,4905.018012820507,4902.461999943062,-158.3289146299585,251.64237561720444,254.34822216353678,277.117347957695,6085.09663207633,5926.7677174463715,True,hit,hit,True,7.1666666666666465,53,88,35,False
blue,blue_0,red_0,m1,68,805,3705.748590042507,0.18818892022647754,10.782430880101295,1.749926686101965,100.263413570957,3705.748590042507,3640.908489640022,-690.1869186454087,244.03622907314383,270.7029116379752,220.5367663867381,5934.518974484079,5244.33205583867,True,hit,hit,True,6.349999999999983,68,99,31,False
blue,blue_0,red_2,m0,53,626,5530.553429384557,0.2535890079594198,14.529579886984195,1.5834396619431725,90.72440974296562,5530.553429384557,5480.540089495612,-742.0926914535012,252.9163030058256,275.23365924225703,232.3295146205231,6058.817733552893,5316.725042099391,True,hit,hit,True,9.400000000000047,53,100,47,False
blue,blue_0,red_2,m0,45,532,5902.65218423987,0.2995134170355432,17.160854703678357,1.6160242005246719,92.59136628106674,5902.65218423987,5901.871533667207,-95.99587595516095,258.8310366374881,253.0478995002737,261.05415957676826,6085.01034872649,5989.014472771329,True,hit,hit,True,9.416666666666714,45,92,47,False
blue,blue_0,red_0,m1,70,838,3583.0822237970287,0.24113230285036497,13.815863257596304,1.684084579171265,96.49093872957883,3583.0822237970287,3542.2557946740667,-539.3534162200685,242.93504986909707,265.1441483824366,230.5266102064409,5932.084610731832,5392.7311945117635,True,hit,hit,True,6.1499999999999835,70,101,31,False
blue,blue_0,red_1,m1,50,595,5505.305711851235,0.24836098985653596,14.23003651447096,1.7317322771681738,99.22095072831566,5505.305711851235,5440.703375939799,-840.9148327738712,253.85247640554394,271.32726242511706,219.5204047511353,6086.889985925962,5245.975153152091,True,hit,hit,True,8.966666666666692,50,95,45,False
blue,blue_0,red_1,m0,55,650,4968.311699631641,0.10906911099752274,6.249199735401965,1.7405882964398494,99.72836325586918,4968.311699631641,4960.93299489058,-270.675017137949,251.5844148048988,262.8575905212994,247.65191754190963,5998.434920878273,5727.759903740324,True,p_hit_fail,miss,False,8.033333333333312,55,95,40,True
blue,blue_0,red_1,m2,78,925,3643.4374325519434,0.46321287156541086,26.5401425568335,1.6625327777194867,95.25611146548802,3643.4374325519434,3625.913853776703,-356.910422810648,244.79228819905333,261.1053666670305,199.97798859845875,5876.40998709948,5519.499564288832,True,hit,hit,True,6.449999999999982,78,110,32,False
blue,blue_0,red_0,m1,57,684,4837.256365657704,0.09315687446826292,5.33749573966148,1.6963703800128753,97.19486326574138,4837.256365657704,4695.892288156247,-1160.881029705748,250.30643242349936,277.41336826379586,208.32502055624298,5976.894889388171,4816.013859682423,True,hit,hit,True,8.18333333333332,57,98,41,False
blue,blue_0,red_2,m2,63,747,4351.500140192288,0.19665103942024753,11.267274595640963,1.6230901807408902,92.99621712557898,4351.500140192288,4290.645752061422,-725.1982490400633,246.72604767177438,271.98923380665826,229.2848580075559,5930.518985526873,5205.320736486809,True,hit,hit,True,7.283333333333313,63,99,36,False
blue,blue_0,red_1,m2,70,835,4268.397503845032,0.324383111012404,18.58578320633441,1.601744035842498,91.77317311402639,4268.397503845032,4128.599037231414,-1083.4607702184421,242.62099405263834,283.69348282751304,170.55596978309038,5910.1475531538035,4826.686782935361,True,hit,hit,True,9.450000000000049,70,117,47,False
blue,blue_0,red_2,m3,92,1095,4101.379577843693,0.4785104414721135,27.4166287492939,1.7491519071890291,100.21902200919004,4101.379577843693,4054.4031335807404,-618.9746941224512,247.41849439972071,303.94431375575846,138.228791049071,5667.148096601437,5048.173402478986,True,hit,hit,True,9.933333333333406,92,141,49,False
blue,blue_0,red_1,m3,96,1146,3516.4262447221854,0.3246669309469688,18.60204489072665,1.8298938484914657,104.84519447551268,3516.4262447221854,3494.904393416467,-388.4543930106165,249.37103468505364,286.827325113457,135.89131166170998,5617.909167050534,5229.4547740399175,True,hit,hit,True,6.11666666666665,96,126,30,False
blue,blue_0,red_0,m0,49,581,5260.4523140529645,0.08945758512379683,5.125542073025856,1.6993217814703145,97.36396611290141,5260.4523140529645,5243.179551036344,-425.94218389297293,255.75343504826228,263.47695284247754,263.1928653650822,6057.181530859989,5631.239346967016,True,hit,hit,True,7.999999999999977,49,89,40,False
blue,blue_0,red_2,m1,58,687,4917.75970848853,0.23202098503691307,13.293823201083145,1.648690360903153,94.46299940365117,4917.75970848853,4879.3025727726,-613.8134519280884,249.9191117518837,278.2837319271523,230.23920598529526,6015.964680044301,5402.151228116212,True,hit,hit,True,8.31666666666666,58,99,41,False
blue,blue_0,red_1,m2,61,725,4467.216052978603,0.17473069997166443,10.011331659743025,1.6959857884276346,97.17282779107083,4467.216052978603,4428.507998782426,-586.8016434109641,248.45027650509297,270.6453372252072,232.9225696089508,5990.046077968244,5403.24443455728,True,hit,hit,True,7.683333333333311,61,99,38,False
blue,blue_0,red_0,m0,59,708,4526.3797357179365,0.06508531218111903,3.729113696269527,1.6235239459136093,93.02107003927554,4526.3797357179365,4481.16351365129,-638.1904698743192,247.66319991022038,270.4443457009434,247.77392595636422,5989.866323689252,5351.675853814932,True,hit,hit,True,7.499999999999979,59,97,38,False
blue,blue_0,red_2,m1,64,764,4457.366665201914,0.17679886539872738,10.129828810048604,1.596206729639098,91.45590883869997,4457.366665201914,4454.242456847253,-166.85839407285494,240.11401281763065,260.48655052064373,240.33649899454045,5947.549917086559,5780.691523013704,True,hit,hit,True,7.133333333333313,64,100,36,False
blue,blue_0,red_1,m2,70,839,3980.129680690213,0.20727384226896678,11.875916365472124,1.6993738765665345,97.36695094204813,3980.129680690213,3825.0854117881954,-1100.0699376113816,235.46368007003397,289.82346354755305,177.04173789779662,5892.653405044075,4792.583467432693,True,hit,hit,True,8.766666666666682,70,114,44,False
blue,blue_0,red_2,m0,45,535,5856.445578079414,0.3052247041554607,17.48808735123706,1.6633663681081412,95.30387267660059,5856.445578079414,5853.41620997569,-188.34405167072055,259.4750240574202,259.1203053775752,258.3798363577972,6065.273873324964,5876.929821654244,True,hit,hit,True,8.91666666666669,45,90,45,False
blue,blue_0,red_1,m0,47,556,5474.254629442148,0.047246580174035845,2.707029640398724,1.6489217551857323,94.47625731944642,5474.254629442148,5460.73697249858,-384.4677686826735,256.23771559458004,261.93342179580986,276.13439957710295,6069.195083565126,5684.727314882452,True,hit,hit,True,8.033333333333312,47,87,40,False
blue,blue_0,red_0,m2,50,594,5344.936770924228,0.07868286999825275,4.5081963708764095,1.6555337213658685,94.85509507585147,5344.936770924228,5343.559532109386,-121.32852912992257,254.11598830304087,249.007401927022,269.4443436441831,6055.716386165221,5934.387857035298,True,hit,hit,True,7.516666666666645,50,87,37,False
blue,blue_1,red_2,m1,50,592,5268.554573367567,0.07218405385432732,4.135841633997998,1.5898385485803868,91.09103894086066,5268.554573367567,5229.175261170278,-642.956748558614,254.16034085700147,272.8731746349885,258.0756077440545,6055.680847898238,5412.724099339624,True,hit,hit,True,8.133333333333317,50,90,40,False
blue,blue_0,red_0,m1,64,766,4212.906330020765,0.17640409195266601,10.107209957725452,1.7465588029740076,100.07044808183173,4212.906330020765,4211.3684206683365,-113.82341993858427,245.49952471641652,248.62617262727244,230.90783128690416,5999.045549535609,5885.222129597025,True,hit,hit,True,6.6166666666666485,64,97,33,False
blue,blue_0,red_1,m0,49,581,5470.711075128602,0.22899118284006256,13.120228322444145,1.69733342780117,97.25004183948008,5470.711075128602,5438.6795254092085,-591.1384672218592,255.47039653181943,272.0316116544558,249.51854875346788,6075.8711217881555,5484.732654566296,True,hit,hit,True,9.1166666666667,49,94,45,False
blue,blue_0,red_1,m2,70,831,4298.383753094517,0.3983094496090519,22.821450402777412,1.7803840963398745,102.00849463248777,4298.383753094517,4199.0042947940165,-918.9482146281734,241.9832071843587,281.0546057243119,178.39684777611382,5966.517719998183,5047.569505370009,True,hit,hit,True,8.683333333333344,70,113,43,False
blue,blue_0,red_2,m1,56,667,5316.799720598901,0.26323984772080966,15.082532274068877,1.6344310748192274,93.64600249217261,5316.799720598901,5304.432392546254,-362.4310442919832,250.0558034132528,251.50873699496302,230.82866499959337,6060.448814337882,5698.017770045899,True,hit,hit,True,8.85000000000002,56,100,44,False
blue,blue_0,red_0,m0,57,682,4812.475971373838,0.13568466176629967,7.774158463869057,1.755690986187476,100.59368363770369,4812.475971373838,4805.067058668219,-266.9373273862493,250.1303550260153,265.2082386320962,239.44809094178785,6029.614541495618,5762.677214109369,True,hit,hit,True,7.783333333333311,57,96,39,False
blue,blue_0,red_0,m2,71,851,3720.517758186548,0.27543018668101055,15.780987247322283,1.6907722367362137,96.87411328287912,3720.517758186548,3717.294129065022,-154.844266927048,242.92832271471082,260.4913365517157,220.65874958185688,5967.911201548467,5813.066934621419,True,hit,hit,True,6.383333333333316,71,103,32,False
blue,blue_0,red_1,m1,61,728,4795.639057086719,0.25963004354975444,14.875705730198693,1.7865502049837545,102.36178663380123,4795.639057086719,4736.614122167445,-750.0937431678258,247.35938791770357,281.5975246898515,190.41054829123277,6003.869226111362,5253.775482943536,True,hit,hit,True,9.133333333333367,61,107,46,False
blue,blue_0,red_2,m2,69,822,4470.852494149129,0.4449069271060088,25.49128919930887,1.6172708846387067,92.66279601918694,4470.852494149129,4394.487071877166,-822.8033784227764,242.91628379778797,269.5549498029299,198.95727976603064,5954.218651664083,5131.415273241307,True,hit,hit,True,9.550000000000054,69,117,48,False
blue,blue_0,red_1,m0,53,626,5098.355152863131,0.1419992748027083,8.135959140113561,1.7343251412160754,99.36951089511162,5098.355152863131,5079.621511613047,-436.65840594682595,253.60911459238574,266.9019451348102,248.17387147869397,6031.988353329076,5595.32994738225,True,hit,hit,True,7.799999999999978,53,92,39,False
blue,blue_0,red_0,m1,58,695,4562.91620338873,0.09665451531312479,5.537895798324636,1.6058919025325826,92.01082836935115,4562.91620338873,4525.217184640054,-585.3321373252584,248.06205058456845,268.5518207981746,251.16038616875446,6011.684361954589,5426.3522246293305,True,hit,hit,True,7.066666666666647,58,94,36,False
blue,blue_0,red_1,m2,62,743,4205.697564399265,0.17274433025250926,9.897521058282848,1.6634241323125805,95.30718232172188,4205.697564399265,4173.731808159672,-517.5469029470651,244.25646565166858,264.9174075203462,222.74239171383698,5981.757387632436,5464.210484685371,True,hit,hit,True,6.849999999999981,62,97,35,False
blue,blue_0,red_2,m2,61,726,4718.042300473327,0.36881510369524956,21.131548862417613,1.6557698600298334,94.86862482467652,4718.042300473327,4711.651912428331,-245.47791176821374,248.8622098872266,265.9199579798043,238.01094054468834,5962.964849379876,5717.486937611662,True,hit,hit,True,8.083333333333314,61,101,40,False
blue,blue_0,red_2,m0,56,665,5051.202279539139,0.2544947985365735,14.58147786417782,1.6241407313112326,93.05640923942467,5051.202279539139,4979.973298368552,-845.2871798138476,250.13523695950053,282.62205332874504,219.79695271007085,6029.71295067364,5184.4257708597925,True,hit,hit,True,9.083333333333364,56,101,45,False
blue,blue_0,red_2,m0,49,585,5479.227999024532,0.2336084110810007,13.384776013698513,1.65872441427204,95.03790831309743,5479.227999024532,5472.251010063202,-276.42060009458964,255.8342968219962,259.9364849052782,263.692852822754,6063.327255648115,5786.9066555535255,True,hit,hit,True,8.616666666666674,49,92,43,False
blue,blue_0,red_0,m1,58,689,4685.932912373108,0.0864937500447108,4.955726831821404,1.7773091314232943,101.83231212061692,4685.932912373108,4607.566261935012,-853.4051799349081,250.5514936033803,277.4077265531318,216.91366442439136,5993.630848407651,5140.225668472743,True,hit,hit,True,9.383333333333379,58,105,47,False
blue,blue_0,red_0,m2,65,772,4136.5434268379395,0.17387042705332587,9.962041652292823,1.6085220685025945,92.16152577885175,4136.5434268379395,4070.831080980715,-734.3880665135748,246.14656394801256,274.8530557251491,231.02107812315077,5949.964847256715,5215.57678074314,True,hit,hit,True,5.999999999999984,65,95,30,False
blue,blue_0,red_1,m1,59,699,4707.037489689895,0.2111832837895717,12.099910864855993,1.7422608861757105,99.82419558859092,4707.037489689895,4654.745412200898,-699.6764087353813,249.90623500012356,273.8112796980482,212.35128947932375,6007.995346522592,5308.31893778721,True,hit,hit,True,7.966666666666644,59,98,39,False
blue,blue_0,red_0,m0,51,608,5244.962031450791,0.05047072999161335,2.89175981746379,1.653094156360976,94.71531829722332,5244.962031450791,5244.859783315869,-32.7500338355303,254.1034713771254,257.93983168647515,275.19686144502555,6002.091900035413,5969.341866199883,True,hit,hit,True,7.449999999999979,51,88,37,False
blue,blue_0,red_1,m1,56,661,4878.994446781073,0.15312579078080493,8.773461546343373,1.6844321559280884,96.51085341080166,4878.994446781073,4808.709807177564,-825.1647120877533,249.18950403318087,275.5253470694925,227.59699641907326,5967.93516004286,5142.770447955107,True,hit,hit,True,8.950000000000024,56,100,44,False
blue,blue_0,red_0,m0,49,588,5280.397113429111,0.03169663622427721,1.8160834804125652,1.6569811149040756,94.93802461688524,5280.397113429111,5270.505374769913,-323.0584622509614,255.1387768239051,256.80947843392215,276.86847756403415,6065.358500949913,5742.3000386989515,True,p_hit_fail,miss,False,7.766666666666644,49,88,39,True
blue,blue_0,red_1,m1,56,670,4703.090447442481,0.16583276645787634,9.501517623014957,1.6499353252092632,94.53433060403573,4703.090447442481,4702.428025610783,78.93301448051443,249.98839057607032,247.2263036586736,265.8210170198766,6033.44051333819,6112.373527818704,True,hit,hit,True,7.016666666666647,56,91,35,False
blue,blue_0,red_2,m2,65,777,4710.479529320225,0.36267594191781694,20.77980080282269,1.5849426218960723,90.81052300504396,4710.479529320225,4708.30882125143,-142.98755145416908,242.87181070772823,260.68383769430034,221.99357771032928,5890.506855838206,5747.519304384037,True,hit,hit,True,8.11666666666665,65,106,41,False
blue,blue_0,red_2,m0,38,448,6436.748603832452,0.2602857550584176,14.913275232223247,1.667339085634449,95.53149262405567,6436.748603832452,6435.902606943112,-104.3562306806516,265.90794818281955,249.75108632453296,280.3161707357216,6073.367336489024,5969.011105808372,True,hit,hit,True,10.050000000000079,38,88,50,False
blue,blue_0,red_0,m1,49,587,5392.865006178432,0.05600843974640651,3.209047214581864,1.6729799341748155,95.8546894382912,5392.865006178432,5354.227278074413,-644.3936914555816,255.48501558917658,276.8664865265164,253.31815032734582,6052.9902308378605,5408.596539382279,True,hit,hit,True,8.800000000000017,49,93,44,False
blue,blue_1,red_2,m1,58,689,4573.537742201632,0.17774102671827643,10.18381067727924,1.6921905078123842,96.95537422974918,4573.537742201632,4573.2095073662695,54.793075087662146,247.7515781049515,253.2530860706733,265.01910488554046,6056.507053751504,6111.300128839166,True,hit,hit,True,6.849999999999981,58,92,34,False
blue,blue_0,red_2,m2,65,773,4602.70814101284,0.4283060976505324,24.54013173509361,1.583593125722107,90.73320256980669,4602.70814101284,4449.664494792918,-1177.033608324401,242.62561618567008,284.3794159088177,182.20578929087674,6000.986027242766,4823.952418918365,True,hit,hit,True,9.783333333333399,65,114,49,False
blue,blue_0,red_0,m0,57,673,4802.247284158374,0.07975817242666587,4.56980666172465,1.7144074012128643,98.22830845548873,4802.247284158374,4765.093586582352,-596.2064150260503,251.09390218684467,268.9316131585686,244.33178167997085,6014.205626116793,5417.999211090742,True,hit,hit,True,7.616666666666645,57,95,38,False
blue,blue_0,red_0,m3,93,1109,3278.423130532691,0.2102697481536446,12.04756912848257,1.716730155737924,98.36139248661956,3278.423130532691,3268.8418375823526,-250.46210029263693,245.86662500309654,268.8337805528142,199.34196167140752,5877.231948684562,5626.769848391925,True,hit,hit,True,5.699999999999985,93,121,28,False
blue,blue_0,red_1,m2,56,668,5090.453449464664,0.1679860329869361,9.624890707296865,1.708564916826779,97.89355875829496,5090.453449464664,5006.194497277556,-922.3518724405603,251.34267842349357,272.5606129811089,219.24422189046484,6007.566295851008,5085.214423410448,True,hit,hit,True,9.533333333333387,56,104,48,False
blue,blue_0,red_1,m2,63,754,4789.813445387079,0.28710476252292083,16.449891170669133,1.7388397855161433,99.6281809595083,4789.813445387079,4705.245940453528,-896.0878759677698,245.21936319589852,276.1024740164095,187.895312713889,5962.658981436852,5066.571105469082,True,hit,hit,True,9.183333333333369,63,109,46,False
blue,blue_0,red_2,m0,41,485,6281.073207345353,0.27489134984118124,15.750114170553898,1.7039170593396715,97.62725614050542,6281.073207345353,6279.218475402896,152.63018767782705,263.3757798356382,251.51052028730575,271.731394435065,6065.475403976168,6218.105591653995,True,hit,hit,True,9.683333333333394,41,89,48,False
blue,blue_0,red_0,m2,64,767,4348.190143761325,0.1853187265030671,10.617980893364939,1.6227769858007433,92.97827237734371,4348.190143761325,4271.662558708648,-812.1924099804291,244.1402895327723,274.07291862022197,214.8666255523703,5922.4667918795,5110.274381899071,True,hit,hit,True,7.599999999999978,64,102,38,False
blue,blue_0,red_0,m1,54,643,4771.07607870891,0.04429962193696309,2.538181371013142,1.6535783751033604,94.74306198752308,4771.07607870891,4753.296963296728,-411.5032533802032,252.19924077761758,264.39662058143335,269.6198265439979,6046.188584496467,5634.685331116264,True,hit,hit,True,7.033333333333314,54,89,35,False
blue,blue_0,red_1,m1,61,722,4957.6791987027145,0.25000776002840314,14.324389495146981,1.7342950147008054,99.36778477293521,4957.6791987027145,4923.586369387986,-580.4139044047934,249.00237573485373,277.5839436450683,210.78946459827145,5958.435847872499,5378.021943467706,True,hit,hit,True,8.800000000000017,61,105,44,False
blue,blue_0,red_2,m0,51,606,5620.515294547144,0.24222974645920037,13.878742144636178,1.6007135917835367,91.71413301842358,5620.515294547144,5606.930823933535,-390.53669720318976,254.2612573289264,272.7862346484709,247.09662994415712,6058.883674346664,5668.346977143474,True,hit,hit,True,8.700000000000012,51,94,43,False
blue,blue_0,red_0,m2,59,699,4776.2523248619245,0.12891642854053195,7.3863672652723515,1.6013399200950058,91.75001898726032,4776.2523248619245,4763.94150077832,-342.7063581419916,248.75576966058324,259.0310369360977,237.4677049539927,6033.231953476405,5690.525595334413,True,hit,hit,True,6.733333333333315,59,92,33,False
blue,blue_0,red_2,m0,49,584,5542.553723556275,0.21973464729932596,12.58986790304709,1.5952527850945186,91.40125184240604,5542.553723556275,5527.305454702578,-410.848133648753,254.94225635939875,271.4378572554799,250.45701112112184,6077.463611068264,5666.615477419511,True,hit,hit,True,8.900000000000022,49,94,45,False
blue,blue_0,red_1,m1,55,654,5152.8896308446465,0.1648686289113642,9.446276610729713,1.659181716982757,95.0641098283814,5152.8896308446465,5135.571897347821,-422.10524142395934,250.9824575362691,262.8573435119586,233.8777512330695,6056.62287918181,5634.517637757851,True,hit,hit,True,8.066666666666647,55,95,40,False
blue,blue_0,red_1,m0,46,547,5703.756777708573,0.18313948255751952,10.493119412755625,1.5890522556946447,91.04598767704648,5703.756777708573,5670.920833250024,-611.1450582859507,257.96188664002574,273.6648042524218,252.87817681187298,6071.245484739633,5460.100426453682,True,hit,hit,True,9.033333333333362,46,91,45,False
blue,blue_0,red_0,m1,51,606,5181.47945591232,0.041971087855091085,2.404766195669506,1.6793396333276496,96.21907335872153,5181.47945591232,5170.942203519172,-330.28181891488475,254.06651862641718,269.4538482614551,257.8533213409997,6059.075982744554,5728.794163829669,True,hit,hit,True,8.04999999999998,51,91,40,False
blue,blue_0,red_1,m2,62,737,4639.711083793808,0.29714050715537615,17.024896982379893,1.7315134327015116,99.20841186400611,4639.711083793808,4639.711079405656,-0.20179076337262813,247.5934535884764,255.8607108238466,231.419638520872,5990.610220944614,5990.408430181242,True,hit,hit,True,7.716666666666645,62,100,38,False
blue,blue_0,red_2,m2,59,701,5053.568740134819,0.3119312353365552,17.87234328308666,1.7104824782391912,98.00342693418334,5053.568740134819,5046.339610714662,-270.2101859664335,249.27358921568862,261.04666920584793,218.0864687086345,6011.0421977036785,5740.832011737245,True,hit,hit,True,8.883333333333354,59,103,44,False
blue,blue_0,red_0,m1,64,763,4278.435162060236,0.12552148768610868,7.191851482617361,1.708483639706106,97.88890192230943,4278.435162060236,4249.909972360267,-493.2267863631787,245.78840379858124,262.3540408013874,222.81784849469477,5974.397120252788,5481.1703338896095,True,hit,hit,True,6.6999999999999815,64,97,33,False
blue,blue_0,red_2,m0,56,667,5166.313106162436,0.19334711162923257,11.077973477399825,1.7233994964510622,98.74351756161715,5166.313106162436,5094.729179227604,-857.0447486756957,250.30978585132195,270.48365301599273,209.89454659375915,6040.453399889526,5183.40865121383,True,hit,hit,True,8.900000000000022,56,100,44,False
blue,blue_0,red_1,m2,69,824,3638.176880299758,0.23238414551457928,13.314630763739373,1.6540452795410054,94.76981364123607,3638.176880299758,3531.4202579336347,-874.8725474054045,243.3846795514401,283.46833876854595,207.96896688512544,5925.465879105639,5050.593331700235,True,hit,hit,True,6.666666666666648,69,102,33,False
blue,blue_0,red_1,m0,46,550,5708.153413550199,0.17758016633642362,10.174594056308212,1.6531845948342978,94.72050004005025,5708.153413550199,5695.697045768465,-376.8959477749422,257.92997234300157,268.7679172164563,264.5843544089233,6066.874174179325,5689.978226404382,True,hit,hit,True,8.366666666666662,46,88,42,False
blue,blue_0,red_1,m0,47,553,5603.813555170285,0.14145796781221304,8.104944534137255,1.6630661031593057,95.2866687622966,5603.813555170285,5593.409040710051,-341.32340150259097,257.3831542751483,258.52882652879725,271.8305153996765,6072.650719140243,5731.327317637652,True,hit,hit,True,8.533333333333337,47,89,42,False
blue,blue_0,red_0,m1,52,615,5168.247690203126,0.04504008996196031,2.5806070637098704,1.7057938744413477,97.73478972475789,5168.247690203126,5151.91519991579,-410.5532367021133,253.733639859946,272.3631687249179,255.6131205317787,6050.75766304096,5640.204426338847,True,p_hit_fail,miss,False,7.733333333333311,52,90,38,True
blue,blue_0,red_0,m2,60,709,4628.609295562661,0.15838315547035922,9.07468635441594,1.748685211278147,100.19228230318049,4628.609295562661,4619.998999364177,-282.1936513160381,248.5832397850417,262.0990711365224,234.58831230177353,6009.038832700337,5726.8451813842985,True,hit,hit,True,7.716666666666645,60,98,38,False
blue,blue_0,red_1,m0,49,586,5534.298527325835,0.16283911071388935,9.329993783569405,1.6847859413811292,96.53112382411402,5534.298527325835,5533.153182260505,112.58797094424699,255.4171028815815,243.26609067941516,253.2827730996157,6059.808867127171,6172.396838071418,True,hit,hit,True,8.099999999999982,49,90,41,False
blue,blue_0,red_0,m1,54,648,4950.267173455979,0.05343723709956224,3.061728154644821,1.7425350213631177,99.83990237784539,4950.267173455979,4917.570582794118,-568.0181791402083,251.74585434233572,267.76440059879235,231.49633408578973,6038.069661459563,5470.051482319354,True,hit,hit,True,7.799999999999978,54,93,39,False
blue,blue_0,red_2,m2,62,739,4836.513430487143,0.33635768528454946,19.27187577359428,1.7125849193582958,98.12388793698278,4836.513430487143,4834.932244138557,-123.66227343781065,247.23617803255686,268.0228450097944,223.13760281673612,5977.356244548468,5853.693971110657,True,hit,hit,True,8.299999999999992,62,103,41,False
blue,blue_0,red_2,m1,55,650,5049.655930411685,0.21626327434231324,12.390972883494413,1.6261977982086275,93.17427049082146,5049.655930411685,4974.575687603508,-867.5377477931397,251.8886391409166,280.0150448423763,237.88195601244757,6041.945142873052,5174.407395079912,True,hit,hit,True,10.433333333333431,55,107,52,False
blue,blue_0,red_0,m0,44,526,5822.440624578646,0.13576954353776235,7.7790218311314625,1.6380349815250703,93.85249113617631,5822.440624578646,5819.121984164592,196.5557431267598,257.4292162060908,246.95697656645493,288.5378789378435,6077.410377002986,6273.966120129746,True,hit,hit,True,8.099999999999982,44,85,41,False
blue,blue_0,red_2,m2,66,785,4696.719074685559,0.3487798632227501,19.9836141418137,1.6374769834583311,93.8205202019757,4696.719074685559,4649.85172742,-661.8526871777494,244.1163762896882,268.2607190221553,202.11915441142975,5942.551386311481,5280.698699133732,True,hit,hit,True,8.266666666666657,66,107,41,False
blue,blue_0,red_1,m1,53,628,5308.036817211333,0.11995311612147681,6.872807293203296,1.5767740932760113,90.34250079028264,5308.036817211333,5296.1407739195165,-355.17285326754154,250.85816449501897,265.90381375933345,257.46599613740824,6018.308263984235,5663.1354107166935,True,hit,hit,True,7.949999999999977,53,92,39,False
blue,blue_0,red_0,m3,92,1093,3441.1228756391015,0.329874383760457,18.90040995895305,1.7105141112733246,98.00523937353238,3441.1228756391015,3340.557525566532,-825.834162303503,247.56237343531143,286.67484721711344,176.31060859231079,5689.426682180251,4863.592519876748,True,hit,hit,True,6.716666666666648,92,125,33,False
blue,blue_0,red_1,m0,48,571,5459.909488839483,0.16700567240637426,9.568720183629676,1.6498226998261911,94.52787764491964,5459.909488839483,5441.848810495883,-443.72643602106655,255.85197369124012,271.07708238659677,266.4594131888697,6084.646971511314,5640.920535490248,True,hit,hit,True,8.683333333333344,48,91,43,False
blue,blue_0,red_0,m2,61,721,4314.635129263065,0.14311389362527513,8.199822094412482,1.5962762688344343,91.45989314110346,4314.635129263065,4306.210471122974,-269.49522641738804,247.66380705342635,260.38971308460685,255.0306548267665,6030.997618372558,5761.5023919551695,True,hit,hit,True,6.433333333333316,61,93,32,False
blue,blue_0,red_2,m2,62,734,4714.26635647248,0.13162614536629313,7.541622603064054,1.6181208994126113,92.71149827825543,4714.26635647248,4571.974176732346,-1149.5039830556907,239.72708466938974,282.9309737680481,188.12558428581053,5935.707706074907,4786.203723019216,True,hit,hit,True,8.816666666666684,62,106,44,False
blue,blue_0,red_2,m1,55,655,5210.435291900169,0.2605775930199544,14.929996315721008,1.5711048710183393,90.0176782817964,5210.435291900169,5167.957661865902,-663.9650113073149,251.1124415050864,268.2707643502491,239.13696027291118,6063.555415615621,5399.5904043083065,True,hit,hit,True,8.349999999999994,55,97,42,False
blue,blue_0,red_0,m0,65,772,4405.676439200814,0.1052494687897272,6.030350357645249,1.6988002024893527,97.33408183860956,4405.676439200814,4387.956319409676,-394.7457737352579,239.79996877186565,271.5748530450347,218.8450790451863,5945.0803621270325,5550.334588391775,True,hit,hit,True,7.449999999999979,65,102,37,False
blue,blue_0,red_1,m0,45,534,5761.326443806666,0.2376208379197293,13.61467113716268,1.712139968784463,98.09839414701024,5761.326443806666,5736.202147416943,-537.4637811752655,258.90965353637375,268.6167986123568,251.3348530452921,6076.117997409998,5538.654216234732,True,hit,hit,True,9.600000000000056,45,93,48,False
blue,blue_0,red_1,m1,75,898,3556.021986601355,0.32773232932275104,18.77767928018523,1.6668423244500303,95.50303030476256,3556.021986601355,3414.5690971047497,-992.9804883730094,243.06645043818222,275.6104955077898,194.10695798437303,5868.181913769266,4875.201425396257,True,hit,hit,True,6.833333333333314,75,109,34,False
blue,blue_0,red_2,m2,80,949,3599.426698091928,0.4604155317771654,26.379866793103016,1.7527934205113151,100.4276653535977,3599.426698091928,3572.126639594548,-442.47466101000464,247.0183654694198,276.6599603472093,183.39198159810485,5833.625094560124,5391.1504335501195,True,hit,hit,True,7.09999999999998,80,115,35,False
blue,blue_0,red_2,m1,62,734,4578.8776070466765,0.3291661609615934,18.85983178162322,1.6991582145019635,97.35459441594713,4578.8776070466765,4506.453975399874,-811.1674968316775,246.7592862753238,267.59565991721234,223.23825035419367,6033.482545754363,5222.3150489226855,True,p_hit_fail,miss,False,8.283333333333324,62,103,41,True
blue,blue_0,red_0,m2,70,839,3972.0297465817257,0.26362344508234586,15.104510783917256,1.7242910985950086,98.7946026014701,3972.0297465817257,3964.91735055517,-237.59358366054585,243.26212187136792,262.9329457160272,213.46691358734532,5982.28846312902,5744.694879468474,True,hit,hit,True,6.766666666666648,70,104,34,False
blue,blue_0,red_0,m1,54,638,4817.4222550783325,0.1093589362016103,6.265805496392701,1.5843939140666858,90.77908436223433,4817.4222550783325,4771.887520445385,-660.7924605665476,253.24100029892764,275.69586087727595,254.98149028739147,6022.059206543734,5361.2667459771865,True,hit,hit,True,7.533333333333312,54,91,37,False
blue,blue_1,red_2,m2,54,641,4904.748555656461,0.06842131186987505,3.920252398892203,1.592226336838011,91.22784913039342,4904.748555656461,4868.026422823566,-599.0635533111181,251.3520427717722,267.6726218361548,260.53105348541106,6041.36568468778,5442.302131376662,True,hit,hit,True,7.566666666666645,54,92,38,False
blue,blue_0,red_1,m0,47,556,5471.853079941506,0.22908935060209865,13.125852920893058,1.7153002407829616,98.27946439463759,5471.853079941506,5449.060030016772,-498.9197508006373,259.2771585935613,272.972272861102,249.5337268147488,6040.989942800331,5542.070191999694,True,hit,hit,True,9.05000000000003,47,92,45,False
blue,blue_0,red_2,m3,104,1245,3574.9354914120995,0.42760918947902926,24.5002018381583,1.8870973149133103,108.1227116750027,3574.9354914120995,3389.567322182435,-1136.2205490796523,246.58218440566097,242.41720079453856,104.43291706995373,5685.637818178409,4549.417269098757,True,hit,hit,True,6.716666666666648,104,138,34,False
blue,blue_0,red_1,m1,54,640,5124.205008419981,0.18728547787887254,10.730667446550138,1.6292883419602768,93.3513456041915,5124.205008419981,5115.134773519629,-304.7510739057607,252.30653601559916,269.00145390136015,250.39934853026514,6056.7667357811815,5752.015661875421,True,hit,hit,True,8.166666666666652,54,95,41,False
blue,blue_0,red_2,m0,50,590,5587.555949396954,0.2115507308846075,12.120964032595886,1.6874913247928358,96.6861308755695,5587.555949396954,5586.234685807101,-121.50523744649854,254.9610666260844,258.7116161177319,255.0746762097491,6075.539461974642,5954.034224528144,True,hit,hit,True,9.150000000000034,50,95,45,False
blue,blue_0,red_2,m0,56,666,5241.267508471742,0.24027271770087166,13.766612656398214,1.7575170551587824,100.69830968285935,5241.267508471742,5158.466501955682,-927.9592898197025,248.9882154327338,282.15503585417844,199.11122451029263,6040.451244566921,5112.491954747218,True,hit,hit,True,10.916666666666789,56,110,54,False
blue,blue_0,red_2,m0,49,577,5682.589673544552,0.1637183563864789,9.38037084976393,1.6655013371697667,95.42619739322274,5682.589673544552,5675.619219300065,-281.37497292207354,254.77764116615947,261.7456856588264,262.8990293193045,6066.957428882186,5785.582455960112,True,hit,hit,True,8.966666666666692,49,93,44,False
blue,blue_1,red_0,m1,51,604,5254.998882357341,0.12223883284091709,7.003769214389712,1.6714686167890118,95.7680973305799,5254.998882357341,5234.44397418343,-464.33773776389353,256.10034106325173,266.4015589062473,262.7150562270569,6046.420799521184,5582.08306175729,True,hit,hit,True,8.533333333333337,51,93,42,False
blue,blue_0,red_1,m0,44,528,5780.472798740319,0.06668975358803793,3.8210414173620117,1.65595128286507,94.87901958744287,5780.472798740319,5770.107456341772,-346.0140448678603,257.3801647880361,260.6839811654728,270.1547819133497,6082.007973776517,5735.993928908657,True,hit,hit,True,8.416666666666664,44,86,42,False
blue,blue_0,red_1,m1,75,895,3736.553177106252,0.3210151716487453,18.392814495140787,1.6474325593901398,94.39093268549034,3736.553177106252,3636.630261204625,-858.3414172889516,242.43312300255752,270.4908084735078,192.74080145065818,5918.996139143285,5060.654721854334,True,hit,hit,True,7.14999999999998,75,111,36,False
blue,blue_0,red_1,m2,56,672,4734.012015582783,0.13409388357416957,7.683013587318551,1.6021316909312109,91.79538411451641,4734.012015582783,4686.680003803033,-667.7576698436033,249.10864786406358,267.2635009133347,250.5984064703079,6013.73987938085,5345.9822095372465,True,hit,hit,True,7.583333333333312,56,94,38,False
blue,blue_0,red_0,m2,83,994,3315.4808069401965,0.24545347760727743,14.063448333705857,1.6639499944831764,95.33731200470262,3315.4808069401965,3280.65758117574,-479.2690437144465,248.94118184484168,267.8646360769624,209.83815891815115,5865.820879701228,5386.551835986781,True,hit,hit,True,5.916666666666651,83,113,30,False
blue,blue_0,red_0,m2,74,885,3580.66537634172,0.31534841162056826,18.068133062012805,1.714865963520234,98.2545821403448,3580.66537634172,3539.4811772215976,-541.5141119365244,244.8387359086856,273.4887440444009,203.52653706652404,5923.7173162630115,5382.203204326487,True,hit,hit,True,6.499999999999982,74,107,33,False
blue,blue_0,red_2,m0,45,530,5879.501536352677,0.289487833691186,16.586431090890038,1.6720070710210981,95.79894848553941,5879.501536352677,5869.907370835357,-335.7465916226711,259.24286524068174,261.9880907908225,264.92971470567284,6071.173799485512,5735.427207862841,True,hit,hit,True,9.333333333333377,45,91,46,False
blue,blue_0,red_0,m1,56,669,4708.963925260508,0.17684768828238312,10.132626155225736,1.7455089642772847,100.01029675534,4708.963925260508,4708.539893183912,-63.192750379253994,249.0632920887989,251.32025375033888,244.23012852510334,6032.320566382582,5969.127816003328,True,hit,hit,True,7.399999999999979,56,93,37,False
blue,blue_0,red_2,m1,57,681,4872.42961696021,0.1552697761452269,8.89630285906257,1.6479293939892123,94.41939921113328,4872.42961696021,4808.00908708783,-789.6955050599381,247.46909133874192,276.7571307773348,240.24229927563093,6010.649997592709,5220.954492532771,True,p_hit_fail,miss,False,8.033333333333312,57,97,40,True
blue,blue_0,red_1,m2,59,700,4514.885709679326,0.1480136262349975,8.480556093692194,1.6258424694020288,93.15391164986393,4514.885709679326,4407.336168743903,-979.5819859248186,247.70037733224302,278.57518420839875,228.42864923042112,6009.28383362738,5029.701847702561,True,p_hit_fail,miss,False,7.666666666666645,59,97,38,True
blue,blue_1,red_0,m2,59,708,4659.799243267843,0.14793715650299988,8.476174700788233,1.6498390064669488,94.5288119466131,4659.799243267843,4614.432167400658,-648.6484101712076,247.53259115944206,272.04127391944417,240.37240000981947,5960.375029202276,5311.726619031068,True,hit,hit,True,7.783333333333311,59,98,39,False
blue,blue_0,red_2,m0,42,498,6088.702991879056,0.30089154070871105,17.239815373797942,1.6766545404580686,96.06522886969387,6088.702991879056,6088.390537031419,-61.68299525179464,262.8366356413663,260.53472326131356,267.8097626914849,6060.46674793033,5998.783752678535,True,hit,hit,True,8.91666666666669,42,86,44,False
blue,blue_0,red_0,m1,55,651,4852.78952621522,0.024137068800308213,1.382952172074558,1.6121228313004181,92.36783429019476,4852.78952621522,4818.324390753542,-577.3354754504944,251.12979683936138,270.61633953452593,242.1825278940891,6031.911419340734,5454.57594389024,True,p_hit_fail,miss,False,6.749999999999981,55,88,33,True
blue,blue_0,red_1,m2,61,725,4441.964273741873,0.157071310691849,8.99952318523103,1.5722045730477827,90.08068656680548,4441.964273741873,4354.208079056581,-878.5889900730408,248.11363870235994,275.7894901559882,235.27360171187019,5981.870413906099,5103.281423833058,True,hit,hit,True,8.466666666666667,61,103,42,False
blue,blue_0,red_1,m1,49,580,5416.0309398565405,0.2647987698367156,15.171851931899889,1.7158050204217865,98.3083861375264,5416.0309398565405,5410.99830567791,-233.4276706693263,256.890556385755,254.81494908611072,252.07601266061965,6052.317191965584,5818.889521296258,True,hit,hit,True,8.283333333333324,49,90,41,False
blue,blue_0,red_1,m3,98,1174,3178.2833734682417,0.2700495714585728,15.472700703892755,1.9380654122763712,111.04296854371795,3178.2833734682417,3172.5264341876846,-191.20990153504317,244.8567673199093,273.8247144493474,125.46148411430188,5492.409621074671,5301.199719539628,True,hit,hit,True,6.21666666666665,98,129,31,False
blue,blue_0,red_2,m0,43,511,6088.675052811284,0.3298622829677614,18.899716634602825,1.6683633263554896,95.59017729457673,6088.675052811284,6083.3080685866225,-255.59116063626698,262.1222266567331,257.5744601083094,264.9603607591542,6058.88988127777,5803.298720641503,True,hit,hit,True,10.333333333333426,43,95,52,False
blue,blue_1,red_2,m3,99,1177,3349.2663505082437,0.5372263159000972,30.78080054443748,1.6367453990635834,93.77860350379902,3349.2663505082437,3205.504688030416,-970.7341457174734,242.89065271093452,254.2062054758883,121.42315756948935,5477.990481561161,4507.256335843687,True,hit,hit,True,6.433333333333316,99,131,32,False
blue,blue_0,red_0,m2,69,820,3667.137500338797,0.20227445596087973,11.589472629863245,1.5719814483479633,90.06790246320071,3667.137500338797,3627.798734942088,-535.6993421161433,244.21572179249642,272.9867777861429,213.77597108613207,5949.80102686111,5414.101684744966,True,hit,hit,True,5.899999999999984,69,98,29,False
blue,blue_0,red_0,m3,102,1221,2227.8794626578406,0.41949593339540314,24.035346506457685,1.7293171525531434,99.08257428087626,2227.8794626578406,2181.5186676172993,-452.13184246393485,248.7237150546896,265.5574315182167,194.4025191064925,5541.759358637224,5089.627516173289,True,hit,hit,True,4.29999999999999,102,124,22,False
blue,blue_0,red_2,m0,51,603,5494.70644250869,0.25364703198981753,14.532904419036324,1.5837598829836352,90.74275705709543,5494.70644250869,5473.652063257231,-480.55382606567673,253.76283596755962,269.79739204868883,243.03299910136465,6075.155621294873,5594.601795229196,True,hit,hit,True,8.733333333333347,51,94,43,False
blue,blue_0,red_0,m1,56,672,4734.5112968384,0.048447894386236784,2.7758598746269216,1.6827410081842968,96.41395778254933,4734.5112968384,4705.499636756273,-523.3262733486772,249.66312611520692,267.52879044175097,248.2428119297255,6054.112511895988,5530.786238547311,True,hit,hit,True,7.799999999999978,56,95,39,False
blue,blue_0,red_1,m2,61,723,4679.847305675454,0.22765804360559141,13.043845070805647,1.6818385917987406,96.3622531322935,4679.847305675454,4594.8863177333815,-887.6883076532931,247.33540338357872,283.1182034039755,200.94036866380068,6024.577411428064,5136.889103774771,True,hit,hit,True,9.433333333333382,61,108,47,False
blue,blue_0,red_1,m0,49,581,5428.97139767719,0.15540179451546968,8.903866954495676,1.6381731241794482,93.8604061272429,5428.97139767719,5415.6721336669,-379.77069057634617,255.70707411139216,273.946231976513,262.56893728125715,6065.098690468241,5685.327999891895,True,hit,hit,True,8.65000000000001,49,92,43,False
blue,blue_0,red_2,m1,53,626,5127.839652910555,0.20686134264732714,11.85228187810143,1.7130304442235875,98.14941463143214,5127.839652910555,5094.150279742775,-586.8325428590733,252.99959969830022,265.60416996887955,246.43333790646133,6052.174717035214,5465.34217417614,True,hit,hit,True,8.066666666666647,53,93,40,False
blue,blue_0,red_0,m2,58,687,4740.291079781885,0.11369796580590494,6.5144135799011025,1.7435053284072328,99.895496876305,4740.291079781885,4714.811128766045,-490.83147935270244,250.09531974773353,275.58279760926087,230.63596500703994,6020.742735100164,5529.911255747462,True,hit,hit,True,7.9333333333333105,58,97,39,False
blue,blue_0,red_1,m1,61,723,4265.734803618604,0.19872113355524196,11.385882252770928,1.5985210399417173,91.5885090515237,4265.734803618604,4221.700252004328,-611.3431090882123,246.71564279517455,271.4211250921327,238.5553003350833,6005.763929288016,5394.4208201998035,True,p_hit_fail,miss,False,6.9999999999999805,61,96,35,True
blue,blue_0,red_2,m0,53,636,5313.974352740016,0.23438153473898837,13.429072736342922,1.6257796141808685,93.1503103109711,5313.974352740016,5277.359218767558,-622.738386216678,251.6605561311724,271.85419137019306,241.5360591844874,6046.007994670861,5423.269608454183,True,hit,hit,True,8.65000000000001,53,97,44,False
blue,blue_0,red_1,m0,51,611,5387.117771418139,0.30881569859276553,17.69383617674958,1.648561721574879,94.45562891306167,5387.117771418139,5320.82383274869,-842.538796722547,253.38333129351062,279.43614956382845,228.2924991325432,6085.93810710329,5243.399310380743,True,hit,hit,True,9.283333333333374,51,98,47,False
blue,blue_0,red_0,m2,72,856,3172.3494932091116,0.2426742436305959,13.904209956562644,1.5883314061220535,91.00468603887319,3172.3494932091116,3159.746056439276,-282.499851115982,243.9472258995489,262.48039428447083,237.62894999398006,6000.651115907883,5718.151264791901,True,hit,hit,True,5.28333333333332,72,98,26,False
blue,blue_0,red_0,m2,70,837,3758.1025342598377,0.13135998486837644,7.526372729860327,1.6373801169841116,93.8149701618266,3758.1025342598377,3680.165804333523,-761.3897232195932,238.2179649118777,271.1719602357066,203.45523775424863,5921.419319092372,5160.029595872778,True,hit,hit,True,6.483333333333316,70,103,33,False
blue,blue_0,red_2,m1,64,758,4531.349571589423,0.333218438660956,19.09201019121168,1.6364325655972056,93.76067946648512,4531.349571589423,4445.284258983633,-878.9634786360484,244.77444523706143,268.91744525796776,208.94841981834134,6057.966959640615,5179.003481004566,True,hit,hit,True,8.083333333333314,64,104,40,False
blue,blue_0,red_1,m3,97,1157,2987.094679409825,0.39073105121077994,22.387240159087725,1.854971541275141,106.28204043194297,2987.094679409825,2764.9207480895275,-1130.4635688701046,252.88545964356004,268.307923988865,109.32801266651599,5675.372086224447,4544.908517354343,True,p_hit_fail,miss,False,5.899999999999984,97,126,29,True
blue,blue_1,red_2,m1,50,594,5238.619090448524,0.14825186387805012,8.494206105160254,1.6726259278011586,95.83440636715993,5238.619090448524,5203.166242010342,-608.4332607736806,253.59966065403486,267.051319963338,247.6859395459656,6040.225148303257,5431.791887529576,True,hit,hit,True,7.599999999999978,50,88,38,False
blue,blue_0,red_0,m0,50,589,5281.823607199295,0.03715787156223176,2.128989216205063,1.6140994814830272,92.48108800323203,5281.823607199295,5268.357978217288,-376.914885513982,255.3202732944877,262.5075129013378,275.7540010159631,6047.771882863847,5670.856997349865,True,hit,hit,True,7.799999999999978,50,88,38,False
blue,blue_0,red_1,m0,49,583,5245.798040145089,0.04762770477788849,2.728866471668076,1.6701153779599895,95.69056245700371,5245.798040145089,5212.178105046528,-592.9557144202545,254.98383264791272,263.4611089585802,259.5836405973006,6058.132986470752,5465.177272050498,True,hit,hit,True,7.716666666666645,49,88,39,False
blue,blue_0,red_1,m2,57,677,4721.469661120284,0.17279583099692328,9.900471833579552,1.6652056428278694,95.40925535540612,4721.469661120284,4717.933676395085,-182.69533660289562,248.55213057809135,269.3472369628963,245.40193166593735,6003.766190789283,5821.070854186388,True,hit,hit,True,7.666666666666645,57,95,38,False
blue,blue_0,red_1,m2,60,713,4473.067009249257,0.1609572392112065,9.222170488879737,1.662657457673177,95.26325510062435,4473.067009249257,4453.1170604035415,-421.99160605042107,246.06980154061262,270.34856004974665,240.11296136559017,5993.997990998509,5572.0063849480875,True,hit,hit,True,7.183333333333313,60,96,36,False
blue,blue_0,red_2,m1,55,658,5020.056864426786,0.23727388613220862,13.594792264043226,1.6549545038245235,94.82190835531246,5020.056864426786,5011.441442900795,-293.9822893558212,250.24799666294126,258.43522572495687,237.68547981624377,6018.740986675193,5724.758697319372,True,hit,hit,True,8.016666666666644,55,95,40,False
blue,blue_0,red_2,m0,49,578,5703.491456392915,0.1658241455620726,9.50102368206978,1.5939982315194285,91.32937121738033,5703.491456392915,5669.185217078932,-624.6229003172111,255.0527139304064,270.38035859866574,250.00631816179217,6065.003140181613,5440.380239864402,True,hit,hit,True,10.016666666666744,49,99,50,False
blue,blue_1,red_0,m1,59,706,4697.185001550149,0.15254304126634546,8.740072458651548,1.7163040927461921,98.33698087538662,4697.185001550149,4628.348870866711,-801.207631225835,249.60492860090753,267.34750014479613,222.62538135250284,6004.657119681192,5203.449488455357,True,hit,hit,True,7.999999999999977,59,99,40,False
blue,blue_0,red_1,m0,55,653,4661.3453728440145,0.13772768935876237,7.891215322345943,1.6493641842017315,94.5016066347973,4661.3453728440145,4661.219380973503,-34.271961882856885,250.2001751014127,252.26920020380538,279.35850379099116,6057.138736035105,6022.866774152248,True,hit,hit,True,7.04999999999998,55,90,35,False
blue,blue_0,red_0,m2,66,792,4280.05399328727,0.09080458457347333,5.202719456498764,1.602889578571439,91.83880787764662,4280.05399328727,4264.937803774177,-359.3991032156282,236.63499464218438,270.5268528215319,229.237459001541,5935.669478572081,5576.270375356453,True,hit,hit,True,6.449999999999982,66,99,33,False
blue,blue_0,red_0,m2,65,771,4221.875700289365,0.248863911023807,14.258851774783384,1.7005153303494716,97.43235142631967,4221.875700289365,4147.32122574096,-789.9120705574296,240.3275287309566,267.83284092310043,209.0055159352083,6014.626331839838,5224.714261282408,True,p_hit_fail,miss,False,7.216666666666646,65,101,36,True
blue,blue_0,red_2,m1,57,683,4828.049238762956,0.28075542410190274,16.086100876444537,1.6353189990973132,93.69687680583412,4828.049238762956,4709.5200269322795,-1063.2405973453688,247.93913409811867,265.7530495720931,228.1508198848144,6044.947129192846,4981.706531847477,True,hit,hit,True,9.550000000000054,57,105,48,False
blue,blue_0,red_1,m4,128,1525,2613.747204545997,0.5234028561845265,29.98877464446617,2.3621262662927007,135.33986573556697,2613.747204545997,2340.0437735942655,-1164.418132345389,254.13523137525502,246.2458328101874,27.967263094663995,5241.107605544802,4076.689473199413,True,hit,hit,True,6.516666666666649,128,160,32,False
blue,blue_0,red_2,m0,46,544,5776.614719954464,0.21205580202577828,12.149902477338829,1.745014174995502,99.98194741774553,5776.614719954464,5772.526920316234,-217.27995079842913,258.30048845218874,257.2050892294723,255.07895702971098,6066.504850813908,5849.224900015479,True,hit,hit,True,9.150000000000034,46,91,45,False
blue,blue_0,red_0,m1,60,720,4502.458282612598,0.13922512277172236,7.977011937010421,1.6493542199587452,94.50103572572814,4502.458282612598,4443.023971233045,-729.1560722611675,248.32798426423395,270.78488036960823,239.65350990479698,5977.695913826293,5248.539841565125,True,hit,hit,True,7.98333333333331,60,100,40,False
blue,blue_0,red_1,m2,63,750,4591.251823554743,0.26271024608919313,15.052188335754007,1.731651948806677,99.21634825222668,4591.251823554743,4449.93043513914,-1130.3594250136275,246.46671737392032,278.41437657156564,192.52281002404777,5954.00192379031,4823.642498776682,True,hit,hit,True,8.91666666666669,63,107,44,False
blue,blue_0,red_0,m3,102,1218,3005.188296142935,0.38432786402951147,22.020364558168772,2.1437476701866487,122.82769384269815,3005.188296142935,2877.076681812828,-868.093579197176,252.25706811688366,279.2937008880813,107.91519602231885,5846.244683732641,4978.151104535465,True,hit,hit,True,5.999999999999984,102,132,30,False
blue,blue_0,red_0,m1,60,714,4576.718967364524,0.15331496736998576,8.784300566486115,1.6127814607499253,92.40557097791455,4576.718967364524,4492.8978672109815,-871.9089752062455,243.20847476419098,273.37238727161224,226.17786523563032,5996.324373991707,5124.415398785462,True,hit,hit,True,7.716666666666645,60,98,38,False
blue,blue_0,red_2,m0,47,558,5835.1429471400215,0.22065268903698143,12.642467820031605,1.7133868788006161,98.1698368283684,5835.1429471400215,5801.134562279612,-629.0715411484434,256.31958655643484,270.5458711155546,232.79082124266225,6079.446170100299,5450.374628951856,True,hit,hit,True,10.900000000000121,47,101,54,False
blue,blue_0,red_1,m0,46,542,5796.888052421282,0.2239018647625468,12.828631876002857,1.7384751504908973,99.60728891149905,5796.888052421282,5795.855899363603,-109.38686446149131,259.01652530962116,265.3830056438735,253.81929833977,6064.810077716459,5955.423213254968,True,hit,hit,True,9.133333333333367,46,91,45,False
blue,blue_0,red_0,m2,63,755,4008.7671196171214,0.1579113022511752,9.047651156407035,1.6833348553644125,96.44798271964571,4008.7671196171214,3969.3411720345243,-560.8426511196712,246.97476469479173,270.1313635050066,230.66347768552424,5975.1776759551285,5414.335024835457,True,hit,hit,True,6.433333333333316,63,95,32,False
blue,blue_0,red_1,m2,75,890,3845.7298212163737,0.12553873105105784,7.1928394546535515,1.614610291017489,92.51035523369174,3845.7298212163737,3843.567714248112,-128.93829447632015,231.2635978858656,262.7954575859384,211.54824847719428,5879.459088845886,5750.520794369566,True,hit,hit,True,6.483333333333316,75,107,32,False
blue,blue_0,red_2,m1,58,687,5182.317705181842,0.270527848493297,15.500103959420484,1.62508951248968,93.11077039663115,5182.317705181842,5084.293302968247,-1003.1841340618521,250.19976278122334,280.68125847621684,209.78647099095926,6022.254872530417,5019.070738468565,True,hit,hit,True,10.100000000000081,58,108,50,False
blue,blue_0,red_1,m1,60,720,4673.461510148002,0.11061584159145921,6.337820870478288,1.7039551644390025,97.62943940187502,4673.461510148002,4624.641083063313,-673.7487214665616,246.92547147984098,260.83325694397035,222.95151272529668,5996.552333331485,5322.803611864923,True,hit,hit,True,6.966666666666647,60,95,35,False
blue,blue_0,red_1,m0,53,635,5147.804901985069,0.18685458736107094,10.705979238447899,1.594693470322401,91.36920546654437,5147.804901985069,5134.060667636104,-375.92069633558276,253.84712337098162,262.68738755637304,242.42032567460646,6014.2354512216825,5638.3147548861,True,hit,hit,True,7.533333333333312,53,91,38,False
blue,blue_0,red_0,m1,57,673,4673.974986743721,0.06196164033913928,3.5501404831402312,1.6250090261720285,93.10615887032117,4673.974986743721,4673.098855014897,-90.49457422646537,248.6764850042387,256.59502503699986,260.50750143599504,6081.04926250516,5990.554688278695,True,hit,hit,True,6.6999999999999815,57,90,33,False
blue,blue_0,red_0,m2,65,770,4445.821699533444,0.11439069775619459,6.554104196986566,1.640154349987581,93.9739220043113,4445.821699533444,4440.273570540753,-222.03874166395326,243.55157164493622,261.8248206030325,221.102335768291,5954.045408903492,5732.006667239539,True,hit,hit,True,6.683333333333315,65,98,33,False
blue,blue_0,red_1,m0,49,584,5443.975321115857,0.1949165788899929,11.167897327525349,1.668022490578469,95.5706488430464,5443.975321115857,5438.71420642692,-239.280332932929,254.41109823433084,264.2319955912406,264.9829477948558,6090.487891634668,5851.207558701739,True,hit,hit,True,8.416666666666664,49,91,42,False
blue,blue_0,red_2,m0,57,683,4749.323559423917,0.14939960341227365,8.559966736451573,1.684311580640152,96.50394495568933,4749.323559423917,4648.743694348013,-972.2429410176446,248.75377835958153,279.1700977228405,224.33889712289044,6025.596977924829,5053.354036907184,True,hit,hit,True,9.533333333333387,57,105,48,False
blue,blue_0,red_0,m2,74,879,3430.035054503663,0.24125440382679042,13.822859128219909,1.6490921823227822,94.48602207511388,3430.035054503663,3356.0504766760473,-708.5659271559871,240.83725729881314,268.22437258393313,216.89938483353902,5819.27084055794,5110.704913401953,True,p_hit_fail,miss,False,5.866666666666651,74,103,29,True
blue,blue_0,red_2,m1,56,668,5083.751364162348,0.23006428324327347,13.181712446541917,1.7086765486729352,97.89995479193897,5083.751364162348,5016.68735994249,-823.0284716920723,251.89286048893499,266.58336330950334,210.9513454707234,5998.829951657223,5175.801479965151,True,hit,hit,True,9.600000000000056,56,104,48,False
blue,blue_0,red_1,m1,49,579,5473.806824249155,0.22842533559720302,13.087807663579179,1.7004843221252663,97.43057478594251,5473.806824249155,5461.042850888175,-373.59353575748446,254.86923797093897,268.5601907094006,254.05501471915866,6096.341695757629,5722.748160000145,True,hit,hit,True,8.816666666666684,49,93,44,False
blue,blue_0,red_2,m2,60,718,4930.564798937803,0.28569756161772786,16.369264497874585,1.7220691033077173,98.66729164941036,4930.564798937803,4860.218330431746,-829.9078364853758,246.59467692384385,277.64683332064055,207.61453807141123,6064.920563829524,5235.0127273441485,True,hit,hit,True,10.150000000000084,60,111,51,False
blue,blue_0,red_2,m0,46,549,5787.687204242583,0.31931495116380104,18.295399037111792,1.6208789463218176,92.86952272585206,5787.687204242583,5759.821883161982,-567.2521911827953,257.15505620245096,272.366478303156,250.2113063748569,6094.295244477984,5527.043053295189,True,hit,hit,True,9.700000000000061,46,95,49,False
blue,blue_0,red_0,m2,72,860,3442.9821309597655,0.24454371264328906,14.011322640920453,1.6132414285354661,92.43192519073803,3442.9821309597655,3417.276166800579,-419.93994085462964,243.63842912184037,267.0149999237605,218.98948152744975,5998.6204782924915,5578.680537437862,True,hit,hit,True,5.449999999999986,72,99,27,False
blue,blue_0,red_0,m3,104,1245,2542.891074503919,0.49597276835889237,28.41714638038415,2.0132205904564096,115.34904306198784,2542.891074503919,2526.479375405246,-288.4388712424361,243.90850470463667,281.3887512450396,59.652520134692885,5480.001488597702,5191.5626173552655,True,hit,hit,True,5.566666666666652,104,132,28,False
blue,blue_0,red_1,m0,48,569,5528.764513787644,0.19469419424486345,11.155155625930918,1.6956536034121816,97.1537949916679,5528.764513787644,5526.559590131925,156.1286188960421,256.39178839738025,242.35864049205512,259.1109033008623,6078.458422220645,6234.587041116687,True,hit,hit,True,8.233333333333322,48,89,41,False
blue,blue_0,red_0,m1,53,629,4812.647500720264,0.06635235275117661,3.801709773405676,1.6348555958136508,93.67032575346776,4812.647500720264,4799.563760811786,-354.6317415167932,252.1057613959767,265.17653092145355,269.3890113904507,6072.283043056982,5717.651301540189,True,hit,hit,True,7.333333333333313,53,89,36,False
blue,blue_0,red_1,m1,56,661,4961.993310731948,0.13911415994549775,7.970654235384908,1.6506910702532451,94.57763160544381,4961.993310731948,4926.823590692121,-589.734619933577,249.2483373644406,273.35109133110467,236.00206226371634,6002.344923899562,5412.610303965985,True,hit,hit,True,7.966666666666644,56,95,39,False
blue,blue_0,red_2,m0,52,618,5548.843360399213,0.23503099081482828,13.466283828467677,1.720685332277327,98.58800740955652,5548.843360399213,5546.091949320683,-174.71899704021416,252.99583939879278,270.95171134249887,237.07305402097057,6029.9313568862735,5855.212359846059,True,hit,hit,True,9.016666666666694,52,97,45,False
blue,blue_0,red_0,m2,68,809,4246.077621093656,0.05977984050104556,3.4251325606751353,1.729965181567433,99.11970360839707,4246.077621093656,4218.786433118541,-480.64144233232855,236.12878363743442,272.3380390295481,209.92232694814817,5897.103095658176,5416.461653325848,True,hit,hit,True,7.4666666666666455,68,105,37,False
blue,blue_0,red_1,m1,49,585,5297.044586845683,0.20013861503863656,11.467097959307383,1.6395042554247201,93.93667432957497,5297.044586845683,5274.611661970342,-486.983747611378,255.80949247125739,270.81127184701865,264.0609405757128,6063.053777791631,5576.070030180253,True,hit,hit,True,8.233333333333322,49,90,41,False
blue,blue_0,red_2,m2,55,659,5111.2772377176725,0.23100657329125457,13.235701689368414,1.696159565817137,97.18278450206412,5111.2772377176725,5061.906739195891,-708.699629246431,250.28831472485896,274.84997115862564,216.10287914079456,6064.4682747580455,5355.7686455116145,True,hit,hit,True,10.483333333333434,55,108,53,False
blue,blue_0,red_2,m0,43,514,5975.604320813192,0.29846337312052373,17.100691619044348,1.6264189033460008,93.18693888202161,5975.604320813192,5974.930609285842,-89.7285525370944,261.16420499507,265.55095088081845,271.97846022662895,6069.377571938291,5979.649019401197,True,hit,hit,True,9.633333333333391,43,91,48,False
blue,blue_0,red_0,m2,64,763,4045.275547360302,0.16493002235790238,9.449794196106113,1.6200253762668027,92.82061676418095,4045.275547360302,4016.578761067076,-480.9878483039529,246.24602679882562,270.0238098284977,246.89864958527,5980.14959761781,5499.161749313857,True,hit,hit,True,6.283333333333316,64,95,31,False
blue,blue_0,red_2,m0,51,610,5401.315331160405,0.23355584196299836,13.381764025104255,1.6615851101579473,95.20181411383035,5401.315331160405,5392.7407513577455,-304.22770300209413,253.88469204796894,264.5261752452483,254.36605698958218,6061.198478871333,5756.970775869238,True,hit,hit,True,8.500000000000002,51,94,43,False
blue,blue_0,red_1,m1,56,666,4906.183412121245,0.17025693973148742,9.755004079427449,1.6792022819761607,96.21120370597079,4906.183412121245,4839.696142890169,-804.97013476755,250.73545257232178,281.52398548806207,233.02906497498466,6038.758784742791,5233.788649975241,True,hit,hit,True,8.700000000000012,56,99,43,False
blue,blue_0,red_0,m2,69,822,3940.6898134189414,0.20454824192159418,11.719750968928283,1.5910265056689212,91.15910386827633,3940.6898134189414,3846.438944185748,-856.7051150979787,243.35503747146214,277.4192388523148,212.86411276526965,5917.434532722872,5060.729417624893,True,hit,hit,True,6.666666666666648,69,102,33,False
blue,blue_0,red_0,m1,56,670,4708.192997862095,0.06002684728287537,3.439285006785092,1.6859300941233695,96.5966789473627,4708.192997862095,4705.403185578443,-162.05605902248135,249.42547186411988,258.2177658317219,255.30834254853005,6072.399613853653,5910.343554831172,True,hit,hit,True,6.949999999999981,56,91,35,False
blue,blue_0,red_2,m2,60,711,5019.467015176249,0.3195957500707916,18.31148762937424,1.6672974123587938,95.52910492124215,5019.467015176249,4998.0100798069225,-463.6209212177155,247.51614290758894,262.08691444256704,228.3485996245812,6056.06726839428,5592.446347176565,True,hit,hit,True,8.51666666666667,60,102,42,False
blue,blue_0,red_1,m0,53,634,5179.955695984679,0.2260793322407435,12.953391572530524,1.7819582357589212,102.09868617756432,5179.955695984679,5070.797719799999,-1057.8050374408522,251.36515957611914,278.8693364144019,201.64607669992787,6081.469396058373,5023.6643586175205,True,hit,hit,True,10.166666666666751,53,104,51,False
blue,blue_0,red_0,m2,52,618,4998.155294887536,0.04768821015373313,2.7323331743418273,1.572148302641141,90.07746250999342,4998.155294887536,4971.802093649417,-512.5819869987481,253.83564320832443,270.1404005776804,278.49401224398645,6042.131753560354,5529.549766561606,True,hit,hit,True,7.266666666666646,52,88,36,False
blue,blue_0,red_1,m1,48,566,5417.97863673881,0.16037291542785734,9.188691202224712,1.6548177953708256,94.81407553789181,5417.97863673881,5408.337175080512,-323.0812727477087,257.2481408187541,266.01075396679903,274.08116712514527,6056.652340638253,5733.571067890544,True,hit,hit,True,8.283333333333324,48,89,41,False
blue,blue_0,red_2,m0,43,507,6005.894894104504,0.29104667046991056,16.675745859260722,1.595360692874788,91.4074345027921,6005.894894104504,6000.155430215033,-262.50389005040415,261.7468413328459,269.1001488412836,271.77359575143123,6064.560207558146,5802.056317507742,True,p_hit_fail,miss,False,9.350000000000044,43,89,46,True
blue,blue_0,red_0,m0,57,677,4781.435882371057,0.06337388077036964,3.631055899507466,1.6905631538944457,96.86213371847722,4781.435882371057,4700.541934542582,-875.8051260595421,251.02328309650608,280.6882979144926,231.88079307396114,5996.401650358666,5120.596524299124,True,hit,hit,True,8.45,57,99,42,False
blue,blue_0,red_1,m1,62,743,4740.285839416404,0.23407434009152137,13.411471779554054,1.7220318591634154,98.66515771713028,4740.285839416404,4718.837669981287,-450.42300533749585,247.81685489156095,262.7865065203442,201.13142135948976,5941.862096971096,5491.439091633601,True,hit,hit,True,8.149999999999984,62,103,41,False
blue,blue_0,red_2,m2,71,841,4162.367983866498,0.1957614699510206,11.216306019470567,1.7379467550720555,99.57701408408538,4162.367983866498,4146.55264645241,362.50294249202307,233.6945175103995,263.13844943051544,226.5456896875334,5869.589391778871,6232.092334270894,True,hit,hit,True,6.899999999999981,71,105,34,False
blue,blue_0,red_1,m0,49,578,5606.502959289577,0.12587526877955,7.212121646143071,1.678593172758898,96.17630431855913,5606.502959289577,5598.403856463799,-301.2468961733148,255.1413236833419,267.43890877760845,260.9680749493035,6084.0162637986095,5782.769367625295,True,hit,hit,True,9.083333333333364,49,94,45,False
blue,blue_0,red_0,m2,59,699,4741.379477746343,0.14783047414725656,8.470062252055628,1.7143362474117128,98.22423164298644,4741.379477746343,4737.605632077557,-189.1354723503482,248.63151295054465,268.45549447550144,237.6434865697453,6040.400292315785,5851.264819965437,True,hit,hit,True,7.766666666666644,59,97,38,False
blue,blue_0,red_2,m0,43,510,5966.470629589634,0.2945311605372032,16.87539243387185,1.6082732697353999,92.14727065954344,5966.470629589634,5966.465870386702,-7.53599803506404,261.94147874307566,255.58488216163113,279.54380241983904,6059.297662025527,6051.761663990463,True,hit,hit,True,9.033333333333362,43,88,45,False
blue,blue_0,red_2,m1,54,640,5237.852163213718,0.23182641688320868,13.28267526704823,1.7515070959303216,100.35396438402283,5237.852163213718,5202.504193636941,-607.4910689653589,251.80127831025302,270.3423908818993,219.78080905577227,6067.178664072935,5459.687595107576,True,hit,hit,True,9.683333333333394,54,102,48,False
blue,blue_0,red_0,m2,58,696,4444.382415113638,0.10156569251868357,5.819285524644008,1.6052009989806217,91.97124251177318,4444.382415113638,4422.9385732262335,-436.06126775812754,250.11827232517533,262.9671533043146,257.7970066096346,6006.143770368458,5570.08250261033,True,hit,hit,True,6.749999999999981,58,92,34,False
blue,blue_0,red_0,m0,46,548,5498.499541425355,0.10617877460525962,6.08359565875222,1.5981156454492709,91.56528165806867,5498.499541425355,5483.815454740115,-401.5784673115677,257.21621331076165,264.2125380284282,274.05120325732815,6064.0184551705925,5662.439987859025,True,hit,hit,True,8.016666666666644,46,86,40,False
blue,blue_0,red_1,m1,50,591,5294.327338648844,0.20453641181857654,11.719073153954167,1.7227124349763532,98.7041518388503,5294.327338648844,5247.130454574489,-705.3537845942756,255.8841473382043,270.8433731739475,244.30037735541308,6047.99699704186,5342.643212447584,True,hit,hit,True,9.783333333333399,50,99,49,False
blue,blue_0,red_1,m1,58,689,4662.748201383953,0.15770942412596534,9.036084391856496,1.619056579299472,92.76510878674783,4662.748201383953,4649.007971267457,-357.69494349365687,248.64535042329285,267.4973691410168,252.1663697608949,6015.166882534028,5657.471939040372,True,p_hit_fail,miss,False,7.09999999999998,58,93,35,True
blue,blue_0,red_0,m0,50,596,5309.245935472126,0.0430000341696314,2.4637204768382066,1.695544498494943,97.147543740386,5309.245935472126,5305.655210610118,-195.2311180447332,255.12223878950226,255.18040750213262,262.6477813667374,6046.9543249664175,5851.723206921684,True,hit,hit,True,7.833333333333311,50,89,39,False
blue,blue_0,red_2,m3,91,1082,3960.2769068390353,0.5290847490992883,30.314323128127302,1.6317290971568337,93.49119057577883,3960.2769068390353,3937.468528992495,-424.42285757983973,246.9891590232532,289.7102226807193,157.16859979486233,5722.850784634744,5298.427927054904,True,hit,hit,True,7.6333333333333115,91,129,38,False
blue,blue_0,red_2,m1,54,643,5606.228314309306,0.2540454644364118,14.555732916647246,1.6386296634516917,93.88656390072443,5606.228314309306,5588.867049558379,-440.8639410566284,252.7169613408386,259.34503000887406,228.14839117291373,6029.977699786203,5589.113758729574,True,hit,hit,True,9.283333333333374,54,100,46,False
blue,blue_0,red_2,m2,63,751,4459.71012393649,0.29191219745685676,16.725336902667415,1.6479346593470492,94.41970089391496,4459.71012393649,4365.202329310623,-913.2486045555952,243.28560020047016,275.7574034120537,218.66631375994137,5981.112433905402,5067.863829349807,True,hit,hit,True,9.100000000000032,63,108,45,False
blue,blue_0,red_1,m2,64,757,4827.494472285196,0.28426504096814353,16.287187110588064,1.7025440970247292,97.54859119442872,4827.494472285196,4823.345829807529,-200.0946926393417,246.04356952388378,263.4208256507616,197.39653823767807,5969.177093847318,5769.082401207977,True,hit,hit,True,8.483333333333334,64,106,42,False
blue,blue_0,red_1,m1,50,589,5409.03373508872,0.15689006740446354,8.989138709798766,1.623287739514451,93.0075364095098,5409.03373508872,5401.5152333372735,-285.09495146918107,254.82027552359256,264.88260529253324,264.52037081732215,6070.201956393707,5785.107004924526,True,hit,hit,True,8.166666666666652,50,90,40,False
blue,blue_0,red_0,m2,55,657,4791.559181163866,0.07128317451978754,4.084225050278315,1.6618988251469355,95.21978865866937,4791.559181163866,4785.821748787612,-234.4132577889386,250.85291139205506,259.14404390448755,266.93196131616077,6052.430941830163,5818.017684041224,True,hit,hit,True,7.133333333333313,55,91,36,False
blue,blue_0,red_2,m0,42,502,6067.019227776809,0.29159280577784474,16.70703710744843,1.7209698850901205,98.60431108477816,6067.019227776809,6055.008876438714,-381.5623362727183,261.5882497267516,271.46074166642234,251.06775458574077,6073.959052873068,5692.3967166003495,True,p_hit_fail,miss,False,9.950000000000074,42,92,50,True
blue,blue_0,red_1,m3,96,1152,2941.1178047128506,0.36097802414833535,20.682517280671128,1.6635542133760612,95.3146354176539,2941.1178047128506,2911.6458796659176,-415.3218181403681,247.70829889517032,280.18153208870854,191.89087616354533,5764.200266973462,5348.878448833094,True,hit,hit,True,5.33333333333332,96,123,27,False
blue,blue_0,red_1,m1,56,662,4676.130865260681,0.16009537281446493,9.172789181842296,1.695588254713135,97.15005078701584,4676.130865260681,4661.841364978262,-365.2874988570229,251.60088059311488,261.3869876840704,256.11472298685396,6027.378647987212,5662.0911491301895,True,hit,hit,True,7.5499999999999785,56,93,37,False
blue,blue_0,red_2,m0,53,626,5454.408225021134,0.2568351512985095,14.715570200008537,1.6162548085414263,92.60457914714864,5454.408225021134,5443.2437303713,-348.8076503629527,253.54116020972145,266.19092476206015,244.77807139676685,6043.905661072142,5695.098010709189,True,hit,hit,True,8.900000000000022,53,97,44,False
blue,blue_0,red_0,m2,69,819,3838.344860259911,0.18967614442586594,10.867642549915974,1.582609565094831,90.67684869696855,3838.344860259911,3742.8299173973624,-850.9497492325445,244.08818939352855,261.8963619522655,221.74459658246667,5900.237165644014,5049.287416411469,True,hit,hit,True,6.983333333333314,69,104,35,False
blue,blue_0,red_1,m0,53,634,5229.631977749644,0.05682243134606734,3.255685497801532,1.7749857953614772,101.69919476988426,5229.631977749644,5184.983364038368,-681.9077190844973,251.3211135966311,269.895705154539,217.16144197566285,6055.792302156875,5373.884583072378,True,hit,hit,True,8.700000000000012,53,97,44,False
blue,blue_0,red_2,m1,62,742,4336.540244585775,0.20729719712104994,11.877254499927641,1.6340586704776978,93.62466529513061,4336.540244585775,4268.977344144708,-762.504903650628,246.1335259067059,265.46319111740513,232.29512617303857,5982.849602948679,5220.344699298051,True,hit,hit,True,7.299999999999979,62,99,37,False
blue,blue_0,red_0,m2,69,822,3985.812795484543,0.08539220281250554,4.892612824481725,1.6897133778044902,96.81344513499164,3985.812795484543,3914.890535286446,-748.5557677106735,240.47903748801255,277.38130331498553,205.9961782235857,5914.161849777885,5165.606082067212,True,hit,hit,True,7.183333333333313,69,105,36,False
blue,blue_0,red_2,m0,48,570,5539.647509274467,0.19627309808539803,11.245620152250545,1.6420340313577473,94.08161981365119,5539.647509274467,5520.642473834151,-458.4770475270816,255.56456820839833,268.12623108231793,263.49588737794926,6071.777169299847,5613.300121772765,True,hit,hit,True,8.533333333333337,48,91,43,False
blue,blue_0,red_1,m1,57,683,4551.745210245022,0.13759235330162362,7.883461137455951,1.6292085909177976,93.34677620604566,4551.745210245022,4528.545110796965,-458.981087263297,249.01917649319634,268.7914696452354,260.6180749349469,6031.649250881725,5572.668163618428,True,hit,hit,True,6.916666666666647,57,92,35,False
blue,blue_0,red_2,m3,93,1113,4212.51852778763,0.5621294047321486,32.2076424313534,2.10985892695321,120.8860118824196,4212.51852778763,4112.728140301728,-911.4711135984226,247.32628334219604,307.7707620078145,51.20568487999901,5791.157834296747,4879.686720698324,True,hit,hit,True,12.23333333333352,93,154,61,False
blue,blue_1,red_0,m2,59,698,4578.4985486218675,0.03910241189854505,2.2404031705687637,1.6269003041168135,93.21452111444353,4578.4985486218675,4528.482383648528,-674.9046308312672,250.7825604436041,263.837648705735,244.53494117742738,6008.759621728426,5333.854990897159,True,hit,hit,True,7.499999999999979,59,96,37,False
blue,blue_0,red_2,m0,49,584,5569.64001059725,0.20857233819067228,11.9503147015008,1.5971128118811286,91.50782352706007,5569.64001059725,5560.956329748655,-310.8931428547594,256.13766454870193,274.2806577610807,249.7097217002809,6057.818896771492,5746.925753916733,True,p_hit_fail,miss,False,8.45,49,91,42,True
blue,blue_0,red_0,m1,56,670,4783.095334432702,0.1447505947500098,8.293598161184093,1.6165776134013603,92.62307450322918,4783.095334432702,4738.259495107253,-653.3742689284936,250.8032013325065,274.9509481966864,240.30097868222234,6019.902646259102,5366.528377330608,True,hit,hit,True,7.449999999999979,56,93,37,False
blue,blue_0,red_1,m2,66,789,4192.848116981958,0.3024607363476911,17.329723661141834,1.668901874686183,95.62103384098928,4192.848116981958,4189.488488201629,-167.8140021129975,245.7193506521631,262.4529201241028,225.11074288247244,5970.901145769121,5803.087143656124,True,hit,hit,True,6.899999999999981,66,101,35,False
blue,blue_0,red_1,m0,53,633,5314.895584704264,0.15067400982455392,8.63298484525964,1.705009464504494,97.68984634596805,5314.895584704264,5261.498882160776,-751.4949030630869,253.070047541098,274.2777674856112,228.92547424644383,6031.846586113467,5280.35168305038,True,hit,hit,True,8.883333333333354,53,98,45,False
blue,blue_0,red_0,m2,63,755,4229.619549657272,0.1747884064283739,10.014637996163131,1.6973120289335393,97.24881577467848,4229.619549657272,4192.56223504019,-558.6621878718761,247.0861371833796,278.11819318547214,226.053614230161,5957.829250849247,5399.167062977371,True,hit,hit,True,7.399999999999979,63,100,37,False
blue,blue_0,red_2,m1,57,680,5271.023730007736,0.26712522987486365,15.305148273291618,1.6377104951286086,93.83389943514963,5271.023730007736,5222.261907926675,-715.3123285130132,250.8251610207366,266.5484311943709,224.89128430848342,6008.973943549639,5293.661615036626,True,hit,hit,True,9.033333333333362,57,102,45,False
blue,blue_0,red_1,m0,43,511,5998.412583705126,0.21911902201649494,12.554595172579326,1.6523665922314166,94.67363194327444,5998.412583705126,5998.136967513018,57.50168089495946,261.3411686069045,258.2343879957378,284.7099447300079,6067.931973054933,6125.433653949893,True,hit,hit,True,9.033333333333362,43,88,45,False
blue,blue_0,red_2,m1,54,648,5017.014015509793,0.23945742688968338,13.71989993384133,1.6416148809691382,94.05760426540263,5017.014015509793,5009.707124888194,-270.67352043774645,252.17430801736973,262.71652135092984,257.5718320574821,6037.033776107597,5766.360255669851,True,hit,hit,True,7.733333333333311,54,93,39,False
blue,blue_0,red_0,m2,61,732,4324.10282662219,0.15407063235110766,8.827596980630233,1.6861200127216653,96.6075604814961,4324.10282662219,4284.877464104658,-581.1113256597646,248.23101635841553,279.81353463639505,238.5157507124774,5983.4980560272925,5402.386730367528,True,hit,hit,True,7.383333333333312,61,98,37,False
blue,blue_0,red_1,m1,55,657,4744.65697648365,0.13656538597125883,7.824620243728232,1.645192666239491,94.2625962613979,4744.65697648365,4730.410289964313,-367.4075572095953,251.317247775282,265.2388273378208,267.25106736818907,6042.826154404467,5675.418597194872,True,hit,hit,True,7.266666666666646,55,91,36,False
blue,blue_0,red_2,m0,48,569,5504.465435167525,0.2773664299257613,15.89192581335722,1.6996528624930605,97.38293565818162,5504.465435167525,5504.093803826319,63.961907685169535,257.1525155057723,252.85883299298774,261.16672941532767,6061.681038346541,6125.64294603171,True,hit,hit,True,8.750000000000014,48,92,44,False
blue,blue_0,red_0,m2,64,761,4102.007968591449,0.1811437914323059,10.37877473406917,1.6541148731921362,94.77380106372676,4102.007968591449,4091.120219988668,-298.67159220055964,246.55595406468828,266.8858294448957,244.98658900198825,5985.489601908411,5686.818009707851,True,hit,hit,True,6.549999999999982,64,97,33,False
blue,blue_0,red_2,m3,93,1105,3707.15608360897,0.30916247306552025,17.7137048904813,1.7317148675043086,99.21995322805343,3707.15608360897,3565.651243906427,-1014.4641122620105,246.4771207352651,294.8232384403166,166.05414637536327,5727.802242574956,4713.338130312945,True,hit,hit,True,7.399999999999979,93,129,36,False
blue,blue_1,red_2,m2,54,640,4802.27041464129,0.12768114211155934,7.3155905664024345,1.5999116557895032,91.66818547052584,4802.27041464129,4790.752635345124,-332.4008457762602,252.11965250929362,262.4983463780445,272.75970718141986,6026.8100014157335,5694.409155639473,True,hit,hit,True,6.799999999999981,54,88,34,False
blue,blue_0,red_0,m1,54,638,4825.396074636648,0.09085870409733748,5.205820276805438,1.576495767087799,90.32655387437012,4825.396074636648,4766.652816563122,-750.6451914650715,253.15193475111738,271.98993403700916,243.57044704730325,6026.221671856406,5275.576480391334,True,hit,hit,True,8.31666666666666,54,95,41,False
blue,blue_0,red_1,m0,51,608,5422.6771098007775,0.21072884993400656,12.073873722864253,1.6481236257876866,94.43052787343309,5422.6771098007775,5406.011413431493,-424.8148243714513,255.1668552456167,274.7617274128355,240.09813590341082,6036.126033023482,5611.3112086520305,True,hit,hit,True,9.233333333333372,51,97,46,False
blue,blue_0,red_1,m0,48,570,5469.5778114523655,0.21811561889879996,12.497104408785134,1.6801096010265688,96.263189258231,5469.5778114523655,5437.925089260132,-587.5816191196136,256.2146575682236,272.77320837947076,255.40688715909587,6075.597905675996,5488.0162865563825,True,hit,hit,True,8.900000000000022,48,92,44,False
blue,blue_0,red_0,m2,57,680,4595.711293968506,0.10292113939732261,5.896946910144207,1.7136144848289705,98.18287769318485,4595.711293968506,4595.706123209778,6.893954005464366,249.7589129434656,244.94741928848734,250.92047771979188,6054.2217915635565,6061.115745569021,True,hit,hit,True,7.133333333333313,57,93,36,False
blue,blue_0,red_1,m0,44,526,5850.971097636314,0.19415698022882236,11.12437553011649,1.6657805423004675,95.44219466883028,5850.971097636314,5850.165325114129,-97.10022764023051,259.22586411075645,254.02672336350602,272.84155444355025,6083.001715200826,5985.901487560595,True,hit,hit,True,8.78333333333335,44,88,44,False
blue,blue_1,red_2,m1,57,673,4754.762749062752,0.12442607044139371,7.129088697689344,1.6201593852765335,92.82829491485526,4754.762749062752,4727.2319752332,-510.92724747031934,251.19968076694542,267.50798819622827,259.8460972969918,6004.256421673265,5493.329174202946,True,p_hit_fail,miss,False,7.783333333333311,57,95,38,True
blue,blue_0,red_2,m0,43,510,5950.592987795445,0.2785309617979243,15.958648574740627,1.610012483088699,92.24692024436028,5950.592987795445,5935.410408668912,-424.80605817838114,261.54584232177575,263.6015959352618,268.99021244805294,6063.738078034405,5638.9320198560235,True,hit,hit,True,9.366666666666712,43,90,47,False
blue,blue_0,red_1,m1,52,624,5090.056208461872,0.12661487508679337,7.254497966049373,1.6118623841757431,92.35291176916458,5090.056208461872,5022.763863761644,-824.933557440515,253.41283291480434,274.8367359595415,247.92225497088623,6041.24176330731,5216.308205866795,True,hit,hit,True,7.749999999999978,52,91,39,False
blue,blue_0,red_2,m1,58,692,4634.088951620761,0.2794661838491217,16.012232851181803,1.7107309938906354,98.01766583215402,4634.088951620761,4614.934006347182,-420.90916905426093,249.2089294821652,264.54935376435344,229.29530304428914,6050.506579007209,5629.5974099529485,True,hit,hit,True,7.866666666666644,58,97,39,False
blue,blue_0,red_0,m2,60,715,4598.926808452511,0.1349170224663233,7.730175971792034,1.6672177405051416,95.5245400602819,4598.926808452511,4562.184203988055,-580.1750411600624,248.96929640974273,266.55954217693585,240.43827222956676,5987.334909133531,5407.159867973469,True,hit,hit,True,7.383333333333312,60,97,37,False
blue,blue_0,red_0,m2,74,878,3549.260821991376,0.34243854631870435,19.620283446656913,1.6517430615005928,94.63790626400154,3549.260821991376,3539.19755819517,-267.0824340690351,244.71311573905854,270.814227262974,220.68156762075137,5959.944431830659,5692.861997761624,True,hit,hit,True,6.383333333333316,74,105,31,False
blue,blue_0,red_1,m0,49,577,5429.649537111334,0.2838210605953233,16.261748909038822,1.7005578147146565,97.43478560114006,5429.649537111334,5380.234536264402,-730.8696399776782,256.13180773468696,271.81967968592403,235.20212643898944,6074.527261326648,5343.65762134897,True,p_hit_fail,miss,False,8.966666666666692,49,93,44,True
blue,blue_0,red_2,m1,54,643,5292.54100592479,0.31103960331865266,17.82125653158211,1.5768238013113223,90.34534885091385,5292.54100592479,5265.380872547104,-535.4946931674294,251.02440605815605,260.3487877572024,233.43702737810437,6072.023310466389,5536.52861729896,True,p_hit_fail,miss,False,8.966666666666692,54,99,45,True
blue,blue_0,red_0,m2,67,793,3876.9187662808117,0.17333669077432673,9.931460816133155,1.6878247620526938,96.70523542329178,3876.9187662808117,3857.7661736322093,-384.88864612954694,243.9768981076344,266.9719820592396,227.92659231885756,6011.989342860424,5627.100696730877,True,hit,hit,True,6.599999999999982,67,99,32,False
blue,blue_1,red_1,m0,51,609,5169.475970480187,0.02493051897133167,1.4284135181281352,1.6610978913974392,95.17389853515364,5169.475970480187,5135.239290909663,-593.9690517776962,253.6898391450628,270.06521967031847,257.119515266537,6042.30873326477,5448.339681487074,True,p_hit_fail,miss,False,7.799999999999978,51,90,39,True
blue,blue_0,red_0,m2,59,699,4509.764660832072,0.12934471498162142,7.410906270769457,1.6677348855955554,95.55417029135852,4509.764660832072,4509.76095478761,-5.7815882727254575,248.37308107442655,261.27687613103086,254.65471827717028,6054.93705133274,6049.155463060015,True,hit,hit,True,6.849999999999981,59,93,34,False
blue,blue_0,red_2,m1,51,611,5224.557240272872,0.24283088284155574,13.913184722256903,1.6540431566399256,94.76969200796387,5224.557240272872,5190.2780439116705,-597.5049654824106,252.98170364203486,269.7617301130701,258.23618659038567,6079.119297794835,5481.614332312424,True,hit,hit,True,8.616666666666674,51,94,43,False
blue,blue_0,red_1,m0,45,539,5670.766459183748,0.16435278199016065,9.416720759269932,1.6484680379356167,94.45026123592253,5670.766459183748,5666.21620008642,227.12597491611086,259.05482119711326,249.7922940446678,283.07544652947377,6063.944561088527,6291.070536004638,True,hit,hit,True,8.033333333333312,45,85,40,False
blue,blue_0,red_2,m3,97,1154,4012.4689583602067,0.6517717966303168,37.34377315257616,2.156179659558374,123.5399943646495,4012.4689583602067,3912.517760309838,-890.006694954779,245.3358871800973,293.63667001571594,27.61790483970617,5872.08528446039,4982.078589505611,True,hit,hit,True,7.816666666666644,97,136,39,False
blue,blue_0,red_1,m1,54,648,4946.159465900262,0.20422804876314593,11.701405252320233,1.6452215359744873,94.26425037536886,4946.159465900262,4902.852130856054,-653.096045827122,251.02773184053154,276.94587374257816,242.559901880311,6061.119682007578,5408.023636180456,True,hit,hit,True,8.24999999999999,54,96,42,False
blue,blue_0,red_0,m1,59,704,4643.362375597394,0.12294169798790568,7.044040420879,1.693985096694334,97.05819659864599,4643.362375597394,4608.068317709898,-571.4197497739697,249.39603541482904,269.13339718237614,240.18231021793324,6002.412523638817,5430.992773864848,True,hit,hit,True,7.799999999999978,59,98,39,False
blue,blue_0,red_0,m2,67,797,3779.9058172591563,0.19243726858034443,11.02584331067922,1.7190735674022584,98.49566008464765,3779.9058172591563,3761.909024118108,-368.41346556329154,244.36952777947135,267.5196492784958,229.2930000838899,5991.007300890235,5622.593835326943,True,hit,hit,True,6.583333333333315,67,100,33,False
blue,blue_0,red_2,m0,45,538,5768.198229255328,0.3125447374264637,17.907494363560872,1.6425410049640128,94.11066726161474,5768.198229255328,5708.519498699317,-827.5964867941375,259.1836227257558,275.72579602060006,243.62915822342023,6068.548901631512,5240.952414837375,True,hit,hit,True,11.350000000000144,45,102,57,False
blue,blue_0,red_1,m3,97,1156,3727.245017204097,0.4725446810433191,27.07481585513782,1.7312616564618324,99.19398614809083,3727.245017204097,3525.6479679645754,-1209.1988357007413,247.2472276705933,242.47097801738806,159.24386848219814,5767.483905611353,4558.285069910612,True,p_hit_fail,miss,False,7.383333333333312,97,134,37,True
blue,blue_0,red_2,m2,71,852,4355.0897826055325,0.3832596819342673,21.95916223235984,1.5769054613570326,90.3500276268879,4355.0897826055325,4290.196247310473,-749.0148023358697,235.53351652995826,278.0533370243625,182.0438185242022,5912.9872678397,5163.97246550383,True,hit,hit,True,8.51666666666667,71,114,43,False
blue,blue_0,red_1,m3,91,1091,3947.277392999128,0.50216647657671,28.772019720800593,1.9356617355124541,110.90524800983184,3947.277392999128,3814.011406392744,-1017.0131804396815,246.22575097836176,284.605712029425,112.02544252498645,5872.700937419933,4855.687756980252,True,hit,hit,True,7.9333333333333105,91,131,40,False
blue,blue_0,red_2,m0,42,494,6165.961551367863,0.1805123041016725,10.342593175207893,1.6536120288837592,94.74499020710459,6165.961551367863,6165.264034008172,-92.742891436852,261.06757247492027,257.6840012723737,277.6316707682082,6077.985825609985,5985.242934173133,True,hit,hit,True,9.400000000000047,42,89,47,False
blue,blue_0,red_2,m4,100,1195,3882.735449830059,0.6597679365338459,37.801918221444524,2.2077592037160017,126.49528455409023,3882.735449830059,3809.5038721596807,-750.543017666163,247.20862541573538,286.08819818687124,26.222788354597178,5734.503821906869,4983.960804240706,True,hit,hit,True,9.766666666666731,100,149,49,False
blue,blue_0,red_1,m1,57,679,4709.245239876567,0.13701830076923185,7.850570350131107,1.5891972435875115,91.05429487138824,4709.245239876567,4656.232281879961,-704.6216477507915,249.12780929373713,268.5828794579466,245.8472044757368,5990.9643081235945,5286.342660372803,True,p_hit_fail,miss,False,7.849999999999977,57,96,39,True
blue,blue_0,red_0,m2,66,783,4381.425106946501,0.13280010780275536,7.608885695980234,1.7666628184265338,101.22232331852727,4381.425106946501,4281.7564863575035,-929.2186821822988,239.20017833380916,270.0887917257809,203.90495438353537,5912.645592037768,4983.42690985547,True,hit,hit,True,8.833333333333352,66,110,44,False
blue,blue_0,red_1,m0,50,596,5124.438568798338,0.05271271328090195,3.0202159976788843,1.6506498490266637,94.57526980313435,5124.438568798338,5110.8408056266335,-373.06421019666504,253.42827008981334,267.23895493397936,270.9808923569811,6070.561852838713,5697.497642642048,True,hit,hit,True,7.849999999999977,50,89,39,False
blue,blue_0,red_1,m5,135,1613,3250.7037581134996,0.6421556821592042,36.79281037806673,2.420730356603004,138.69763277255086,3250.7037581134996,3197.3543300545207,-586.5153119014349,256.64209026070483,219.1335251529277,36.68312785922497,5150.166234737256,4563.650922835821,True,hit,hit,True,7.299999999999979,135,171,36,False
blue,blue_0,red_0,m2,55,659,4855.500699626733,0.04899399879301644,2.8071493523088913,1.7469785754519052,100.09449927317101,4855.500699626733,4842.07764945897,-360.7922957680594,250.0363925685605,261.51503069405044,245.15948822938935,6041.532919996398,5680.740624228339,True,hit,hit,True,7.749999999999978,55,94,39,False
blue,blue_0,red_2,m1,53,629,5535.488821509384,0.20649449437803985,11.831263020549589,1.7309859752300145,99.1781907770167,5535.488821509384,5485.703268050567,-740.7402702396239,251.7267170286874,269.809841196252,216.14202639072013,6057.228760110184,5316.48848987056,True,hit,hit,True,9.466666666666717,53,100,47,False
blue,blue_0,red_0,m1,59,707,4618.45646537848,0.14703662332432013,8.424577950338383,1.5937652308953316,91.31602126499565,4618.45646537848,4611.553281555948,-252.42118367293278,248.85156017799602,268.57543703753623,247.82162366464516,6020.815439845845,5768.394256172912,True,hit,hit,True,7.299999999999979,59,96,37,False
blue,blue_0,red_1,m0,54,647,5024.235932342866,0.14288703231196598,8.186823898625072,1.6541663368333959,94.77674971316931,5024.235932342866,4981.503354663895,-653.889158281092,251.77312741605434,272.02293734942225,243.77339349227174,6050.128030694284,5396.2388724131915,True,hit,hit,True,8.366666666666662,54,96,42,False
blue,blue_0,red_1,m3,97,1164,3350.4404393710624,0.3159782315982998,18.104219088589847,2.3339015891688284,133.72271085824963,3350.4404393710624,3297.982429734437,-590.5616233179189,248.51145160800743,304.1924166991506,12.580626184158316,5597.678248906138,5007.116625588219,True,hit,hit,True,6.849999999999981,97,132,35,False
blue,blue_0,red_2,m2,65,776,4558.47496976505,0.3892946846152876,22.30494241533244,1.644315537090197,94.21234046305547,4558.47496976505,4475.041489379939,-868.1576575154195,245.06460499615173,264.55124388174835,213.22752727910307,5981.964004265068,5113.806346749649,True,hit,hit,True,8.483333333333334,65,107,42,False
blue,blue_0,red_2,m0,44,521,5894.483728947738,0.19081558224437328,10.932927527934037,1.7072022047238162,97.8154811061038,5894.483728947738,5891.824997230491,-177.02156038050998,259.72761107690724,258.2477383405035,263.39413337673005,6061.766271804981,5884.7447114244715,True,hit,hit,True,9.283333333333374,44,90,46,False
blue,blue_0,red_1,m1,53,630,5067.382901113797,0.09298792046381414,5.327815388274731,1.5741145041926847,90.19011756056896,5067.382901113797,4990.374779020872,-880.0733102491331,252.7813102299163,282.7766649134353,241.04859007661008,6019.786114943431,5139.712804694298,True,hit,hit,True,9.750000000000064,53,102,49,False
blue,blue_0,red_0,m2,57,684,4898.885680657306,0.06332038720602536,3.6279909440394276,1.6896675309692037,96.8108183048257,4898.885680657306,4838.910136906371,-764.2182928286629,249.8278450787575,264.0688444001879,225.38871301879288,5978.247603840258,5214.029311011595,True,hit,hit,True,8.933333333333357,57,102,45,False
blue,blue_0,red_2,m0,49,585,5461.551299329989,0.2459613603449063,14.09254787105954,1.6507703326842549,94.58217300821462,5461.551299329989,5409.138165038158,-754.829057959957,255.44617193985852,276.7394135188802,246.6357619539418,6061.689557671571,5306.860499711614,True,hit,hit,True,9.200000000000037,49,95,46,False
blue,blue_0,red_0,m1,61,728,4294.175147026198,0.14645397392942697,8.391194599075154,1.6798929608769484,96.25077669198467,4294.175147026198,4279.30796093109,-357.0204039677101,247.78798023501048,267.5616010353057,244.702384181493,6006.499638362528,5649.4792343948175,True,hit,hit,True,6.983333333333314,61,96,35,False
blue,blue_0,red_2,m0,43,513,5886.1362659821,0.17406621352968543,9.973259391073963,1.6455419829207223,94.28261063294597,5886.1362659821,5885.3329732620605,-97.24163482818403,259.5615017412476,258.12061782281756,284.3410560551738,6082.154008547448,5984.912373719264,True,hit,hit,True,8.550000000000004,43,86,43,False
blue,blue_0,red_1,m0,49,581,5388.877052593671,0.175062781565619,10.030358533530599,1.6826044258147173,96.40613218921652,5388.877052593671,5354.401437580684,-608.5894619565424,256.4166256729967,272.6047480659804,253.87183790525654,6049.64282256031,5441.053360603768,True,hit,hit,True,8.600000000000007,49,92,43,False
blue,blue_0,red_1,m2,66,792,4704.5037589329295,0.3360542261384819,19.254488845269965,1.6031571461859784,91.85413837269411,4704.5037589329295,4691.008117241942,-356.08771641868043,244.5355541391807,260.1820263452515,223.2073642928217,5967.225002198436,5611.137285779756,True,hit,hit,True,7.9333333333333105,66,106,40,False
blue,blue_0,red_2,m1,53,634,5125.369062969172,0.2173974393420408,12.45595575125026,1.6867487238114425,96.6435829734734,5125.369062969172,5105.614409905206,-449.5659339961194,252.88958795987566,267.4290677602116,245.0354486720941,6033.31093584296,5583.745001846841,True,p_hit_fail,miss,False,8.700000000000012,53,97,44,True
blue,blue_0,red_0,m1,58,694,4683.124594963705,0.12884752376239883,7.3824193122970385,1.7381557510731795,99.5889886728849,4683.124594963705,4677.661817922935,-226.1324591912071,244.94346029418188,263.50110595783497,237.97912701501656,6012.3250197610905,5786.192560569883,True,hit,hit,True,7.499999999999979,58,96,38,False
blue,blue_0,red_0,m2,66,787,4324.729893399395,0.15887107353527746,9.102642000283947,1.5724973841319372,90.09746340612219,4324.729893399395,4203.470881594456,-1016.9174983497305,245.2668060007218,276.67536798647285,206.07490826405163,5915.115318451119,4898.197820101388,True,hit,hit,True,7.533333333333312,66,104,38,False
blue,blue_0,red_1,m2,61,724,4604.187912656625,0.24439226221330443,14.00264517047689,1.590759972655631,91.14383265151389,4604.187912656625,4592.488152482249,-328.0227192795501,242.02548766592835,278.2247040101905,209.4932639223616,5998.549327069469,5670.526607789919,True,p_hit_fail,miss,False,7.849999999999977,61,100,39,True
blue,blue_0,red_0,m2,69,824,3298.519382971982,0.17166015892905706,9.835402617179923,1.6680149708549452,95.57021799462538,3298.519382971982,3285.2343947717254,-295.74497671257086,244.15211967823313,257.59380974926887,256.6053762272299,6016.497542573208,5720.752565860637,True,hit,hit,True,5.199999999999987,69,95,26,False
blue,blue_0,red_1,m0,55,659,4744.871915420261,0.2564028205737244,14.69079947412452,1.6726979652024925,95.83853380622345,4744.871915420261,4674.845553852881,-812.1751913016569,250.25294061628372,270.66082964505136,234.9493623666319,6080.099447524399,5267.924256222742,True,hit,hit,True,8.033333333333312,55,95,40,False
blue,blue_0,red_0,m0,60,711,4271.451642046509,0.09275022981624642,5.314196717339369,1.6195605001814801,92.79398132649541,4271.451642046509,4251.802008792306,-409.2417480799404,248.0827533829884,267.35386984384786,251.52806112216953,6032.766065911189,5623.5243178312485,True,hit,hit,True,6.799999999999981,60,94,34,False
blue,blue_0,red_2,m1,58,689,4897.3491025930225,0.32646480867557265,18.705055696656217,1.5854283030262604,90.83835048399288,4897.3491025930225,4856.691309129844,-629.7442024277179,248.49756046923162,258.2158305819012,225.69383076819182,6075.312160399935,5445.567957972217,True,hit,hit,True,9.616666666666724,58,106,48,False
blue,blue_0,red_1,m3,101,1209,3336.9238049713617,0.3578903988396933,20.50560938176816,1.8832883589923863,107.9044745763824,3336.9238049713617,3288.2102082406964,-568.0969165610968,247.3918934578606,299.912362343721,96.17420752864322,5706.1034080965555,5138.006491535459,True,hit,hit,True,7.066666666666647,101,136,35,False
blue,blue_0,red_2,m3,98,1170,3748.2459346585133,0.5967735127122933,34.19260360361119,2.082728961589014,119.33157936871505,3748.2459346585133,3696.334867090814,-621.6559635464018,249.57352357854785,306.22022217053876,43.37283522473416,5534.767329587505,4913.111366041103,True,hit,hit,True,9.166666666666702,98,144,46,False
blue,blue_0,red_1,m1,52,616,5269.023772919054,0.1958785961148643,11.22301685432937,1.6231655672559606,93.00053645472471,5269.023772919054,5257.041706356624,-355.1394334809538,255.4211909195663,266.6348388117837,256.44251596551277,6006.302579510232,5651.163146029278,True,p_hit_fail,miss,False,8.483333333333334,52,94,42,True
blue,blue_0,red_2,m2,66,790,4324.660246862876,0.3723146812589662,21.33205988689725,1.5781133212221814,90.41923289940416,4324.660246862876,4291.045986320461,-538.1548049391822,244.8468484086717,267.2926288232106,205.71162275686905,5981.620058002055,5443.465253062873,True,hit,hit,True,7.583333333333312,66,104,38,False
blue,blue_0,red_1,m1,63,754,4214.642004516397,0.2218929368950682,12.713528787850118,1.6094707694164132,92.21588233723377,4214.642004516397,4082.503558915976,-1047.0777992453013,246.28713168026712,278.9993748457344,210.53189136824813,6006.332571487567,4959.254772242266,True,hit,hit,True,8.45,63,105,42,False
blue,blue_0,red_2,m0,49,586,5482.719933576935,0.3073236024372461,17.60834536441062,1.6538556552373986,94.75894896894629,5482.719933576935,5449.402470576747,-603.5151892984277,257.5276890088678,271.4307003510285,246.29699630808884,6016.4396583815615,5412.924469083134,True,hit,hit,True,9.366666666666712,49,96,47,False
blue,blue_0,red_0,m0,56,672,4727.263830688887,0.07776478804070411,4.4555941494617635,1.6063257810415061,92.0356877767339,4727.263830688887,4679.526940516926,-670.1126307686382,251.08728291376886,266.3319748669572,252.1853453084861,6016.858900011504,5346.746269242866,True,hit,hit,True,7.14999999999998,56,92,36,False
blue,blue_0,red_0,m2,61,725,4468.355495310199,0.08645703685033342,4.953623320731137,1.6689275547979552,95.62250520301126,4468.355495310199,4323.230267038301,-1129.548976641916,249.6530421007329,274.97837709220636,208.12300445032426,5936.075338236971,4806.526361595055,True,hit,hit,True,7.966666666666644,61,101,40,False
blue,blue_0,red_1,m1,59,702,4758.381958010862,0.2554039075711031,14.63356597497358,1.7056495621498557,97.72652123952354,4758.381958010862,4753.297451303178,-219.91406903152256,249.66576693390184,260.90966796924005,223.4925235248357,5995.449923503327,5775.535854471805,True,hit,hit,True,7.666666666666645,59,97,38,False
blue,blue_0,red_1,m1,56,664,4814.745519109044,0.13675440647293768,7.835450320715876,1.6965720819603707,97.20641993605243,4814.745519109044,4806.206616079384,-286.6223601455067,249.85133656094112,264.51766133797935,247.4577294347821,6066.373464533331,5779.751104387824,True,hit,hit,True,7.716666666666645,56,94,38,False
blue,blue_0,red_2,m2,63,746,4611.324134220241,0.32288390485147545,18.49988502069319,1.7610442448213117,100.90040276406444,4611.324134220241,4515.1189493681695,-937.0224884700128,247.22366395950286,291.79533845833413,184.50601886222262,5960.281681911015,5023.259193441002,True,hit,hit,True,11.066666666666796,63,118,55,False
blue,blue_0,red_2,m0,48,570,5674.880159388393,0.30329378087720166,17.37745359682925,1.632668072224158,93.54498988420453,5674.880159388393,5626.861527819899,-736.6777926341592,256.10264069126987,282.20455298865244,235.76391870601768,6079.9547207995865,5343.276928165427,True,hit,hit,True,10.366666666666761,48,100,52,False
blue,blue_0,red_0,m2,69,819,3917.1913397009534,0.21304607806204026,12.206641114769583,1.760119508498864,100.84741927562574,3917.1913397009534,3883.258603664681,-514.48091207778,243.55197721322676,273.8443795644061,207.08045760704994,5979.803650818074,5465.322738740294,True,hit,hit,True,7.483333333333312,69,106,37,False
blue,blue_0,red_1,m1,54,643,4897.402793219113,0.15459346295394685,8.857552967573199,1.7292844234751819,99.0806990428417,4897.402793219113,4893.088762649756,-205.5151572537825,252.4394472133582,259.0786100164468,246.96978407511733,6041.322991681547,5835.807834427765,True,hit,hit,True,7.833333333333311,54,93,39,False
blue,blue_0,red_0,m2,69,825,3565.1544734208214,0.19408870867150932,11.120463858021667,1.633644055608995,93.60090961303058,3565.1544734208214,3440.449295655452,-934.6844726304171,244.30695043376923,281.96845144514964,210.7987833680257,5906.743387989809,4972.058915359392,True,hit,hit,True,6.6166666666666485,69,102,33,False
blue,blue_0,red_1,m3,95,1139,3590.402001691059,0.5090281498725334,29.1651646410489,1.9644353082837256,112.55385229113824,3590.402001691059,3454.5612062555597,-978.2603978396019,250.64035965454207,327.089840320163,70.59285878882508,5549.598837552072,4571.33843971247,True,hit,hit,True,10.066666666666746,95,146,51,False
blue,blue_0,red_2,m0,48,576,5767.98271301083,0.3068514731263818,17.581294347513676,1.5780376253111292,90.41489584317448,5767.98271301083,5706.181037723811,-842.094141003834,256.7282441765494,285.0935867717639,234.2834834066797,6058.441473102603,5216.347332098769,True,hit,hit,True,12.916666666666888,48,113,65,False
blue,blue_0,red_2,m0,46,544,5787.37908149882,0.32565467435208106,18.658638419081463,1.587296316076488,90.94537974784627,5787.37908149882,5775.442038943657,-371.51835455661694,257.9096010261279,268.32297311428255,263.87912996283103,6083.53878195511,5712.020427398493,True,hit,hit,True,9.766666666666731,46,95,49,False
blue,blue_0,red_1,m1,56,666,4596.402936537616,0.11904647817058647,6.820860765070891,1.6807149470235814,96.29787302900496,4596.402936537616,4565.048215023768,-535.961518693216,250.21001483106397,272.20495408567416,251.93735939648394,6028.398818673602,5492.437299980386,True,hit,hit,True,7.783333333333311,56,95,39,False
blue,blue_0,red_2,m0,49,579,5545.331182231304,0.2524547826078225,14.464593561320928,1.685258241950824,96.55818465341915,5545.331182231304,5545.321846643473,10.175350876830635,255.64119882159875,262.59343111690106,262.9279401645895,6074.394710734813,6084.570061611644,True,hit,hit,True,8.833333333333352,49,93,44,False
blue,blue_0,red_2,m0,51,612,5369.758125760509,0.19245038655089777,11.026594915027703,1.758787908233069,100.7711242003972,5369.758125760509,5360.253046861244,-319.35811056831426,253.01982689383004,271.66251233446803,239.17876925930773,6056.021546551086,5736.663435982772,True,hit,hit,True,9.200000000000037,51,97,46,False
blue,blue_0,red_1,m0,48,571,5424.919581216576,0.27564359017015955,15.793214366583888,1.630338993977567,93.41154353051913,5424.919581216576,5397.315381856755,-546.5703353087292,258.87713479444164,268.41572231619756,262.53451538191626,6020.580234704783,5474.009899396054,True,hit,hit,True,9.083333333333364,48,93,45,False
blue,blue_0,red_0,m2,60,718,4583.936558084206,0.09636166572903913,5.5211167531243674,1.7032098510644165,97.58673609109658,4583.936558084206,4534.457538746294,-671.6912965401507,246.8658397997962,267.9998533323913,212.24937800764678,5994.515642094353,5322.824345554202,True,hit,hit,True,7.716666666666645,60,99,39,False
blue,blue_0,red_0,m1,66,781,3937.918224216596,0.22548978906773456,12.91961323687636,1.6133580522944584,92.43860723991922,3937.918224216596,3920.3220511489712,-371.8534064551659,242.9756949913552,265.7430240317063,242.2731956811333,5980.61564712614,5608.762240670974,True,hit,hit,True,6.516666666666649,66,98,32,False
blue,blue_0,red_1,m1,60,718,4821.491203014765,0.2470297299806459,14.153760942147349,1.7411901109963015,99.76284469000343,4821.491203014765,4782.804252859825,-609.5579542379364,246.04355697191468,272.2035309805091,218.94648656454123,6087.480041830045,5477.922087592108,True,p_hit_fail,miss,False,9.016666666666694,60,105,45,True
blue,blue_0,red_0,m2,76,912,3282.346073953372,0.3396445755452386,19.460200713254423,1.64028180737135,93.98122477446904,3282.346073953372,3282.2415093508916,26.199684942697786,245.8915944403547,265.9762910110847,230.1965009005563,6018.149233800201,6044.348918742899,True,hit,hit,True,5.799999999999985,76,105,29,False
blue,blue_0,red_0,m2,68,810,3825.3689025838426,0.18020139540975957,10.32477941934735,1.7660301790567807,101.1860757526866,3825.3689025838426,3689.5871060049176,-1010.1456469528393,246.11389504465373,276.38140748693894,204.3248432435266,5869.992321269416,4859.846674316576,True,hit,hit,True,7.316666666666646,68,104,36,False
blue,blue_0,red_2,m1,51,601,5669.8271717513435,0.36540740553325973,20.936302139881107,1.703399331137832,97.59759249960513,5669.8271717513435,5606.913393413129,-842.2958840540041,256.7955977134278,274.8285550374783,209.15738451795426,6011.111614939243,5168.815730885239,True,hit,hit,True,11.766666666666831,51,109,58,False
blue,blue_0,red_1,m2,68,811,4230.096693072955,0.3896396702112578,22.324708633974335,1.7073767049219484,97.82547923098097,4230.096693072955,4077.6859914080796,-1125.2532995823885,242.36544274805772,292.9762501559836,154.39638721922427,5966.18804005516,4840.934740472771,True,hit,hit,True,9.666666666666726,68,116,48,False
blue,blue_0,red_1,m0,53,625,5115.806045759021,0.2732280442362573,15.6548137793513,1.6217259051226387,92.91804989056057,5115.806045759021,5089.817905313636,-515.0001830807987,252.34538588455186,266.0218666231896,242.39402351160328,6077.9930767124815,5562.992893631683,True,hit,hit,True,8.733333333333347,53,96,43,False
blue,blue_0,red_0,m2,64,768,3916.209711234735,0.11724997918022334,6.717928955023569,1.674789124939827,95.95834843346042,3916.209711234735,3901.7947522235913,-335.70256759472704,244.2334613502551,263.56437911163823,232.2261966335854,6042.198626836986,5706.4960592422585,True,hit,hit,True,6.483333333333316,64,97,33,False
blue,blue_0,red_1,m0,49,581,5276.921023006606,0.10404192243763366,5.961163048103871,1.7117924943249365,98.07848532699079,5276.921023006606,5260.328391048455,-418.13957164881685,255.28392577551054,266.8322742375138,259.40045355695,6058.654183250568,5640.514611601751,True,hit,hit,True,8.466666666666667,49,91,42,False
blue,blue_0,red_0,m2,58,687,4694.0837349488565,0.1120260805407679,6.41862161037864,1.6052440759275566,91.97371063902686,4694.0837349488565,4668.012632465996,-494.0447083506615,247.9465889870333,261.05260447086073,243.84454551462835,6001.687926864217,5507.643218513555,True,hit,hit,True,6.833333333333314,58,92,34,False
blue,blue_0,red_2,m1,57,679,4802.619074815768,0.29995997902235655,17.18644082081374,1.6472023049196158,94.3777400761153,4802.619074815768,4732.541170484922,-817.4374884047493,248.40970421387675,273.4765492580473,227.58269192476084,6073.872923101112,5256.435434696363,True,p_hit_fail,miss,False,9.233333333333372,57,103,46,True
blue,blue_0,red_1,m0,61,730,4368.022460022067,0.2638521716362566,15.117615850118913,1.6851955658669757,96.55459357833824,4368.022460022067,4365.723915938048,-141.68592401429942,248.3984875924544,269.8291998560657,251.23757282678238,6004.890767164154,5863.204843149854,True,hit,hit,True,7.19999999999998,61,97,36,False
blue,blue_0,red_0,m0,48,576,5355.591459981156,0.023049341059576723,1.3206299632713432,1.6545240540105688,94.79724539768065,5355.591459981156,5349.801574564037,-248.96385082023608,255.6640254945181,255.78967735191245,287.2774973987888,6078.800664253524,5829.836813433288,True,hit,hit,True,7.9333333333333105,48,88,40,False
blue,blue_0,red_2,m1,55,657,5294.9243309868625,0.26396796204582995,15.124250151895556,1.7977072743963287,103.00103962287623,5294.9243309868625,5184.505709033467,-1075.6970874163699,250.2721545219498,273.150495589564,199.94443805797903,6020.77230597354,4945.07521855717,True,hit,hit,True,12.000000000000176,55,115,60,False
blue,blue_0,red_1,m3,107,1273,3882.057082677944,0.561526203225871,32.17308153084776,2.3318255257633353,133.60376118711332,3882.057082677944,3552.8946185274094,-1564.3871077226895,247.5140788918693,333.1236536090902,-35.47942351930801,5806.107221907474,4241.7201141847845,True,hit,hit,True,10.633333333333441,107,160,53,False
blue,blue_0,red_2,m1,65,774,4675.159602786932,0.4124594585312385,23.63218619409116,1.6812676562858417,96.32954093703026,4675.159602786932,4674.989813939712,-39.844084765432854,246.76762540904812,266.76111905977837,215.9737870249683,5979.350143726892,5939.5060589614595,True,hit,hit,True,8.349999999999994,65,107,42,False
blue,blue_0,red_0,m2,68,809,4190.149305842446,0.22639696197507428,12.97159041575554,1.7619326454702318,100.95130437176424,4190.149305842446,4055.810666041881,-1052.4975280127,246.26331022382243,281.02309410743374,177.82238144641042,5959.959817910959,4907.462289898259,True,hit,hit,True,8.51666666666667,68,110,42,False
blue,blue_0,red_2,m1,53,631,5349.311987803096,0.26964317917589387,15.449416141268566,1.7825011455025148,102.12979261452877,5349.311987803096,5309.981693338262,-647.4821690721892,252.27984757170836,273.40193465746165,214.98428847624183,6058.469908414763,5410.987739342574,True,hit,hit,True,9.783333333333399,53,102,49,False
blue,blue_0,red_1,m2,73,867,3542.232016446113,0.29530446545616135,16.919699542004857,1.620967278962814,92.8745838133744,3542.232016446113,3485.0099633132627,-634.1239736385851,244.6819421986228,278.04123274626824,213.66262496970896,5939.146104732929,5305.022131094344,True,hit,hit,True,6.383333333333316,73,105,32,False
blue,blue_0,red_0,m1,53,627,4896.97238598063,0.04929593850036193,2.8244492232072034,1.6898262836601656,96.81991416400416,4896.97238598063,4893.4938787658475,-184.5432402934366,252.7067842455249,261.04132941608935,260.51991975023464,6054.387809696895,5869.844569403458,True,hit,hit,True,7.399999999999979,53,90,37,False
blue,blue_0,red_2,m0,45,537,5824.41527045988,0.28989259797509825,16.609622376055846,1.708328289659292,97.88000102027982,5824.41527045988,5800.827723163721,-523.6515720796015,259.38624516670797,265.0042972265275,253.33975938319276,6062.635714411395,5538.984142331794,True,hit,hit,True,9.350000000000044,45,92,47,False
blue,blue_0,red_1,m2,64,764,4310.642266361026,0.2675750974887624,15.330923788907638,1.6479617807233957,94.4212548343142,4310.642266361026,4281.73046122791,-498.418504804089,246.73894861740132,252.6542572128743,242.32236673505156,5990.221475064563,5491.802970260474,True,hit,hit,True,6.766666666666648,64,98,34,False
blue,blue_0,red_2,m0,40,480,6205.4976406803435,0.2510324397125579,14.383099316401848,1.6321722580617646,93.51658182527656,6205.4976406803435,6196.60762744454,-332.04650274538835,262.7596909572544,265.3141220030112,272.0010682341998,6070.24152531247,5738.195022567082,True,p_hit_fail,miss,False,8.700000000000012,40,84,44,True
blue,blue_0,red_2,m3,104,1247,4064.5758286164123,0.4964124967516685,28.442340961422293,2.4020703996960755,137.62849599588787,4064.5758286164123,3826.6590091477756,-1370.2034499595165,244.36476473425427,333.0548144509658,-58.539932138527774,5683.989939916703,4313.786489957187,True,hit,hit,True,13.36666666666691,104,171,67,False
blue,blue_0,red_0,m0,51,608,5183.21376500708,0.025184279833232064,1.44295294452063,1.6176389642500055,92.68388542743918,5183.21376500708,5176.000842996143,-273.34997176163506,252.8825498385209,258.7043165594118,261.7567259661312,6074.562949990031,5801.2129782283955,True,hit,hit,True,7.833333333333311,51,90,39,False
blue,blue_0,red_1,m2,56,671,4721.379929414035,0.13739363807980906,7.872075593920972,1.6298470858504093,93.3833592709248,4721.379929414035,4712.62363962789,-287.41410733305565,248.86260505873022,267.8366478715099,258.7507693277714,6046.977063488059,5759.562956155003,True,hit,hit,True,7.599999999999978,56,94,38,False
blue,blue_0,red_2,m1,54,638,5203.621380131552,0.23302661946078912,13.351441809304312,1.5849984770237473,90.81372326812391,5203.621380131552,5187.712986553809,-406.5826323186302,251.1028203965823,273.3666198442107,230.5425520910534,6062.378349511422,5655.795717192792,True,hit,hit,True,8.433333333333332,54,96,42,False
blue,blue_0,red_1,m1,63,747,4076.6953957029086,0.2005248587026577,11.489228091119463,1.71084463219014,98.02417682710669,4076.6953957029086,4069.664879675906,-239.31802372113088,244.45148474800033,275.91543211025254,243.21855945860216,6005.0086326824985,5765.690608961368,True,hit,hit,True,6.816666666666648,63,97,34,False
blue,blue_0,red_0,m2,65,777,4214.7552844526535,0.2103322381052654,12.05114953897242,1.7764265403741497,101.78174337846491,4214.7552844526535,4151.495503080039,-727.4937771058767,242.25319862178586,250.11622369854888,226.35293285497954,5992.067073235756,5264.573296129879,True,hit,hit,True,6.6999999999999815,65,99,34,False
blue,blue_0,red_2,m3,89,1066,3443.0757905877895,0.4943351497363799,28.323317744862155,1.618453428734008,92.73055080493582,3443.0757905877895,3318.5473705805034,-917.6133439226778,247.4060336394015,286.49668853923436,226.0998014506113,5826.94632160201,4909.3329776793325,True,hit,hit,True,5.799999999999985,89,118,29,False
blue,blue_0,red_1,m0,51,606,5262.634267146018,0.23311430696896882,13.356465933439027,1.693552963679159,97.03343720068821,5262.634267146018,5226.440964414243,-616.1446869301226,255.32803656637455,262.763243984652,247.04868457158048,6045.895068312201,5429.750381382079,True,hit,hit,True,8.416666666666664,51,93,42,False
blue,blue_0,red_2,m1,53,636,5181.3492439301,0.30544593129928355,17.50076273289184,1.6642558344040594,95.35483534137583,5181.3492439301,5163.861566448623,-425.339523357261,253.3337112697949,262.9924162594372,232.4838885013728,6039.390807586995,5614.051284229734,True,hit,hit,True,8.416666666666664,53,95,42,False
blue,blue_0,red_0,m2,69,828,3327.384144090023,0.2004901964576654,11.487242090772954,1.637916327811265,93.8456927791517,3327.384144090023,3268.59843107506,-622.6953819608343,244.94041021964907,264.8707666229793,241.07136974791808,5921.202809616359,5298.507427655525,True,hit,hit,True,5.2999999999999865,69,96,27,False
blue,blue_0,red_2,m0,47,559,5559.7504096094035,0.3373718065677486,19.329980643035984,1.6534811317955986,94.73749035640243,5559.7504096094035,5537.366833602086,-498.3905770332476,258.420925854339,268.7198286026599,254.33069747787997,6056.766758495774,5558.376181462527,True,hit,hit,True,9.133333333333367,47,93,46,False
blue,blue_0,red_0,m2,66,786,3724.032921678525,0.160368115664636,9.188416196049467,1.650372631892215,94.55938643132173,3724.032921678525,3696.2409641779814,-454.11885721484487,245.31930399900807,273.0878273911803,229.8206693311688,5985.994920244621,5531.876063029777,True,hit,hit,True,6.21666666666665,66,97,31,False
blue,blue_0,red_1,m1,54,644,5122.635728496118,0.24744328625620182,14.177455971327854,1.63503804457185,93.68077929728999,5122.635728496118,5064.251651236878,-771.2016725925196,252.08139046906507,266.44169080412934,236.1884908776515,6048.158308631334,5276.956636038814,True,hit,hit,True,8.71666666666668,54,98,44,False
blue,blue_1,red_0,m1,55,658,4741.863584859054,0.08416097560114989,4.8220687016493855,1.6441892845956545,94.20510672796519,4741.863584859054,4710.781361845794,-542.0417126925204,249.8999258607455,261.98805099772056,252.4786420786611,6045.210747895473,5503.169035202953,True,hit,hit,True,7.066666666666647,55,91,36,False
blue,blue_0,red_1,m2,56,672,4574.831301963221,0.1387217487891157,7.948170732290367,1.6313364365473486,93.46869278007429,4574.831301963221,4557.198048516948,-401.2821800377196,249.45450159508783,272.26311119200466,256.57032848530054,6038.872453186593,5637.590273148873,True,p_hit_fail,miss,False,7.0833333333333135,56,92,36,True
blue,blue_0,red_2,m0,53,631,4932.82483831401,0.14650998032807128,8.3944035293432,1.6548603577940186,94.81651418510661,4932.82483831401,4888.588166713513,-659.140820884475,251.61594585740733,270.89975156474554,254.31577982238827,6059.193786295299,5400.052965410824,True,p_hit_fail,miss,False,8.766666666666682,53,97,44,True
blue,blue_0,red_1,m2,64,765,4304.469070512233,0.16631111715734725,9.528925099221771,1.6870023965000787,96.65811734791,4304.469070512233,4261.746602083321,-604.9544434316622,242.98423153175528,269.71614989852236,220.58574577174292,5954.559952168328,5349.605508736666,True,hit,hit,True,7.066666666666647,64,99,35,False
blue,blue_0,red_2,m0,46,549,5755.876056090706,0.23442859472859504,13.431769075131314,1.6757873289065133,96.01554130784476,5755.876056090706,5720.413581304378,-637.9479852673867,257.66929768465394,274.9482723530563,246.61251009974072,6058.103933711999,5420.1559484446125,True,hit,hit,True,10.766666666666781,46,100,54,False
blue,blue_0,red_0,m1,62,735,4553.254010990399,0.16256152585589959,9.314089342749854,1.6375950881461883,93.82728710213061,4553.254010990399,4409.70497271983,-1134.2945570574539,245.90885933058306,270.3779142019821,208.55672320723085,5975.463030290809,4841.168473233355,True,hit,hit,True,7.966666666666644,62,101,39,False
blue,blue_0,red_1,m3,93,1111,3046.014494366089,0.41180468018450955,23.59467015830704,1.7298704098216007,99.11427358734379,3046.014494366089,3009.99121046563,-467.07302727512433,248.7103732470978,291.86607901918404,153.0359048440384,5780.910024534136,5313.836997259012,True,hit,hit,True,5.816666666666651,93,122,29,False
blue,blue_0,red_0,m0,51,611,5143.44351648468,0.07943428631850477,4.551249354684101,1.6663795483713306,95.47651518859345,5143.44351648468,5080.99284995546,-799.076257918965,254.51222952199183,267.958678433946,249.60525353425314,6022.337007036094,5223.260749117129,True,hit,hit,True,7.849999999999977,51,91,40,False
blue,blue_0,red_1,m0,45,530,5723.582761711262,0.08591691360146159,4.922676538153887,1.5972829242044941,91.51757024523208,5723.582761711262,5701.524901598044,-502.00938897168453,257.7369277941072,280.4557652183508,275.67140984797305,6078.003130282801,5575.9937413111165,True,hit,hit,True,8.616666666666674,45,88,43,False
blue,blue_0,red_1,m1,56,672,4908.015971041307,0.17551440335623922,10.056234556069278,1.730931164186197,99.17505033553525,4908.015971041307,4906.633451354232,-116.4858190863115,252.29732833699626,260.02392787866967,248.47274155493434,5983.821809925965,5867.335990839653,True,hit,hit,True,7.683333333333311,56,95,39,False
blue,blue_0,red_2,m2,59,706,4537.722209246742,0.2170712628163008,12.437267212949115,1.6248786080706417,93.0986864635396,4537.722209246742,4509.164276880884,-508.2916214068655,250.77809489092118,274.5619833321275,251.3650166251955,5958.8821024310955,5450.59048102423,True,hit,hit,True,7.1666666666666465,59,95,36,False
blue,blue_0,red_0,m1,57,682,4919.751351310218,0.1327394825851743,7.605412126880777,1.633849877493466,93.61270233834219,4919.751351310218,4834.921488702877,-909.663430504861,247.06128732926868,273.17878713373256,234.6502579928195,6011.699627972916,5102.0361974680545,True,hit,hit,True,7.649999999999978,57,95,38,False
blue,blue_0,red_2,m2,68,806,3646.0689100245827,0.17896525470865443,10.253953774289682,1.712520406926,98.12019164688611,3646.0689100245827,3597.8723570962197,-590.8747741194766,236.81963750926647,269.4578166446,220.15222630576022,5937.190086482957,5346.31531236348,True,hit,hit,True,6.449999999999982,68,100,32,False
blue,blue_0,red_0,m2,57,678,4684.7868827897,0.083992167272606,4.812396696877163,1.7358154620993638,99.45489999184426,4684.7868827897,4664.017844712768,-440.64235084623124,250.1162536930303,263.75537242262567,242.80865622165874,6037.01519868441,5596.372847838179,True,hit,hit,True,7.416666666666646,57,94,37,False
blue,blue_0,red_1,m1,51,601,5491.577372111851,0.17838600355320386,10.220765127804288,1.7122572683398278,98.10511491647141,5491.577372111851,5460.602034280279,-582.4495318093868,254.24400299798893,266.7485060000891,235.52630432397447,6065.646112741469,5483.196580932082,True,hit,hit,True,9.066666666666697,51,96,45,False
blue,blue_0,red_2,m0,48,571,5703.8076286450005,0.26847509910877815,15.382490083289477,1.698160827143929,97.29744832979206,5703.8076286450005,5668.149316961957,-636.7925762857176,256.32367383203723,274.1032297894812,238.2934967813922,6070.201386620352,5433.408810334635,True,hit,hit,True,10.466666666666766,48,100,52,False
blue,blue_0,red_2,m4,98,1171,3815.3468823168178,0.28522718073485653,16.34231365852242,2.3726410135339417,135.9423163751369,3815.3468823168178,3568.952974717069,-1348.8685987385288,246.4266001016293,329.4405739283435,-12.31326933902929,5725.23632563823,4376.367726899701,True,hit,hit,True,9.733333333333396,98,147,49,False
blue,blue_0,red_0,m0,49,581,5249.301034371072,0.13229460510477653,7.579922524853571,1.5972689805229248,91.51677133112727,5249.301034371072,5203.538374157261,-691.62832368405,256.0485042463708,275.1884323050723,262.89381161504235,6033.894043558965,5342.265719874915,True,hit,hit,True,8.04999999999998,49,89,40,False
blue,blue_0,red_1,m1,51,611,5367.781862048055,0.06127368111440637,3.510723323085944,1.7119088995584502,98.08515485558435,5367.781862048055,5327.892705769917,-653.1779499767226,253.9074341148788,272.31583181576354,237.39759000853124,6025.047130309526,5371.869180332804,True,hit,hit,True,8.733333333333347,51,95,44,False
blue,blue_0,red_0,m2,58,691,4278.972053877164,0.05035831479642017,2.885318901226081,1.6489080528024562,94.47547223071544,4278.972053877164,4249.71670803307,-499.5094987348366,250.43837645015725,264.1601416099608,259.827905435136,6005.498097813341,5505.988599078504,True,hit,hit,True,6.583333333333315,58,91,33,False
blue,blue_0,red_1,m1,53,629,5108.567606882176,0.23129938029465313,13.252478294875024,1.597213323447094,91.51358241558214,5108.567606882176,5084.870540132673,-491.48202833545474,254.10109869352397,265.4463495347626,253.8554842084843,6028.237667406348,5536.755639070893,True,hit,hit,True,7.916666666666644,53,92,39,False
blue,blue_0,red_2,m2,72,861,3862.742525460369,0.32299612994422705,18.50631504486332,1.712241750700704,98.1042258212416,3862.742525460369,3712.9120744397273,-1065.3937044490322,241.39032192069325,271.4027486474358,179.63305645384827,5849.467432248717,4784.073727799685,True,p_hit_fail,miss,False,7.799999999999978,72,111,39,True
blue,blue_0,red_0,m2,62,739,4054.2183671199905,0.14428158901753113,8.266726112145623,1.6619767673762427,95.22425441945451,4054.2183671199905,4045.4584512863553,-266.3690808049687,247.9979267090347,255.2426462930791,251.35410330634966,5996.060738284468,5729.6916574795,True,hit,hit,True,6.3166666666666496,62,94,32,False
blue,blue_0,red_2,m0,50,597,5319.823256918546,0.30871004719039163,17.687782797293917,1.6300151358073656,93.39298782420576,5319.823256918546,5274.755642269238,-690.9937765278901,256.3296709618428,277.8461944580552,249.42120171792368,6035.325394398689,5344.331617870799,True,hit,hit,True,10.200000000000086,50,101,51,False
blue,blue_0,red_2,m0,48,576,5579.042806878526,0.2971232165024076,17.023906300939768,1.6751226260840282,95.97745664148592,5579.042806878526,5544.82893724587,-616.9203333201558,256.9203660910546,266.2493953674605,239.06611195348378,6054.572431351096,5437.652098030941,True,hit,hit,True,9.483333333333384,48,96,48,False
blue,blue_0,red_1,m1,60,709,4414.855305665481,0.18780930499155202,10.760680529301196,1.6338037634209854,93.61006019661289,4414.855305665481,4319.588925858932,-912.1945415093915,249.32076367921243,270.8717491253797,229.96810786554266,6013.6602829491785,5101.465741439787,True,hit,hit,True,8.333333333333327,60,101,41,False
blue,blue_0,red_0,m0,54,644,4829.707826898076,0.048627721965833544,2.786163235977869,1.5864053169904455,90.89432926066604,4829.707826898076,4797.248376662174,-559.0042091189171,253.005623028812,269.9293380296405,262.0335934695783,6017.986416821459,5458.982207702542,True,hit,hit,True,7.683333333333311,54,92,38,False
blue,blue_0,red_2,m1,60,715,4620.578522914631,0.27464196561107174,15.735825506691503,1.6311260715724263,93.45663975485387,4620.578522914631,4553.336297619187,-785.4135517060759,249.8399487813708,274.2430271265006,214.25776726745337,5974.470913738998,5189.057362032922,True,p_hit_fail,miss,False,7.949999999999977,60,100,40,True
blue,blue_0,red_1,m2,63,756,4454.809987107969,0.2602888347840256,14.913451687502643,1.6343656688177228,93.64225500433157,4454.809987107969,4391.421239372402,-748.8334391744675,247.88309542271406,283.73492917647076,214.5384668761376,5941.949305013379,5193.115865838911,True,hit,hit,True,8.283333333333324,63,105,42,False
blue,blue_0,red_1,m0,47,554,5616.912048470462,0.20282901436873038,11.621246486126582,1.724606321776612,98.81266355938067,5616.912048470462,5616.899469364223,-11.887443314369193,258.9723402876832,261.4236397315756,255.38552881604747,6043.314769951395,6031.4273266370255,True,hit,hit,True,8.666666666666677,47,90,43,False
blue,blue_0,red_2,m3,112,1343,3224.649187555335,0.34665025464341903,19.86159655820318,2.183135015362401,125.08442248749373,3224.649187555335,3025.368912086694,-1116.0221003997449,250.72214869003275,290.88148519698365,34.67852398010831,5344.0682070443245,4228.04610664458,True,hit,hit,True,7.433333333333312,112,149,37,False
blue,blue_0,red_2,m1,55,649,5086.471669310957,0.2112364669592037,12.102958036017034,1.6481087090208515,94.42967320564946,5086.471669310957,5039.321982052731,-690.9616515430644,253.05390319254556,269.62343827323446,227.7774394553897,6007.717468246388,5316.755816703324,True,hit,hit,True,9.433333333333382,55,102,47,False
blue,blue_0,red_0,m2,69,825,4041.9429973189026,0.21746570869494838,12.459867297041953,1.6064937510322341,92.04531174828746,4041.9429973189026,3964.7248102058156,-786.2953471271285,239.2627137539732,274.6569088673111,221.68943743481995,5871.226003133117,5084.930656005989,True,hit,hit,True,6.833333333333314,69,103,34,False
blue,blue_0,red_0,m1,59,708,4493.10739921927,0.14115093034496629,8.08735258311163,1.5737971317727428,90.17193346037244,4493.10739921927,4477.616982945958,-372.7737315757204,247.0758749432735,264.0010792725582,263.0306553816092,6022.424516679209,5649.6507851034885,True,p_hit_fail,miss,False,6.666666666666648,59,93,34,True
blue,blue_0,red_1,m2,56,670,4486.695286974425,0.17781385280457054,10.187983304662348,1.6496051258822906,94.51541157620213,4486.695286974425,4482.0960223425345,-203.10057769426476,249.9809610106514,262.70293187696467,260.432676412841,5997.057483815293,5793.956906121029,True,hit,hit,True,7.016666666666647,56,91,35,False
blue,blue_0,red_1,m2,65,770,3891.3886519066814,0.23398561169566473,13.406388016948503,1.7037824927147138,97.61954604083203,3891.3886519066814,3881.6923439163625,-274.5363133889505,243.1471476879899,268.74983314739393,240.9597583447997,5996.3319188358455,5721.795605446895,True,hit,hit,True,6.749999999999981,65,98,33,False
blue,blue_0,red_0,m0,51,606,5153.902147125558,0.07162117728136437,4.103591181980434,1.692245750318607,96.95853939220547,5153.902147125558,5140.938735021783,-365.3166638658404,254.6752779695281,268.7073852554698,263.43021272666215,6028.926991686822,5663.610327820981,True,p_hit_fail,miss,False,8.51666666666667,51,93,42,True
blue,blue_0,red_2,m0,52,614,5255.023568178485,0.20845779858557814,11.94375206554181,1.6472079592295774,94.37806404421217,5255.023568178485,5219.733482274248,-607.9926612521713,253.3463041655289,277.71464410944725,250.08554088906283,6062.46834900314,5454.475687750969,True,p_hit_fail,miss,False,9.650000000000059,52,100,48,True
blue,blue_0,red_2,m0,53,635,4984.608226330654,0.2172125588263995,12.44536287798981,1.674066441259754,95.91694170866924,4984.608226330654,4969.712984052069,-385.0610680755872,252.7721270921357,264.5592143647292,247.81404539354853,6044.915970495398,5659.854902419811,True,hit,hit,True,7.783333333333311,53,92,39,False
blue,blue_0,red_2,m3,101,1206,3466.1261320939993,0.42150436258203194,24.15042102230241,1.6413727729364336,94.04373249694244,3466.1261320939993,3295.221773497432,-1074.962244478079,245.22972125305898,251.90496936760292,127.5660723091716,5515.313762386965,4440.351517908886,True,hit,hit,True,6.733333333333315,101,135,34,False
blue,blue_1,red_2,m1,52,620,5112.515740548587,0.2338347804371265,13.397746022415616,1.7144348001319205,98.22987829791388,5112.515740548587,5075.805332335054,-611.5696408391232,251.98098026935506,269.7122147467627,238.1843093213964,6008.322748281751,5396.753107442628,True,hit,hit,True,9.333333333333377,52,99,47,False
blue,blue_0,red_0,m2,64,768,4142.141439225446,0.1575198310691646,9.025221509876829,1.632454578916672,93.53275761873128,4142.141439225446,4061.05023447971,-815.6020448606914,246.49597483506565,280.06127316268845,217.5320466750985,5958.832906977424,5143.230862116732,True,hit,hit,True,7.449999999999979,64,102,38,False
blue,blue_0,red_1,m1,59,698,4946.380675766107,0.2142490492472972,12.275566286560657,1.7240803980519033,98.78253034960906,4946.380675766107,4879.191076882968,-812.512292127316,249.37336410211412,276.73365916959534,207.4708030053716,6014.2439820454,5201.731689918084,True,hit,hit,True,9.066666666666697,59,104,45,False
blue,blue_0,red_0,m4,102,1217,2574.5809962065114,0.36185676516680043,20.732865432314206,1.672881242669277,95.84903483155006,2574.5809962065114,2378.884704131914,-984.5683675981718,249.2961548812664,249.34609079368866,162.3497175483214,5651.053925766011,4666.485558167839,True,hit,hit,True,4.783333333333322,102,126,24,False
blue,blue_0,red_0,m3,95,1131,3646.6015945632003,0.21449997710063198,12.289943393519017,2.096080729816567,120.0965793371907,3646.6015945632003,3509.4216150041952,-990.7891388243124,246.61068977232128,320.13476351464345,69.89529718086939,5719.440924805846,4728.651785981534,True,hit,hit,True,8.283333333333324,95,136,41,False
blue,blue_0,red_0,m1,55,660,4555.462936732227,0.09121624513899311,5.226305869495016,1.585075109983709,90.81811401330131,4555.462936732227,4543.282182615769,-332.9107644205915,250.27242035998415,268.07003511474534,256.46177795246484,6053.3206969436515,5720.40993252306,True,hit,hit,True,6.9999999999999805,55,90,35,False
blue,blue_0,red_1,m0,58,687,4852.583500565293,0.2581225760086339,14.789334202339521,1.6293731092624526,93.35620241284688,4852.583500565293,4852.56821085726,12.181499747140151,250.02270858762495,263.909903473039,235.05778586699907,6016.1730383435215,6028.354538090662,True,hit,hit,True,7.949999999999977,58,97,39,False
blue,blue_0,red_1,m0,51,611,5470.297033454498,0.27244449146072036,15.609919512287274,1.6921747234354854,96.95446985157062,5470.297033454498,5458.7668964585855,-354.9839494244552,254.00955263042306,262.4331223031948,235.55953686208838,6058.155999522511,5703.1720500980555,True,hit,hit,True,8.566666666666672,51,94,43,False
blue,blue_0,red_0,m1,63,752,4277.483890533214,0.1587403359546294,9.095151288689062,1.6119514091673635,92.3580125254556,4277.483890533214,4226.460077218336,-658.713632355325,246.85112569757496,270.35400562602734,226.80802488821294,5969.33128092506,5310.617648569735,True,hit,hit,True,7.849999999999977,63,102,39,False
blue,blue_1,red_2,m3,101,1207,3996.1614190345667,0.44631633241713203,25.572042175259554,2.3675447560346257,135.6503223291142,3996.1614190345667,3683.4639726266514,-1549.644878461465,251.6132137030186,343.25918772891873,-36.99754646263719,5756.753630479818,4207.108752018353,True,hit,hit,True,11.233333333333471,101,157,56,False
blue,blue_0,red_2,m2,64,767,4162.100007663745,0.28986491960056554,16.60803652201134,1.616313112029987,92.60791969097406,4162.100007663745,4024.1249910359616,-1062.7768017389026,244.99510837798383,283.7293563229505,192.70570750507977,6009.550560254935,4946.773758516032,True,p_hit_fail,miss,False,8.283333333333324,64,106,42,True
blue,blue_0,red_2,m2,66,787,4600.966388510899,0.35294661021538554,20.222351158790538,1.6265164754106909,93.19252934952674,4600.966388510899,4445.713831238581,-1185.124566845615,244.9317034520477,288.7253253907829,174.8250776500723,5941.645342985683,4756.520776140068,True,hit,hit,True,10.116666666666749,66,117,51,False
blue,blue_0,red_0,m1,54,648,4976.717013599628,0.06515636934766887,3.733184972016991,1.6468412441692495,94.35705281897148,4976.717013599628,4952.268063420105,-492.69997105874427,251.63741890661817,266.6824155141958,257.06394796107764,6050.128779634153,5557.428808575409,True,hit,hit,True,7.783333333333311,54,93,39,False
blue,blue_0,red_2,m0,46,544,5750.122842790008,0.2394522468796118,13.719603141126393,1.7048256356610114,97.67931372908373,5750.122842790008,5719.2785449973535,-594.782003685712,257.8852109820428,277.67942082739296,240.69615685655594,6080.196765160588,5485.414761474876,True,hit,hit,True,10.866666666666786,46,100,54,False
blue,blue_0,red_1,m2,66,784,4462.798132571769,0.28637322334558774,16.407977063259473,1.6309420611815568,93.4460967360705,4462.798132571769,4452.640232604459,-300.9354267582594,244.01014667532039,267.3637251547951,230.46541821006662,5959.19689878542,5658.26147202716,True,hit,hit,True,7.04999999999998,66,101,35,False
blue,blue_0,red_0,m0,52,619,4967.735135443043,0.05703043921217732,3.267603470635156,1.6442090277097936,94.2062379250798,4967.735135443043,4921.602235980551,-675.4434148813289,253.23020029928267,272.30199221226104,263.4519685760338,6043.640191793265,5368.1967769119365,True,hit,hit,True,8.016666666666644,52,92,40,False
blue,blue_1,red_2,m1,53,629,4956.276007194562,0.21955833279490225,12.57976582607667,1.6561386670415974,94.88975590990542,4956.276007194562,4944.4703420050055,-341.88433208524293,254.0501867590839,270.243665880415,259.1383587753647,6033.256266317104,5691.371934231861,True,hit,hit,True,7.916666666666644,53,92,39,False
blue,blue_0,red_1,m2,65,770,4003.3522076339705,0.20186612803871787,11.566077163266025,1.6898875935742064,96.823426963321,4003.3522076339705,3940.54380091162,-706.3592934652906,244.7696281824438,282.40301908194823,217.2730713879026,5949.659739256732,5243.300445791441,True,hit,hit,True,6.9999999999999805,65,100,35,False
blue,blue_0,red_0,m1,59,702,4559.349676275013,0.09925008231725953,5.6866108331049725,1.7056062738226112,97.72404100107025,4559.349676275013,4523.279207650139,-572.3763448894333,250.07937589978923,272.215734958217,226.69336977423563,6023.157307994352,5450.780963104919,True,p_hit_fail,miss,False,7.316666666666646,59,95,36,True
blue,blue_0,red_1,m0,48,568,5501.040918474717,0.18786091903549218,10.76363779618257,1.6912519057762712,96.90159629443751,5501.040918474717,5465.345451512903,-625.6598775376015,256.57153308085304,270.9310814407429,250.35252294800551,6073.786493023229,5448.126615485628,True,hit,hit,True,9.900000000000071,48,97,49,False
blue,blue_0,red_2,m2,61,732,4332.083599243739,0.33224115006152155,19.036015679097837,1.7646394139906079,101.10639078410067,4332.083599243739,4329.844887303008,-139.2535914530872,249.2818060796617,262.7500709293554,234.66036854159637,6004.686923343711,5865.433331890624,True,p_hit_fail,miss,False,7.4666666666666455,61,99,38,True
blue,blue_0,red_1,m0,53,634,4936.967153003019,0.18414026488135682,10.550460016122797,1.646467639361636,94.33564684028944,4936.967153003019,4928.069560370318,-296.26859094786596,252.0744687124404,269.73850528802194,250.09943699837996,6029.37418840526,5733.105597457394,True,hit,hit,True,7.649999999999978,53,91,38,False
blue,blue_0,red_2,m3,107,1278,3591.3884862381665,0.39859319272386995,22.837707685722382,2.363577528804395,135.4230169524526,3591.3884862381665,2945.252488860972,-2055.1299316447903,244.37981913147098,301.48121577255444,-21.66643745156271,5570.805395097671,3515.6754634528806,True,hit,hit,True,8.85000000000002,107,151,44,False
blue,blue_0,red_0,m1,61,729,4334.912449736971,0.16202853994609157,9.283551499577914,1.6667087414280868,95.4953765613906,4334.912449736971,4250.259554771385,-852.5020023197212,242.89095761933677,274.9636702262529,216.4651148668811,5972.690161943135,5120.188159623413,True,hit,hit,True,8.633333333333342,61,104,43,False
blue,blue_0,red_2,m2,64,759,4599.906027411798,0.37850814848705394,21.68691941961927,1.7563563486831129,100.63180610054997,4599.906027411798,4593.575262410485,-241.2504292013473,241.175796540664,261.73217858217146,204.94774849116186,5954.569953001792,5713.319523800445,True,hit,hit,True,8.24999999999999,64,105,41,False
blue,blue_0,red_0,m3,97,1155,3079.905459228812,0.137578399712723,7.882661655702886,1.589301526204535,91.06026982522026,3079.905459228812,3031.5039209114043,-543.8764706127895,245.25548151043918,283.890884348642,197.77772802193903,5657.605592449199,5113.72912183641,True,hit,hit,True,5.149999999999987,97,122,25,False
blue,blue_0,red_2,m0,42,501,6193.988085424906,0.22548433301649737,12.919300628167662,1.712161756151425,98.09964247118387,6193.988085424906,6180.6047226280625,406.95658861035554,261.0756948208759,238.90672657216504,262.2870291455758,6081.0908042792735,6488.047392889629,True,hit,hit,True,9.350000000000044,42,89,47,False
blue,blue_0,red_2,m4,100,1194,3110.4001752174345,0.4617238842287802,26.454829866696137,1.874066412328478,107.3760959536457,3110.4001752174345,3101.283098840111,-237.9756097614345,247.8824083628219,291.26696927323127,99.4232920760482,5630.219602984035,5392.243993222601,True,hit,hit,True,6.583333333333315,100,133,33,False
blue,blue_0,red_1,m1,62,737,4508.817455733853,0.25419138281228204,14.564093423738015,1.683305475750565,96.44629939176852,4508.817455733853,4487.533792266935,-437.578921330356,246.40943684555054,273.12806579477063,238.02559125778993,5989.892894209266,5552.31397287891,True,hit,hit,True,7.366666666666646,62,99,37,False
blue,blue_0,red_2,m0,54,644,5057.878348080466,0.2316918430277366,13.274964753096876,1.6798478162277988,96.24819009412079,5057.878348080466,5024.453521342411,-580.5171796347013,251.51462344569083,260.6416990569095,251.14187662103987,6058.2515083605485,5477.734328725847,True,hit,hit,True,8.066666666666647,54,94,40,False
blue,blue_0,red_2,m0,43,512,5924.967126568997,0.31804682621781094,18.222740829811308,1.6600662207334773,95.11478816026117,5924.967126568997,5924.367068810935,-84.322505369596,262.64090722508985,260.3145471485397,275.5058407661035,6043.736448024012,5959.413942654416,True,hit,hit,True,9.333333333333377,43,90,47,False
blue,blue_0,red_0,m2,75,895,3723.7964921200382,0.3133966640627711,17.956306164276064,1.6474111242963367,94.38970454508197,3723.7964921200382,3627.106560977393,-843.0648314573746,243.6928752181479,274.495308557982,201.74896315878004,5887.058772070416,5043.993940613042,True,hit,hit,True,8.083333333333314,75,115,40,False
blue,blue_0,red_1,m1,56,670,4931.0414937031555,0.21464691631124339,12.298362390132034,1.6885076834111157,96.7443639348687,4931.0414937031555,4928.431808151177,-160.40612527567737,251.86383602092414,259.22874544760276,236.39379352377082,5995.742891820134,5835.336766544457,True,hit,hit,True,8.033333333333312,56,96,40,False
blue,blue_0,red_0,m2,64,768,4002.243148728553,0.17383715523343732,9.960135317436489,1.6222922765100396,92.9505005806956,4002.243148728553,3958.2848686335333,-591.549761466822,247.59615993922034,265.52292768561347,235.8525396638168,5923.064624319764,5331.514862852942,True,hit,hit,True,6.516666666666649,64,97,33,False
blue,blue_0,red_0,m1,76,903,3702.1668978707658,0.3160111492349975,18.10610513024417,1.6650072964844167,95.39789094704443,3702.1668978707658,3620.037599361743,-775.4788964874006,244.31201676750794,277.47576138300985,189.23867558123797,5898.7936901636795,5123.314793676279,True,hit,hit,True,8.149999999999984,76,116,40,False
blue,blue_0,red_2,m0,51,606,5102.269817452823,0.26278670600529497,15.056569166248567,1.626073411806674,93.16714367496071,5102.269817452823,5099.816647969353,-158.20065481756137,255.81167290614553,258.8137310548456,270.4083428169901,6022.4408597228285,5864.240204905267,True,hit,hit,True,8.099999999999982,51,91,40,False
blue,blue_0,red_2,m0,43,516,6004.531799358677,0.2938818346130465,16.838188798889238,1.6591446570990573,95.06198645345617,6004.531799358677,6003.845154406935,-90.80468828161611,261.0423408816802,253.88394085812243,272.74448148183467,6067.9419392651,5977.137250983484,True,hit,hit,True,9.200000000000037,43,89,46,False
blue,blue_0,red_1,m1,60,710,4626.464107123592,0.308246151301824,17.66120352074552,1.5970428451457597,91.50381472841713,4626.464107123592,4589.977259486098,-579.8955870701093,249.73809989701212,270.61639553563,218.48016845031145,5955.9168416801695,5376.02125461006,True,hit,hit,True,8.149999999999984,60,100,40,False
blue,blue_0,red_1,m2,78,933,4098.074242556063,0.3875856485207159,22.207021860077962,1.6851618865920965,96.5526638980306,4098.074242556063,3777.908558482857,-1587.9607744662435,245.53046680665352,286.56782456537843,126.13337408405954,5877.125686502928,4289.164912036685,True,hit,hit,True,9.800000000000066,78,127,49,False
blue,blue_0,red_0,m2,68,807,3632.195672762888,0.23607016955875598,13.525824384654442,1.6675356074490937,95.54275249461706,3632.195672762888,3545.8605409995907,-787.221969345077,245.90073445431634,277.00959088735993,222.54755217837194,5880.886275267636,5093.664305922559,True,hit,hit,True,7.5499999999999785,68,105,37,False
blue,blue_0,red_0,m1,68,812,3625.9598664914565,0.19788030640437881,11.337706405726461,1.6391922671243977,93.91879871670903,3625.9598664914565,3554.3538445651075,-717.0451178496232,244.60871578375765,274.8652157652503,230.3360606434488,5937.95400090624,5220.908883056617,True,hit,hit,True,6.283333333333316,68,99,31,False
blue,blue_1,red_1,m2,70,830,3613.829480342167,0.19562080984723557,11.208246789177812,1.6687377560789232,95.61163053745373,3613.829480342167,3546.630588903585,-693.6677726718663,244.28384432779114,279.1956843255605,224.73802651909665,5950.3933565684865,5256.72558389662,True,hit,hit,True,6.599999999999982,70,103,33,False
blue,blue_0,red_1,m0,53,626,4971.929303741788,0.2173790633460983,12.454902884238404,1.6589928211250022,95.05328689296455,4971.929303741788,4965.148640271148,-259.57654250698124,251.8426262671545,259.41756811811115,260.99461015375306,6085.5576089966735,5825.981066489692,True,hit,hit,True,7.399999999999979,53,90,37,False
blue,blue_0,red_2,m1,61,722,4809.321750156673,0.31891624869740226,18.27255506850569,1.6640167679336875,95.34113784160043,4809.321750156673,4759.379044115887,-691.293577983035,246.12425979356368,283.83192307382257,206.5265768870556,6072.268056308508,5380.974478325473,True,hit,hit,True,9.066666666666697,61,106,45,False
blue,blue_0,red_0,m1,55,651,4814.191919584449,0.049655011619775286,2.8450225974861856,1.5949449045226594,91.38361158504443,4814.191919584449,4737.02498971151,-858.5092226883044,252.66051063365632,273.10884393499697,243.3798664348242,6009.00940361705,5150.500180928746,True,hit,hit,True,7.716666666666645,55,93,38,False
blue,blue_0,red_2,m0,51,603,5392.046368689079,0.2689639217233,15.410497556032132,1.670075553108612,95.68828066110004,5392.046368689079,5380.733578260994,-349.0991289987978,255.71851989942834,262.03156562206254,242.99078910217776,6028.9464400121105,5679.847311013313,True,hit,hit,True,8.78333333333335,51,95,44,False
blue,blue_0,red_0,m2,84,1002,2877.466172905131,0.32578677681421897,18.666207332625252,1.599012375658722,91.6166605144321,2877.466172905131,2873.925549297589,-142.7007824360171,246.7214688500907,251.88288323047132,200.84484506258863,5932.238283940616,5789.537501504599,True,hit,hit,True,5.13333333333332,84,110,26,False
blue,blue_0,red_1,m2,61,730,4463.001708001794,0.21073270401620953,12.074094545508379,1.7216525653026657,98.64342577971411,4463.001708001794,4388.728454796885,-810.8309291603773,249.7647272043939,282.6759167900102,214.79504641339497,5949.637882679979,5138.806953519602,True,hit,hit,True,8.399999999999997,61,103,42,False
blue,blue_0,red_1,m0,52,624,5120.704959339127,0.04124134523316311,2.3629550233022223,1.59520800423845,91.39868608835032,5120.704959339127,5116.594073312611,-205.14475265672536,252.39679529339756,264.6474465666885,258.27939128217827,6041.81675523105,5836.672002574324,True,hit,hit,True,7.783333333333311,52,91,39,False
blue,blue_0,red_2,m1,59,698,4463.089861736455,0.21405018609630297,12.264172267308014,1.5961310576932464,91.45157315557512,4463.089861736455,4460.083433987203,-163.78911993063593,248.74535388879443,266.5328721893059,262.0255259616208,6009.29834570536,5845.509225774724,True,p_hit_fail,miss,False,6.916666666666647,59,93,34,True
blue,blue_0,red_0,m0,56,671,4636.471879222907,0.08067972443448729,4.622607702374624,1.6824994613435376,96.4001181680191,4636.471879222907,4631.705062397529,-210.1896804933358,249.4453813558072,255.88550293641222,252.95687675909113,6030.854434798439,5820.664754305103,True,hit,hit,True,7.04999999999998,56,92,36,False
blue,blue_0,red_0,m2,92,1100,2398.0272376121347,0.2888332184266024,16.54892439902456,1.5848054697883693,90.80266476812126,2398.0272376121347,2275.327915936287,-757.2433606778723,246.95550385911696,258.09027206437537,213.31478908925098,5606.964439486726,4849.721078808854,True,hit,hit,True,4.566666666666656,92,115,23,False
blue,blue_0,red_1,m2,67,799,3681.7299063664527,0.1978689390080548,11.337055101893043,1.6651728081003823,95.40737406409964,3681.7299063664527,3640.586595121531,-548.8755294732573,239.15271368556128,262.34945945456013,217.87018026819305,5949.844425493715,5400.968896020458,True,hit,hit,True,5.916666666666651,67,97,30,False
blue,blue_0,red_1,m0,57,679,4802.407171653425,0.17910977982675533,10.262234453590493,1.7009079702988972,97.45484803829,4802.407171653425,4765.158665845982,-596.9736440255965,249.82135765924173,268.7371625330141,234.68476919812753,6040.046851239738,5443.073207214142,True,hit,hit,True,7.583333333333312,57,95,38,False
blue,blue_1,red_2,m1,58,693,4610.140182894043,0.20615639837024993,11.811891546233005,1.5728628552155755,90.11840335674873,4610.140182894043,4597.959703390761,-334.9015854382669,249.51370888036044,268.59120798813467,251.38931655944864,6019.66850562273,5684.766920184463,True,hit,hit,True,7.366666666666646,58,95,37,False
blue,blue_1,red_2,m1,58,685,4840.648039013369,0.4236735077250543,24.27470388414889,1.6825450509394724,96.40273025945588,4840.648039013369,4796.299735422601,-653.7448168735755,249.87507017176117,271.62455231835804,211.36891245077783,6053.410911671009,5399.666094797433,True,hit,hit,True,8.45,58,100,42,False
blue,blue_0,red_2,m3,96,1147,3057.005070181734,0.5254695054092867,30.10718492277891,1.7277108051749472,98.99053735567371,3057.005070181734,3056.380179449331,-61.80774859272515,245.14478548804553,254.1820209636489,138.46486233664973,5544.651536249296,5482.843787656571,True,hit,hit,True,5.949999999999984,96,126,30,False
blue,blue_0,red_0,m2,84,997,2939.8335604309873,0.3937466608163345,22.560021862145113,1.6058238016472668,92.00692647604144,2939.8335604309873,2805.420237736433,-878.7711037210956,246.902121287199,263.73386107445634,194.37568487229603,5786.909620335646,4908.13851661455,True,hit,hit,True,5.466666666666653,84,111,27,False
blue,blue_0,red_0,m0,57,676,4516.629070365732,0.048434438447420056,2.775088906123337,1.589622331427912,91.07865061056552,4516.629070365732,4469.458880650512,-651.057196755467,250.83209761586534,266.39515719973815,254.22325493480483,6017.003191870584,5365.945995115117,True,hit,hit,True,6.549999999999982,57,89,32,False
blue,blue_0,red_1,m0,59,699,4697.8743640362345,0.19040946014417376,10.909658445625617,1.604109684085147,91.90871477414272,4697.8743640362345,4642.408630129575,-719.767775860586,248.5108555180539,272.66813185252335,221.7163393760371,6057.641244816483,5337.873468955897,True,p_hit_fail,miss,False,7.516666666666645,59,96,37,True
blue,blue_0,red_1,m1,63,750,4255.374519579638,0.24990544821241764,14.318527459896695,1.7197623853300872,98.5351264447652,4255.374519579638,4237.035435421977,-394.6429029719511,248.2044020347194,272.45031001195105,228.00892513954494,5963.230356183781,5568.58745321183,True,hit,hit,True,7.19999999999998,63,99,36,False
blue,blue_0,red_2,m1,63,745,4392.251591032208,0.34786484087480796,19.931187223116464,1.7297988534883988,99.1101737114539,4392.251591032208,4376.7762056754045,-368.38035284006764,246.64243109714056,268.5874615798777,214.8976997575842,6035.902038526708,5667.52168568664,True,p_hit_fail,miss,False,8.216666666666654,63,104,41,True
blue,blue_0,red_0,m2,80,955,3030.1453102561836,0.346514902161996,19.853841432271015,1.6306920006096988,93.4317693206804,3030.1453102561836,2989.4977471721545,-494.6552546169469,246.51374900376345,274.90037936298904,198.81037606377703,5898.104200615882,5403.448945998935,True,p_hit_fail,miss,False,5.833333333333318,80,109,29,True
blue,blue_0,red_0,m2,79,938,2746.7329805434247,0.3982423217321002,22.817604258740406,1.6289905206502855,93.33428170007993,2746.7329805434247,2745.5814838810634,-79.52598175706044,245.81846927835213,258.3490535614117,232.72656313456565,5915.320540290131,5835.794558533071,True,hit,hit,True,4.933333333333321,79,103,24,False
blue,blue_0,red_2,m2,67,801,4006.1930869908106,0.36575253216383097,20.95607643921041,1.6950589760405492,97.1197253528904,4006.1930869908106,3887.4042445549126,-968.3342861168403,246.78925503967136,284.46724904129036,189.66555032029584,5919.552052490667,4951.217766373827,True,hit,hit,True,8.733333333333347,67,111,44,False
blue,blue_0,red_2,m0,47,562,5603.346599575863,0.1358559700395679,7.7839737049230004,1.6449320349310366,94.2476631874145,5603.346599575863,5603.292247536498,24.680025846510034,255.77117607010814,257.6077653514965,278.8808451953578,6075.9122467706475,6100.5922726171575,True,hit,hit,True,7.799999999999978,47,86,39,False
blue,blue_0,red_2,m0,56,662,4996.278136549883,0.2752530755579016,15.770839527463322,1.7491769104710233,100.22045459172229,4996.278136549883,4900.739989539305,-972.3902368373883,251.1350241678543,273.00174909250546,212.5317697273774,6057.042080785345,5084.651843947957,True,hit,hit,True,10.550000000000104,56,108,52,False
blue,blue_0,red_1,m1,67,801,4401.977462172391,0.3827202941943578,21.928257591341925,1.7660664006180102,101.18815109527243,4401.977462172391,4348.788913786071,-682.2320432265351,244.80497016459373,271.01592938042944,197.007052656972,5987.150246496826,5304.918203270291,True,p_hit_fail,miss,False,8.283333333333324,67,109,42,True
blue,blue_0,red_0,m1,57,674,5065.4570400614575,0.06302374751576209,3.6109947417512744,1.5812125699473913,90.59680677102,5065.4570400614575,5031.6782817004505,-584.0108681969759,249.32569241635366,265.3592120744887,235.9772414884809,6027.43782224274,5443.426954045764,True,hit,hit,True,6.883333333333314,57,91,34,False
blue,blue_0,red_0,m1,56,666,4613.955156046302,0.08192572281861343,4.6939981510651725,1.6820912687433704,96.37673045480106,4613.955156046302,4612.283766265872,-124.17987536859346,250.06900957749556,259.5779199786343,266.4790654433537,6066.677945656567,5942.498070287974,True,hit,hit,True,6.833333333333314,56,90,34,False
blue,blue_0,red_1,m0,52,613,5283.336903430991,0.19376232253898482,11.101763310136416,1.6726023939712782,95.833057978032,5283.336903430991,5229.1997790469595,-754.3994339678402,252.874839428246,277.2902331933355,241.71098738261304,6081.06478679779,5326.665352829949,True,hit,hit,True,9.216666666666704,52,98,46,False
blue,blue_0,red_1,m3,97,1164,3293.334035571517,0.40635984211445314,23.282703916760653,1.7639536953637656,101.06710200084909,3293.334035571517,3008.453584706975,-1339.8716724065498,244.0147017646023,306.04523700008014,100.85470409226818,5681.362319802973,4341.490647396423,True,hit,hit,True,7.899999999999977,97,137,40,False
blue,blue_0,red_0,m5,110,1319,2424.454790563528,0.6184551088875425,35.434867557559954,2.2865070620335395,131.00720448137932,2424.454790563528,2382.0776981069744,-451.31681961546565,239.6259501935285,294.0842385934914,-0.06055852579201115,5408.58730612177,4957.270486506304,True,hit,hit,True,5.916666666666651,110,140,30,False
blue,blue_0,red_1,m2,66,791,4290.005088327778,0.23860889842540697,13.671282834041573,1.7850693699050098,102.27694103363423,4290.005088327778,4188.908406258343,-925.8455712787172,238.8818687223001,284.2651933220307,184.6517159683643,5965.680640397255,5039.835069118538,True,p_hit_fail,miss,False,8.700000000000012,66,110,44,True
blue,blue_0,red_2,m2,62,737,4625.073787703135,0.3407986978201005,19.52632704864605,1.6331147098468062,93.57058033495402,4625.073787703135,4513.85036602326,-1008.1976070445271,246.51082233899035,275.7771047733023,211.56267652613093,6034.142587046766,5025.9449800022385,True,hit,hit,True,9.366666666666712,62,109,47,False
blue,blue_0,red_2,m4,105,1252,3551.3306674111127,0.5439132929534605,31.163936107296024,2.2716286909098713,130.15473660996383,3551.3306674111127,3500.1717574927998,-600.6223250466364,239.6464500432196,300.5446527431413,1.4111194463338705,5541.644346135006,4941.02202108837,True,hit,hit,True,9.733333333333396,105,153,48,False
blue,blue_0,red_1,m0,49,586,5224.756948753573,0.1962641570188956,11.24510786687561,1.6812129157640268,96.32640453616192,5224.756948753573,5221.434321786206,-186.30297051245816,256.8316418260872,260.9939569346889,264.67287181858234,6042.8326866948655,5856.529716182407,True,hit,hit,True,7.799999999999978,49,88,39,False
blue,blue_0,red_1,m3,110,1312,3496.2916117590676,0.6381726300083753,36.56459830024374,2.305968879609754,132.12228449014995,3496.2916117590676,3409.271857310937,-775.1905813440035,240.98622138484114,286.91544869085044,8.59792055064639,5573.96291340706,4798.772332063057,True,hit,hit,True,8.78333333333335,110,154,44,False
blue,blue_0,red_2,m1,57,675,4804.8469038302255,0.22675633829500572,12.992181162144552,1.6173271310257116,92.66601869977518,4804.8469038302255,4763.163148532461,-631.5303553347576,251.31722244551182,273.016578043094,239.86025973802217,6008.921846359353,5377.391491024596,True,hit,hit,True,8.033333333333312,57,97,40,False
blue,blue_0,red_2,m0,39,467,6345.658809576818,0.20566144364039127,11.783532729162065,1.714897334150022,98.25637954503232,6345.658809576818,6345.094450049049,84.6294719151847,263.24577598240694,253.11671066493244,268.0613548371853,6083.34002460723,6167.969496522414,True,hit,hit,True,9.550000000000054,39,87,48,False
blue,blue_0,red_1,m0,58,696,4732.051658138042,0.2052202987895811,11.758256991056713,1.7702519227188134,101.42796384670717,4732.051658138042,4665.733980170815,-789.4550788780753,251.31300442000577,273.1354552226952,215.99474212326245,5978.354059829575,5188.8989809515,True,hit,hit,True,8.71666666666668,58,102,44,False
blue,blue_0,red_2,m1,65,771,4545.891443131203,0.42689216422835125,24.459119317490142,1.648238944914624,94.43713517270373,4545.891443131203,4501.965017113563,-630.4284237081783,248.3463814649602,268.8114702355999,196.45345868327752,5913.344566419909,5282.916142711731,True,hit,hit,True,7.616666666666645,65,103,38,False
blue,blue_0,red_1,m1,57,680,4554.767415779386,0.1836926343737874,10.52481267725777,1.6611563477790794,95.17724783910722,4554.767415779386,4554.003346098072,-83.42502965651784,249.36691685616933,257.24080783777515,264.8547145091739,6021.0248186494555,5937.599788992938,True,hit,hit,True,7.14999999999998,57,93,36,False
blue,blue_0,red_0,m2,86,1027,2268.562173444874,0.4843205573268455,27.749523866252087,1.6827821817358508,96.41631685328093,2268.562173444874,2021.4594229477486,-1029.5999884230214,243.92248629895644,272.7239581844271,195.00755850478447,5633.873968296351,4604.27397987333,True,hit,hit,True,4.416666666666656,86,108,22,False
blue,blue_0,red_0,m2,76,910,3420.579763723813,0.31564385066587464,18.085060472412238,1.7082156109442828,97.87354500546884,3420.579763723813,3230.1220690280043,-1125.467609118583,242.94914413976912,286.3381180190169,161.81065035430674,5790.837865413157,4665.370256294574,True,hit,hit,True,7.349999999999979,76,113,37,False
blue,blue_0,red_1,m3,111,1327,3613.865631347633,0.4329126592975504,24.804068275534576,2.485017590852692,142.38101997162687,3613.865631347633,3259.0304982300445,-1561.6481719779445,250.93430591283334,319.1313992968313,-17.30139031631729,5460.998814147048,3899.350642169103,True,hit,hit,True,9.833333333333401,111,160,49,False
blue,blue_0,red_0,m2,73,873,3649.873953258619,0.26452083304032764,15.155927326495474,1.8713319265631707,107.21942146015499,3649.873953258619,3561.117261159096,-800.0148292065851,242.85420951522016,277.06536003046114,177.728250284375,5902.855746145364,5102.840916938779,True,hit,hit,True,7.583333333333312,73,111,38,False
blue,blue_0,red_1,m0,51,601,5170.717476205411,0.16810684764734055,9.631812877441346,1.6027240762479602,91.82932529301166,5170.717476205411,5163.696188499894,-269.37128950154056,253.62894131673895,258.1185569365243,264.09510069001374,6080.672737516451,5811.30144801491,True,hit,hit,True,8.24999999999999,51,92,41,False
blue,blue_0,red_0,m2,75,892,3272.2993566425616,0.2939738536842567,16.843461103304296,1.6313669816467158,93.47044288535284,3272.2993566425616,3205.5038647513884,-657.7902800644251,244.23619255288926,270.78518159664435,211.363955768833,5946.719170840269,5288.928890775844,True,hit,hit,True,5.666666666666652,75,103,28,False
blue,blue_0,red_2,m1,57,673,4726.05726485674,0.24730995782241244,14.169816814782632,1.6819915066172557,96.37101450601943,4726.05726485674,4629.180211354351,-952.0020175978943,249.23818580868655,283.991020735517,217.84371343168897,6068.501043297085,5116.4990256991905,True,hit,hit,True,9.850000000000069,57,106,49,False
blue,blue_0,red_0,m1,56,670,4751.677484645992,0.0975307295504489,5.588099176072583,1.641175367432993,94.03242199474263,4751.677484645992,4720.064180787989,-547.2047581425759,249.593448218034,268.9053111133823,255.63434605075975,6016.419395866517,5469.214637723941,True,hit,hit,True,7.283333333333313,56,93,37,False
blue,blue_0,red_2,m0,43,508,6003.525407846659,0.2972562720793498,17.031529823939234,1.6909798827728952,96.88601052441359,6003.525407846659,5988.507927930071,-424.3702625998685,261.7492853766498,268.1795884467857,252.11104217808227,6053.547170158776,5629.176907558907,True,hit,hit,True,9.333333333333377,43,89,46,False
blue,blue_0,red_2,m0,46,543,6087.7804764345165,0.18563501433280216,10.636102851120109,1.7259741567938551,98.8910347329389,6087.7804764345165,6077.576324841981,-352.33101620139314,257.23839872024683,262.0699285406629,232.3019308152457,6080.778647352992,5728.447631151599,True,hit,hit,True,10.066666666666746,46,96,50,False
blue,blue_0,red_1,m2,66,786,3747.4789606897775,0.20382548537522285,11.678340069205754,1.6609412199175235,95.1649219205844,3747.4789606897775,3743.9899256660506,-161.67250020846495,242.3936866871951,253.9799375241597,228.6998809396922,5969.250745907968,5807.578245699503,True,hit,hit,True,6.016666666666651,66,96,30,False
blue,blue_0,red_1,m2,74,883,3535.404754471501,0.2864298488536166,16.411221465882313,1.6734103882789642,95.879352641733,3535.404754471501,3260.7406046379656,-1366.256742784799,241.78451775441545,285.24817571137476,153.97167549937902,5829.479169742846,4463.222426958047,True,hit,hit,True,7.233333333333313,74,110,36,False
blue,blue_0,red_0,m1,62,734,4429.1857771958,0.24390446990416634,13.974696729884338,1.7690238845691084,101.35760244364803,4429.1857771958,4232.030122162165,-1306.7546418611473,246.55249976111162,281.67548102727636,179.9960789919398,5996.191304846542,4689.436662985395,True,hit,hit,True,8.500000000000002,62,104,42,False
blue,blue_0,red_1,m0,55,649,4849.074519609016,0.20984480675065148,12.023221779550695,1.6316613865192382,93.48731104201647,4849.074519609016,4848.917438094277,39.030440256829934,252.52971066851146,266.0960088765628,273.1533917801704,6027.33100016084,6066.36144041767,True,hit,hit,True,7.749999999999978,55,93,38,False
blue,blue_0,red_2,m1,59,698,4612.715982723894,0.262517254761,15.041130747165917,1.7354195196007467,99.43221415774363,4612.715982723894,4567.163289335663,-646.6592810909806,249.6874717102752,267.9408425327498,225.82142339073607,6003.3310601904,5356.67177909942,True,hit,hit,True,7.966666666666644,59,98,39,False
blue,blue_0,red_0,m2,62,740,4328.592673033108,0.09443459705115424,5.410703851049708,1.6916204103363697,96.92271005046248,4328.592673033108,4227.487578876193,-930.0877912774758,247.9464471101797,272.81934843475676,205.55979529189236,5972.147132161014,5042.059340883538,True,hit,hit,True,7.616666666666645,62,100,38,False
blue,blue_0,red_2,m0,51,608,5448.21789066433,0.26281122710451926,15.05797412174314,1.5884936782581125,91.01398354740195,5448.21789066433,5448.099116046355,-35.97507317297368,253.5616602751946,268.3416428009795,250.69786922673526,6050.223706131977,6014.248632959004,True,hit,hit,True,8.633333333333342,51,94,43,False
blue,blue_0,red_1,m0,54,645,4586.9347533863565,0.14934719085562423,8.55696371816207,1.6550318389833372,94.82633933352045,4586.9347533863565,4576.773402059712,-305.14858351683415,251.64670325492523,255.5071682115509,272.2465443703299,6028.365210674144,5723.21662715731,True,hit,hit,True,7.116666666666647,54,90,36,False
blue,blue_0,red_2,m0,51,610,5511.015545306061,0.22718740922243452,13.016879706957013,1.7042850364422382,97.64833967543996,5511.015545306061,5469.287292148678,-676.8964887972525,254.1977470499825,269.29882170917585,229.226153872604,6053.436963042433,5376.54047424518,True,p_hit_fail,miss,False,9.183333333333369,51,97,46,True
blue,blue_0,red_0,m1,62,739,4215.4844248649315,0.2475040982648914,14.180940242769479,1.6394193288395442,93.93180839467593,4215.4844248649315,4112.338904684235,-926.8104818674037,243.34937401994424,284.30854843303234,220.85302419191112,5985.055136607644,5058.244654740241,True,hit,hit,True,7.266666666666646,62,98,36,False
blue,blue_0,red_1,m1,52,619,4986.757694403475,0.13467407270007273,7.716255975552186,1.5777566433869445,90.39879676479923,4986.757694403475,4986.285796710823,-68.60215894695557,254.012127537437,263.1788018783187,270.5732323211996,6040.811570490967,5972.209411544011,True,hit,hit,True,6.966666666666647,52,87,35,False
blue,blue_0,red_0,m1,68,814,3890.590622373003,0.2213873078922351,12.684558379988372,1.7752817996792736,101.71615456801165,3890.590622373003,3808.107806232809,-796.875352238666,241.7855839654762,274.9601716302174,200.6460130448605,5920.75025851355,5123.874906274884,True,hit,hit,True,7.24999999999998,68,104,36,False
blue,blue_0,red_1,m2,71,843,3574.35154251417,0.3496953844425407,20.03606964376237,1.6096877203772948,92.2283127116536,3574.35154251417,3547.2433357155887,-439.378728086338,239.88296779818748,275.39424008864813,222.9653765764491,5950.1287653394,5510.750037253062,True,hit,hit,True,6.583333333333315,71,104,33,False
blue,blue_0,red_2,m1,57,675,4896.463628196939,0.3251560742843443,18.630070739535206,1.6630029571099891,95.28305076017783,4896.463628196939,4867.410208298217,-532.6104828200832,249.36758775714608,263.9022117094896,229.4529307373812,6013.805242429671,5481.194759609588,True,hit,hit,True,8.833333333333352,57,101,44,False
blue,blue_0,red_2,m0,43,510,6008.090189973958,0.2661691819909422,15.250370764530507,1.6753844204876964,95.99245635591626,6008.090189973958,5996.026781538129,-380.5398348909257,261.3426271913804,264.2842496697691,265.49344025463915,6064.754642381921,5684.214807490996,True,hit,hit,True,10.183333333333419,43,94,51,False
blue,blue_0,red_0,m2,75,892,3253.8581039243295,0.3076701642102553,17.62820189134462,1.665956892932658,95.45229881576927,3253.8581039243295,3184.202339977797,-669.6626154668902,243.1442378416854,272.57767441557115,186.7070570853182,5894.1167235605335,5224.454108093643,True,hit,hit,True,6.133333333333317,75,105,30,False
blue,blue_0,red_1,m2,78,932,3605.905989484211,0.46715991356508285,26.766291404975583,1.6102863778189302,92.26261325643341,3605.905989484211,3594.7294112898458,-283.68726549823896,243.56942901172368,276.159717609215,200.26351229179556,5850.4468720681225,5566.7596065698835,True,hit,hit,True,6.799999999999981,78,112,34,False
blue,blue_0,red_0,m2,78,926,3432.132490533293,0.3552647413845393,20.355170291140777,1.6414106600226201,94.04590326707897,3432.132490533293,3394.25456476708,-508.49718006308194,243.94658836609221,257.60884972748215,218.88454289040885,5845.332992389011,5336.8358123259295,True,hit,hit,True,5.249999999999987,78,104,26,False
blue,blue_0,red_1,m0,51,606,5142.6985525513055,0.23553548142939054,13.495189011486056,1.5810619291074666,90.58817568667,5142.6985525513055,5142.538788070353,-40.536595875901185,255.93231230960504,263.5022177525524,277.4171304164365,6019.644242432157,5979.1076465562555,True,hit,hit,True,7.883333333333311,51,90,39,False
blue,blue_0,red_2,m3,100,1198,3904.298543707214,0.4321357310720431,24.75955356722842,1.7351001966491673,99.41391830031647,3904.298543707214,3519.522701690177,-1690.1204308219426,247.41640130730244,265.6602486407492,129.86821841794816,5568.645241431012,3878.52481060907,True,hit,hit,True,7.766666666666644,100,139,39,False
blue,blue_0,red_0,m2,69,821,3859.737039656071,0.23799520408523414,13.636120738438605,1.6584280842914474,95.02092985586627,3859.737039656071,3619.989768393077,-1339.1206413249129,243.42017634770127,281.4893890531384,190.85354224851432,5858.446814077863,4519.32617275295,True,hit,hit,True,7.183333333333313,69,105,36,False
blue,blue_0,red_2,m1,64,761,4390.644326620815,0.32167076346077544,18.430377139053448,1.5889332994867882,91.03917198838941,4390.644326620815,4269.032157383162,-1026.217346431068,247.44768346121307,268.5853132743291,210.0298134106783,5913.922975830037,4887.705629398969,True,hit,hit,True,8.45,64,106,42,False
blue,blue_0,red_2,m0,44,522,5909.266205910311,0.3301760644729852,18.917694990541413,1.673431912078354,95.88058586459714,5909.266205910311,5908.852505307111,-69.9225488631655,262.1273500801448,258.46910367830515,257.421998156095,6045.43581847045,5975.513269607284,True,hit,hit,True,8.766666666666682,44,88,44,False
blue,blue_0,red_1,m1,56,672,4683.819712872557,0.1447431880767477,8.293173790065941,1.6643861434411713,95.36230149923476,4683.819712872557,4655.851285015294,-511.0928629075124,250.3091040882035,268.3384624260901,251.79830965170535,6032.7084336557,5521.615570748188,True,hit,hit,True,7.649999999999978,56,95,39,False
blue,blue_0,red_2,m0,52,619,5297.214995063892,0.22522207385947557,12.904274285331654,1.6998465548589943,97.39403341327353,5297.214995063892,5290.6884367371895,-262.87367556518257,253.27383608457174,262.58795647742414,246.0821018711607,6055.164688974735,5792.291013409553,True,hit,hit,True,8.766666666666682,52,96,44,False
blue,blue_0,red_1,m1,63,748,4180.874199715344,0.22382800342171613,12.824399932904083,1.7506511812167886,100.30492408331425,4180.874199715344,4135.569325425288,-613.8203551910292,247.87751168997804,276.4303060914501,218.9415392101725,5960.545932018608,5346.725576827579,True,hit,hit,True,7.299999999999979,63,99,36,False
blue,blue_0,red_1,m0,51,609,5353.056174737932,0.15369433665310386,8.806036825285686,1.612981598252631,92.41703801214187,5353.056174737932,5344.740957122376,-298.252428587758,254.3187430706936,271.9005137960732,256.4855857549708,6046.379487064383,5748.127058476625,True,hit,hit,True,8.233333333333322,51,92,41,False
blue,blue_0,red_0,m2,69,820,3756.528952851625,0.1686949926162122,9.665511101899545,1.5953046157321236,91.40422151919027,3756.528952851625,3595.885192068089,-1086.7931997753612,245.86310426859757,284.5939038597079,195.33255371376117,5890.014111379622,4803.22091160426,True,hit,hit,True,6.866666666666648,69,103,34,False
blue,blue_0,red_0,m1,58,690,4604.283899378152,0.09993627329295268,5.725926679952154,1.6922529264880026,96.95895055642491,4604.283899378152,4546.832349053466,-725.083316367035,250.26113257693981,278.1600194044317,233.18288574370163,6001.59706426252,5276.513747895485,True,hit,hit,True,7.649999999999978,58,96,38,False
blue,blue_0,red_0,m2,67,797,4181.803348367787,0.1758644177560923,10.076288903949663,1.7121781646985337,98.10058261168113,4181.803348367787,4051.0355188822505,-1037.5887765268344,245.78125895754823,280.7726744319244,197.23353748457419,5930.2101390528005,4892.621362525966,True,hit,hit,True,8.199999999999987,67,108,41,False
blue,blue_0,red_1,m0,49,584,5238.959033748002,0.15280096345938127,8.754850311755257,1.6504435157329098,94.56344777622921,5238.959033748002,5237.524579586644,-122.58888822218978,255.67540946750097,263.06545214268937,282.8857623378348,6062.00307315299,5939.4141849308,True,p_hit_fail,miss,False,8.083333333333314,49,89,40,True
blue,blue_0,red_2,m1,54,639,5129.995996949911,0.23414927658467546,13.415765324343296,1.6058987471343151,92.01122053614286,5129.995996949911,5115.810670417222,-381.23498418614054,252.03457221772047,266.590489877953,251.14470809620374,6048.8098326347745,5667.574848448634,True,hit,hit,True,8.066666666666647,54,94,40,False
blue,blue_0,red_2,m0,49,577,5481.604922083893,0.17849594029568425,10.227064039161831,1.5772491586200363,90.3697200294882,5481.604922083893,5465.85987725995,-415.1726435763967,255.62191081271183,268.96194269229113,268.3484770627884,6064.597088113607,5649.424444537211,True,hit,hit,True,8.18333333333332,49,89,40,False
blue,blue_0,red_0,m1,56,668,4680.2016632553705,0.051965436432725824,2.977400188150554,1.633932819100064,93.6174545423463,4680.2016632553705,4656.4266459960645,-471.1459425657622,249.48910573136462,267.62336925131405,259.3539431949831,6015.427233123253,5544.281290557491,True,hit,hit,True,7.333333333333313,56,93,37,False
blue,blue_0,red_2,m2,73,869,4258.396282437934,0.467241984070545,26.77099369856107,1.6064917278309911,92.04519582739512,4258.396282437934,4165.079710072644,-886.5945561655526,240.9690309374441,284.9203838093283,185.24763682115378,5867.337265547918,4980.742709382365,True,hit,hit,True,10.350000000000094,73,125,52,False
blue,blue_0,red_0,m2,68,806,3799.5019464792313,0.18907610400397643,10.833262766204456,1.6624461071747652,95.25114560906736,3799.5019464792313,3687.589223655213,-915.3691926656747,244.24049474293537,282.3631827266995,193.43233769476188,5931.145143893369,5015.775951227694,True,p_hit_fail,miss,False,7.0833333333333135,68,103,35,True
blue,blue_0,red_1,m2,64,758,4211.988416987662,0.21546679864736318,12.345338187689025,1.7374955194492383,99.551160187332,4211.988416987662,4168.7036786233175,-602.2923415341147,242.7000955040556,275.8101669555305,209.19719351437857,5961.939323190628,5359.646981656513,True,hit,hit,True,7.433333333333312,64,101,37,False
blue,blue_0,red_1,m0,46,541,5755.994124981331,0.2899914648501686,16.61528703073102,1.6910763655082235,96.89153857794379,5755.994124981331,5749.31501971642,-277.2096154226592,261.1129935242733,270.116587986011,246.65891280538327,6030.051912682364,5752.8422972597045,True,hit,hit,True,9.716666666666729,46,94,48,False
blue,blue_0,red_2,m1,51,603,5183.619766677768,0.36693815993794526,21.02400790674065,1.658168991225347,95.00608491667762,5183.619766677768,5170.663141538433,-366.27388963504563,256.94717942138357,264.02647302196834,257.55952662272097,6009.466024634068,5643.1921349990225,True,p_hit_fail,miss,False,9.266666666666707,51,97,46,True
blue,blue_0,red_0,m2,64,761,4062.126723160878,0.0785678666551839,4.501607164688669,1.630228990233098,93.40524078023041,4062.126723160878,3917.0351179590643,-1075.969051456943,247.14170622406792,286.5768998701358,204.8875465925234,5927.091536996062,4851.122485539119,True,hit,hit,True,7.516666666666645,64,101,37,False
blue,blue_0,red_1,m3,91,1083,3525.2348429830986,0.3725877840896916,21.34770752647089,1.7134525260800686,98.17359814041755,3525.2348429830986,3483.8194953213415,-538.7786393325414,247.58442566302895,297.2411035331711,146.14609392739584,5655.912403744111,5117.133764411569,True,hit,hit,True,6.516666666666649,91,123,32,False
blue,blue_0,red_0,m1,65,776,3739.338241372041,0.16860095296073807,9.660123026534013,1.6131757339211195,92.42816116659921,3739.338241372041,3736.832867776456,-136.85978844399506,245.1672089356732,260.57148893363444,254.6097189290108,6026.120668548776,5889.260880104781,True,hit,hit,True,5.616666666666652,65,93,28,False
blue,blue_0,red_2,m0,56,671,4987.274599923202,0.2519119503830214,14.433491565856128,1.6215776220398554,92.9095538957439,4987.274599923202,4949.440435578911,-613.1454229590045,250.47235205334127,272.08755578358597,233.31515327977576,6029.369030565582,5416.223607606577,True,hit,hit,True,7.833333333333311,56,95,39,False
blue,blue_0,red_0,m1,59,701,4569.578740662319,0.09224333884058725,5.285154003760829,1.6151314105594885,92.5402131840701,4569.578740662319,4540.629337564951,-513.551444314493,249.13433805944535,264.8838945383993,239.555752698497,6013.368495494679,5499.817051180186,True,p_hit_fail,miss,False,7.583333333333312,59,97,38,True
blue,blue_0,red_1,m0,57,680,4850.527846456739,0.2064828147938272,11.830593829667738,1.7320546230886897,99.23941978910447,4850.527846456739,4779.761186565082,-825.532185113464,249.0603978938387,266.3651375036967,224.36965136405854,6065.288851511783,5239.756666398319,True,hit,hit,True,7.916666666666644,57,97,40,False
blue,blue_1,red_1,m2,60,717,4369.789523614704,0.08371446680106427,4.796485631889029,1.6515605713341088,94.62745034765936,4369.789523614704,4259.746151158332,-974.4861252909641,249.46224359284037,273.10914085675074,230.91645561682316,5966.8068708550345,4992.32074556407,True,hit,hit,True,7.699999999999978,60,99,39,False
blue,blue_0,red_0,m4,104,1245,2995.0337019940766,0.3453820821927107,19.78893562908283,2.3788187376264,136.29627389263104,2995.0337019940766,2902.4076892372373,-739.0916597668411,244.82510999091215,291.8472335966884,13.370627960175096,5442.244332389113,4703.152672622272,True,hit,hit,True,7.583333333333312,104,142,38,False
blue,blue_0,red_2,m2,77,914,3784.1112510103408,0.5550116612788836,31.799825771824445,1.5924736378599267,91.24201843521847,3784.1112510103408,3711.1532381580682,-739.4860397140237,245.11574678921008,272.6572286523841,162.64095209005157,5953.8368700051515,5214.350830291128,True,p_hit_fail,miss,False,9.233333333333372,77,123,46,True
blue,blue_0,red_2,m0,46,542,5708.190829006722,0.28046401899836887,16.069404593883476,1.6040871395600327,91.90742306800254,5708.190829006722,5707.230680879382,-104.69238551834223,259.5826525163204,260.6379646737181,273.4100173609744,6054.494775784131,5949.802390265789,True,hit,hit,True,8.333333333333327,46,87,41,False
blue,blue_0,red_1,m1,61,721,4349.901756166,0.18827639186286407,10.787442635693347,1.6291217118493702,93.34179840209674,4349.901756166,4322.332908310166,-488.9616733804796,246.3724141883729,265.1758191842668,246.042133241646,6070.0329057960935,5581.071232415614,True,hit,hit,True,7.19999999999998,61,96,35,False
blue,blue_0,red_2,m3,98,1173,3866.044240270405,0.5139525046249971,29.447309385190255,2.2996332477851826,131.75927952605323,3866.044240270405,3729.7282939023316,-1017.5583135095394,250.60127887379943,312.9250023574901,-21.155448035484245,5515.541023612984,4497.982710103444,True,hit,hit,True,10.583333333333439,98,151,53,False
blue,blue_0,red_1,m1,56,671,4733.357389405719,0.21445128711619624,12.287153662906292,1.6590737241747977,95.05792229626756,4733.357389405719,4727.123489903929,-242.84910343713636,251.403278414611,270.59664337968405,254.60857622798517,6008.417045526403,5765.567942089267,True,hit,hit,True,7.416666666666646,56,93,37,False
blue,blue_0,red_2,m0,55,656,4994.623707486026,0.29450500712861094,16.87389395393963,1.6045502168331254,91.93395544133918,4994.623707486026,4961.969429551363,-570.1976495735335,250.02911202883143,261.34038244039147,229.11149988274377,6083.832540393225,5513.6348908196915,True,hit,hit,True,8.883333333333354,55,99,44,False
blue,blue_0,red_0,m2,74,884,3291.3551807312583,0.27814139387182657,15.936327976741563,1.6260798308770639,93.16751146060244,3291.3551807312583,3271.3673569071902,-362.18026159435703,244.1243170196349,262.4255322447423,217.75635173558152,5979.561221528667,5617.38095993431,True,hit,hit,True,5.33333333333332,74,101,27,False
blue,blue_0,red_0,m3,98,1170,3284.7301949861435,0.3788234033187456,21.704982190946307,2.304090687580361,132.0146720137506,3284.7301949861435,3185.9309904422294,-799.5599902405729,245.06958886628993,306.6458917616297,25.462315538015115,5601.864032927699,4802.304042687126,True,hit,hit,True,8.683333333333344,98,141,43,False
blue,blue_0,red_0,m2,60,709,4510.749749941914,0.0828050676089415,4.744380896287788,1.74085275546852,99.74351564206614,4510.749749941914,4407.620864147201,-959.0316076831477,249.76287405826503,274.6983829845391,201.20774728307975,5979.918737020673,5020.887129337525,True,hit,hit,True,8.633333333333342,60,103,43,False
blue,blue_0,red_1,m1,57,676,4739.782131168262,0.18312751844343653,10.492433919513056,1.6085669546174808,92.16409756379348,4739.782131168262,4739.536139193715,-48.2890900585644,248.76970972605437,261.7071272388409,258.448617360832,6071.602707670226,6023.313617611661,True,hit,hit,True,6.916666666666647,57,91,34,False
blue,blue_0,red_2,m0,48,567,5475.023587372235,0.33192946007174406,19.01815715816711,1.6420941519612562,94.08506447049403,5475.023587372235,5459.676514783878,-409.6530680950773,256.8032275862238,260.5277014143733,265.47863559521585,6080.048238721677,5670.3951706266,True,hit,hit,True,8.966666666666692,48,92,44,False
blue,blue_0,red_0,m2,59,706,4215.179370026239,0.04626309540072865,2.6506801136728417,1.7118638323261202,98.08257269337751,4215.179370026239,4194.61727620202,-415.84014679002667,246.9905781640547,258.4752982431487,248.3318929554354,6063.004985218741,5647.164838428715,True,hit,hit,True,6.683333333333315,59,93,34,False
blue,blue_0,red_2,m0,46,550,5671.938318923898,0.2369246683985444,13.574783561773144,1.5840277850922604,90.7581067172423,5671.938318923898,5656.2300027685105,-421.8369939426666,257.12632103204055,265.81781294522335,266.77319593965683,6074.657122093769,5652.820128151103,True,hit,hit,True,9.316666666666709,46,93,47,False
blue,blue_0,red_1,m1,64,766,3973.0068987707164,0.24222386677086327,13.87840526330961,1.6463918268309623,94.33130310224763,3973.0068987707164,3971.6343359108478,104.42470729528759,244.50870654973937,258.5807593178659,247.72588375991927,6023.324335158081,6127.749042453369,True,hit,hit,True,6.783333333333315,64,98,34,False
blue,blue_0,red_0,m2,70,833,3777.030452669358,0.31523864439016147,18.061843862981657,1.7199682363701285,98.54692084056795,3777.030452669358,3558.978620421598,-1264.7648871524207,243.3412698837159,272.97923522570784,166.96960167511799,6004.954090539541,4740.18920338712,True,hit,hit,True,7.516666666666645,70,107,37,False
blue,blue_0,red_2,m3,124,1482,3852.536046310066,0.5451368972845084,31.234043471259,2.7252106481268488,156.1430684217801,3852.536046310066,3480.937040398961,-1650.7911160703875,250.82531179838878,347.0563314194399,-117.23408107949862,5558.250490964103,3907.4593748937154,True,hit,hit,True,11.450000000000149,124,181,57,False
blue,blue_0,red_1,m0,43,510,5827.312584365439,0.21958917558555482,12.581532987809469,1.5833666733750906,90.72022780606183,5827.312584365439,5826.800417597989,-77.25832889547746,261.8174061438614,267.5555461661323,287.03277960490533,6061.202888386454,5983.944559490977,True,hit,hit,True,8.466666666666667,43,85,42,False
blue,blue_0,red_0,m2,62,741,4435.915945712942,0.1478782025784851,8.472796889727805,1.6148211233148508,92.52243503451561,4435.915945712942,4380.5959729309,-698.3761159804399,247.86004716139092,267.8293932240202,233.76723240139114,5963.581615143678,5265.2054991632385,True,hit,hit,True,6.399999999999983,62,94,32,False
blue,blue_0,red_2,m1,55,660,5009.8913728102425,0.23584903535470922,13.513154328056578,1.6826580222976588,96.40920304148582,5009.8913728102425,4971.651762822317,-617.810906818776,251.66227312824512,279.63828936446043,237.41778178789517,6021.360375485218,5403.549468666442,True,hit,hit,True,8.500000000000002,55,98,43,False
blue,blue_0,red_1,m0,45,538,5710.791863381527,0.22187018023963448,12.712224927537932,1.6620591110804561,95.22897236617541,5710.791863381527,5698.297838413696,-377.55191907134486,259.63478390814595,262.89225145500455,270.4726602540298,6062.550159918257,5684.998240846912,True,hit,hit,True,9.183333333333369,45,91,46,False
blue,blue_0,red_2,m0,57,677,4708.533088686033,0.2329914568516699,13.349427140205112,1.704797912399754,97.67772530321935,4708.533088686033,4668.900373583282,-609.633618499769,250.58483036257888,266.91443267032804,218.40523689930515,6027.291944791597,5417.658326291828,True,hit,hit,True,8.71666666666668,57,100,43,False
blue,blue_0,red_0,m2,67,798,3764.7132743408893,0.17585664704976958,10.075843675273537,1.6618401618866532,95.21642750144271,3764.7132743408893,3680.459808554052,-792.0111335181919,245.665241220372,275.7946317043263,210.404783787038,5938.34527708556,5146.334143567368,True,hit,hit,True,6.783333333333315,67,101,34,False
blue,blue_0,red_1,m1,61,726,4721.402394473045,0.27737736306620625,15.892552236161537,1.5892736332657211,91.05867167754802,4721.402394473045,4709.0475728785095,-341.33784862335597,248.28779046319434,271.2263508148045,221.95100667609037,5998.509129665042,5657.171281041686,True,hit,hit,True,8.066666666666647,61,101,40,False
blue,blue_0,red_2,m1,49,578,5610.895917189585,0.2898038384810117,16.60453683165297,1.623284901209245,93.00737378660052,5610.895917189585,5570.812690793848,-669.4766296331527,256.68856168076127,272.382861478169,238.41294423069044,6056.624602267719,5387.147972634566,True,hit,hit,True,9.750000000000064,49,97,48,False
blue,blue_0,red_0,m2,64,760,4103.108217478112,0.15017753796441938,8.604539103026923,1.7109429283444184,98.0298087818892,4103.108217478112,4040.683512142231,-713.0033653765822,246.85825717688584,265.3189372865363,228.62899385795146,5959.90099267557,5246.897627298988,True,p_hit_fail,miss,False,7.066666666666647,64,99,35,True
blue,blue_0,red_1,m0,56,669,4845.4789942935595,0.20715098542730837,11.86887718696079,1.6555229487127878,94.85447784829579,4845.4789942935595,4842.546650520507,-168.5485736301298,251.51223718117836,266.87414632406006,257.58244314085965,6018.662105217982,5850.113531587852,True,hit,hit,True,7.649999999999978,56,94,38,False
blue,blue_0,red_1,m0,53,633,4957.608326428428,0.22819456153509513,13.074585283799307,1.6919660708489,96.9425149389748,4957.608326428428,4951.835465544381,-239.17742462311617,252.69479519061804,271.28094001407743,254.16840567405674,6031.872110054364,5792.694685431248,True,hit,hit,True,7.9333333333333105,53,93,40,False
blue,blue_1,red_2,m1,54,647,5034.090703546634,0.3342213230666491,19.14947123499738,1.697721656998568,97.27228573397473,5034.090703546634,4984.168824789595,-707.1989377326263,249.58921293637775,263.6043338240005,224.40174026321623,6064.236676426397,5357.037738693771,True,hit,hit,True,8.633333333333342,54,97,43,False
blue,blue_0,red_0,m2,74,882,3325.5487850117274,0.27276644446559395,15.628366060668085,1.7058608797586787,97.7386288466459,3325.5487850117274,3304.9861800024173,-369.24391868520706,245.46783188765482,263.50270970862607,217.78312971656192,5895.101095028481,5525.857176343274,True,hit,hit,True,5.6833333333333185,74,102,28,False
blue,blue_0,red_1,m0,55,660,4729.299565379987,0.17491877583192814,10.022107612764428,1.7036873538935113,97.61409498790928,4729.299565379987,4706.67152346359,-462.07959197551463,252.295225625248,269.45910812904896,236.79908312120125,6018.5512134978435,5556.471621522329,True,p_hit_fail,miss,False,7.899999999999977,55,95,40,True
blue,blue_0,red_0,m1,84,1006,2881.7278208342523,0.39142602962987244,22.4270594893544,1.7133678602867208,98.16874714778959,2881.7278208342523,2657.9495854405563,-1113.3998538829173,247.0884094837186,269.77037380254416,154.6314861693083,5731.45638203192,4618.056528149003,True,hit,hit,True,6.249999999999983,84,115,31,False
blue,blue_0,red_2,m1,58,690,4813.595478603653,0.30276512398148253,17.347163787894058,1.6994636911244232,97.372096937154,4813.595478603653,4808.0594586730385,-230.79357334697033,250.66306924962998,269.5997914994794,238.38100168172656,6002.9583833384495,5772.164809991479,True,hit,hit,True,8.31666666666666,58,99,41,False
blue,blue_0,red_0,m2,71,843,3610.0655630460474,0.2108462920935483,12.080602662942896,1.6912401384211897,96.90092207465531,3610.0655630460474,3454.3214663491476,-1048.9216255805059,243.2362194259806,269.49187957109035,194.9036776768695,5869.946095711561,4821.024470131055,True,hit,hit,True,6.966666666666647,71,105,34,False
blue,blue_0,red_2,m0,41,484,6198.936976860055,0.2979663395417925,17.072213692706768,1.6194764442560068,92.78916527672273,6198.936976860055,6190.373069490249,-325.73133655324636,263.66564576349606,260.9786384952212,278.51866211932054,6067.990136131574,5742.258799578328,True,hit,hit,True,9.716666666666729,41,89,48,False
blue,blue_0,red_2,m2,87,1036,3762.7826695184062,0.5232030896723068,29.97732886642793,1.7305158391026705,99.15125396112326,3762.7826695184062,3489.2232765027125,-1408.4936438407303,247.6334987803822,282.0172066504464,122.50845021110226,5697.1888355945985,4288.695191753868,True,hit,hit,True,8.933333333333357,87,131,44,False
blue,blue_0,red_0,m2,66,785,3700.9997585862498,0.1897540064965746,10.87210371795173,1.7074229539273746,97.82812910379857,3700.9997585862498,3693.4202692882504,-236.74021091945906,245.6206111168095,269.28417650301003,239.36385969250924,5993.233425109649,5756.49321419019,True,hit,hit,True,6.283333333333316,66,97,31,False
blue,blue_0,red_0,m3,100,1198,3074.171667189924,0.405490184606749,23.23287621194734,2.272890360970873,130.22702497959725,3074.171667189924,2981.3511454501713,-749.7178048280757,247.70376121985447,310.0849437199664,22.584573316183324,5554.474430364267,4804.756625536192,True,hit,hit,True,8.083333333333314,100,141,41,False
blue,blue_0,red_1,m1,63,745,4504.5539024946365,0.27566621377786044,15.794510603822507,1.733370308173619,99.31480299163923,4504.5539024946365,4492.768893833655,-325.62789665564196,247.04396041558186,267.72116695484374,220.26261501492385,6017.158759959164,5691.530863303522,True,hit,hit,True,7.6333333333333115,63,101,38,False
blue,blue_0,red_1,m0,58,686,4938.8057937515805,0.2272250076874123,13.019033940316412,1.6959928728401064,97.1732336980058,4938.8057937515805,4866.036361068388,-844.685030738975,248.58246800064947,265.34356510621495,218.200420408153,6072.837300845894,5228.152270106919,True,p_hit_fail,miss,False,8.266666666666657,58,99,41,True
blue,blue_0,red_2,m1,63,747,4428.123482202633,0.3462485025119848,19.83857785666161,1.5906721510032495,91.13880084148258,4428.123482202633,4321.9099965686655,-964.0391875822324,246.02334557043972,271.2987466541783,219.79471397409804,6051.236072849557,5087.196885267324,True,hit,hit,True,7.333333333333313,63,99,36,False
blue,blue_0,red_0,m2,71,847,3379.25475307933,0.2845935949887444,16.306011869310552,1.7067847287932079,97.79156149723165,3379.25475307933,3378.441177573872,-74.14779755671225,244.25713651497625,267.7857617181753,226.55976933430924,6001.820183576484,5927.672386019772,True,hit,hit,True,5.983333333333317,71,101,30,False
blue,blue_0,red_1,m3,96,1148,3448.864676876999,0.5515537642474158,31.60170286593052,2.07529922125752,118.90588660484232,3448.864676876999,3391.259302934571,-627.716416600374,247.74564265126855,300.1020372260463,53.97267424524771,5545.023183654906,4917.3067670545315,True,hit,hit,True,8.099999999999982,96,137,41,False
blue,blue_1,red_1,m2,60,713,4517.149713155882,0.11486322477138901,6.581178000663121,1.6545747067194494,94.80014758412042,4517.149713155882,4481.065001959677,-569.8227612831779,248.0685409397204,269.8045022679479,239.9193817676442,6020.203360659681,5450.380599376503,True,hit,hit,True,7.499999999999979,60,97,37,False
blue,blue_0,red_0,m1,59,708,4366.507171836744,0.05968477244335369,3.419685562202885,1.6650902832496266,95.4026457384464,4366.507171836744,4283.429607225984,-847.7120275433053,249.63346822833643,270.2705675981962,241.5383063293103,5983.545784617728,5135.8337570744225,True,hit,hit,True,8.066666666666647,59,100,41,False
blue,blue_0,red_2,m0,57,678,4896.44939444022,0.26151038304785074,14.983441247491356,1.6850549201226368,96.54653517078114,4896.44939444022,4864.0749561299035,-562.1312066269538,251.0813819762445,268.04083505797684,228.67138762315474,6002.564708459118,5440.433501832164,True,hit,hit,True,8.866666666666687,57,101,44,False
blue,blue_0,red_1,m3,103,1231,3519.4927827143315,0.42133671121074084,24.14081530629785,1.6070845617510958,92.07916270896932,3519.4927827143315,3313.959716823706,-1185.1162149122802,242.03980109832386,235.19912594305586,152.51138371197547,5678.424218105566,4493.308003193286,True,hit,hit,True,6.433333333333316,103,135,32,False
blue,blue_0,red_0,m0,59,700,4414.452199138828,0.07752348153310863,4.441768305007502,1.617480523684046,92.67480745170603,4414.452199138828,4413.892097980593,-70.31902918928245,247.28901494818237,265.830923847028,263.2167715086197,6080.893450609806,6010.574421420523,True,hit,hit,True,6.883333333333314,59,93,34,False
blue,blue_1,red_1,m1,59,700,4489.921066343632,0.20182657808787813,11.563811118002958,1.6330187919375474,93.56508464357377,4489.921066343632,4486.730053049579,-169.24719512615047,249.47457224895487,264.21248078791905,266.29163546960564,5976.414743904388,5807.167548778238,True,hit,hit,True,7.116666666666647,59,94,35,False
blue,blue_0,red_0,m1,60,716,4458.487379986304,0.1283234885717731,7.35239430755785,1.6915218546339972,96.91706322466959,4458.487379986304,4455.56625816484,-161.36615692301075,247.50085234178158,260.1039590976983,234.32849125871647,6046.214581301749,5884.848424378738,True,hit,hit,True,7.116666666666647,60,96,36,False
blue,blue_0,red_2,m2,63,752,4757.381223816094,0.35646374211672954,20.423867972728374,1.7648265577158107,101.11711332971714,4757.381223816094,4539.349001654208,-1423.7228486959302,245.21211782854922,281.03560784501457,162.37250743224436,6060.595994743184,4636.873146047254,True,p_hit_fail,miss,False,9.783333333333399,63,112,49,True
blue,blue_0,red_2,m0,56,662,5009.82178460719,0.23101382121547043,13.236116964836214,1.7853426152916096,102.29259684105783,5009.82178460719,4969.376102949497,-635.3073751808934,249.999435068397,265.6044961009445,223.72704834799737,6068.288070697139,5432.980695516246,True,hit,hit,True,8.733333333333347,56,99,43,False
blue,blue_0,red_1,m2,63,748,4409.182940007365,0.25915321978617945,14.848385740974301,1.8280141173700404,104.73749381563563,4409.182940007365,4293.8619239238005,-1001.8203315611972,246.02892045298137,271.40192704495087,193.66878640392358,6029.689645818525,5027.8693142573275,True,hit,hit,True,8.766666666666682,63,107,44,False
blue,blue_0,red_2,m0,48,570,5557.782856586302,0.22506048965710534,12.895016192499853,1.5978973908780132,91.55277659227616,5557.782856586302,5554.173631263962,-200.2637129803752,257.109566410777,266.6630843686969,265.94655598428807,6050.890711664259,5850.626998683883,True,hit,hit,True,8.533333333333337,48,91,43,False
blue,blue_0,red_0,m0,45,533,5707.00458293862,0.10338837285238964,5.923717415166863,1.717171109412785,98.3866572711499,5707.00458293862,5693.911021112783,-386.36588013538403,258.78056949595043,265.8365926073137,264.66037756807333,6063.25539471911,5676.889514583726,True,hit,hit,True,8.700000000000012,45,88,43,False
blue,blue_2,red_1,m2,48,565,5431.969341808708,0.1281892531984422,7.344703187204628,1.60583278626211,92.00744125655251,5431.969341808708,5413.627536014696,-446.01326398794663,258.68252897343507,265.6966645566725,274.981321267368,6033.676756913231,5587.663492925284,True,hit,hit,True,8.399999999999997,48,89,41,False
blue,blue_0,red_2,m1,47,563,5547.234027854784,0.11101281275750871,6.360565642881311,1.7150286445281129,98.2639030755032,5547.234027854784,5535.398360125846,-362.1744807494051,256.2745134560397,267.8045077663197,253.9087876820944,6059.606829498123,5697.432348748718,True,hit,hit,True,8.700000000000012,47,91,44,False
blue,blue_0,red_0,m0,52,613,5030.347004580594,0.11535395038447024,6.609294507191645,1.6155807769538724,92.5659599819233,5030.347004580594,4958.864260326461,-845.0184815433704,254.84609783607215,271.2732950556528,251.60723188274795,6026.646748077337,5181.628266533967,True,hit,hit,True,8.033333333333312,52,92,40,False
blue,blue_0,red_2,m1,54,646,4974.42634121468,0.2395616043696425,13.725868863763296,1.6103320247053379,92.26522863037248,4974.42634121468,4959.552837614775,-384.38662187659975,252.75747898172705,266.3680948177719,248.13062147498616,6012.063636449617,5627.677014573017,True,hit,hit,True,7.799999999999978,54,93,39,False
blue,blue_0,red_0,m1,65,772,3901.8133922031375,0.13872789775349703,7.948523041997794,1.6571204643215776,94.94600875038572,3901.8133922031375,3785.478087943651,-945.6761566594741,242.0573699061559,269.9770129890988,219.02758097152503,5923.811326322101,4978.135169662627,True,hit,hit,True,7.766666666666644,65,104,39,False
blue,blue_0,red_1,m2,73,875,3587.1381945026556,0.4649227845820187,26.638113356019613,1.6695309684165043,95.65707825665484,3587.1381945026556,3578.966099481221,-241.99604381878817,242.83206106551893,268.501096025694,207.68215907529668,5832.064749523489,5590.068705704701,True,hit,hit,True,6.716666666666648,73,107,34,False
blue,blue_0,red_2,m3,113,1353,4024.8735944274617,0.10297957093862398,5.90029479085122,2.7689595736758044,158.6496972139673,4024.8735944274617,3832.3829872705737,-1229.8162830270649,242.67925504859517,291.49017134741416,10.138994309353947,5537.560527357211,4307.744244330146,True,hit,hit,True,8.866666666666687,113,157,44,False
blue,blue_0,red_0,m2,70,833,3374.9165141124445,0.21667667812555746,12.414659175509048,1.664328200196275,95.3589815958509,3374.9165141124445,3366.6890565778335,-235.51278850192102,248.50316112590176,277.52923948120775,250.222197130983,5946.476965136497,5710.964176634576,True,hit,hit,True,5.666666666666652,70,98,28,False
blue,blue_0,red_1,m2,76,901,4008.4848895836067,0.2572298968020819,14.738187451345006,1.6150173608595004,92.53367861760604,4008.4848895836067,3933.5553382022763,-771.4230430318212,235.16717824844545,287.2490192817955,186.09189680748779,5826.992101312817,5055.569058280996,True,hit,hit,True,7.916666666666644,76,115,39,False
blue,blue_1,red_1,m1,69,825,3649.369383067373,0.18948757611206496,10.856838381385279,1.6267420712791827,93.2054550406669,3649.369383067373,3567.1301254542786,-770.3762471325799,241.7243645638017,271.0007850636667,219.04678313967878,5965.254050679574,5194.877803546994,True,hit,hit,True,6.366666666666649,69,101,32,False
blue,blue_0,red_0,m1,64,766,3714.9903956665826,0.114901638841446,6.583378964751305,1.6725110101045306,95.82782206815179,3714.9903956665826,3679.5822230001654,-511.69161032414377,246.53080104693402,273.0832100250394,237.7123994225939,5991.347166148958,5479.655555824815,True,p_hit_fail,miss,False,6.1499999999999835,64,95,31,True
blue,blue_0,red_2,m0,50,595,5489.900214242795,0.3380460742815233,19.368613337297205,1.7196247875199973,98.5272426709768,5489.900214242795,5471.626464094301,-447.55804066733344,255.96811730978922,263.88725827839,242.81701255933228,6053.411997910048,5605.853957242714,True,hit,hit,True,9.316666666666709,50,97,47,False
blue,blue_0,red_2,m0,58,688,4869.4857724361755,0.2957546544695931,16.945493472457652,1.697184351974288,97.24150042377231,4869.4857724361755,4797.123051558187,-836.3624311071135,251.97525522807487,281.7225022190995,221.76859370737927,6037.123461638399,5200.7610305312855,True,hit,hit,True,10.466666666666766,58,110,52,False
blue,blue_0,red_1,m1,57,683,4436.161207623385,0.21544735669541137,12.34422424589669,1.6540907928523625,94.77242136188849,4436.161207623385,4435.079280315069,-97.96957355498307,251.40043494882374,264.74796873772465,263.45353071870096,6006.22154372507,5908.251970170087,True,hit,hit,True,7.04999999999998,57,93,36,False
blue,blue_0,red_2,m0,43,506,5995.295233301043,0.2654384906874139,15.20850523671142,1.7372321260790642,99.5360688588693,5995.295233301043,5984.152016687472,-365.3622525897608,261.2005321804348,269.6710023146696,252.48258330399665,6074.660693010968,5709.2984404212075,True,hit,hit,True,10.416666666666764,43,95,52,False
blue,blue_0,red_1,m2,75,899,3712.826359399805,0.43840073640810084,25.11851193161147,1.5986966118708423,91.59856858206354,3712.826359399805,3559.731395260397,-1055.1739044591059,244.57687811208612,287.76443030599586,165.50829494936227,5882.998500015653,4827.824595556547,True,hit,hit,True,9.316666666666709,75,122,47,False
blue,blue_0,red_0,m2,74,881,3556.2743690978573,0.26747415513307904,15.325140217952873,1.6918408158479696,96.93533835605858,3556.2743690978573,3436.9877911091176,-913.3467644160319,244.0577743484784,266.1635932103839,189.17361765448533,5845.381885608416,4932.035121192384,True,hit,hit,True,7.416666666666646,74,111,37,False
blue,blue_0,red_0,m3,96,1149,2661.5007831969106,0.5046522976561459,28.91444677727693,1.8720223255465314,107.25897840808167,2661.5007831969106,2587.1127648221354,-624.8471501512477,246.73907932623428,297.29237894251355,84.93045544852363,5610.5281249540285,4985.680974802781,True,hit,hit,True,6.249999999999983,96,127,31,False
blue,blue_0,red_2,m0,47,563,5467.814575236089,0.305605727980669,17.509918408315425,1.6605725701886316,95.14379984700025,5467.814575236089,5464.165083072635,-199.74026658146067,258.5031025884286,255.7944729970795,263.8197035130317,6047.3076078967415,5847.567341315281,True,hit,hit,True,8.283333333333324,47,89,42,False
blue,blue_0,red_1,m1,50,593,5295.997711767797,0.25996759530619057,14.89504602120971,1.6242898382472823,93.06495243755644,5295.997711767797,5258.364552301155,-630.2332886736622,256.24603410200007,271.5942323738867,250.53876606244484,6042.738610808754,5412.505322135092,True,hit,hit,True,8.85000000000002,50,94,44,False
blue,blue_0,red_0,m2,81,961,2792.5108732305985,0.3749557125737396,21.483379834795652,1.6486059823407944,94.45816486814664,2792.5108732305985,2692.8622384184428,-739.3307392575634,243.86317722229768,268.4140347780258,213.52194133581006,5797.923002040836,5058.592262783272,True,hit,hit,True,4.949999999999988,81,105,24,False
blue,blue_0,red_1,m0,51,610,5258.013646849614,0.12653644497251268,7.250004251514361,1.6654783250312732,95.42487889480948,5258.013646849614,5251.098668399228,-269.574266562362,252.872252071087,257.55604580534634,255.17865137489198,6060.661177892498,5791.086911330136,True,hit,hit,True,7.966666666666644,51,91,40,False
blue,blue_0,red_0,m1,66,790,4023.5172992219914,0.194495978529812,11.143798702025302,1.6469719755792136,94.36454317701222,4023.5172992219914,3964.453361077014,-686.8777220028278,236.76279713673222,272.33588654422385,230.18058025253524,5977.810221580135,5290.932499577307,True,hit,hit,True,6.483333333333316,66,99,33,False
blue,blue_0,red_2,m2,73,873,3038.217393832334,0.24991406795211724,14.319021334601983,1.7110146837732874,98.03392006512054,3038.217393832334,3027.6482148083996,-253.2019343386837,236.90942992553454,263.5802477100848,225.84374956226924,5950.928107118024,5697.72617277934,True,p_hit_fail,miss,False,5.266666666666653,73,99,26,True
blue,blue_0,red_1,m1,57,674,4829.535523483334,0.18785528729300968,10.763315121107018,1.6703312036473914,95.70292835800234,4829.535523483334,4820.034349843481,-302.79075104165986,251.3519626056116,263.0127290921925,236.04649224452203,6013.692935297379,5710.9021842557195,True,hit,hit,True,7.266666666666646,57,93,36,False
blue,blue_0,red_2,m0,53,627,5280.270269862031,0.287916921610136,16.49642445865976,1.5767242972510234,90.33964768821431,5280.270269862031,5255.257856858618,-513.340998474313,254.11534730676334,265.40614164286495,252.00487018583652,6033.193614591483,5519.85261611717,True,hit,hit,True,8.38333333333333,53,95,42,False
blue,blue_0,red_1,m0,48,573,5365.226126023728,0.16935942019501907,9.703579997957274,1.644056504582748,94.19749899362195,5365.226126023728,5363.8702926806545,120.61039202962638,256.79891513229774,257.12527811732434,279.81258718007484,6062.813236087978,6183.4236281176045,True,hit,hit,True,7.683333333333311,48,87,39,False
blue,blue_0,red_2,m1,51,608,5246.654899075861,0.23310319331299958,13.35582916785703,1.64448857561037,94.22225483995457,5246.654899075861,5239.930722408612,-265.54407234033533,254.57623025183767,276.3813042340972,258.49326705863183,6052.198701848147,5786.6546295078115,True,hit,hit,True,8.283333333333324,51,92,41,False
blue,blue_0,red_0,m2,75,900,3268.2407635013246,0.29311046848457467,16.793992775268457,1.7114609732775286,98.05949057015455,3268.2407635013246,3140.216747559409,-905.7794800938718,243.0476048800386,277.41669209210204,187.1865244824717,5818.657961617711,4912.87848152384,True,hit,hit,True,6.399999999999983,75,107,32,False
blue,blue_0,red_1,m0,51,612,5261.899165207797,0.1973364544523358,11.306545984194445,1.6626175176150184,95.26096670385836,5261.899165207797,5258.383941781501,-192.3048247677416,255.29186484090866,274.08527306682214,264.0911577721367,6028.401488387479,5836.096663619737,True,hit,hit,True,8.399999999999997,51,93,42,False
blue,blue_0,red_2,m1,54,648,5399.199180914429,0.2804258021057747,16.067214927231724,1.622674908455373,92.9724237762701,5399.199180914429,5353.812564492077,-698.6006151398697,253.1988514135684,272.0029187522305,225.32739657490242,6012.395872401656,5313.795257261786,True,hit,hit,True,8.616666666666674,54,97,43,False
blue,blue_0,red_2,m3,101,1203,2235.8539108811547,0.5245244382800042,30.053036564914475,1.8785715166426495,107.63421941711391,2235.8539108811547,2217.837289123694,-283.26748803033934,247.75841927888962,258.5954691024827,88.39132218706882,5800.480169779793,5517.212681749454,True,hit,hit,True,4.899999999999988,101,125,24,False
blue,blue_0,red_0,m2,65,769,4323.542015022277,0.15592716993122677,8.933968748478488,1.6829660754038755,96.42685318433793,4323.542015022277,4176.256511992622,-1118.882076763277,245.75717318933192,276.1138333675163,195.26699770999068,5933.283768373361,4814.4016916100845,True,hit,hit,True,8.04999999999998,65,105,40,False
blue,blue_0,red_1,m0,52,615,5156.095997175873,0.23559551488925137,13.49862867536565,1.607752889432625,92.1174550644527,5156.095997175873,5147.197011695835,-302.80167582516697,252.9753376640911,259.8193489969199,267.4249920817318,6077.1375632025365,5774.3358873773695,True,hit,hit,True,7.866666666666644,52,91,39,False
blue,blue_0,red_2,m1,60,709,4787.261010169798,0.282726087558873,16.199011575369596,1.6287856477129798,93.32254334543588,4787.261010169798,4738.09932366793,-684.3119015108987,247.0309790042625,267.69803770796864,228.91239379753003,6062.316213855422,5378.004312344523,True,hit,hit,True,8.266666666666657,60,101,41,False
blue,blue_0,red_0,m2,73,876,3399.111922650206,0.26501971732262786,15.18451129033669,1.7429731253185992,99.86500388548247,3399.111922650206,3172.0100803882106,-1221.6030094176913,242.61833270014853,286.64135911530553,159.70570308972975,5800.087013213153,4578.484003795462,True,hit,hit,True,7.499999999999979,73,111,38,False
blue,blue_0,red_0,m2,83,993,2814.831855110247,0.36744382961644023,21.05298064514615,1.75024598836678,100.28170824311988,2814.831855110247,2759.0084259686932,-557.8089977556374,247.2060850101932,263.32824350719864,182.95778261111698,5891.848200194183,5334.0392024385455,True,hit,hit,True,5.3833333333333195,83,110,27,False
blue,blue_0,red_1,m1,55,659,4727.778279496172,0.1704643623826091,9.766888521912135,1.6660720584517055,95.45889731395611,4727.778279496172,4727.075570893149,81.5107792932522,250.99337857694144,250.3092402540755,258.7236545321736,6050.678923426902,6132.189702720154,True,hit,hit,True,7.299999999999979,55,92,37,False
blue,blue_0,red_2,m0,48,574,5424.33352024288,0.24369172625909252,13.962507416903378,1.6551745609420854,94.83451669940057,5424.33352024288,5405.394125000788,-452.8890506928592,256.08216957264403,273.5588116017122,256.40720284997474,6072.396843536959,5619.5077928441,True,hit,hit,True,9.683333333333394,48,97,49,False
blue,blue_0,red_1,m0,57,676,4482.956407258954,0.12943959591614468,7.416342547873897,1.7069438571597475,97.80067888103518,4482.956407258954,4470.789684098066,-330.05719193257846,249.49066075561512,268.80429198843234,249.81742970751478,6035.203377315814,5705.146185383235,True,hit,hit,True,7.216666666666646,57,93,36,False
blue,blue_0,red_0,m2,63,753,4174.2018206005005,0.1729079655171408,9.906896668325741,1.7618517500005932,100.94666940277223,4174.2018206005005,4159.301612858902,-352.37896130991885,246.2769188666428,263.08912428475765,231.46453744120683,5998.196794184534,5645.817832874615,True,hit,hit,True,6.933333333333314,63,98,35,False
blue,blue_0,red_2,m1,62,738,4419.1110452942485,0.2896078819042903,16.593309346839003,1.6975449653664079,97.26216204917667,4419.1110452942485,4358.201096109906,-731.1809875181707,245.3794289483705,279.044994686114,213.8395714879319,6000.799333762205,5269.618346244034,True,hit,hit,True,8.616666666666674,62,105,43,False
blue,blue_0,red_0,m2,76,901,3661.8184186353724,0.3082287464363959,17.6602062954135,1.61153418363556,92.33410726337816,3661.8184186353724,3355.010069797343,-1467.2496592658272,244.54744682635223,282.4987397397994,173.76621242400236,5887.963776675689,4420.7141174098615,True,hit,hit,True,6.883333333333314,76,110,34,False
blue,blue_0,red_0,m0,61,729,4200.212218444001,0.07984003406529926,4.574496988122368,1.6384867671545802,93.87837654599188,4200.212218444001,4101.724288271915,-904.234783099243,248.58914747825438,278.15985298380633,225.94259244845512,5977.043511680816,5072.808728581573,True,hit,hit,True,7.0833333333333135,61,97,36,False
blue,blue_0,red_2,m1,64,759,4261.831406772223,0.33127122020261973,18.980442791759042,1.6976305203460313,97.26706398842542,4261.831406772223,4195.192711534451,-750.7096994433559,247.5092146919933,274.6908464376561,209.98562394271062,5950.53327862243,5199.823579179074,True,hit,hit,True,7.516666666666645,64,101,37,False
blue,blue_0,red_1,m2,66,789,4407.081276802411,0.2607052613927239,14.937311174658001,1.6314086593294057,93.47283084067087,4407.081276802411,4193.285275904301,-1355.9955660792393,246.3892965336486,278.45167332757507,186.30070900187516,5921.129866970903,4565.134300891664,True,hit,hit,True,8.04999999999998,66,106,40,False
blue,blue_0,red_2,m0,45,529,5862.062186211275,0.2675355126081775,15.328655742317594,1.6606757771985396,95.14971317308415,5862.062186211275,5860.705674946537,-126.10339669318091,259.94885516074964,256.8504117926294,268.4288368892807,6064.846034280568,5938.742637587387,True,hit,hit,True,9.083333333333364,45,90,45,False
blue,blue_0,red_0,m1,57,674,4629.201913103894,0.08201121832617243,4.698896682815632,1.6067665542895213,92.06094222356744,4629.201913103894,4587.5329010508085,-619.7194801368641,250.963679665399,274.34322695554556,254.33086015743717,6017.845066045344,5398.1255859084795,True,hit,hit,True,7.14999999999998,57,92,35,False
blue,blue_0,red_1,m0,53,633,5018.493618201362,0.25121444955818134,14.393527712385898,1.652114476664213,94.65918678532414,5018.493618201362,4975.90023653275,-652.453087969644,251.90547021215494,261.69682590692656,249.9323436792648,6084.573401042228,5432.120313072584,True,hit,hit,True,8.666666666666677,53,96,43,False
blue,blue_0,red_1,m1,67,796,3555.325238443098,0.227672522289248,13.044674638272074,1.7073638198496273,97.82474097071825,3555.325238443098,3555.3159119456755,-8.14354814323542,241.26946363236783,263.8837297450614,247.27805846090462,6039.078461220122,6030.934913076887,True,hit,hit,True,5.633333333333319,67,95,28,False
blue,blue_0,red_2,m1,56,663,5101.438345655259,0.328770842624582,18.83718170934834,1.723678188291263,98.7594854278454,5101.438345655259,5090.579290052946,-332.67955483603964,249.94900035273994,267.1301928196606,232.72735041560438,6080.971871474668,5748.292316638628,True,hit,hit,True,8.399999999999997,56,98,42,False
blue,blue_0,red_2,m0,57,680,4849.955307998429,0.23787433050911286,13.629195192672201,1.7261626782548802,98.90183621700328,4849.955307998429,4830.169989713188,-437.6349621045247,247.6892902618574,262.2529465861795,221.24321229596117,6080.284647507621,5642.649685403097,True,hit,hit,True,7.966666666666644,57,97,40,False
blue,blue_1,red_1,m2,58,691,4391.864390777605,0.05393140648911446,3.090041975030719,1.6514855608341783,94.62315256259419,4391.864390777605,4355.152478661235,-566.6742579218189,249.35833069402773,271.9567024140764,245.40403931274483,6025.414451803661,5458.740193881842,True,hit,hit,True,6.516666666666649,58,91,33,False
blue,blue_0,red_0,m2,78,926,2819.1431041493656,0.32563112486710516,18.657289132982637,1.6388035353684902,93.89652602773282,2819.1431041493656,2711.810891093886,-770.4865557668763,245.24389289712045,285.31219992166507,188.91358211869164,5921.029738870302,5150.543183103426,True,hit,hit,True,5.733333333333318,78,106,28,False
blue,blue_0,red_0,m2,74,882,3294.7325128640014,0.3308285175619378,18.955077798868672,1.7387446249685503,99.62272866175508,3294.7325128640014,3199.8699101824195,-784.9171225245955,241.6728750389149,278.52761929551093,182.19071893859365,6021.73129107563,5236.8141685510345,True,hit,hit,True,6.366666666666649,74,106,32,False
blue,blue_0,red_0,m1,58,690,4443.767796810165,0.056069841341110024,3.212565266813748,1.6559793707438484,94.88062890435235,4443.767796810165,4367.51517602261,-819.6849511728642,249.7274584979336,278.44972924049335,234.84563300041114,6008.405045657422,5188.720094484558,True,hit,hit,True,7.1666666666666465,58,94,36,False
blue,blue_0,red_1,m2,81,964,3504.286122108485,0.1880502815771095,10.774487470615114,1.6739645013567674,95.91110098246415,3504.286122108485,3217.5409917916054,-1388.3267597157428,246.03026321093304,285.60613624445,141.03296974257182,5750.376658599042,4362.049898883299,True,hit,hit,True,6.849999999999981,81,115,34,False
blue,blue_0,red_2,m0,44,528,5730.039344994446,0.2180748000781819,12.494765662639017,1.6205335201579132,92.84973126452694,5730.039344994446,5729.929856032405,-35.422311229559455,259.1287577417047,264.4811970382235,282.52928677782114,6067.318448315369,6031.89613708581,True,hit,hit,True,8.616666666666674,44,87,43,False
blue,blue_0,red_2,m0,54,643,5405.011352693073,0.289282185704208,16.574648329170838,1.6206638507000681,92.85719865453407,5405.011352693073,5387.493696394929,-434.80960666239207,252.54972878735768,274.37937725952133,224.62499244228366,6029.86546221754,5595.055855555148,True,hit,hit,True,8.750000000000014,54,98,44,False
blue,blue_0,red_0,m1,56,664,4777.142955548599,0.11646364246188216,6.672875179786453,1.5948561150819618,91.37852432482713,4777.142955548599,4664.148955947441,-1032.8646254383993,250.73458723517655,274.9663831142929,241.01419137742994,6027.769234516695,4994.904609078296,True,hit,hit,True,8.04999999999998,56,96,40,False
blue,blue_0,red_1,m2,63,746,4072.0725140074087,0.1816154544746621,10.40579903574848,1.6839898618917832,96.48551182921756,4072.0725140074087,4046.181794853026,-458.46204023295377,245.36254169835328,270.4836009766895,227.1014579923446,5977.59704847445,5519.1350082414965,True,hit,hit,True,6.916666666666647,63,97,34,False
blue,blue_0,red_2,m0,51,606,5279.080133960544,0.4037226554637063,23.131604251884614,1.741918657606499,99.80458733594631,5279.080133960544,5274.119334470194,-228.80626421613943,257.083477555511,264.8370878310109,233.61502372703936,5988.283179501397,5759.476915285258,True,hit,hit,True,9.133333333333367,51,97,46,False
blue,blue_0,red_1,m1,55,651,4928.1675930232705,0.35591647882499083,20.392512095829307,1.6610266075237519,95.16981427004401,4928.1675930232705,4913.293572523116,-382.5991311122061,254.26616912506722,281.2915913868748,246.48217575782544,5964.765683085159,5582.166551972953,True,hit,hit,True,9.100000000000032,55,100,45,False
blue,blue_0,red_0,m2,65,776,4187.959698792971,0.12990708122699712,7.443127483170103,1.666333774254534,95.47389252489008,4187.959698792971,3893.006889184697,-1543.860032345744,247.71555511810533,282.85315706060476,167.1378304931008,5869.985769547579,4326.125737201835,True,hit,hit,True,8.04999999999998,65,105,40,False
blue,blue_0,red_1,m0,55,649,4729.1136622817585,0.17431470215541867,9.987496740585485,1.6870312950114688,96.65977311064685,4729.1136622817585,4701.867827829867,-506.9072502918416,251.46672034004874,275.4135235834656,246.4089831296291,6046.143192197755,5539.235941905913,True,hit,hit,True,7.449999999999979,55,92,37,False
blue,blue_0,red_0,m1,67,800,3912.948180100363,0.1526648870030377,8.747053705115675,1.7201384013354755,98.55667057490331,3912.948180100363,3808.1599916061878,-899.4892653504558,244.6895482918715,274.3668648022884,194.9437963167354,5950.398204332509,5050.908938982053,True,hit,hit,True,7.0833333333333135,67,102,35,False
blue,blue_0,red_1,m0,54,647,4737.905810284855,0.1698110275996754,9.729455196240938,1.643692438244785,94.17663952899389,4737.905810284855,4737.803593219636,31.122005174569495,250.50410371096913,264.44013474105833,264.38153200462904,6085.014661003919,6116.136666178489,True,hit,hit,True,6.916666666666647,54,89,35,False
blue,blue_0,red_0,m2,67,798,3711.4787086493425,0.17471580213545762,10.010478076604498,1.6115090675160815,92.3326682157343,3711.4787086493425,3682.447496307606,-463.3083656650706,244.0508327818619,270.68470336011734,230.02775786629917,6015.912522922688,5552.604157257618,True,hit,hit,True,5.7666666666666515,67,96,29,False
blue,blue_0,red_2,m2,80,956,3526.9174834109062,0.5783006301452122,33.13418539707664,1.7143797397107363,98.22672356816182,3526.9174834109062,3242.1732009391458,-1388.3298851143172,245.08561826123227,292.360290483418,125.67245847405336,5813.220976398963,4424.891091284646,True,hit,hit,True,8.950000000000024,80,125,45,False
blue,blue_0,red_2,m1,57,681,5153.206951938842,0.3036089752012513,17.395512901323773,1.787176568975239,102.39767464695225,5153.206951938842,5057.67812385073,-987.6405646957646,248.4180703901515,271.63603485662134,189.16108729641516,6077.64320042992,5090.002635734156,True,hit,hit,True,10.166666666666751,57,108,51,False
blue,blue_0,red_1,m0,50,593,5419.387902382853,0.20307944047989696,11.635594845376302,1.6018961829737517,91.78189050251225,5419.387902382853,5379.228215068692,-658.5355318451038,255.28200386302586,259.5873603258076,254.69149115620135,6058.960095438227,5400.424563593123,True,hit,hit,True,7.1666666666666465,50,86,36,False
blue,blue_0,red_1,m0,45,538,5579.615749220278,0.24141335815699072,13.831966540475714,1.6133168981393,92.43624928051922,5579.615749220278,5577.905342426786,-138.14448911805812,260.32305708089837,260.19715803789575,283.4283351739816,6057.859161155215,5919.714672037157,True,hit,hit,True,8.666666666666677,45,89,44,False
blue,blue_0,red_0,m2,65,770,3594.0939752176664,0.107405975400506,6.153909084934936,1.604659882804727,91.94023883866815,3594.0939752176664,3545.2090870870043,-590.7656316439361,245.94405248210663,278.4939654923341,245.8310678392282,5989.095290897081,5398.329659253145,True,hit,hit,True,5.816666666666651,65,94,29,False
blue,blue_0,red_1,m0,53,630,4997.987286441006,0.18930068863548222,10.846130517733238,1.7053626840152543,97.71008433317628,4997.987286441006,4997.986284708627,3.1643783569525112,252.0261525116224,255.65615311886918,250.63533459259102,6079.5077418838255,6082.672120240778,True,hit,hit,True,7.616666666666645,53,91,38,False
blue,blue_0,red_0,m2,59,707,4405.1988665345125,0.10350207449299542,5.930232039297287,1.6891795686618707,96.78286012405404,4405.1988665345125,4365.320032403182,-591.4034734565166,248.9215283958774,275.3079504569761,236.0749171873467,6012.5601321062495,5421.156658649733,True,hit,hit,True,7.116666666666647,59,95,36,False
blue,blue_0,red_2,m0,51,606,5488.61088580294,0.332935070957396,19.07577441774738,1.6843768119377653,96.50768243373473,5488.61088580294,5462.00037647519,-539.816027123512,254.8001859623985,260.68838868251805,233.24827557418,6054.511889081978,5514.695861958466,True,hit,hit,True,9.200000000000037,51,97,46,False
blue,blue_0,red_2,m1,55,660,4782.507887276665,0.23533567063402427,13.483740696210416,1.6945709586291864,97.09176401489042,4782.507887276665,4782.402195646792,-31.795140135806832,250.14910435837453,251.16075128143092,244.2335563673865,6074.364046021873,6042.568905886066,True,hit,hit,True,7.616666666666645,55,93,38,False
blue,blue_0,red_2,m1,56,664,5063.677271864006,0.2520814747513088,14.44320459668362,1.6194793918310086,92.78933416033013,5063.677271864006,5061.228291354223,-157.46649290473943,250.84673890528333,259.0481162901558,236.9829709915658,6037.225285980786,5879.7587930760465,True,hit,hit,True,8.199999999999987,56,97,41,False
blue,blue_0,red_1,m1,61,723,4739.683993273733,0.22556697959194744,12.92403592813216,1.7213602683551255,98.62667839825549,4739.683993273733,4705.253635960967,-570.2565890643818,247.82027282473078,265.80511353241866,220.0287934940368,6021.396478715409,5451.139889651027,True,hit,hit,True,8.033333333333312,61,101,40,False
blue,blue_0,red_0,m2,71,845,3280.9025740723855,0.22538665198961874,12.913703917589013,1.6084448646177094,92.15710232208582,3280.9025740723855,3225.0262476571684,-602.9323365661603,244.30815955001952,276.3649803121204,226.6549325141221,5935.417197884089,5332.484861317928,True,hit,hit,True,6.06666666666665,71,101,30,False
blue,blue_0,red_2,m1,61,723,4710.48624655291,0.2857275782560262,16.37098432456425,1.6469132445527066,94.3611781370669,4710.48624655291,4591.268550889127,-1053.0592445729635,247.82539168294215,274.8030382189631,203.80914775785942,6017.69847428071,4964.639229707746,True,p_hit_fail,miss,False,8.65000000000001,61,104,43,True
blue,blue_0,red_2,m0,49,587,5459.507821820504,0.34776838407928934,19.92566065582789,1.6797801771559708,96.24431466077486,5459.507821820504,5434.920270651198,-517.5589900523228,256.924823424865,265.6097267031695,237.42882209011208,6049.757616620158,5532.198626567835,True,hit,hit,True,9.233333333333372,49,95,46,False
blue,blue_0,red_0,m2,74,878,3225.8248197243224,0.25408214178918687,14.55783437416497,1.707874305280792,97.85398963142691,3225.8248197243224,3144.9306450559156,-717.8836990332347,242.76107768431865,279.3764942504282,206.8993434791548,5942.233108696339,5224.349409663104,True,hit,hit,True,6.099999999999984,74,104,30,False
blue,blue_0,red_0,m1,69,823,3712.425322897614,0.1585258389911325,9.082861517962318,1.6414199959525515,94.04643817646188,3712.425322897614,3572.2939125531393,-1010.3553733351637,244.7928095219203,269.36928243641245,186.4312751568921,5925.562525431009,4915.207152095845,True,hit,hit,True,7.033333333333314,69,104,35,False
blue,blue_0,red_1,m2,72,860,3624.917759313769,0.3138143804406313,17.980239549760945,1.8689617486529073,107.08362026920176,3624.917759313769,3518.077395491624,-873.5904080970804,244.2766534769273,285.182122387014,153.45118703731555,5886.127866510991,5012.537458413911,True,hit,hit,True,8.366666666666662,72,114,42,False
blue,blue_0,red_2,m0,54,641,5090.533604875005,0.2777393704886975,15.913293733622696,1.7131077917277002,98.15384631697367,5090.533604875005,5026.9114550883105,-802.3051819997381,251.99898620423886,276.6368429706111,218.8931743988679,6051.985902376259,5249.680720376521,True,hit,hit,True,8.966666666666692,54,99,45,False
blue,blue_0,red_0,m1,68,805,3691.223169423945,0.1763057691269778,10.101576474783716,1.7621622465511209,100.96445954467083,3691.223169423945,3634.9619920051837,-642.0123076467153,244.62242591622183,267.5809839249078,215.75186141812057,5964.569183955369,5322.556876308654,True,hit,hit,True,6.416666666666649,68,100,32,False
blue,blue_0,red_2,m3,105,1256,3834.167943261519,0.6341364153183828,36.333340233298465,2.052376646819768,117.59251983398467,3834.167943261519,3775.633139021714,-667.4115796532924,241.85629176599025,289.8932562279877,32.91004701252622,5478.691332035525,4811.279752382233,True,hit,hit,True,9.300000000000042,105,152,47,False
blue,blue_0,red_1,m2,84,1006,3531.0584296957995,0.4190681307782291,24.010835222028962,1.8398640423646029,105.41644450537063,3531.0584296957995,2969.9903976765504,-1909.8509553456915,247.3598616431105,282.5384560015963,77.46064615130672,5803.239760180446,3893.3888048347544,True,hit,hit,True,8.233333333333322,84,125,41,False
blue,blue_0,red_2,m0,44,524,5852.976516871757,0.3233406266522589,18.526053252289696,1.634857052207657,93.67040919869764,5852.976516871757,5850.8778731178445,-156.72338980590303,261.7757406118388,260.08606860520626,269.81486902673845,6042.268566643146,5885.545176837243,True,hit,hit,True,9.1166666666667,44,90,46,False
blue,blue_0,red_1,m0,58,688,4470.877711369481,0.14855639397053,8.511654394194078,1.6090752982284977,92.19322350724718,4470.877711369481,4448.563574484329,-446.12737395459226,249.22703349926817,269.717138891133,259.5087035896301,6001.190826811715,5555.063452857123,True,hit,hit,True,6.599999999999982,58,91,33,False
blue,blue_0,red_1,m1,60,716,4663.511601281276,0.3028015890542094,17.349253082660944,1.6819813111265436,96.37043034743157,4663.511601281276,4663.316809794317,-42.62378179849202,249.74402943148533,257.7044907648452,228.1347585577061,5961.796813770428,5919.173031971936,True,hit,hit,True,7.749999999999978,60,99,39,False
blue,blue_1,red_2,m1,60,710,4842.142243519487,0.45915954054422736,26.307903796350235,1.6336817367826448,93.60306858524781,4842.142243519487,4825.464793818037,-401.53583912096383,250.0687067443593,266.7735571225437,221.02018350094036,5965.3262742237475,5563.790435102784,True,hit,hit,True,7.666666666666645,60,98,38,False
blue,blue_1,red_0,m2,62,743,4273.470592215982,0.12911141060795422,7.3975389148163835,1.6333103326294758,93.58178869477759,4273.470592215982,4128.05671296471,-1105.3047892241339,246.5539455770648,281.8022598189751,212.47302032289625,6011.8205108442935,4906.51572162016,True,hit,hit,True,8.166666666666652,62,103,41,False
blue,blue_0,red_0,m2,75,898,3698.3209992169673,0.27031754737147373,15.488054592713144,1.6754606467276787,95.9968237977554,3698.3209992169673,3522.0582973425285,-1128.1327773670237,241.6183886050385,272.8817580970844,178.26327626452417,5886.188517079623,4758.0557397125995,True,hit,hit,True,6.666666666666648,75,109,34,False
blue,blue_1,red_2,m0,50,593,5225.713369509138,0.1572673220203679,9.010753807091914,1.649487943781124,94.50869753637082,5225.713369509138,5220.876699818002,-224.78146178909537,255.38167304898084,271.91081828646384,263.47332366532993,6054.042115220342,5829.260653431246,True,hit,hit,True,8.333333333333327,50,91,41,False
blue,blue_0,red_1,m0,61,729,3932.2411536994086,0.17001929676950878,9.741388140675085,1.6375343162850902,93.82380513097654,3932.2411536994086,3923.4283594226217,-263.11670286314256,247.43554472021216,260.8135446713879,260.68627238805806,5999.906163773681,5736.789460910539,True,hit,hit,True,6.399999999999983,61,93,32,False
blue,blue_0,red_1,m1,52,622,5085.23021507834,0.2354696171168968,13.491415264359635,1.7596188033399471,100.81873098323938,5085.23021507834,5045.788404703659,-632.1279263755132,253.78290303257177,273.3790483894742,229.8193217379426,6056.6318170437025,5424.503890668189,True,hit,hit,True,9.466666666666717,52,100,48,False
blue,blue_0,red_0,m2,60,713,4287.598437747054,0.04769923921326811,2.73296509290518,1.6519354090004512,94.64892696394332,4287.598437747054,4202.701764506119,-848.9983757276186,248.26446269929627,270.1984176776204,228.20097036774257,6020.695226816518,5171.696851088899,True,hit,hit,True,7.949999999999977,60,100,40,False
blue,blue_0,red_2,m0,48,566,5625.863396372353,0.36029996451329155,20.643667325324937,1.6968624235209022,97.22305528208813,5625.863396372353,5622.511598472028,-194.17074880061955,259.06786021637873,264.41387386806605,256.51521687771475,6025.27705911054,5831.10631030992,True,hit,hit,True,8.65000000000001,48,91,43,False
blue,blue_0,red_0,m1,66,789,3939.9820256397757,0.20607380289001037,11.80715917380842,1.7418418369782351,99.80018583816724,3939.9820256397757,3933.382772592451,-227.94369181319416,244.1359419037467,261.1578571651412,229.7366554219916,5966.547595773495,5738.603903960301,True,hit,hit,True,6.499999999999982,66,99,33,False
blue,blue_0,red_1,m1,55,660,4954.397846464633,0.22692143828819844,13.001640694952135,1.688442098903625,96.74060621938804,4954.397846464633,4953.105775087663,-113.14239632713543,252.9011197748701,249.310924436157,242.19962691143678,5988.900252477522,5875.757856150387,True,hit,hit,True,7.949999999999977,55,95,40,False
blue,blue_0,red_2,m0,49,581,5306.253385950943,0.25812423467511325,14.789429236928408,1.5899195372804478,91.0956792515624,5306.253385950943,5303.212856395209,-179.60622394676284,258.16430109503597,256.8827621546922,278.5983631758407,6043.981742460371,5864.375518513608,True,hit,hit,True,8.199999999999987,49,90,41,False
blue,blue_0,red_2,m2,74,882,3764.632843089266,0.4446851324555809,25.47858130192077,1.603669164446039,91.8834748580292,3764.632843089266,3505.226332359513,-1373.2621025135168,244.53967236726706,284.74083728352815,130.38928574951,5916.330895355203,4543.068792841686,True,hit,hit,True,8.466666666666667,74,116,42,False
blue,blue_0,red_0,m2,94,1121,2007.9752275788026,0.42776662914309116,24.509222466437006,1.7920247838904064,102.67545689976373,2007.9752275788026,1624.6042377341425,-1180.0955831229985,248.68892113135274,265.1929929980711,109.57566304780207,5539.78172530474,4359.686142181741,True,hit,hit,True,4.533333333333323,94,116,22,False
blue,blue_0,red_0,m2,73,865,3291.106656616191,0.24861329449987746,14.244492505685981,1.6926806868866668,96.9834594219112,3291.106656616191,3249.4548582252837,-521.9445847784036,249.73579515547715,274.270235818033,209.59661230064728,5841.992302558898,5320.047717780494,True,hit,hit,True,5.716666666666652,73,101,28,False
blue,blue_0,red_1,m1,62,744,4308.465267146902,0.29966133501020337,17.169329779340508,1.631516753568226,93.47902418434495,4308.465267146902,4200.090672326763,-960.2662664307991,251.3982560714274,281.52518760173103,213.17594323774523,5951.837688121744,4991.571421690945,True,hit,hit,True,8.033333333333312,62,103,41,False
blue,blue_0,red_1,m0,56,668,4780.305888819125,0.24444975264676527,14.005939129676575,1.703520060917576,97.604509806446,4780.305888819125,4762.009403935455,-417.8406723969156,251.81449153215516,269.1492951467537,230.9319305984656,6034.142334335395,5616.30166193848,True,hit,hit,True,7.999999999999977,56,96,40,False
blue,blue_0,red_2,m0,55,658,4843.886944260855,0.2114116180293228,12.112993453112058,1.6424979817155467,94.10820221105669,4843.886944260855,4762.4124600026935,-884.6854184351969,251.92915981997646,274.9769519693496,236.6826151257195,6015.908430507358,5131.2230120721615,True,hit,hit,True,9.450000000000049,55,102,47,False
blue,blue_0,red_1,m1,67,804,4026.6723728454126,0.2681300688709479,15.362721306857411,1.7628188312939645,101.00207907932845,4026.6723728454126,4002.810686103911,-437.7179565072038,244.81023836670533,253.49083982987023,202.11394731852135,5906.504027131594,5468.78607062439,True,hit,hit,True,7.066666666666647,67,103,36,False
blue,blue_0,red_0,m2,86,1027,2258.2039656675047,0.39419732799062807,22.58584318919722,1.8128407819771333,103.86812573648557,2258.2039656675047,2007.443232412682,-1034.2421472735323,247.95132186667152,277.79722203698645,121.9851729027031,5720.256624413042,4686.01447713951,True,hit,hit,True,5.2166666666666535,86,112,26,False
blue,blue_0,red_2,m0,49,581,5393.202874578635,0.19565779655043866,11.210365971169452,1.6342464308184468,93.63542317021547,5393.202874578635,5375.128726619611,-441.167109644276,255.8105689625783,265.8351710627895,259.7224189765774,6050.436093961411,5609.268984317135,True,hit,hit,True,8.466666666666667,49,91,42,False
blue,blue_0,red_0,m2,71,847,3614.798485551909,0.22873350943815468,13.105464724022045,1.6827446841625138,96.41416840058675,3614.798485551909,3520.4588714548113,-820.4495265057403,241.96592358430826,273.15863383429513,202.9739616675434,5869.483048506205,5049.0335220004645,True,hit,hit,True,7.016666666666647,71,106,35,False
blue,blue_0,red_2,m1,72,858,3733.0072834591565,0.5079712892599765,29.104610988415775,1.7105563085829019,98.00765710127796,3733.0072834591565,3578.420641486983,-1063.1317373397333,245.1237589222554,281.5982632398951,168.96075136274732,5903.4538254933705,4840.322088153637,True,p_hit_fail,miss,False,8.800000000000017,72,116,44,True
blue,blue_0,red_1,m2,68,808,3561.3020140046433,0.25021600552445145,14.336321083173159,1.7066580681570507,97.7843043773494,3561.3020140046433,3561.042444384272,-42.997026027575885,239.75692532697263,258.35842140510186,237.37903137518032,5960.974326907135,5917.977300879559,True,hit,hit,True,6.099999999999984,68,98,30,False
blue,blue_0,red_0,m1,56,672,4475.834307084629,0.05792169080436371,3.3186684253517513,1.5713594497840724,90.03226457062657,4475.834307084629,4416.530668039941,-726.1884071908735,249.6379871387881,270.9991396279432,254.23283117978698,6039.115446156049,5312.927038965176,True,hit,hit,True,6.916666666666647,56,91,35,False
blue,blue_0,red_0,m1,63,746,4571.236369688453,0.3074432545335164,17.615200924536804,1.597294827062501,91.51825222876,4571.236369688453,4374.896084195659,-1325.32494130759,245.0855440257521,274.34190418193805,200.66370577877183,5982.775859942712,4657.4509186351215,True,hit,hit,True,8.149999999999984,63,103,40,False
blue,blue_0,red_2,m0,53,634,5265.391365420563,0.2094105298343168,11.998339545104763,1.7886195307392452,102.48035026602857,5265.391365420563,5229.535122546375,-613.439999591882,251.87795248310124,282.04327657760695,217.96796046563875,6053.113103775426,5439.673104183544,True,p_hit_fail,miss,False,10.150000000000084,53,104,51,True
blue,blue_0,red_1,m2,69,821,3718.185666139965,0.2160560438916845,12.379099453286793,1.6812562631702015,96.32888815958857,3718.185666139965,3586.369105799552,-981.2549540538485,243.6199127309288,289.0225104353245,185.08083737260043,5926.383496043491,4945.128541989642,True,hit,hit,True,7.066666666666647,69,104,35,False
blue,blue_0,red_2,m0,45,533,5903.840603382905,0.325845915051699,18.6695957040407,1.6782464023406076,96.1564358371311,5903.840603382905,5897.878164324515,-265.26784376686646,260.9228330413787,261.13971843681605,255.7516135869279,6043.299134226168,5778.031290459301,True,hit,hit,True,9.516666666666719,45,92,47,False
blue,blue_0,red_0,m1,56,667,4686.41419787292,0.059863641287579004,3.4299339920633782,1.6113033952871216,92.32088406505186,4686.41419787292,4582.371934969244,-982.0109386514587,252.04286054598654,272.1602072407171,238.31551494122792,5994.405855087757,5012.394916436298,True,hit,hit,True,7.833333333333311,56,95,39,False
blue,blue_0,red_1,m2,59,699,4646.7199726292065,0.2883317502696816,16.520192390072793,1.6742080615122967,95.92505595143352,4646.7199726292065,4645.4847703926525,-107.13427127250725,250.55058705804538,261.53400897709827,232.01290010572063,5970.907055451173,5863.7727841786655,True,hit,hit,True,7.416666666666646,59,96,37,False
blue,blue_0,red_1,m0,58,690,4603.678754606755,0.17910512791024283,10.26196791840768,1.6378456965723345,93.8416459072592,4603.678754606755,4450.051477181464,-1179.3642041594612,249.5447915735481,271.8318047722323,210.07351135856777,6024.563612294595,4845.199408135134,True,hit,hit,True,7.9333333333333105,58,98,40,False
blue,blue_0,red_1,m0,47,564,5550.177215073412,0.21931710647866925,12.565944576249032,1.7188427390450496,98.48243459398766,5550.177215073412,5540.699700185642,-324.21281757943325,257.1546270172602,266.4371907820165,252.12439957166617,6066.407222189207,5742.194404609773,True,hit,hit,True,9.000000000000027,47,92,45,False
blue,blue_0,red_2,m1,60,720,4527.73899774746,0.2414154122055171,13.83208422878719,1.6151817333385434,92.54309646692332,4527.73899774746,4426.940574040857,-950.0618851601093,248.13528645215027,275.58873632214653,199.7760991486472,6008.556943660067,5058.495058499958,True,hit,hit,True,8.133333333333317,60,101,41,False
blue,blue_0,red_0,m1,60,713,4279.576360662342,0.09183485515153836,5.261749612378394,1.6745980554642035,95.9474009589134,4279.576360662342,4240.818120775202,-574.6611986593634,248.29721808136253,278.5824818986186,242.83129906568016,6020.212547511525,5445.551348852162,True,hit,hit,True,7.0833333333333135,60,95,35,False
blue,blue_0,red_2,m0,50,594,5302.937209124792,0.3740726849219153,21.432786077152773,1.6551979079690984,94.83585438551259,5302.937209124792,5282.034664316098,-470.37522137476117,257.03036739659086,267.7397414731019,256.6401764223491,6016.9587451412235,5546.583523766462,True,hit,hit,True,9.250000000000039,50,96,46,False
blue,blue_0,red_1,m2,81,962,2043.2445326479024,0.35699869471406853,20.45451849879546,1.6507046928039486,94.57841212010533,2043.2445326479024,2005.9096319610228,-388.8119964732814,244.9837500202913,267.4798435971453,221.46062350780684,5876.747752998825,5487.935756525543,True,hit,hit,True,3.8333333333333246,81,100,19,False
blue,blue_0,red_0,m1,59,703,4290.791300814702,0.2907665256160629,16.659694741482944,1.6173570760894158,92.66773442554268,4290.791300814702,4139.700326399824,-1128.6147237885516,249.0004969556559,273.37506128394597,222.28828512296872,6006.907685818545,4878.292962029994,True,hit,hit,True,8.600000000000007,59,102,43,False
blue,blue_0,red_2,m3,117,1400,3892.5979399667403,0.6719742181059857,38.50128663907645,2.6783735416349246,153.45949989518806,3892.5979399667403,3635.239373455926,-1391.8884365886074,242.29337628914743,316.8584152272452,-101.15745944003486,5068.461380083587,3676.5729434949794,True,hit,hit,True,13.30000000000024,117,184,67,False
blue,blue_0,red_0,m2,90,1070,2495.583882471904,0.273709484232618,15.682398259231563,1.829218703571076,104.80651152101467,2495.583882471904,2200.7177771073552,-1176.7668333094725,247.43970948533368,281.63577029606193,104.85237103850767,5682.197485236261,4505.430651926788,True,hit,hit,True,5.899999999999984,90,119,29,False
blue,blue_0,red_2,m2,72,863,3872.344852745115,0.4559973598813264,26.126724190308128,1.6994642656442949,97.37212985471788,3872.344852745115,3764.8509637433076,-906.0639488373199,243.72846705024725,284.9609335941229,179.1779583475938,5904.3469113428955,4998.282962505576,True,hit,hit,True,8.666666666666677,72,116,44,False
blue,blue_0,red_2,m3,105,1257,4361.9874234313265,0.4074042658030626,23.34254498614146,2.442710663013896,139.95701156229933,4361.9874234313265,4148.271591377011,-1348.6204382062087,246.09569267937115,347.63808450182466,-52.60685690381784,5438.131587042546,4089.5111488363373,True,hit,hit,True,12.750000000000213,105,169,64,False
blue,blue_0,red_0,m2,77,913,2651.766413981793,0.19929676331694285,11.418863408678511,1.7262612743246564,98.90748535567803,2651.766413981793,2562.4944144148717,-682.2664365293376,243.1518468184118,272.4118940249478,207.90602917384967,5947.001541139607,5264.735104610269,True,hit,hit,True,4.866666666666655,77,101,24,False
blue,blue_0,red_1,m1,70,834,3647.524747330338,0.283670112685611,16.253100230885984,1.7033288424809392,97.59355379706162,3647.524747330338,3626.361495956328,-392.350714326647,241.09952527270482,257.71872838818723,207.44507361304892,6004.978036055843,5612.627321729196,True,hit,hit,True,6.199999999999983,70,101,31,False
blue,blue_0,red_2,m0,44,522,5948.397454386717,0.34005488497066827,19.48370971162598,1.6513222508435401,94.6137955893783,5948.397454386717,5911.6915663087975,-659.7992878048699,261.8718085769469,271.3775206174283,253.76948581920084,6054.917253128464,5395.117965323594,True,p_hit_fail,miss,False,11.516666666666818,44,101,57,True
blue,blue_0,red_0,m0,68,815,3837.671087478632,0.26729419564408596,15.314829298750238,1.6304620751481487,93.41859556213099,3837.671087478632,3834.4347749712297,-157.57325966281132,248.25443582189698,266.0773866507739,232.1840727707942,5961.67209994597,5804.098840283159,True,hit,hit,True,6.366666666666649,68,100,32,False
blue,blue_0,red_1,m0,46,543,5551.381059678947,0.22100780442529283,12.662814433021998,1.6016067574605994,91.76530764212522,5551.381059678947,5551.323783077652,-25.217557347518778,258.6196404375893,259.5606046413926,286.2764862767195,6074.098771923795,6048.881214576276,True,hit,hit,True,7.949999999999977,46,85,39,False
blue,blue_0,red_1,m2,78,933,3353.299815628678,0.2533320910918959,14.514859634789355,1.5821980434351826,90.65327024269247,3353.299815628678,3333.7750827838927,-361.3355101627485,244.01541021173108,264.4181740001898,229.50014719299443,5859.59060674848,5498.255096585732,True,hit,hit,True,5.583333333333319,78,106,28,False
blue,blue_0,red_2,m1,54,643,4969.10725119507,0.25057181879461526,14.356707681848293,1.575322440794575,90.25932722977664,4969.10725119507,4949.876982586263,-436.74332409566796,251.3046665011171,252.21003109901213,258.43144754896883,6065.222368972239,5628.479044876571,True,hit,hit,True,7.516666666666645,54,92,38,False
blue,blue_0,red_2,m1,73,866,4217.8519450090125,0.33604364707494916,19.25388270957834,1.6178274785850082,92.69468650321254,4217.8519450090125,4119.172451383701,-907.0244460751337,246.9747771161096,292.0502287268806,174.4330504971217,5918.152879306809,5011.128433231675,True,hit,hit,True,9.516666666666719,73,120,47,False
blue,blue_0,red_0,m2,79,938,3085.590135436918,0.36291749411429225,20.79364072421284,1.7087280078810227,97.90290318737948,3085.590135436918,2926.0387175851547,-979.3691373012734,245.04358266858478,285.40456455709534,163.75793576638014,5862.685483129693,4883.31634582842,True,hit,hit,True,6.26666666666665,79,110,31,False
blue,blue_0,red_2,m0,57,676,4563.211152592431,0.2582354843064617,14.79580337127706,1.5934530745113928,91.2981360216479,4563.211152592431,4563.084557199954,-33.990395514653756,250.9456046506451,251.42493875799516,249.1051143139668,6016.228898661725,5982.238503147071,True,hit,hit,True,6.749999999999981,57,90,33,False
blue,blue_0,red_1,m0,55,656,4665.863200132142,0.21666118675090057,12.413771585122353,1.6529289327778436,94.7058516832338,4665.863200132142,4659.881602200011,-236.18394489298316,251.50800049314594,266.2545002197869,255.2249002284348,6057.741275929165,5821.5573310361815,True,hit,hit,True,7.416666666666646,55,92,37,False
blue,blue_0,red_1,m1,59,706,4577.87983581972,0.21664098461193199,12.412614087822316,1.66179901390504,95.2140698957608,4577.87983581972,4548.450153149386,-518.2518649461053,249.0157933677126,269.4919972906129,232.8165810679647,6002.803224826077,5484.551359879972,True,hit,hit,True,7.916666666666644,59,99,40,False
blue,blue_0,red_1,m0,57,681,4788.518509206128,0.22468477705486467,12.873489446081585,1.7127768167477218,98.13488284749647,4788.518509206128,4788.512293282255,7.715574794330678,249.07561556722862,260.23200260926143,242.79379780947852,6063.463608945291,6071.179183739621,True,p_hit_fail,miss,False,7.899999999999977,57,97,40,True
blue,blue_0,red_0,m2,67,802,3747.3965176852544,0.14621434693539587,8.377464983659765,1.6382858926643653,93.86686728549073,3747.3965176852544,3581.923104069411,-1101.2754139148528,245.38217051054932,285.139527391629,210.3223988540317,5924.355156579662,4823.07974266481,True,hit,hit,True,7.349999999999979,67,104,37,False
blue,blue_0,red_2,m0,52,622,5175.16458094149,0.2314726189988672,13.262404141474805,1.6760552234239077,96.03089053304615,5175.16458094149,5139.1605463048745,-609.3909411327786,253.5503903975337,269.3884512504559,248.54963254837907,6053.397898587184,5444.006957454405,True,p_hit_fail,miss,False,8.816666666666684,52,96,44,True
blue,blue_0,red_2,m3,103,1227,4917.634895947151,0.5599178482158691,32.08092957681593,2.486574664012915,142.47023369210072,4917.634895947151,4851.928035223201,-801.2036637786114,248.84724270138585,326.3855573156958,-59.640654995129296,5651.086899965405,4849.8832361867935,True,hit,hit,True,14.266666666666955,103,174,71,False
blue,blue_0,red_2,m1,60,711,4778.253333674967,0.26180935096605334,15.00057084741418,1.6398463874174247,93.95627704879334,4778.253333674967,4672.29369052071,-1000.6880584359415,247.62708588195338,269.3844734856571,193.87758879812463,6048.610217372346,5047.922158936404,True,p_hit_fail,miss,False,8.600000000000007,60,103,43,True
blue,blue_0,red_2,m1,61,727,4583.79383729858,0.33364652075176404,19.116537488300118,1.6689299249554317,95.62264100303145,4583.79383729858,4479.671954298453,-971.4448644819358,247.7016275899946,275.10760818965605,213.81396965055575,6036.9413434016715,5065.496478919736,True,hit,hit,True,8.416666666666664,61,103,42,False
blue,blue_0,red_0,m2,76,909,3108.4892277161034,0.31657600956352405,18.138469243083115,1.6607072809628214,95.15151820581627,3108.4892277161034,2977.9501752509013,-891.357410105612,244.4128668370996,274.47728697859714,185.95325610064327,5896.775817064046,5005.418406958434,True,hit,hit,True,5.949999999999984,76,106,30,False
blue,blue_0,red_0,m2,86,1026,2190.6386388557066,0.29590159271215005,16.953912413605238,1.649434833936093,94.50565456639994,2190.6386388557066,2090.94907923321,-653.3219681760102,246.67169761110645,280.47773478516257,162.88054843428952,5787.2318297663005,5133.90986159029,True,hit,hit,True,4.799999999999988,86,110,24,False
blue,blue_0,red_1,m2,76,908,3090.2287147349257,0.3450227047328027,19.76834481737797,1.6421090252888746,94.08591664939388,3090.2287147349257,3046.1912961942476,-519.8385291248433,245.28965685428008,273.78766575201945,196.78696860471197,5896.83639902791,5376.997869903067,True,hit,hit,True,5.983333333333317,76,106,30,False
blue,blue_0,red_1,m1,61,729,4414.386750896573,0.23224158546565504,13.306462674608836,1.6881794272997626,96.72555624508878,4414.386750896573,4394.741353521535,-416.0033919800635,245.4165491579793,262.01762340287473,236.59467325427613,6066.028081720908,5650.024689740844,True,hit,hit,True,7.299999999999979,61,98,37,False
blue,blue_0,red_2,m0,51,606,5378.1408476348415,0.32369247116818617,18.546212458097152,1.69903548708041,97.34756265266161,5378.1408476348415,5332.6610652931795,-697.9433642528711,252.92202283542937,275.7811799393384,228.11586305496556,6091.871005467958,5393.927641215087,True,hit,hit,True,9.566666666666721,51,99,48,False
blue,blue_0,red_0,m2,68,813,3759.8562793116394,0.16694915337540278,9.565481881692842,1.7326083038279627,99.2711433586625,3759.8562793116394,3705.5622513146673,-636.6534714512609,243.1993863768091,270.43857273617493,214.3223391300604,6012.826039015579,5376.172567564318,True,hit,hit,True,6.6999999999999815,68,102,34,False
blue,blue_0,red_0,m1,70,830,3896.8746182089803,0.3129538128641068,17.930932659640288,1.7492654112777082,100.22552531442884,3896.8746182089803,3747.1561356141356,-1069.790954051642,243.52641931720532,271.6286164424406,188.94140361317926,5945.629695089037,4875.838741037395,True,hit,hit,True,8.416666666666664,70,112,42,False
blue,blue_0,red_1,m3,98,1169,3577.088875230586,0.7087056122410278,40.60584049864595,1.850980754338444,106.05338518353429,3577.088875230586,3569.821545335327,227.90119735999178,247.1151183476304,281.62399348342205,66.81305958847027,5593.630027361188,5821.53122472118,True,hit,hit,True,8.24999999999999,98,139,41,False
blue,blue_0,red_2,m4,104,1241,3751.9355599568917,0.5660175561678654,32.43041709872771,2.5071281010476785,143.64785888868056,3751.9355599568917,3710.2067027440803,-558.0203123381189,247.9759040439211,280.24180756627345,1.9303673081972548,5483.456882984008,4925.436570645889,True,hit,hit,True,8.833333333333352,104,148,44,False
blue,blue_0,red_2,m3,98,1165,3804.406557749044,0.5702816504691421,32.674731705636646,2.119868704502279,121.45952988984604,3804.406557749044,3637.9355094973216,-1113.074339557963,245.2874296495142,302.577633159571,45.83113864240673,5627.588147713188,4514.513808155225,True,hit,hit,True,9.333333333333377,98,144,46,False
blue,blue_0,red_2,m0,57,682,4669.74399023622,0.23649419191101614,13.550119075858158,1.587534171399792,90.95900785400632,4669.74399023622,4630.655180014181,-602.9440588936313,249.0590408093542,273.1174883733608,247.90063272232658,6023.871198005585,5420.927139111954,True,hit,hit,True,7.4666666666666455,57,95,38,False
blue,blue_0,red_1,m1,61,724,4261.955392962699,0.19087705808587738,10.936449834194237,1.6543922501396526,94.78969359215367,4261.955392962699,4210.364503314046,-661.1312432769337,246.9239704760114,268.81060449978895,229.32233343911778,5997.2092471986625,5336.078003921729,True,hit,hit,True,7.016666666666647,61,96,35,False
blue,blue_0,red_2,m0,45,532,5925.425321356957,0.31067034525626946,17.800099603056378,1.650411694266114,94.5616245404839,5925.425321356957,5925.17105323089,54.892885995805045,260.208434418721,260.05976067757445,260.5672407343409,6064.366356027902,6119.259242023707,True,hit,hit,True,9.366666666666712,45,92,47,False
blue,blue_0,red_0,m2,78,928,3202.455603235818,0.32532245813916977,18.639603832195824,1.667261076841342,95.52702304944575,3202.455603235818,2951.011925074882,-1243.8852474253108,242.87603201913055,286.5539911940602,170.45393636585015,5838.851064416228,4594.965816990917,True,p_hit_fail,miss,False,6.816666666666648,78,112,34,True
blue,blue_0,red_1,m1,54,644,5083.4746101776145,0.22078152076507054,12.649849334318489,1.6853594715458105,96.5639846819737,5083.4746101776145,4918.750668495519,-1283.5910460482892,252.79876662151636,285.6006167458577,205.4137733450488,6040.494631841682,4756.903585793393,True,hit,hit,True,10.433333333333431,54,106,52,False
blue,blue_0,red_0,m2,75,889,3229.395471949946,0.29453147393139467,16.875410390036343,1.6423743578452648,94.10111908504246,3229.395471949946,3014.1415975726027,-1159.2866530902938,244.1030390583232,292.54054860037155,169.70760612287717,5833.418491127752,4674.131838037458,True,p_hit_fail,miss,False,6.583333333333315,75,107,32,True
blue,blue_0,red_1,m0,45,539,5580.261753255046,0.2717244791667494,15.568665846645205,1.650745537013841,94.58075232094971,5580.261753255046,5569.429354726745,-347.53114615686536,260.8695998324603,265.54022579485707,273.6304223511552,6050.0497759066275,5702.518629749762,True,hit,hit,True,8.85000000000002,45,90,45,False
blue,blue_0,red_2,m1,51,612,5299.471013431808,0.4062484644361343,23.276322445861016,1.7101380633201382,97.98369341292026,5299.471013431808,5292.740426070026,-267.0052517237018,255.95237743735794,260.88167712875537,224.35352458428954,6032.479078902558,5765.4738271788565,True,hit,hit,True,9.000000000000027,51,96,45,False
blue,blue_0,red_0,m2,70,838,3528.7602327688396,0.1309965036476888,7.505546789982662,1.6884625944396507,96.74178052710117,3528.7602327688396,3342.5392043982847,-1131.18541691063,243.59811075481258,274.31067585593485,177.92369901221136,5913.501737612735,4782.316320702105,True,hit,hit,True,6.366666666666649,70,102,32,False
blue,blue_0,red_2,m0,50,590,5484.749770950448,0.29249706820931853,16.758847528344116,1.6979436478872918,97.28500487498896,5484.749770950448,5469.251359272134,-412.03108989601515,256.5011456398263,272.2847739062662,245.93216374125245,6036.078243810817,5624.047153914802,True,hit,hit,True,8.71666666666668,50,93,43,False
blue,blue_0,red_1,m1,52,621,5228.480339653284,0.18836972056932477,10.792789976680961,1.756267549193236,100.62671826455711,5228.480339653284,5216.466136843796,-354.24243859662147,254.31568417202254,264.3258840709118,238.5601324234811,6027.377417054647,5673.134978458025,True,hit,hit,True,8.45,52,94,42,False
blue,blue_0,red_1,m1,69,819,3319.4666216730725,0.272004442520713,15.584706565245645,1.7141869347690495,98.21567665873388,3319.4666216730725,3217.639617484049,-815.876182026871,243.39343411686895,282.78376891291623,194.05083439334783,5869.727255706603,5053.851073679732,True,hit,hit,True,6.799999999999981,69,103,34,False
blue,blue_0,red_2,m0,60,712,4679.816374708919,0.2984133003558717,17.097822660961235,1.6123161723571826,92.37891191675396,4679.816374708919,4562.6902927774845,-1040.4511488714134,248.32355485459857,279.63104373279486,207.87962562550925,5948.597789013055,4908.146640141642,True,hit,hit,True,8.633333333333342,60,103,43,False
blue,blue_0,red_0,m2,76,901,3518.0791139359635,0.34115848602519533,19.54694139431657,1.650349412035938,94.55805603155616,3518.0791139359635,3471.74891646184,-569.069515049342,245.71909430925723,260.57842329535345,216.39816869100477,5797.073573645223,5228.004058595881,True,hit,hit,True,5.966666666666651,76,105,29,False
blue,blue_0,red_0,m3,113,1351,2939.18760655828,0.43384363085239125,24.85740901647369,2.595468309915729,148.70938001812402,2939.18760655828,2448.8504015799094,-1625.4093322076465,247.92901616722023,322.67219906305536,-50.55813840623946,5353.016823444159,3727.6074912365125,True,p_hit_fail,miss,False,7.366666666666646,113,150,37,True
blue,blue_0,red_0,m3,109,1298,2752.6598512258192,0.40395330268835555,23.144819364413426,2.6316008044888743,150.7796194604446,2752.6598512258192,2416.694410563733,-1317.848391318425,244.65043836263462,307.3675648750204,-16.934387231516162,5311.8453820221075,3993.9969907036825,True,hit,hit,True,6.599999999999982,109,142,33,False
blue,blue_0,red_0,m2,68,811,4110.1891685839055,0.19391217456165777,11.110349198587075,1.6466080655030444,94.34369266552545,4110.1891685839055,3994.225009681354,-969.4439507163061,243.415692491641,275.3560612992904,207.02546672771606,5890.954890977982,4921.510940261676,True,hit,hit,True,7.533333333333312,68,106,38,False
blue,blue_1,red_0,m0,65,772,4064.347869937225,0.018720068322641645,1.0725809070839125,1.6211792211064697,92.88672720370683,4064.347869937225,3990.7702950127514,-769.8545708814718,245.90903869768616,271.9954863834548,221.1746464266294,5938.724076243545,5168.869505362073,True,hit,hit,True,7.416666666666646,65,102,37,False
blue,blue_0,red_1,m1,68,809,3758.9080883182287,0.16966823555350746,9.721273814647478,1.6364251402395107,93.76025402482783,3758.9080883182287,3574.305433348873,-1163.4993276993873,243.1478700374615,277.45815079364706,198.84699302777932,5917.217503910363,4753.718176210976,True,hit,hit,True,6.883333333333314,68,102,34,False
blue,blue_0,red_2,m2,70,839,3918.5410896003805,0.26011561233835395,14.903526772448723,1.5989444402417217,91.61276810175852,3918.5410896003805,3722.5177534000554,-1223.8569550841885,241.68850829189716,291.6610567707563,155.060936763314,5886.701219688335,4662.844264604147,True,hit,hit,True,8.18333333333332,70,111,41,False
blue,blue_0,red_0,m0,54,639,4929.814981530149,0.045764712633579965,2.6221248845331706,1.7157240959388753,98.3037495061963,4929.814981530149,4880.850064539351,-693.0933556205264,252.5685767450499,273.1254913794292,240.00290991501598,6035.434697921446,5342.34134230092,True,hit,hit,True,7.849999999999977,54,93,39,False
blue,blue_0,red_2,m1,59,700,4646.877204815049,0.3152694767461005,18.063610426849408,1.616313049231298,92.60791609287422,4646.877204815049,4645.820403794139,99.09859897991282,249.63445524155193,255.37779256428317,251.4177019850515,6000.53661529571,6099.635214275623,True,hit,hit,True,7.499999999999979,59,96,37,False
blue,blue_0,red_0,m2,68,808,3533.1351861364733,0.11514466126836934,6.59730312414104,1.6334880611096754,93.59197178659231,3533.1351861364733,3473.2788487767734,-647.5942264686282,243.66341902070323,268.7114002407385,219.6555719227971,6001.385003524832,5353.790777056204,True,hit,hit,True,6.033333333333317,68,98,30,False
blue,blue_0,red_0,m4,151,1807,3242.5010710379065,0.14947711495606605,8.56440782077442,3.0705814473471365,175.93135758416273,3242.5010710379065,3071.0251837619126,-1040.4890755707538,254.30010961435102,315.8657639321743,-4.016237580297414,4856.884304312047,3816.395228741293,True,p_hit_fail,miss,False,7.666666666666645,151,189,38,True
blue,blue_0,red_1,m2,63,751,4666.000304685623,0.29042577614853626,16.640171235122338,1.579835739737188,90.51792021086924,4666.000304685623,4665.142000512901,-89.49278393706936,244.9227850151458,271.6885686537074,222.84483578384317,5975.998716058379,5886.505932121309,True,hit,hit,True,8.04999999999998,63,103,40,False
blue,blue_0,red_1,m1,64,761,4111.6317565068985,0.2290527062507655,13.123753354218673,1.693387765925248,97.02397206660407,4111.6317565068985,4011.9387461437846,-899.9239958497828,244.8011179598528,279.357284918867,210.5729038062395,6031.802853441177,5131.878857591394,True,hit,hit,True,7.749999999999978,64,103,39,False
blue,blue_0,red_2,m0,54,641,5203.960085178115,0.37827890869995434,21.673784947321984,1.7687777339953659,101.34349905464786,5203.960085178115,5075.342936404348,-1149.8237456312609,252.21494050440455,281.3085499770883,191.0376066726401,6063.083224579243,4913.259478947982,True,hit,hit,True,11.500000000000151,54,111,57,False
blue,blue_0,red_1,m1,58,694,4555.596478535435,0.20309142878313396,11.636281724555305,1.6526984989005715,94.69264879460927,4555.596478535435,4532.108477293527,-462.0086852956456,250.69623106712993,273.12197111831676,237.98064307747188,5987.7696126483515,5525.760927352706,True,hit,hit,True,6.949999999999981,58,93,35,False
blue,blue_0,red_0,m5,191,2281,3462.723254875883,0.21068779945864596,12.071521703879084,3.110404210638377,178.2130338492993,3462.723254875883,3445.841305771812,341.5113984847958,243.047375461375,304.07696524996214,-54.29820531522237,4387.486431904751,4728.997830389547,True,hit,hit,True,8.950000000000024,191,235,44,False
blue,blue_0,red_2,m0,56,670,4845.7261123148855,0.2691523943344448,15.421296241204539,1.6563714833095702,94.90309529946225,4845.7261123148855,4845.172312172217,-73.25858946272638,250.20230888444118,265.1074651668684,254.09645693981852,6047.491825876252,5974.233236413525,True,hit,hit,True,7.316666666666646,56,93,37,False
blue,blue_0,red_1,m0,45,538,5701.508242438171,0.26336356536137995,15.08962077272487,1.6009010001475215,91.72487072672536,5701.508242438171,5698.167459961592,-195.15080534106073,260.7154510238146,270.9115999121639,264.90715993939205,6030.4166751805415,5835.265869839481,True,hit,hit,True,8.833333333333352,45,89,44,False
blue,blue_0,red_2,m0,55,654,5156.04544973631,0.2915884512771467,16.706787612936544,1.6983155084120911,97.30631091362748,5156.04544973631,5146.263710861078,-317.449992945144,252.865436538195,267.0410674150828,239.36756682156343,6011.079973848819,5693.629980903675,True,hit,hit,True,8.833333333333352,55,99,44,False
blue,blue_0,red_1,m0,45,534,5717.972033941295,0.293960561063845,16.842699492256035,1.6558610449732925,94.87384933709185,5717.972033941295,5710.870377624805,-284.89245497602496,261.5497745591248,267.3934017090952,268.9826847618508,6029.857315050605,5744.96486007458,True,hit,hit,True,9.083333333333364,45,90,45,False
blue,blue_0,red_0,m2,75,891,3405.0728119661417,0.23050513016962465,13.206971114833154,1.5745655451899516,90.21596030609973,3405.0728119661417,3194.123996684149,-1179.8698015448517,242.33097658666708,274.0510021927632,200.2286224973934,5783.426549026266,4603.556747481414,True,hit,hit,True,6.16666666666665,75,105,30,False
blue,blue_0,red_0,m2,70,832,3622.658947049412,0.20859428033276056,11.951571893635933,1.6818452220102476,96.36263301543013,3622.658947049412,3561.7279436312683,-661.6282205236794,244.18511567221506,276.5943141244079,199.81633087977832,5945.70111616305,5284.0728956393705,True,hit,hit,True,6.099999999999984,70,100,30,False
blue,blue_0,red_2,m1,50,590,5561.435062685307,0.34092529473680233,19.53358051767243,1.6496831767886242,94.51988356372222,5561.435062685307,5559.753944949778,-136.7334197659511,257.28929783246355,254.24707841856124,246.39101508381466,6011.339812384499,5874.606392618548,True,hit,hit,True,9.250000000000039,50,96,46,False
blue,blue_0,red_1,m1,65,771,4427.750010946312,0.2504204036144504,14.348032231070633,1.668503633978907,95.59821632923206,4427.750010946312,4296.559181854174,-1069.8361352373813,245.56636395346044,279.75207446878346,183.29407673457314,5995.033177863265,4925.197042625884,True,hit,hit,True,8.633333333333342,65,108,43,False
blue,blue_0,red_2,m0,46,545,5776.282487651985,0.32956695452263773,18.882795561127082,1.6746817151707933,95.95219430701631,5776.282487651985,5759.4006364347015,-441.29772964582025,258.97873986339306,257.7899668305893,252.50618689470056,6069.286126444033,5627.988396798212,True,hit,hit,True,9.200000000000037,46,92,46,False
blue,blue_0,red_2,m1,64,757,4421.9538582581445,0.3786678772933578,21.696071206087144,1.6749380371137725,95.96688047254561,4421.9538582581445,4380.732417569033,-602.3781289388517,247.89318565914888,270.4841339773324,206.07473781649165,5906.217111608841,5303.8389826699895,True,p_hit_fail,miss,False,8.033333333333312,64,104,40,True
blue,blue_0,red_0,m2,64,758,3786.2337643097903,0.1049149164577701,6.011181920997847,1.674099525600381,95.91883730175515,3786.2337643097903,3776.2117381512303,-275.3017011359516,245.40123418318885,268.3212496482871,231.0280300638485,6034.531067946957,5759.229366811005,True,hit,hit,True,6.1499999999999835,64,94,30,False
blue,blue_0,red_1,m1,61,728,4375.120786287694,0.2100264117554288,12.03362697986289,1.7055056907655501,97.71827801641012,4375.120786287694,4357.925855464407,-387.510171326473,246.5164349697537,269.4148627229151,231.54637802535137,6047.952439800835,5660.442268474362,True,hit,hit,True,7.19999999999998,61,97,36,False
blue,blue_0,red_0,m2,76,904,3692.652332689748,0.3493381016345907,20.015598846774253,1.6342097632794061,93.63332227498331,3692.652332689748,3322.0168535516627,-1612.41597450464,239.82000991328312,288.52579839178003,153.67548087476422,5752.132968378724,4139.716993874084,True,p_hit_fail,miss,False,6.9999999999999805,76,111,35,True
blue,blue_0,red_0,m2,105,1253,2137.83533143239,0.7728260115896339,44.27966876201447,1.6770612538253005,96.08853182910781,2137.83533143239,1283.614594186262,-1709.5828373941622,251.45429434255243,282.08212493933445,74.82388324754456,5338.9435122495415,3629.3606748553793,True,hit,hit,True,4.2833333333333234,105,126,21,False
blue,blue_0,red_1,m1,54,646,4683.892665761836,0.07899999316076747,4.526366189674345,1.6040635756753936,91.9060729568638,4683.892665761836,4664.9533502606155,-420.78586510216246,251.57566484574713,268.4320749120836,264.9546204927571,6031.543877851114,5610.758012748952,True,hit,hit,True,7.04999999999998,54,89,35,False
blue,blue_0,red_2,m0,52,614,5261.247086587337,0.18401170663310104,10.543094171076145,1.6541924137021429,94.77824380769144,5261.247086587337,5228.497832345125,-586.1154521816316,253.29597124391339,268.60568617334457,254.05886002230872,6044.148808627877,5458.033356446245,True,p_hit_fail,miss,False,8.433333333333332,52,94,42,True
blue,blue_0,red_1,m0,47,555,5702.903860639655,0.3023969496406343,17.32606895203844,1.5760297672255943,90.29985404901211,5702.903860639655,5682.351349327941,-483.7309029715034,259.7213307474411,281.16616149875097,246.21423859009235,6031.797541775064,5548.066638803561,True,hit,hit,True,8.199999999999987,47,88,41,False
blue,blue_0,red_0,m2,64,757,4188.270112275832,0.12993980766079416,7.445002569705188,1.7393542956329533,99.6576602177183,4188.270112275832,4102.831845193659,-841.6515807908854,245.91587303089022,268.91567446768516,211.56088560844256,5951.5691058447965,5109.917525053911,True,hit,hit,True,7.216666666666646,64,100,36,False
blue,blue_1,red_2,m3,105,1253,2789.100020837891,0.5785213250779366,33.14683028528168,2.1831150355956908,125.08327773118556,2789.100020837891,2755.6332686393753,-430.77165065240206,247.0605283179758,281.06640506571574,42.757888439195256,5407.627163765581,4976.855513113179,True,hit,hit,True,6.549999999999982,105,138,33,False
blue,blue_0,red_2,m1,57,673,4876.295433701697,0.3167634647235045,18.14920963259794,1.7412007094065594,99.76345193418075,4876.295433701697,4856.906625744983,-434.4136111294283,251.89849565877668,269.9703761257499,220.1797562934447,5986.525517582366,5552.111906452938,True,hit,hit,True,8.750000000000014,57,100,43,False
blue,blue_0,red_0,m4,112,1338,2947.8063658854226,0.5727837365140717,32.81809067598969,2.4708473211759685,141.5691233245884,2947.8063658854226,2708.208232401394,-1164.117923883976,244.52452722393897,295.0328417874483,34.79916954078236,5264.16401272269,4100.046088838714,True,hit,hit,True,7.366666666666646,112,149,37,False
blue,blue_0,red_0,m2,83,992,3199.461798353688,0.27667799068051147,15.852481150153231,1.6205427182028833,92.85025827368351,3199.461798353688,2905.796680326604,-1338.9927004011279,238.8136788725479,279.68441462459083,191.60780766005342,5647.845656842646,4308.8529564415185,True,hit,hit,True,5.699999999999985,83,112,29,False
blue,blue_0,red_2,m3,95,1134,3647.6990716000596,0.42189343231130466,24.172713075726033,1.7010523320881354,97.4631193595363,3647.6990716000596,3601.3015009080036,-579.9448391956739,252.36068341953344,289.44282201020854,152.13141351230576,5684.599909134855,5104.655069939181,True,hit,hit,True,7.033333333333314,95,130,35,False
blue,blue_0,red_1,m0,57,677,4488.199656860299,0.29775635816283647,17.06018264591625,1.6174607114543083,92.67367229455931,4488.199656860299,4453.092842124705,-560.2680601806787,250.20399334137085,265.78843239807725,245.06860563976085,6064.817980862529,5504.54992068185,True,hit,hit,True,7.433333333333312,57,94,37,False
blue,blue_0,red_0,m2,87,1038,1349.8434324085279,0.38694203468769484,22.170145503809614,1.6086042993628809,92.16623726009189,1349.8434324085279,1298.6710023708567,-368.14524255721426,247.2596945084795,283.16851381647183,182.4325924594612,5854.596184146388,5486.450941589173,True,hit,hit,True,2.9833333333333276,87,102,15,False
blue,blue_0,red_1,m0,51,606,5171.230779333764,0.28031453848305793,16.060839991236715,1.659320167089005,95.07204243514255,5171.230779333764,5130.325980530783,-649.140282696847,255.1404573082576,272.8321807395957,247.65633948576394,6052.938567063726,5403.798284366879,True,hit,hit,True,9.100000000000032,51,96,45,False
blue,blue_0,red_0,m2,60,717,4209.061869245981,0.06824988838564572,3.910430556736435,1.6279932126953254,93.2771401633859,4209.061869245981,4118.68557247126,-867.5430676672868,247.59198744905393,282.51803870601003,232.71910702386785,6018.034976187882,5150.491908520596,True,hit,hit,True,7.449999999999979,60,97,37,False
blue,blue_0,red_2,m1,57,674,5101.949720807509,0.3084039106713264,17.670242466796655,1.7277649159979944,98.99363767746028,5101.949720807509,5074.916173392682,-524.5157640006546,250.23557536851337,266.0429537962774,207.1602598819601,6037.207978714954,5512.6922147143,True,hit,hit,True,9.083333333333364,57,102,45,False
blue,blue_0,red_2,m0,54,645,5331.774972474914,0.34170179593587435,19.578070759166106,1.607672923626315,92.11287336124578,5331.774972474914,5313.81609173743,-437.244668695017,254.09399822205097,260.04466755987926,232.90315909298795,5977.261329198096,5540.016660503079,True,hit,hit,True,8.299999999999992,54,96,42,False
blue,blue_0,red_2,m1,59,707,4888.3849949539845,0.4397528783785338,25.195983959819777,1.7231333171584975,98.72826661155942,4888.3849949539845,4720.691482309526,-1269.4013501416957,248.52802856851295,276.5389013851984,180.34928484459604,6060.294571700031,4790.893221558335,True,hit,hit,True,11.733333333333496,59,118,59,False
blue,blue_0,red_1,m1,58,693,4663.094998954382,0.19448803123740951,11.143343355712084,1.6118017153501842,92.34943570151204,4663.094998954382,4597.3563865773085,-780.2366461979382,251.36412394037242,276.0846326736333,225.9983539303087,5945.931833636843,5165.695187438905,True,hit,hit,True,8.433333333333332,58,100,42,False
blue,blue_0,red_0,m2,66,787,4128.474334169387,0.15825413360470234,9.067293946048897,1.6493511319771539,94.50085879741575,4128.474334169387,3929.9963976982335,-1264.6851948110525,247.3790255313605,272.81161982017545,216.11089836111069,5849.970631192382,4585.285436381329,True,hit,hit,True,7.999999999999977,66,106,40,False
blue,blue_0,red_2,m0,63,749,4263.604796544482,0.3271816783085089,18.746129301084554,1.6629964718419394,95.28267918168957,4263.604796544482,4234.685430292502,-495.7470802591961,245.7331100483919,266.45114477275473,234.03933779113117,5930.031918095194,5434.284837835998,True,hit,hit,True,7.4666666666666455,63,100,37,False
blue,blue_0,red_0,m1,70,830,3672.4572499153805,0.19393194546985162,11.111481988183723,1.7341340488053145,99.35856210647805,3672.4572499153805,3612.7606948341318,-659.4713142492583,242.3408252579087,266.1277984220436,204.10493519413563,5858.448260426443,5198.976946177185,True,hit,hit,True,6.666666666666648,70,103,33,False
blue,blue_0,red_1,m2,75,889,3234.8188262732397,0.34527875448364287,19.783015387446486,1.7514876800490935,100.35285193597294,3234.8188262732397,2978.263541386255,-1262.5367784192204,243.1828984354292,288.8519149633238,152.27324714355998,5804.241424401741,4541.704645982521,True,hit,hit,True,6.516666666666649,75,107,32,False
blue,blue_0,red_2,m0,52,618,5278.526095314554,0.37514529695872656,21.49424221991699,1.6109252491476447,92.29921788722066,5278.526095314554,5258.083801567633,-464.1039480642148,254.68269972296338,260.6726965871996,236.3920461978223,6037.2693162266405,5573.165368162426,True,hit,hit,True,8.65000000000001,52,95,43,False
blue,blue_0,red_1,m2,79,943,2176.9428677805317,0.40511188131940484,23.211201030206592,1.6798983347915293,96.25108459460961,2176.9428677805317,2149.712657955316,-343.24297197060696,244.585179257345,273.26829000377256,224.6814847239899,5882.794851742356,5539.551879771749,True,hit,hit,True,4.166666666666657,79,100,21,False
blue,blue_0,red_0,m1,74,886,3193.355384140885,0.3474523940006142,19.907555757951798,1.6089573494598373,92.18646554060417,3193.355384140885,3049.7265297566914,-946.935427112001,243.78117032967035,275.1437386927286,202.574235097732,5921.652015655251,4974.71658854325,True,hit,hit,True,6.499999999999982,74,107,33,False
blue,blue_0,red_1,m0,50,594,5076.153375557355,0.24803146822034838,14.211156315459165,1.6628420448945498,95.27383116936106,5076.153375557355,5075.629091262353,-72.95491836493511,257.15824188870226,256.69878500365246,273.435443196036,6014.776742939346,5941.821824574411,True,hit,hit,True,7.733333333333311,50,89,39,False
blue,blue_0,red_2,m0,57,673,4956.889783508552,0.3698622310889399,21.191544842688604,1.725719781874135,98.87646012362495,4956.889783508552,4938.144474576235,-430.68024573187085,250.0290265595929,262.38155628947897,224.7040025322862,6041.713954151573,5611.033708419702,True,hit,hit,True,8.399999999999997,57,98,41,False
blue,blue_0,red_1,m0,50,592,5255.540726655063,0.288297336112823,16.518220604129294,1.6579557078787497,94.99386468107717,5255.540726655063,5233.84761855137,-477.0193238372767,257.4839242223941,266.95701047492696,252.99189574879804,6017.574428997117,5540.55510515984,True,hit,hit,True,8.433333333333332,50,92,42,False
blue,blue_0,red_2,m1,56,669,4890.977073898157,0.3555721900943163,20.37278580462774,1.5792359891415853,90.48355703298074,4890.977073898157,4874.266129263538,-403.96341234278407,252.23447368058837,268.70334317868316,237.2255822634972,5988.982979546901,5585.019567204117,True,hit,hit,True,7.449999999999979,56,93,37,False
blue,blue_0,red_1,m2,95,1135,1347.925663713256,0.7654630257610731,43.8578007494233,1.8859809534332328,108.05874887378329,1347.925663713256,901.5503162131754,-1002.0532032944884,250.99054453680864,288.00284026620847,-15.800481738254192,5731.875754482968,4729.822551188479,True,hit,hit,True,3.766666666666658,95,114,19,False
blue,blue_0,red_0,m1,76,902,3566.306126266225,0.4209542320670658,24.11890086561349,1.681898639728579,96.36569362524173,3566.306126266225,3154.778537473182,-1663.1030532539398,242.7335815182232,268.75438445704015,138.9249953793821,5946.420309900798,4283.317256646858,True,hit,hit,True,7.816666666666644,76,115,39,False
blue,blue_0,red_0,m1,78,936,3063.851759963988,0.27233228555026157,15.603490587181561,1.6725895239163595,95.83232057820307,3063.851759963988,2698.8070172551606,-1450.3890135576494,240.7856195451605,277.3044310160272,142.61353710205628,5692.882388082906,4242.4933745252565,True,hit,hit,True,6.033333333333317,78,109,31,False
blue,blue_0,red_0,m2,66,784,3869.1142719317336,0.11733499039405583,6.722799738787455,1.6867607258284547,96.64427063839385,3869.1142719317336,3709.638254409405,-1099.3767646663146,246.34606703776024,285.7548272204391,207.13391414421423,5909.395084060225,4810.01831939391,True,hit,hit,True,7.816666666666644,66,105,39,False
blue,blue_0,red_2,m2,95,1136,2919.620290958722,0.46570879413067834,26.683148385814793,1.6189126089826384,92.75685989521811,2919.620290958722,2864.1788055965426,-566.2706181230442,238.766590437575,272.79483422471174,179.00153309194903,5434.663442858039,4868.392824734995,True,hit,hit,True,6.21666666666665,95,126,31,False
blue,blue_0,red_0,m2,74,883,2736.2609017803547,0.16274392126953618,9.324539830153773,1.6509538909029517,94.59269011944089,2736.2609017803547,2710.8043360550273,-372.3755822245894,244.02318727822922,277.2298567929837,239.38361643049655,6037.6425105073495,5665.26692828276,True,hit,hit,True,4.733333333333322,74,98,24,False
blue,blue_0,red_0,m1,64,761,4091.25778883071,0.15442900319200228,8.84813011731405,1.5857179090485722,90.85494368679292,4091.25778883071,4038.3786340745805,-655.6586783669363,244.78590709400464,257.036772858405,262.8234983727442,5956.221110264212,5300.562431897276,True,hit,hit,True,6.083333333333317,64,94,30,False
blue,blue_0,red_2,m0,60,709,4618.343370450245,0.40329483779638153,23.107092105145774,1.7240771116788274,98.7823420543019,4618.343370450245,4555.452154574664,-759.5730081847214,246.6630316971381,266.2780870830448,213.054755149162,6094.976131749685,5335.403123564964,True,hit,hit,True,8.566666666666672,60,102,42,False
blue,blue_0,red_2,m0,51,605,5566.208153218194,0.20989259940340896,12.025960096845434,1.657325354355697,94.95774808460504,5566.208153218194,5527.306072556406,-656.9328620443412,254.12306653333994,274.32249780049705,235.1615883279886,6051.564910614722,5394.632048570381,True,hit,hit,True,9.766666666666731,51,100,49,False
blue,blue_0,red_1,m2,73,866,3385.0568925461907,0.30797741114693633,17.645805844084766,1.6214761140751257,92.90373791777792,3385.0568925461907,3292.5857162460356,-785.8049802254081,241.21483357205085,278.85640880541797,211.38259828779832,5883.433913370042,5097.628933144634,True,hit,hit,True,6.3166666666666496,73,104,31,False
blue,blue_0,red_1,m0,47,561,5597.267024347173,0.29168400757952107,16.71226258576847,1.5766817377632147,90.33720920918464,5597.267024347173,5576.630731707469,-480.1956101632795,258.8154409142638,278.8454119505123,261.6829653817176,6045.831603557475,5565.635993394196,True,hit,hit,True,9.700000000000061,47,96,49,False
blue,blue_0,red_1,m1,62,739,4556.937239158998,0.38473018337123827,22.0434157584662,1.7355544255752626,99.4399437007145,4556.937239158998,4321.181018127327,-1446.7451780497195,244.88430334268014,285.9481255147532,158.98098730568756,6092.846526769983,4646.101348720264,True,hit,hit,True,9.466666666666717,62,109,47,False
blue,blue_0,red_0,m2,73,866,3291.323584367985,0.2275291549894306,13.03646029707235,1.693062416193614,97.00533090011574,3291.323584367985,3215.180302148995,-703.8654428866485,243.96059532900142,270.9664878287344,206.31551652035023,5915.770359091777,5211.904916205129,True,hit,hit,True,6.249999999999983,73,104,31,False
blue,blue_0,red_2,m1,62,737,4658.859253959941,0.3027329370285803,17.34531961133737,1.6676605561864548,95.54991152992335,4658.859253959941,4578.1150702159075,-863.6156275046096,246.6123335653696,267.7103621765262,224.1427661762374,6011.202332961245,5147.586705456635,True,hit,hit,True,8.51666666666667,62,104,42,False
blue,blue_0,red_2,m0,59,708,4529.040917952602,0.2631654122640146,15.07826743654839,1.6578859293024193,94.98986666315301,4529.040917952602,4400.7492450057625,-1070.335330198047,247.66383095556873,270.1842155110345,208.42569886089098,6039.104467769832,4968.769137571785,True,hit,hit,True,8.299999999999992,59,101,42,False
blue,blue_0,red_1,m1,75,899,2893.6007265740827,0.31919629184956405,18.288600359206097,1.7658079442881522,101.17334263838312,2893.6007265740827,2878.105595832608,-299.0540821776058,243.81395407046585,259.660494765869,212.6239893576506,5950.433041343694,5651.378959166088,True,p_hit_fail,miss,False,5.2999999999999865,75,102,27,True
blue,blue_0,red_0,m2,78,929,3426.7279334095188,0.3882385007703746,22.244427538629022,1.6742823890425056,95.92931460521612,3426.7279334095188,3111.5364013040357,-1435.5506096857061,244.81067916266477,263.9564140672234,183.21912122395764,5936.025887990394,4500.475278304688,True,hit,hit,True,6.366666666666649,78,110,32,False
blue,blue_0,red_1,m0,50,593,5297.864766815392,0.3199313151802154,18.33071409389607,1.6500966068202878,94.5435713596605,5297.864766815392,5272.021932114078,-522.6431237202396,258.05732043303374,271.018877798434,258.7421402565488,6025.023030040065,5502.379906319826,True,hit,hit,True,9.383333333333379,50,97,47,False
blue,blue_0,red_2,m1,53,629,5319.302151129723,0.4496732357699928,25.76437856961179,1.6974602452382381,97.25730794339275,5319.302151129723,5289.22883356861,-564.8307013254016,255.70650262277013,270.05974579188256,222.9330488861224,6013.141298371351,5448.310597045949,True,hit,hit,True,10.266666666666756,53,104,51,False
blue,blue_0,red_0,m2,79,937,2922.5705248821037,0.2968761723369693,17.009751712906823,1.6159686114939342,92.58818126421825,2922.5705248821037,2532.376878475171,-1458.933109595503,243.935241892499,292.2658993626582,124.88413726842833,5809.065521487453,4350.13241189195,True,hit,hit,True,6.11666666666665,79,109,30,False
blue,blue_0,red_1,m3,103,1231,2280.2995380122256,0.7620356552012801,43.66142688151977,2.083118832700819,119.35391733797556,2280.2995380122256,2238.84099205244,-432.8475428651718,247.4457153193259,281.9478091830311,-18.98364385560143,5692.231994919604,5259.384452054433,True,hit,hit,True,5.466666666666653,103,130,27,False
blue,blue_0,red_0,m2,66,786,3474.8392174427745,0.06216399069242345,3.5617343043663956,1.6812153373430876,96.32654328242187,3474.8392174427745,3469.444401895646,-193.55394398791577,242.49186488101066,264.5630012587657,251.5489195185738,6075.519163292585,5881.9652193046695,True,hit,hit,True,5.433333333333319,66,93,27,False
blue,blue_0,red_1,m0,54,643,5001.460881740965,0.3347000631596585,19.176901021810522,1.6841286114437093,96.49346159295226,5001.460881740965,4923.810430462749,-877.8962333051413,251.03089498589085,269.7247034969232,228.80140620108148,6086.523393259149,5208.627159954008,True,hit,hit,True,8.750000000000014,54,98,44,False
blue,blue_0,red_2,m0,50,595,5447.320514208557,0.37148955730717464,21.284783766884438,1.6754109768168535,95.99397792149631,5447.320514208557,5367.624228528922,-928.3915800063432,257.83261317796604,277.07734757649285,224.1296472252798,6014.643592144001,5086.252012137657,True,hit,hit,True,10.633333333333441,50,103,53,False
blue,blue_0,red_2,m1,59,708,4623.400691640602,0.3651176379833688,20.919699682232512,1.6237640759116463,93.03482847469755,4623.400691640602,4581.514586659949,-620.9332071043727,246.33937559229116,266.39730307438987,220.75174469979174,6088.5272468835265,5467.594039779154,True,hit,hit,True,7.899999999999977,59,99,40,False
blue,blue_0,red_1,m1,85,1014,2517.1367418264563,0.3768778933392242,21.593512680119147,1.7186266474139167,98.47005345553565,2517.1367418264563,2383.285150740438,-809.8946025951991,240.08040209818662,283.1382259162526,145.00883717349555,5675.676959864033,4865.782357268834,True,hit,hit,True,5.366666666666653,85,112,27,False
blue,blue_0,red_1,m0,55,651,4901.794691903474,0.1963425495415083,11.249599427566702,1.6824599098931872,96.3978520368404,4901.794691903474,4874.415816937099,-517.3602663198062,250.28220701553482,269.6981162953738,240.94071185359974,6076.82623005454,5559.465963734734,True,hit,hit,True,8.149999999999984,55,95,40,False
blue,blue_0,red_0,m1,62,738,4142.21860904636,0.08974705890661003,5.142127699060739,1.738465750391173,99.60675032545785,4142.21860904636,4122.036652610913,-408.3978938023374,245.72958320540462,268.2892956310948,235.76907983197364,6048.431511503566,5640.033617701229,True,hit,hit,True,6.716666666666648,62,95,33,False
blue,blue_0,red_0,m2,93,1116,2064.9934690042446,0.7593691879060612,43.508649559294064,1.6254797023147711,93.13312662681781,2064.9934690042446,1564.3578688559137,-1347.9549269833797,240.77100548615763,280.7260403004066,74.10827917788878,5587.459620558711,4239.504693575332,True,hit,hit,True,4.34999999999999,93,115,22,False
blue,blue_0,red_2,m0,44,522,5857.648921436041,0.2819686119135099,16.15561141780634,1.5811635304799152,90.59399701650405,5857.648921436041,5852.719479464583,-240.26148567058317,260.0575556633567,259.8980277816472,274.2661076786518,6073.850315610997,5833.588829940414,True,hit,hit,True,9.033333333333362,44,89,45,False
blue,blue_0,red_0,m0,59,699,4408.527792860497,0.08118643022658475,4.651639805716642,1.7271707335395092,98.95959353032838,4408.527792860497,4383.019280456506,-473.5602259163934,247.389727274337,261.7938323441053,248.37800342960816,6041.757403546251,5568.197177629858,True,hit,hit,True,6.5333333333333155,59,91,32,False
blue,blue_0,red_0,m1,57,677,4563.7386632061525,0.12597007586358575,7.217553691926262,1.6511818968419174,94.60575389744754,4563.7386632061525,4547.346410221832,-386.45984459616557,249.13919793253632,272.2620773836972,265.14349265353263,6036.002966190268,5649.543121594103,True,hit,hit,True,6.983333333333314,57,92,35,False
blue,blue_0,red_2,m0,51,612,5269.82584887017,0.4136504517806356,23.700425080710186,1.6215947811425124,92.91053703990637,5269.82584887017,5253.256408697709,-417.56626048648195,256.4115163335986,275.6402848738222,239.0276339383139,6035.981525520213,5618.415265033731,True,hit,hit,True,8.78333333333335,51,95,44,False
blue,blue_0,red_1,m2,72,860,3761.0955934850435,0.19439336003556784,11.137919095405124,1.6341372855106826,93.62916960472693,3761.0955934850435,3458.4161940982713,-1478.2413509746784,241.1872262572861,280.76511336693056,190.6879333252591,5856.761471447486,4378.520120472807,True,hit,hit,True,6.966666666666647,72,107,35,False
blue,blue_0,red_2,m2,76,908,3876.051558063366,0.5248501094577867,30.071696148910465,1.8490672173641656,105.9437475909659,3876.051558063366,3552.548083243357,-1550.2186287776958,243.98581256341816,285.2523594533198,106.1394432120236,5936.264121633183,4386.045492855487,True,hit,hit,True,10.166666666666751,76,127,51,False
blue,blue_0,red_0,m2,79,947,2269.137019002924,0.22876289592548704,13.107148445720904,1.6338195933835653,93.61096718665857,2269.137019002924,2162.8067458725614,-686.4763586734916,244.20917546786296,266.6713244853381,219.74136567529263,5888.433787251308,5201.957428577816,True,hit,hit,True,4.233333333333324,79,100,21,False
blue,blue_0,red_1,m1,85,1011,2785.7626230528,0.20648198798983647,11.830546457288582,1.6684103616787596,95.59287222008814,2785.7626230528,2461.5202801809473,-1304.373911980736,246.49857224872318,279.6361830832441,152.75769221845655,5730.350493210597,4425.976581229861,True,hit,hit,True,5.783333333333318,85,114,29,False
blue,blue_0,red_2,m2,89,1068,2510.4686534231732,0.5653478970514816,32.39204845764645,1.6618874712049196,95.21913812571103,2510.4686534231732,2226.472700707607,-1159.8586865752804,246.8923013782058,295.7108316593126,123.55600657797956,5658.892140553019,4499.033453977739,True,hit,hit,True,5.716666666666652,89,118,29,False
blue,blue_0,red_1,m1,73,873,3662.4556368681683,0.37383936958584263,21.419418093100134,1.640479852803458,93.99257194188068,3662.4556368681683,3458.4523664078674,-1205.2752886022517,241.6450201102472,280.99418894801505,160.61700705030808,5955.067953267739,4749.792664665487,True,hit,hit,True,8.58333333333334,73,116,43,False
blue,blue_0,red_0,m2,71,851,2833.943550309143,0.12890310357721466,7.385603801112104,1.6653895502213691,95.4197924728749,2833.943550309143,2818.341081758419,-296.96732684181734,242.94368893941734,259.7069542709483,251.55147102460623,5958.959739136104,5661.992412294287,True,hit,hit,True,4.733333333333322,71,95,24,False
blue,blue_0,red_2,m0,48,569,5702.868219667522,0.39647902405637314,22.716574743896018,1.6756874515014353,96.00981875406507,5702.868219667522,5696.452650735561,-270.4313754385839,259.24412782948565,268.8254078203494,242.07808068207905,6037.695269411337,5767.263893972753,True,hit,hit,True,10.150000000000084,48,99,51,False
blue,blue_0,red_2,m0,51,609,5291.577788413227,0.41019086278530115,23.50220523242762,1.7068800964295319,97.79702566029515,5291.577788413227,5290.801392842093,-90.64277317243068,255.29583508141644,255.94521552409674,240.54554213897413,6055.784674426237,5965.141901253806,True,hit,hit,True,8.600000000000007,51,94,43,False
blue,blue_0,red_1,m1,69,820,3972.4759923749807,0.344927799630882,19.762907155583655,1.6304874509663083,93.42004948941323,3972.4759923749807,3951.729968573066,-405.45747678036787,243.44757847382206,269.16387224273706,216.75448918456865,5976.904037799557,5571.446561019189,True,hit,hit,True,6.966666666666647,69,104,35,False
blue,blue_0,red_1,m1,76,903,2926.347902092252,0.4132297957647664,23.676323266374098,1.7608706362802096,100.89045572737187,2926.347902092252,2881.963536531085,-507.7383363357203,243.84677527723392,266.42337895413414,199.41203242465167,5935.23264617416,5427.49430983844,True,hit,hit,True,5.266666666666653,76,102,26,False
blue,blue_0,red_0,m2,88,1056,2066.8975025931977,0.5494680548610151,31.482200520798944,1.5831715931682382,90.70905053354264,2066.8975025931977,1649.3077762827645,-1245.7323730718408,243.36736858963425,290.9928237266372,83.75719498385568,5766.092353133074,4520.359980061233,True,hit,hit,True,5.116666666666654,88,114,26,False
blue,blue_0,red_2,m0,59,705,4827.234441009167,0.27490752843738386,15.751041135834754,1.671444947431766,95.76674117630594,4827.234441009167,4767.520454226916,-756.9287066778943,249.29671039923366,272.5790395432552,226.47379451444536,5994.337042834779,5237.408336156885,True,hit,hit,True,8.366666666666662,59,101,42,False
blue,blue_0,red_0,m2,65,772,4003.3027879416577,0.1579865703072366,9.051963698351507,1.6254728058738346,93.13273148985849,4003.3027879416577,3902.8236579323234,-891.2915948359487,246.6505506040377,278.8655440270054,212.44474680864397,5938.508297412829,5047.21670257688,True,hit,hit,True,7.349999999999979,65,101,36,False
blue,blue_0,red_2,m0,51,605,5237.66965697057,0.23952461411410877,13.723749478238103,1.7176957885037538,98.41671916866116,5237.66965697057,5230.2430275056395,-278.8212846589313,254.24034271365434,257.79301268086914,248.86769377905955,6066.222980849788,5787.4016961908565,True,hit,hit,True,8.31666666666666,51,92,41,False
blue,blue_0,red_1,m1,62,735,4329.18185762339,0.18584011456781285,10.647854228963363,1.7660140596914307,101.18515218108361,4329.18185762339,4178.634930786097,-1131.7356898100234,248.1232283547094,282.954825727965,191.33924440839888,5971.378752009196,4839.643062199173,True,hit,hit,True,8.800000000000017,62,106,44,False
blue,blue_0,red_1,m1,59,701,4595.201759754216,0.19571633183778384,11.213719796086917,1.5946426059829202,91.36629115456441,4595.201759754216,4583.205043214606,-331.8293909533086,249.0207330977356,266.173217142965,234.1918779853803,6028.46616516946,5696.636774216151,True,p_hit_fail,miss,False,7.866666666666644,59,98,39,True
blue,blue_0,red_0,m2,63,753,4185.3786997078705,0.12892191415058682,7.3866815675765505,1.6982022501710121,97.29982169441858,4185.3786997078705,4116.940935986996,-753.7852410089081,246.80974008269527,275.50340083551475,216.59870821108117,5991.440234262815,5237.6549932539065,True,hit,hit,True,8.18333333333332,63,104,41,False
blue,blue_0,red_1,m0,60,713,4358.4773098383175,0.2110605002131705,12.092875884134681,1.7006952717214308,97.44266130749273,4358.4773098383175,4335.19073045732,-449.9397636710801,246.64283001083558,261.93469330747155,229.3812152469306,6022.405611151127,5572.465847480047,True,hit,hit,True,6.949999999999981,60,95,35,False
blue,blue_0,red_2,m2,72,859,2997.984465763096,0.3029146503122043,17.35573101557049,1.6642033174110633,95.35182633932443,2997.984465763096,2997.6404598002955,-45.415093582525515,238.56450918815705,265.0964341402128,246.44558149762935,5990.922336442455,5945.50724285993,True,hit,hit,True,5.2166666666666535,72,98,26,False
blue,blue_0,red_0,m1,85,1018,1861.861896254505,0.3770911067372704,21.60572890796284,1.7498003454239033,100.25617478332325,1861.861896254505,1764.4930504872623,-594.217128250757,247.3689125694719,267.5127139353243,167.94802238259982,5887.540033801802,5293.322905551045,True,hit,hit,True,3.899999999999991,85,105,20,False
blue,blue_0,red_2,m0,56,662,5031.311798210626,0.4574002431368269,26.20710347999788,1.7138413187718946,98.19587432076472,5031.311798210626,4980.615605051359,-712.4370888242202,252.27405618795942,267.462276190714,214.29206451204755,6035.411928647796,5322.974839823576,True,hit,hit,True,10.416666666666764,56,108,52,False
blue,blue_0,red_0,m1,62,743,4385.455300529298,0.37656454468298245,21.5755591246004,1.5884543392470398,91.01172958809727,4385.455300529298,4115.147264286637,-1515.8433910449721,244.1378865972733,284.05548293774285,175.49953004887806,6012.8354361301335,4496.992045085161,True,hit,hit,True,9.05000000000003,62,108,46,False
blue,blue_0,red_1,m0,57,684,4444.25707717179,0.09846218081820636,5.641467402537195,1.6301642077494618,93.40152901733168,4444.25707717179,4431.173230079589,-340.7708511853125,249.14376001194637,260.54194171061806,262.7793057466002,6007.081318644323,5666.31046745901,True,hit,hit,True,6.899999999999981,57,92,35,False
blue,blue_0,red_2,m1,60,714,4829.97918739171,0.2979968833897603,17.073963726285413,1.6495906794578863,94.51458385705472,4829.97918739171,4822.2860781862655,-272.4994142525993,247.6656984834051,254.22514323003517,220.03491380421997,5990.995337187924,5718.495922935324,True,hit,hit,True,7.1666666666666465,60,96,36,False
blue,blue_0,red_1,m0,63,752,4718.447823064111,0.27325514606394924,15.65636659969514,1.5935002689741715,91.3008400651815,4718.447823064111,4677.305634649609,-621.7409903275357,245.59294105466518,278.20157478891855,206.33279738756687,6040.637268684305,5418.8962783567695,True,hit,hit,True,8.11666666666665,63,104,41,False
blue,blue_0,red_1,m3,99,1187,3470.891920246738,0.5483504923568383,31.41816890596754,1.9734230154963068,113.06880998191843,3470.891920246738,3429.241146985347,-536.093161546305,246.2338118075489,295.6067251152857,61.749297371766765,5522.6359033538865,4986.5427418075815,True,hit,hit,True,9.650000000000059,99,148,49,False
blue,blue_0,red_0,m1,81,964,3195.9158919379433,0.32251972399286905,18.47901899451559,1.577745311759653,90.39814751038041,3195.9158919379433,3107.0003727551098,-748.616772481827,246.79620599638275,279.6045530629027,195.33903627623033,5902.491778775135,5153.875006293308,True,hit,hit,True,5.7666666666666515,81,110,29,False
blue,blue_0,red_0,m2,75,896,3614.1862988004914,0.323038359724958,18.508734633068965,1.6046187491906743,91.93788205618682,3614.1862988004914,3210.303253720997,-1660.2095113525802,236.44612852999938,270.3196874307236,170.20555007133646,5840.837624864315,4180.628113511735,True,hit,hit,True,6.21666666666665,75,106,31,False
blue,blue_1,red_2,m2,83,988,2902.6281315103647,0.29048163146196204,16.643371508845014,1.7003766500972883,97.42440563316777,2902.6281315103647,2452.8392484341125,-1552.0404927631653,248.54810322402787,292.6941504057369,109.967393699063,5704.126145424518,4152.0856526613525,True,p_hit_fail,miss,False,6.416666666666649,83,115,32,True
blue,blue_0,red_1,m2,94,1121,2408.88402072971,0.6795481235870188,38.935239457570646,1.929920590418245,110.57630462636142,2408.88402072971,1785.4137639388262,-1617.102321086927,250.74213620113142,299.4197034046558,-20.193632753173887,5780.0424490985,4162.940128011573,True,hit,hit,True,6.9999999999999805,94,129,35,False
blue,blue_0,red_1,m0,63,750,4061.0490182555677,0.4305037440432388,24.66604759825784,1.693684701760854,97.04098523677048,4061.0490182555677,4051.209725197837,-282.5223728078454,249.0289105223887,262.68903386746234,230.36381916338416,5983.507319359303,5700.984946551458,True,hit,hit,True,7.349999999999979,63,100,37,False
blue,blue_0,red_2,m1,75,900,3437.745750329369,0.5206257567378476,29.82965856688335,1.573059007734794,90.12964206824081,3437.745750329369,3409.68741264931,-438.32361552680595,241.83792976085576,263.93629395987114,187.5453312439177,5913.890093988024,5475.566478461218,True,hit,hit,True,6.1499999999999835,75,106,31,False
blue,blue_0,red_0,m2,85,1015,1988.364066970504,0.4369151328902114,25.033393120006615,1.845214077695367,105.7229789500693,1988.364066970504,1705.6233336691355,-1021.9788189893507,245.6547217864623,280.16678311679163,107.97721844524115,5794.6395573834725,4772.660738394122,True,hit,hit,True,4.799999999999988,85,109,24,False
blue,blue_0,red_1,m0,57,684,4460.273446878344,0.190816382532878,10.93297338108775,1.7516719640645704,100.36341063229149,4460.273446878344,4448.681667002732,-321.3575059055265,249.0101796006823,256.98944460682577,240.79944753288567,6071.085166951762,5749.727661046236,True,hit,hit,True,6.866666666666648,57,92,35,False
blue,blue_0,red_0,m2,68,810,3418.138673821436,0.15206248307974346,8.712538502748792,1.670682333528121,95.72304661822908,3418.138673821436,3409.8640689814456,-237.6952345821528,244.2886080289824,265.47946195085217,251.69353129629212,6024.090255473055,5786.395020890902,True,hit,hit,True,5.633333333333319,68,96,28,False
blue,blue_0,red_1,m1,78,933,3461.2332278135714,0.6171742850024667,35.36148175464557,1.595401519049057,91.40977367027138,3461.2332278135714,3461.0954648922957,-30.881065764239793,244.51129253623444,274.88980602326984,187.82318309160604,5802.749670825953,5771.868605061713,True,hit,hit,True,6.799999999999981,78,112,34,False
blue,blue_1,red_2,m1,59,707,4448.917885318022,0.29925382383958116,17.145981109159422,1.6098377472089513,92.23690861592124,4448.917885318022,4261.5125377655395,-1277.6467589947106,246.44677214518572,270.41338433121535,212.73802037915775,6063.061311141046,4785.414552146335,True,hit,hit,True,7.566666666666645,59,97,38,False
blue,blue_0,red_2,m0,66,790,4234.267426197947,0.5341160687406018,30.60259650895584,1.7537998465374276,100.48532931728607,4234.267426197947,4174.149621645839,-710.9821183932017,245.23672640857444,277.8163020758909,173.70428131617584,5938.375245953366,5227.393127560164,True,hit,hit,True,9.700000000000061,66,115,49,False
blue,blue_0,red_2,m3,116,1387,3336.2933399600943,0.633610172843071,36.303188760462575,2.72044468387681,155.86999878494265,3336.2933399600943,2514.8553308276564,-2192.340282727524,249.83740127702316,308.41770204695626,-41.549623237915355,5429.099579549691,3236.759296822167,True,hit,hit,True,9.283333333333374,116,162,46,False
blue,blue_0,red_0,m2,91,1091,2488.7057852267926,0.690554950561531,39.56588418904094,1.7190472174024958,98.49415034087109,2488.7057852267926,1762.4427229604748,-1757.1147184247743,241.96534468378445,275.12616255448364,57.847123148593084,5613.808301155462,3856.6935827306875,True,hit,hit,True,6.11666666666665,91,122,31,False
blue,blue_0,red_0,m2,86,1025,1383.6931752002647,0.3780975375503068,21.66339314592174,1.6263095895219974,93.18067566126378,1383.6931752002647,1361.5625659085472,-246.48363477586736,247.61872110546733,266.1050426591747,208.60053364743052,5928.904088905299,5682.420454129432,True,hit,hit,True,2.8999999999999946,86,100,14,False
blue,blue_0,red_2,m0,48,566,5441.839556108152,0.27764135089662256,15.907677624687208,1.6551199637544238,94.83138851097428,5441.839556108152,5437.373685219282,-220.42042035221766,257.57315390252654,261.1395211559633,267.5126795766234,6061.85865655793,5841.438236205712,True,hit,hit,True,8.366666666666662,48,89,41,False
blue,blue_0,red_0,m1,61,728,4253.722696538496,0.17920131466755407,10.267479013646662,1.7148169209477864,98.25177220792709,4253.722696538496,4253.355636854577,55.88027813220924,247.05314117857523,261.10283082055895,243.84641102298272,6038.8319782008575,6094.712256333067,True,hit,hit,True,6.666666666666648,61,94,33,False
blue,blue_0,red_1,m0,75,893,3143.463119935644,0.49576097907963546,28.405011748536612,1.5731715898063294,90.13609254578864,3143.463119935644,2920.380502104014,-1163.0727016512083,242.5278496064073,282.6540713654647,162.93751576163862,6017.890700952958,4854.817999301749,True,hit,hit,True,6.416666666666649,75,107,32,False
blue,blue_0,red_1,m0,58,695,4833.377761153862,0.2123472326484351,12.166600222037934,1.6811567747886347,96.3231878952142,4833.377761153862,4814.831617471643,-423.00954766071936,248.7544029945203,262.3140964899561,237.952182777445,6053.58380149855,5630.574253837831,True,hit,hit,True,7.866666666666644,58,98,40,False
blue,blue_0,red_1,m1,67,803,3835.4265328402844,0.2857273414625379,16.370970757296757,1.654342166025204,94.78682398377512,3835.4265328402844,3784.3498927490655,-623.8530099834243,245.39757603106662,258.33100487121555,229.3859922404667,5947.549890006506,5323.696880023082,True,hit,hit,True,6.5333333333333155,67,100,33,False
blue,blue_0,red_2,m0,46,552,5801.726140966931,0.36855638581661954,21.116725419887533,1.7227548356590994,98.70658121902012,5801.726140966931,5795.606640648604,-266.4017298157614,260.00455009660766,256.18479323274767,244.78296707246002,6031.541407903731,5765.1396780879695,True,hit,hit,True,9.666666666666726,46,95,49,False
blue,blue_0,red_0,m1,59,703,4390.516410481857,0.1034940879102382,5.929774441812567,1.5868417953937692,90.9193376310251,4390.516410481857,4253.638294785373,-1087.7479523519578,250.70205493348496,280.9532141168633,222.19803938547827,5966.202629816333,4878.454677464375,True,hit,hit,True,7.649999999999978,59,97,38,False
blue,blue_0,red_2,m2,71,847,4046.3577336437957,0.4968557799434219,28.46773921743885,1.7526584244247303,100.4199306475856,4046.3577336437957,4012.431051372459,-522.8842764905612,242.91236049169217,278.3208375193901,186.4403662570306,5994.558898824216,5471.674622333655,True,hit,hit,True,8.11666666666665,71,112,41,False
blue,blue_0,red_2,m1,80,955,3900.2423422139686,0.6251305597281699,35.817342717074965,1.6224238876076171,92.95804134112389,3900.2423422139686,3083.612752171389,-2388.1421068782106,244.75414714857038,290.8880035474214,54.77556627996928,5986.575710885185,3598.4336040069743,True,hit,hit,True,8.816666666666684,80,124,44,False
blue,blue_0,red_0,m2,86,1028,2796.8685325904553,0.2999457123726675,17.185623401998765,1.6161203872624625,92.59687737518728,2796.8685325904553,2507.669037657081,-1238.5756279576535,247.80093607313856,290.78427585360276,131.8546910369194,5721.315876622376,4482.7402486647225,True,hit,hit,True,5.949999999999984,86,116,30,False
blue,blue_0,red_2,m0,52,619,5105.31140207629,0.41141113711286986,23.572121801245473,1.7448853550905614,99.97456658087516,5105.31140207629,5083.632710688294,-469.98188793841564,255.75885054497326,261.1392679769517,231.96814543297657,6032.530343712118,5562.548455773703,True,hit,hit,True,9.016666666666694,52,97,45,False
blue,blue_0,red_1,m2,86,1024,2861.6493271987247,0.41233116983945906,23.624835793492945,1.6465994871399747,94.34320116152642,2861.6493271987247,2839.5684049001134,-354.8071951778038,243.65844657768486,278.4624346267648,189.7832920192836,5678.590863206649,5323.783668028846,True,hit,hit,True,5.316666666666653,86,112,26,False
blue,blue_0,red_0,m1,79,941,2735.738809083855,0.25409165693694025,14.558379551972683,1.6847783114642008,96.53068666207598,2735.738809083855,2596.7975735589584,-860.76082246223,244.1206350588884,271.05601150410854,176.99853859390993,5875.591106066946,5014.830283604716,True,hit,hit,True,5.666666666666652,79,107,28,False
blue,blue_0,red_2,m0,51,608,5183.095525595748,0.2520949250558529,14.443975242367161,1.6373155244265316,93.8112692808893,5183.095525595748,5167.288879338342,-404.48098214497804,253.74931539923935,270.0014916658479,261.63791830778877,6069.692000306712,5665.211018161734,True,hit,hit,True,8.333333333333327,51,93,42,False
blue,blue_0,red_1,m2,81,971,3314.8237454093437,0.4820833438775743,27.621340977738942,1.646116826064782,94.31554671898263,3314.8237454093437,2941.6848685012237,-1527.922313980841,244.44307992489234,284.19952687268386,100.5160849695466,5843.061881598833,4315.139567617992,True,hit,hit,True,7.399999999999979,81,118,37,False
blue,blue_0,red_0,m1,74,885,3057.599960057893,0.22114331684953653,12.670578723002748,1.6854152638364504,96.56718134475673,3057.599960057893,2977.438921585158,-695.5393475396204,246.22960257731725,264.1391149277902,222.72676228668738,5927.970190318146,5232.430842778525,True,hit,hit,True,5.449999999999986,74,101,27,False
blue,blue_0,red_1,m2,77,915,2948.601801201876,0.4690325969647525,26.873588260140867,1.6124342484560739,92.3856771788818,2948.601801201876,2948.4818715799756,26.593890561403896,246.74330118206086,263.5419984733069,227.68089187172276,5894.886706300639,5921.480596862043,True,p_hit_fail,miss,False,5.116666666666654,77,102,25,True
blue,blue_0,red_1,m0,58,685,4544.696507498799,0.21262755496441912,12.18266150764715,1.698862697062177,97.33766251387486,4544.696507498799,4542.775428092028,-132.12779872180363,251.32888700368275,267.68723935355393,244.90641880073036,5987.326338690097,5855.1985399682935,True,p_hit_fail,miss,False,7.499999999999979,58,95,37,True
blue,blue_1,red_2,m1,59,699,4666.289264058104,0.18573178933680745,10.641647650411974,1.6027123534887124,91.82865362838253,4666.289264058104,4635.261521641528,-537.2207384803696,247.21631721713825,260.1487502883438,236.31952767313348,6073.829636185767,5536.608897705398,True,hit,hit,True,7.599999999999978,59,97,38,False
blue,blue_0,red_0,m2,63,755,4083.674751756915,0.07939459985037671,4.548975487556583,1.606222115355413,92.02974817044043,4083.674751756915,3926.734564545979,-1121.229297573339,248.21873485424027,267.8421770784311,207.0457236363097,5931.329320601896,4810.100023028557,True,hit,hit,True,7.216666666666646,63,99,36,False
blue,blue_0,red_0,m1,78,925,3293.03307921047,0.3562708899530563,20.412818357679928,1.6854658454798734,96.57007945944571,3293.03307921047,3173.9582154536915,-877.5284082742892,245.13894975149844,277.95208857141637,175.1984261000272,5830.015099819855,4952.486691545566,True,hit,hit,True,6.416666666666649,78,110,32,False
blue,blue_0,red_2,m0,74,878,3758.8915420087105,0.47599161768201553,27.27231077678414,1.6741357210548973,95.92091114853649,3758.8915420087105,3633.3156101836635,-963.4745982019103,243.82084488218587,271.62124420607273,172.54694410248277,5867.088340373844,4903.613742171934,True,hit,hit,True,7.899999999999977,74,113,39,False
blue,blue_0,red_1,m3,103,1236,2071.9023005779372,0.5234148072714115,29.989459391305274,1.6342751813416072,93.63707045385135,2071.9023005779372,2057.668528722559,-242.4445690150378,242.55978516235896,289.67638367644315,122.00859626036164,5499.79978545236,5257.355216437322,True,hit,hit,True,4.183333333333324,103,124,21,False
blue,blue_0,red_1,m3,96,1149,3298.46935209043,0.39563306051726804,22.668104603483346,1.756831477327644,100.65902896660738,3298.46935209043,3282.4247128949046,-324.94318096655934,242.48196151584753,293.79459261763,119.81413014349666,5475.284805593843,5150.341624627284,True,hit,hit,True,6.1499999999999835,96,127,31,False
blue,blue_0,red_0,m1,68,807,3323.963686637006,0.17847116833731477,10.225644710496987,1.6149728124134626,92.53112617966421,3323.963686637006,3323.9600465957583,4.919219104805961,242.20664742107672,257.5830767473596,266.1373185865146,5965.088769905429,5970.007989010235,True,hit,hit,True,5.266666666666653,68,94,26,False
blue,blue_0,red_1,m2,72,863,2928.8664731695253,0.35846505368349,20.538534678994463,1.7341069612146995,99.35701010185862,2928.8664731695253,2924.2298363431037,-164.73822233252122,243.19048637552402,269.8096359338324,216.06961178638988,5944.314288281013,5779.576065948492,True,hit,hit,True,5.23333333333332,72,98,26,False
blue,blue_0,red_2,m0,63,749,4200.523974741266,0.2825165448217491,16.187005660904777,1.6531384256070165,94.71785473818366,4200.523974741266,4182.908454475102,-384.28963537529216,247.7465122248897,277.3342374341476,239.79216562108715,5968.883729879735,5584.594094504443,True,hit,hit,True,7.183333333333313,63,99,36,False
blue,blue_0,red_1,m1,71,848,3349.7220679192587,0.33435380819442956,19.157062073667454,1.6819808499105111,96.37040392169945,3349.7220679192587,3343.030752336021,-211.62070135251815,246.93856748765992,263.4465484844327,220.65188092132152,5891.493239057042,5679.872537704524,True,hit,hit,True,5.633333333333319,71,99,28,False
blue,blue_0,red_0,m1,64,762,3757.702627104373,0.08511273194438393,4.8766003232415,1.7041054370123163,97.63804938610247,3757.702627104373,3719.019391629241,-537.7953127657183,245.8626596836694,267.342579608893,240.27367559471352,6007.059999172593,5469.264686406875,True,hit,hit,True,6.299999999999983,64,95,31,False
blue,blue_0,red_2,m0,56,665,4953.6009448001505,0.31154575909812304,17.85025712152192,1.7947636203501371,102.83238066968285,4953.6009448001505,4922.345147536963,-555.5902886518588,251.21891990432633,281.7829779217566,214.7493636208339,6027.323574240876,5471.733285589017,True,hit,hit,True,9.100000000000032,56,101,45,False
blue,blue_0,red_0,m2,75,900,3484.750746521631,0.17805051270661504,10.201542918229478,1.735745825273007,99.45091009559532,3484.750746521631,3156.3644968957233,-1476.7704385310772,247.53646511911282,269.90353774699696,158.0164584869428,5843.88339960335,4367.112961072273,True,hit,hit,True,6.849999999999981,75,110,35,False
blue,blue_0,red_2,m2,69,820,4000.1855740057326,0.4024275126466191,23.057398034598833,1.6279641357048398,93.27547417455013,4000.1855740057326,3935.403330518217,-716.9973867662957,244.60415586932595,272.1209170819459,193.10285137294971,5964.080727283304,5247.083340517009,True,hit,hit,True,7.716666666666645,69,107,38,False
blue,blue_0,red_1,m0,59,699,4889.871864335392,0.23846166630809446,13.662847055110792,1.6648140379900722,95.38681805096344,4889.871864335392,4810.247905458404,-878.8412471271067,248.72208595072394,271.36824529690716,216.40681225437572,6037.570252815597,5158.72900568849,True,hit,hit,True,10.166666666666751,59,109,50,False
blue,blue_1,red_2,m0,67,802,4265.43816905571,0.5319472107817823,30.478330101552128,1.6907254103221252,96.87143032698212,4265.43816905571,4048.6009321362903,-1342.681371860982,238.02073467915173,281.62584797586976,155.36764450019834,5933.629511464043,4590.9481396030615,True,hit,hit,True,10.116666666666749,67,118,51,False
blue,blue_0,red_0,m1,72,853,3586.0984762283665,0.23809256540874066,13.641699131363335,1.6210688436888923,92.88040304352609,3586.0984762283665,3404.262480754152,-1127.4303718354404,243.08146207129943,282.8279273607954,184.60060370686762,5873.052707803046,4745.622335967606,True,hit,hit,True,7.333333333333313,72,108,36,False
blue,blue_0,red_1,m2,74,884,3789.4018245460447,0.45017821406894526,25.79331169488746,1.764746808978634,101.11254406365542,3789.4018245460447,3753.5198853782326,-520.2448057819247,243.95234257796756,274.6715781233508,168.05435995337947,5845.529819547345,5325.28501376542,True,hit,hit,True,7.833333333333311,74,113,39,False
blue,blue_0,red_1,m1,70,831,4033.1100279878906,0.43978432706305637,25.19778583671416,1.572439039532881,90.09412050683889,4033.1100279878906,4032.25168945619,83.20342982224884,243.48835013110818,266.2462441793929,213.79317626808447,5995.329248014869,6078.532677837118,True,hit,hit,True,7.233333333333313,70,106,36,False
blue,blue_0,red_2,m0,58,685,5038.918395606153,0.39503482089502395,22.633827997991258,1.6662729350241108,95.470406693758,5038.918395606153,4906.620369896646,-1147.0724228632625,249.2543551625869,281.6165584025739,191.28205344944587,6060.316856983567,4913.2444341203045,True,hit,hit,True,10.066666666666746,58,108,50,False
blue,blue_0,red_0,m2,100,1189,1892.5289148313038,0.7724553741899128,44.25843280328075,1.6819600594294117,96.36921271487842,1892.5289148313038,1374.0593759569972,-1301.39406976412,247.22479365059615,296.67630011832927,3.873011730833767,5613.84743381419,4312.4533640500695,True,hit,hit,True,4.466666666666656,100,122,22,False
blue,blue_0,red_1,m0,64,758,4263.849755120852,0.445076330892657,25.500995321317347,1.5838461640335186,90.7477005971057,4263.849755120852,4256.020281173888,-258.27524171063396,241.6971723473776,258.6786421482977,223.56197383104123,6128.45951434565,5870.184272635016,True,hit,hit,True,7.283333333333313,64,100,36,False
blue,blue_0,red_2,m0,46,545,5745.48379205865,0.353515741449942,20.254959976519697,1.5770854754879577,90.36034167684262,5745.48379205865,5731.8067028312125,-396.2018755480967,260.6971738928628,275.1579131354334,254.82076172603155,6030.912142492302,5634.710266944206,True,p_hit_fail,miss,False,9.683333333333394,46,94,48,True
blue,blue_0,red_0,m2,93,1109,1435.1889205169268,0.5584689189372861,31.99791204434019,1.7819123763309026,102.09605862588796,1435.1889205169268,1361.935256415038,-452.65836445187506,250.8887419695612,276.9596802056653,106.63996619410266,6017.772965382747,5565.114600930872,True,hit,hit,True,3.4499999999999926,93,110,17,False
blue,blue_0,red_1,m1,58,685,4679.100270332396,0.28463104064461,16.308157347352747,1.604178593407756,91.91266298749731,4679.100270332396,4676.473285510898,-156.7703726078471,251.64830270383428,264.4906893318962,245.88672882757314,5972.995036981245,5816.224664373398,True,hit,hit,True,8.066666666666647,58,98,40,False
blue,blue_0,red_0,m2,79,942,3290.3232230235867,0.257297739350496,14.742074543040543,1.6025893926884915,91.82160849348432,3290.3232230235867,3025.0252594374183,-1294.391398199904,240.82885448004117,269.89410099559547,172.59787068233987,5709.987756584145,4415.596358384241,True,hit,hit,True,5.7666666666666515,79,108,29,False
blue,blue_0,red_1,m2,147,1763,3809.549513674969,0.7121074037323551,40.80074879388252,1.7084669443620537,97.88794534955771,3809.549513674969,2020.9880186130292,-3229.283964869577,254.42049974435923,261.80798545038976,-13.88940106283166,4726.65910605677,1497.3751411871926,True,overshoot,miss,False,19.033333333333534,147,242,95,True
blue,blue_0,red_2,m1,66,788,4696.354525427258,0.6079999322310083,34.83583006107685,1.5734406028987387,90.15150586061745,4696.354525427258,4494.5039252216,-1362.0500338345537,239.89463429872373,285.8641537263256,134.67854883074315,6135.050738408037,4773.000704573484,True,hit,hit,True,13.30000000000024,66,133,67,False
blue,blue_0,red_2,m0,54,648,4841.493617317672,0.26230564032763326,15.02900613324995,1.6405619478288527,93.99727564035481,4841.493617317672,4839.255163506291,147.20702770404205,252.61670648652256,250.8397249878396,267.34397862177804,6020.061718226604,6167.268745930646,True,hit,hit,True,7.399999999999979,54,91,37,False
blue,blue_0,red_1,m1,60,717,4488.915183731542,0.2441147225291112,13.986743317925226,1.617818333513588,92.69416252921683,4488.915183731542,4488.907306392155,8.409598962839482,248.7840330730111,268.2050359306682,242.57619207745483,5972.579817016871,5980.98941597971,True,hit,hit,True,7.399999999999979,60,97,37,False
blue,blue_0,red_1,m0,49,581,5346.209436651488,0.2906787770007637,16.654667116168184,1.684340061257461,96.50557677485907,5346.209436651488,5346.008869706392,46.308806527592424,258.5762752230308,255.8666647522296,266.7854485286245,6015.923662005715,6062.232468533308,True,p_hit_fail,miss,False,8.666666666666677,49,92,43,True
blue,blue_0,red_1,m3,244,2919,1857.893690948649,0.20940391331871827,11.997960446685886,3.1044643960333556,177.8727075413414,1857.893690948649,1829.3997873102078,-324.1379105506812,250.6151088257785,286.6438970858675,-30.004653721428227,3002.296563260654,2678.1586527099726,True,hit,hit,True,5.166666666666654,244,269,25,False
blue,blue_0,red_2,m1,59,705,4642.768039396676,0.31775397058646954,18.205961438128803,1.6089329493076736,92.18506751486572,4642.768039396676,4596.499519910359,-653.8250768417274,251.15912865430766,278.8768640096151,226.91235820637107,5957.563870155756,5303.738793314029,True,hit,hit,True,8.099999999999982,59,100,41,False
blue,blue_0,red_1,m1,74,883,2944.4389027825387,0.3260054766996341,18.67873791303953,1.6904074456595177,96.85321229378042,2944.4389027825387,2931.6463958693366,-274.1712271657443,245.25419578304613,272.90087870149193,231.88852750775743,5945.7491224316045,5671.57789526586,True,hit,hit,True,5.33333333333332,74,101,27,False
blue,blue_0,red_2,m0,53,634,5172.0707423784725,0.2276500188507779,13.043385286223206,1.6704152923706612,95.70774628695035,5172.0707423784725,5125.321553596048,-693.8261571973208,252.42338960616067,273.83741742016304,240.70482188597722,6053.363395079321,5359.537237882,True,hit,hit,True,9.616666666666724,53,101,48,False
blue,blue_0,red_0,m2,75,898,3477.2638807488074,0.3886991412771591,22.270820295540545,1.6327747562057215,93.55110242608977,3477.2638807488074,3202.432946137939,-1354.912293047243,235.17848595566198,284.5308467592685,157.4507575159561,5821.805025134639,4466.892732087396,True,hit,hit,True,6.5333333333333155,75,108,33,False
blue,blue_1,red_0,m2,69,827,3516.5444368769267,0.15632731626040217,8.956895444327891,1.6078611220364838,92.12365633585952,3516.5444368769267,3507.0824069073965,-257.79404122416327,246.42734759586645,269.9114095814326,243.90201788215265,5978.832434104598,5721.038392880435,True,hit,hit,True,5.666666666666652,69,98,29,False
blue,blue_0,red_0,m2,69,828,3602.1289466950966,0.2050055734716701,11.745954136585809,1.7412155440894317,99.76430189889975,3602.1289466950966,3403.6132305056844,-1179.3006087276399,245.54115542677934,277.972835296146,188.86941117605076,5837.894719056662,4658.594110329022,True,hit,hit,True,7.0833333333333135,69,105,36,False
blue,blue_0,red_2,m3,95,1140,4054.0266190755515,0.664221906737234,38.05711191617569,2.2485606622042713,128.83303592344632,4054.0266190755515,4001.0926669216624,-652.9849147406458,246.20178657691292,311.98255843875637,6.210037575268662,5519.836694203397,4866.851779462751,True,hit,hit,True,11.916666666666838,95,155,60,False
blue,blue_0,red_1,m1,69,820,3578.692424430339,0.20758898748959015,11.893972856547562,1.5795197109803283,90.4998130968964,3578.692424430339,3490.0709538389524,-791.4822839740409,242.2365466469055,284.6064677766047,210.57289403725508,5990.469107851954,5198.986823877913,True,hit,hit,True,6.549999999999982,69,101,32,False
blue,blue_0,red_2,m0,55,656,5098.918220300827,0.2020725253589556,11.577902858618456,1.6620331892634201,95.22748715546194,5098.918220300827,5009.156483273568,-952.532594399865,248.72905743796613,281.3946594329032,233.9253260381232,6081.372362090822,5128.839767690957,True,hit,hit,True,9.383333333333379,55,102,47,False
blue,blue_0,red_0,m2,77,913,3626.1341773738627,0.2442793551968668,13.996176074957601,1.635434682825215,93.70350499520124,3626.1341773738627,3251.6736385088084,-1604.8263522717052,245.751143975441,274.1943767266124,139.90641273608807,5925.152544741217,4320.326192469512,True,hit,hit,True,6.6166666666666485,77,110,33,False
blue,blue_0,red_1,m3,93,1115,3672.577086991373,0.5311642302378609,30.43346862094457,1.6943259737716838,97.0777274165109,3672.577086991373,3671.6564947193046,82.22557193227294,249.0485770207734,282.6272110587357,131.9817389353436,5576.933112489405,5659.158684421678,True,hit,hit,True,7.233333333333313,93,129,36,False
blue,blue_0,red_0,m0,72,861,2924.7952285083497,0.23552454517992605,13.494562410548038,1.7185582094675755,98.46613225005176,2924.7952285083497,2896.6650096367316,-404.67141071669994,244.65074852298812,268.653673117984,227.46251080698934,5955.232826505873,5550.561415789173,True,hit,hit,True,5.23333333333332,72,98,26,False
blue,blue_0,red_1,m1,79,946,2867.268016479735,0.48389639420739317,27.725221109682366,1.8130499306665318,103.8801090736788,2867.268016479735,2685.3147737482536,-1005.1420020161322,246.08987890854564,277.36205671606797,136.91341734982672,5886.78675594746,4881.644753931328,True,hit,hit,True,6.3166666666666496,79,111,32,False
blue,blue_0,red_2,m2,86,1022,3529.8825264893057,0.4388938581311308,25.146765725127302,1.6280257962001023,93.27900706069136,3529.8825264893057,2944.7085622411073,-1946.4742829738175,246.98422340214412,291.25111666195517,95.17344981564331,5805.009725660051,3858.5354426862336,True,hit,hit,True,8.149999999999984,86,126,40,False
blue,blue_0,red_1,m1,64,763,4456.2958655587445,0.328693485828103,18.83274949139344,1.6177472796454948,92.690091442457,4456.2958655587445,4455.661596646941,-75.18362562150924,245.47079419558168,258.8641970376307,236.75309476565616,6021.557910463332,5946.374284841822,True,hit,hit,True,7.433333333333312,64,101,37,False
blue,blue_0,red_0,m2,74,878,2963.2317531982603,0.214292774962087,12.278071585474306,1.6911193634213113,96.89400217689159,2963.2317531982603,2842.3775892553367,-837.6348030385661,244.4100576884853,274.6382349624501,199.978338450806,5925.462682866419,5087.8278798278525,True,hit,hit,True,5.799999999999985,74,103,29,False
blue,blue_0,red_2,m0,53,627,5412.703140674496,0.3640108505103593,20.856285431211116,1.704669061760299,97.67034270539101,5412.703140674496,5376.546060304092,-624.5860633220245,253.22756988327518,267.51340891432613,214.91120476820802,6062.199745771976,5437.613682449952,True,hit,hit,True,10.583333333333439,53,106,53,False
blue,blue_0,red_2,m0,52,613,5067.604392490582,0.35016303203602234,20.06286387716832,1.5961817029851177,91.45447491705156,5067.604392490582,5056.556342557835,-334.44316905562573,254.64614411126,265.98892556075145,262.2805500451146,6053.474915920713,5719.031746865087,True,hit,hit,True,7.6333333333333115,52,90,38,False
blue,blue_0,red_0,m1,72,857,3313.139634639897,0.19189466410765046,10.994754364448934,1.6046992329572891,91.94249343633317,3313.139634639897,3164.5547777841257,-981.0643694607661,243.82643015861314,284.0950992108091,185.3655329676993,5932.041341218037,4950.976971757271,True,hit,hit,True,6.483333333333316,72,104,32,False
blue,blue_0,red_1,m1,53,625,4972.343213569313,0.28145519585798073,16.126194844690264,1.6756652791430966,96.0085483715104,4972.343213569313,4966.95522035286,-231.414935858249,254.7597008664951,261.10868152945596,254.20504305978335,6031.624311445096,5800.209375586847,True,hit,hit,True,8.233333333333322,53,94,41,False
blue,blue_0,red_2,m0,48,572,5657.183580995062,0.38584816172916653,22.107471199962454,1.6487076270270205,94.46398867967733,5657.183580995062,5635.367758539427,-496.3429208666412,258.2106411031062,272.887431352683,251.64135971900555,6045.965986787067,5549.623065920426,True,hit,hit,True,9.366666666666712,48,95,47,False
blue,blue_0,red_1,m2,84,1007,2832.627034613223,0.5359157110824628,30.70570841977752,1.7290886025302044,99.06947932915422,2832.627034613223,2554.6339524666523,-1223.7733802164148,242.67949949173553,276.1597112675883,141.77920102668824,5797.792859811277,4574.019479594862,True,hit,hit,True,5.799999999999985,84,113,29,False
blue,blue_0,red_2,m0,72,858,3587.3776716152042,0.19761923592239147,11.32274816895314,1.6384043471999856,93.87365423044595,3587.3776716152042,3558.040667411503,-457.848411430281,234.55224123251355,265.3706482736439,190.4241601783911,5799.450940823041,5341.60252939276,True,hit,hit,True,6.3166666666666496,72,103,31,False
blue,blue_0,red_1,m0,78,929,3446.2595852362947,0.4617456866015925,26.456079050641655,1.6472688851677493,94.38155484333228,3446.2595852362947,3416.363050896328,-452.9554429558948,243.58648323040018,282.3340797608538,185.68449893206432,5825.976980623454,5373.02153766756,True,hit,hit,True,6.16666666666665,78,109,31,False
blue,blue_0,red_2,m0,63,748,4351.822478390782,0.368222844881021,21.097614931982896,1.6471001367650384,94.37188627205738,4351.822478390782,4197.151811862089,-1149.9024096026887,246.89045208606368,274.02740804748436,208.30679390903364,6001.908601571636,4852.006191968947,True,hit,hit,True,8.399999999999997,63,105,42,False
blue,blue_0,red_0,m1,86,1030,2588.1739925831007,0.3143388958086443,18.01029206663784,1.6277791319775794,93.26487424178391,2588.1739925831007,2350.1093027390452,-1084.2651341175488,241.78824744092972,282.0151305326408,159.9283514800407,5630.3128646055675,4546.047730488019,True,hit,hit,True,4.766666666666655,86,110,24,False
blue,blue_0,red_0,m0,55,652,4499.9538911459,0.07642671785890591,4.378928375352424,1.6459337785312087,94.3050588678586,4499.9538911459,4490.392982629085,-293.1823391587559,250.74817884188937,264.84971076635594,275.1064306894581,6067.251867678112,5774.069528519356,True,hit,hit,True,6.983333333333314,55,90,35,False
blue,blue_0,red_0,m2,89,1068,2179.2061434280413,0.5675399579232256,32.517644294033154,1.8034747278998537,103.33149036716615,2179.2061434280413,1740.6143965485517,-1311.1830299704297,247.61978643449137,280.6615603005725,69.78693845768622,5693.027447710957,4381.844417740527,True,p_hit_fail,miss,False,5.466666666666653,89,117,28,True
blue,blue_1,red_2,m1,89,1067,2372.663382753979,0.5774155276767093,33.08347276119482,1.7446422756157745,99.96063915288362,2372.663382753979,1801.0481455741535,-1544.5896235523069,246.92510695727495,287.92652232524927,87.49029051939922,5708.813264621968,4164.223641069661,True,hit,hit,True,5.633333333333319,89,117,28,False
blue,blue_0,red_0,m1,76,911,3151.55374100425,0.329538122514441,18.88114360874252,1.7724113456669208,101.55168966781743,3151.55374100425,2987.949284684056,-1002.2225574162258,243.8117967309046,276.95814313437137,156.88162260140703,5845.618515774397,4843.395958358171,True,hit,hit,True,7.033333333333314,76,111,35,False
blue,blue_0,red_0,m2,87,1034,2832.578396996318,0.3613842793353782,20.705793988293983,1.6975726341547537,97.26374735397313,2832.578396996318,2242.2631973765588,-1730.8252739144073,239.47324233085766,292.7279754923141,91.34034454555733,5613.677997833876,3882.852723919469,True,hit,hit,True,6.06666666666665,87,117,30,False
blue,blue_0,red_1,m2,94,1123,2103.4663598295283,0.6912165182915282,39.60378922783183,1.6559838488886944,94.88088548315207,2103.4663598295283,1457.9134855179375,-1516.2648171343371,249.7590879537168,294.1636084781396,9.315636732834719,5635.491128459757,4119.22631132542,True,p_hit_fail,miss,False,5.749999999999985,94,123,29,True
blue,blue_0,red_1,m1,71,851,3636.540048230503,0.29669734309477985,16.999505552075846,1.5959942010421742,91.4437318470704,3636.540048230503,3306.068774432266,-1514.7055096975937,243.05771472784232,277.62280390216813,165.04482401344677,5932.0620802165395,4417.356570518946,True,hit,hit,True,7.333333333333313,71,108,37,False
blue,blue_0,red_1,m2,103,1227,2660.59344854942,0.7635728337664754,43.74950072566344,2.1032267385111947,120.50601547575666,2660.59344854942,1499.3865879228292,-2197.8619971283983,256.7907120993765,286.0274995402935,7.108818536528084,5439.071479450549,3241.209482322151,True,hit,hit,True,6.133333333333317,103,133,30,False
blue,blue_0,red_2,m2,82,973,3257.734178869421,0.4975269147403288,28.506192408785985,1.656230532124928,94.89501939146488,3257.734178869421,2956.1357127198526,-1368.975393553993,244.34566778783375,290.6659788284787,128.33014543258156,5843.221108781418,4474.245715227425,True,p_hit_fail,miss,False,7.09999999999998,82,117,35,True
blue,blue_0,red_2,m0,55,659,4853.49356047648,0.2283596061616019,13.084041644329458,1.6456419982635833,94.28834108997847,4853.49356047648,4829.871538940842,-478.2683963172585,251.14677091841835,254.8791264164999,258.0403360843596,6051.357169307314,5573.088772990055,True,hit,hit,True,7.716666666666645,55,94,39,False
blue,blue_0,red_0,m1,67,804,3685.1342205527885,0.19364137460278727,11.09483350385148,1.6987528403271073,97.33136818660428,3685.1342205527885,3614.689895685344,-717.0991434379821,244.66574792718066,278.5377449349027,213.89001656144725,5952.660265140087,5235.561121702105,True,hit,hit,True,6.933333333333314,67,102,35,False
blue,blue_0,red_0,m3,132,1583,3073.5923179661177,0.7164913674625774,41.05193141316268,2.652093654207023,151.9537732594904,3073.5923179661177,2250.272678460491,-2093.61949972639,255.7406850586518,303.8820607552827,-134.2675354086652,4971.344514866398,2877.7250151400076,True,overshoot,miss,False,8.58333333333334,132,175,43,True
blue,blue_0,red_0,m0,85,1010,2625.453353581972,0.2871901264328546,16.454782162431073,1.639093315445911,93.91312920315602,2625.453353581972,2618.4183657882836,192.06918945379675,244.00505104564851,268.8845161074353,233.4134344321097,5944.661999801665,6136.731189255462,True,hit,hit,True,4.549999999999989,85,107,22,False
blue,blue_0,red_2,m3,118,1413,3163.2681788674095,0.5779765147477578,33.115614952727306,2.354707983586754,134.91482944528133,3163.2681788674095,2498.034153303547,-1940.6418887481964,249.06114982874055,293.15648478276194,-54.10787885980798,5328.221730174552,3387.579841426356,True,hit,hit,True,8.566666666666672,118,161,43,False
blue,blue_0,red_1,m2,76,908,4002.317226357713,0.4449670956126478,25.494736600798888,1.5903986908193524,91.1231327270804,4002.317226357713,3719.7193793001843,-1477.2375975645718,244.5044237111516,291.01079781321573,136.4341047113607,5866.792917744745,4389.555320180173,True,hit,hit,True,11.400000000000146,76,133,57,False
blue,blue_0,red_2,m0,45,532,5895.970892166949,0.3362540314423405,19.265936845905394,1.6508252604906843,94.58532013970094,5895.970892166949,5884.650977903636,-365.1789007290963,261.0050957237045,266.34326492311584,254.31566917053388,6050.64525909011,5685.466358361014,True,hit,hit,True,10.016666666666744,45,95,50,False
blue,blue_0,red_1,m1,89,1065,2910.5408432056097,0.6869287799129418,39.35811991508257,1.813503011255186,103.90606867918798,2910.5408432056097,2526.075534383622,-1445.7490773147729,244.78287198211706,288.30525918058015,73.18037037897926,5929.938410995974,4484.189333681201,True,hit,hit,True,7.04999999999998,89,124,35,False
blue,blue_2,red_1,m3,143,1714,2934.5947925057467,0.7323267177533639,41.959230151936005,2.261071886838912,129.54987629155133,2934.5947925057467,1672.7743793495997,-2411.155837351333,251.89444082929387,329.96478117748404,-91.27080660376237,4524.272141449031,2113.1163040976976,True,overshoot,miss,False,10.033333333333411,143,193,50,True
blue,blue_1,red_2,m2,104,1246,2781.298020807545,0.7136024186148989,40.88640683696152,1.653175900093892,94.72000186812105,2781.298020807545,1823.9139665087232,-2099.751538473632,247.4147532996248,289.14555426957924,60.683582202563656,5463.514257665333,3363.7627191917013,True,hit,hit,True,5.2166666666666535,104,130,26,False
blue,blue_0,red_1,m1,71,845,3821.00260272511,0.30222531610530184,17.316235074840982,1.5958821013375477,91.43730900711063,3821.00260272511,3800.3574855882002,-396.66594480216645,243.50476915755863,277.95813155123926,209.8599987177085,5856.806065692405,5460.140120890239,True,hit,hit,True,6.9999999999999805,71,106,35,False
blue,blue_0,red_1,m0,61,726,4175.536504984529,0.19517983046641094,11.182980531804269,1.6225951429821306,92.96785355130244,4175.536504984529,4174.2285209242045,-104.5053087710885,245.35442690203118,259.7254098883452,257.7997899729246,6096.038253415815,5991.532944644727,True,hit,hit,True,6.6999999999999815,61,94,33,False
blue,blue_0,red_0,m4,176,2112,3659.6871678458156,0.5328689932340027,30.531144345693576,2.704766872504825,154.9717263613257,3659.6871678458156,2861.3216895494547,-2281.698568042935,241.50034210664995,288.84421510817896,-7.453335215800001,4019.0240773915484,1737.325509348613,True,hit,hit,True,8.166666666666652,176,217,41,False
blue,blue_0,red_0,m2,77,918,2732.6440068136835,0.33884279734634726,19.414262206352348,1.636128381035041,93.74325097488006,2732.6440068136835,2732.476638283763,-30.243829258377446,245.90721864080606,259.3154014763804,242.7110651608321,6024.96644973799,5994.7226204796125,True,hit,hit,True,4.466666666666656,77,99,22,False
blue,blue_0,red_0,m2,89,1065,2889.926382784507,0.6045580770210655,34.638626283852005,1.6856989922373842,96.58343778465823,2889.926382784507,2010.0230133832247,-2076.4108417131147,241.09827074583723,301.3384164691128,20.708596473155296,5619.013800709588,3542.6029589964737,True,p_hit_fail,miss,False,7.116666666666647,89,125,36,True
blue,blue_0,red_1,m4,195,2330,3545.9743049683593,0.32841438428186176,18.81675815073824,2.833403353809697,162.3420538315084,3545.9743049683593,3050.2754456045586,-1808.2459670735475,256.44947085560244,312.0798725614064,86.9676842155242,4525.3964287278095,2717.150461654262,True,overshoot,miss,False,7.14999999999998,195,230,35,True
blue,blue_0,red_1,m1,67,799,3665.480870672123,0.2319207184308988,13.288078347732425,1.685079373346161,96.54793623728457,3665.480870672123,3588.370430037792,-747.8954940990425,245.6472855940013,269.0978667280724,214.7343080734494,5912.17530500946,5164.279810910418,True,hit,hit,True,6.5333333333333155,67,100,33,False
blue,blue_0,red_2,m0,61,727,4652.527895861782,0.3509225627280945,20.106381780234706,1.6861404553622137,96.60873175852163,4652.527895861782,4603.239993851845,-675.4238526843192,248.5285533578468,281.30172689535004,207.64791987761305,5971.888726906306,5296.464874221987,True,p_hit_fail,miss,False,9.233333333333372,61,107,46,True
blue,blue_0,red_2,m1,66,784,4545.118805239457,0.4124350956623391,23.630790304526396,1.7497961783156377,100.25593602560686,4545.118805239457,4349.584016724557,-1318.7963585010475,243.607724153114,290.07570103665665,143.39498894999937,6081.504882901772,4762.708524400725,True,hit,hit,True,12.183333333333518,66,127,61,False
blue,blue_0,red_0,m2,90,1069,2586.8111981283705,0.521987459949766,29.907678413875683,1.7465245984687687,100.06848830804121,2586.8111981283705,1997.450220689819,-1643.7106772873776,238.64531566566967,294.04276271227366,73.95708237613748,5594.600141892734,3950.889464605357,True,hit,hit,True,6.349999999999983,90,121,31,False
blue,blue_2,red_0,m3,137,1644,2791.9892197299937,0.7509872970489457,43.028402588842056,2.9081996846368625,166.62756791096922,2791.9892197299937,1858.3500605920026,-2083.6839624535673,250.64423545391566,300.6086472186995,-12.976148702702517,4717.374135969623,2633.690173516056,True,overshoot,miss,False,6.933333333333314,137,172,35,True
blue,blue_0,red_1,m5,232,2773,3281.068798927654,0.24817859751847265,14.21958620328441,2.980514194203658,170.770884106705,3281.068798927654,3270.8507994568263,-258.7421708751722,250.7919527253004,306.58932973507297,-22.291966277061277,3933.1006223292743,3674.358451454102,True,hit,hit,True,8.38333333333333,232,273,41,False
blue,blue_0,red_1,m1,64,763,3896.868273063714,0.4082725061627458,23.392291494354225,1.6316914742252902,93.48903494058847,3896.868273063714,3893.337093473881,-165.85721024702525,244.20466204821818,244.83872612505343,249.79398251755958,6082.2400270231665,5916.382816776141,True,hit,hit,True,6.21666666666665,64,95,31,False
blue,blue_0,red_2,m0,51,604,5474.925553092364,0.4175258547449185,23.922469314476086,1.6601150371108506,95.11758513265578,5474.925553092364,5440.114991353602,-616.4078947852076,256.45967922335916,277.4208797336785,226.5324938911552,6038.114837271333,5421.706942486126,True,hit,hit,True,10.583333333333439,51,104,53,False
blue,blue_0,red_0,m2,90,1077,1082.039552276654,0.21593194242744565,12.371988963154513,1.6630754969523078,95.28720698698925,1082.039552276654,1077.7750555005143,95.97146675926615,243.83571805532895,254.8577021096585,222.4822176158583,6137.092244975163,6233.0637117344295,True,hit,hit,True,2.3833333333333298,90,102,12,False
blue,blue_0,red_2,m0,55,652,5205.402131623273,0.4540678053454436,26.01616885906172,1.6466903315273065,94.34840616151298,5205.402131623273,5180.287697899563,-510.71588862944554,251.66122931834005,272.7983823910906,215.3089894203425,6074.355670703051,5563.639782073606,True,hit,hit,True,9.550000000000054,55,102,47,False
blue,blue_0,red_1,m2,91,1081,1310.3270704907561,0.6496115252573602,37.21999872030282,1.7783358799062547,101.89114047531201,1310.3270704907561,1225.8881819138603,-462.7690537458366,248.03242693899438,267.40399439167976,126.6375844950407,5758.15233056598,5295.383276820144,True,hit,hit,True,3.183333333333327,91,106,15,False
blue,blue_0,red_0,m1,79,945,2912.6022495508028,0.3434403096055772,19.67768025506588,1.6407511190867128,94.00811435503537,2912.6022495508028,2730.689288649862,-1013.2067276431335,243.19483963612728,265.7859913525408,191.7628791646563,5859.616930018364,4846.41020237523,True,hit,hit,True,5.466666666666653,79,106,27,False
blue,blue_0,red_1,m0,62,733,4178.333060666699,0.11551600700425425,6.618579667547425,1.6672803095572073,95.52812500289339,4178.333060666699,4147.459962755048,-506.99410568983694,247.71631408571915,271.54304127840294,246.80297054309744,5942.845468936574,5435.8513632467375,True,hit,hit,True,6.883333333333314,62,96,34,False
blue,blue_0,red_2,m3,108,1295,3977.154370885617,0.5572928693209853,31.930529364828175,2.4398983377553947,139.79587719436915,3977.154370885617,3863.758674129572,-942.9346732107488,252.69194405969466,340.512709821023,-72.63178380320315,5400.701137894556,4457.7664646838075,True,hit,hit,True,12.083333333333513,108,169,61,False
blue,blue_0,red_2,m1,71,850,3783.0933428591043,0.3073182398793456,17.608038112475526,1.6692947805810991,95.64354569051379,3783.0933428591043,3769.3676855945773,-321.96660010046435,241.10402831148576,264.4814380757395,215.15727971180254,5840.308380975433,5518.341780874968,True,hit,hit,True,6.683333333333315,71,105,34,False
blue,blue_0,red_0,m2,85,1009,3291.115195484451,0.5368393983250458,30.7586318003676,1.584394157596229,90.77909831544935,3291.115195484451,2597.212414265426,-2021.3675828839773,235.97254502942238,286.0152633308629,119.9692923213539,5694.465432789324,3673.0978499053467,True,hit,hit,True,5.699999999999985,85,113,28,False
blue,blue_0,red_2,m0,58,692,4972.3390363808385,0.34277114016393795,19.639339670280826,1.5828370534970961,90.68988282230652,4972.3390363808385,4964.625050302864,-276.8638701997861,247.11552158214792,267.31495845723816,226.8016770157709,6097.014082729851,5820.150212530065,True,hit,hit,True,8.750000000000014,58,102,44,False
blue,blue_0,red_0,m2,82,982,2520.513587576623,0.4233254408175026,24.254761119358008,1.722788809950277,98.70852780251656,2520.513587576623,2478.676465099671,-457.33109069839156,247.68250338391627,278.6310450320529,175.2286189310742,5950.09901595701,5492.767925258619,True,hit,hit,True,4.966666666666654,82,107,25,False
blue,blue_0,red_1,m1,79,942,3379.2979073963443,0.4989032586593525,28.58505110650454,1.592726123055936,91.25648477133933,3379.2979073963443,3157.0622773719274,-1205.2435951825228,246.01364732433976,265.9305720857288,203.28249722940603,5980.553367818475,4775.309772635952,True,hit,hit,True,6.249999999999983,79,110,31,False
blue,blue_0,red_0,m4,173,2074,3583.8400206250876,0.5308792042632066,30.417137835545276,2.9719189812012976,170.27841467765379,3583.8400206250876,3249.5335231381723,-1511.4367917432892,243.87500944877004,310.2935391256127,-50.19974333352906,4388.001262568738,2876.5644708254486,True,overshoot,miss,False,10.666666666666776,173,227,54,True
blue,blue_0,red_0,m0,67,804,3531.419838884519,0.19906636321656046,11.40566245532721,1.6360377101457608,93.7380559155996,3531.419838884519,3527.9147289034895,-157.3014432641412,244.01866175021402,263.560327032702,261.11204341923803,6027.107394259725,5869.805950995584,True,hit,hit,True,5.466666666666653,67,95,28,False
blue,blue_0,red_1,m1,74,887,3315.879604313021,0.4410132770863557,25.268199486281716,1.6064599917243765,92.04337748242793,3315.879604313021,3282.0057634735863,-472.7533382486454,244.13051240524996,270.6421456811036,197.4564618940576,5984.129135708958,5511.375797460312,True,hit,hit,True,6.133333333333317,74,105,31,False
blue,blue_0,red_2,m2,84,999,3383.3280951362353,0.4011068241080788,22.981728155289176,1.8227736900447375,104.43723944705074,3383.3280951362353,2933.7328296905994,-1685.2657604466358,246.3415778784839,289.3148785134117,78.93082580945587,5913.211298739627,4227.945538292991,True,p_hit_fail,miss,False,8.016666666666644,84,124,40,True
blue,blue_0,red_0,m5,228,2728,3744.64625029727,0.14803835717614036,8.481973072243067,3.021346342930523,173.11039389720486,3744.64625029727,3736.4777165926084,247.20399121432092,248.0761465241671,245.98242020621416,25.36032032961326,3445.4130269315547,3692.6170181458756,True,hit,hit,True,8.483333333333334,228,270,42,False
blue,blue_0,red_2,m0,58,692,4912.966809078163,0.3121843842473092,17.8868476472612,1.7009023253848188,97.45452460853758,4912.966809078163,4901.183502628939,-340.06343623153407,249.52605223003587,264.03955834198916,222.0469823691272,5973.54767756786,5633.484241336326,True,hit,hit,True,7.5499999999999785,58,96,38,False
blue,blue_0,red_0,m1,64,762,4147.677274341968,0.11957261798952173,6.851006356129658,1.6202800414995258,92.8352080072047,4147.677274341968,4120.298133905979,-475.78362710766305,244.902709654008,269.20877577146854,221.8425781767905,5912.849649313853,5437.06602220619,True,hit,hit,True,6.799999999999981,64,98,34,False
blue,blue_0,red_1,m2,85,1014,1323.7053124340105,0.3537049868708976,20.265802940432625,1.6232065791703452,93.00288626432871,1323.7053124340105,1322.285286736184,-61.29742773582802,245.73571718790862,267.5833035923738,223.7914000032042,5864.503046318723,5803.205618582895,True,hit,hit,True,2.7333333333333285,85,99,14,False
blue,blue_0,red_2,m0,71,852,3199.5189252621594,0.3586927466781758,20.551580526614654,1.6733049430559657,95.87331107548538,3199.5189252621594,3191.6760834996703,-223.88642461509062,248.36389748135497,270.5329346044715,238.2240321750745,5893.32191651637,5669.435491901279,True,hit,hit,True,5.616666666666652,71,99,28,False
blue,blue_0,red_0,m1,79,941,2418.3604420880656,0.26596707388367613,15.238790822978784,1.663055939565914,95.28608643129057,2418.3604420880656,2360.686713097291,-525.0004480591351,245.4333285470191,251.66695753221444,211.1838930214885,5910.250035139421,5385.249587080286,True,hit,hit,True,4.333333333333323,79,100,21,False
blue,blue_0,red_0,m2,79,937,2933.885743320248,0.1504671670207887,8.62113362558124,1.6896624699755254,96.81052833124778,2933.885743320248,2766.660968843156,-976.356819168921,245.4109619952139,263.6621494571925,203.05726838334996,5797.541554547749,4821.184735378828,True,hit,hit,True,4.933333333333321,79,103,24,False
blue,blue_0,red_1,m1,74,882,3486.5683605532795,0.27925716716226223,16.00025707717695,1.5877503903530101,90.97139628747645,3486.5683605532795,3452.314398829201,-487.52869089701744,247.95772706903472,279.06441997509387,195.05408343785186,5861.886799110294,5374.358108213277,True,hit,hit,True,6.3166666666666496,74,105,31,False
blue,blue_0,red_1,m2,82,980,3293.383608871212,0.3337145227120311,19.120433713622038,1.8479843397044533,105.88170327133538,3293.383608871212,2786.0397768750263,-1756.2340267890613,247.86272114321403,290.84413801779573,87.1208099879867,5710.737223692754,3954.5031969036927,True,hit,hit,True,8.11666666666665,82,123,41,False
blue,blue_0,red_2,m0,57,677,5026.747380801462,0.4118893239353289,23.599519887991146,1.6777644774394052,96.12882357424994,5026.747380801462,4933.644944506921,-962.9832770799585,250.12988916422654,282.0227865804593,203.70729446433512,5998.203669696912,5035.220392616953,True,hit,hit,True,11.150000000000134,57,113,56,False
blue,blue_0,red_1,m0,62,740,4305.435822801468,0.24882370598216852,14.25654819558235,1.6956938414378548,97.15610046071491,4305.435822801468,4231.026663636558,-796.9887049755798,247.2508085834585,269.4648295545032,214.4848615615785,6022.786621909794,5225.797916934214,True,hit,hit,True,8.31666666666666,62,104,42,False
blue,blue_0,red_2,m3,125,1494,3410.454642653797,0.5946680835727123,34.07197139984933,2.689504471164332,154.09725517928064,3410.454642653797,2631.993852343154,-2168.8266945117307,248.97143848397658,309.9417144740033,-2.047978529253598,5509.611189005206,3340.7844944934754,True,hit,hit,True,8.033333333333312,125,165,40,False
blue,blue_0,red_1,m1,73,868,2977.807920620842,0.3197504923204438,18.320353707191668,1.6659644250589398,95.45273037481597,2977.807920620842,2971.030758355406,-200.78905602230407,245.1896307535033,265.9565142903764,234.11780613746623,5880.775219269281,5679.9861632469765,True,hit,hit,True,5.166666666666654,73,99,26,False
blue,blue_0,red_0,m2,88,1047,2090.193709450654,0.3183099460552683,18.23781648600378,1.6924271440185716,96.9689324856437,2090.193709450654,1916.8486870300871,-833.4271738179141,247.60910376123368,277.29512621175775,149.56239395364588,5745.081643973183,4911.654470155269,True,hit,hit,True,4.433333333333323,88,110,22,False
blue,blue_0,red_2,m0,68,814,3658.3495319363674,0.39732630852770223,22.76512056815015,1.6850230982535601,96.54471191198684,3658.3495319363674,3547.082414760094,-895.3924506710664,244.88382334736662,264.40665756889916,202.88587197436578,5913.062457090603,5017.670006419537,True,hit,hit,True,7.14999999999998,68,104,36,False
blue,blue_0,red_2,m0,58,688,5011.462732890496,0.4477627960954938,25.65491843924865,1.7569037810427375,100.66317166432535,5011.462732890496,4996.651922650734,-385.0042688347794,250.0568666819661,261.4272143018863,219.41679093863218,6065.244628410073,5680.240359575294,True,hit,hit,True,9.1166666666667,58,103,45,False
blue,blue_0,red_0,m2,94,1121,1913.0202099768526,0.2324550973339014,13.318696003535305,1.6395207269739167,93.93761807982597,1913.0202099768526,1912.8693654252074,-24.023209561707517,243.39272788656808,275.54080862216995,219.2634382352924,5717.824456190256,5693.801246628548,True,hit,hit,True,3.6666666666666585,94,112,18,False
blue,blue_0,red_2,m1,82,983,3353.5791670326407,0.6205523966668282,35.55503329573739,1.7836830388774452,102.19751011674674,3353.5791670326407,2818.6303820990115,-1817.08998089355,246.84828080606275,290.64397831167423,62.456451408516344,5825.55608601253,4008.4661051189796,True,hit,hit,True,8.700000000000012,82,126,44,False
blue,blue_0,red_0,m2,92,1095,1522.5405711801027,0.6412540811631688,36.74115244618912,1.7495663070510457,100.2427653723144,1522.5405711801027,1159.6859110973733,-986.5385843907416,249.0669312932946,279.48678155217385,66.84170671871155,5747.849570074885,4761.310985684144,True,hit,hit,True,3.649999999999992,92,110,18,False
blue,blue_0,red_1,m1,78,930,3911.188053049527,0.46141290719963696,26.437012195400715,1.5854172825700257,90.83771905836232,3911.188053049527,3140.798643086398,-2330.8315833418746,245.04555343515426,304.08185797082626,60.425295578401176,5941.993780605395,3611.1621972635203,True,p_hit_fail,miss,False,10.150000000000084,78,129,51,True
blue,blue_0,red_0,m2,91,1082,912.5093629984447,0.34822251917364,19.95168068006296,1.6718489222079675,95.78988722601203,912.5093629984447,911.9924940746898,30.708766032747917,246.85528619674216,253.9541532727294,206.0081211547646,5974.378437046252,6005.087203079,True,p_hit_fail,miss,False,2.0499999999999976,91,101,10,True
blue,blue_0,red_2,m0,58,686,5085.040971973792,0.4789345007497333,27.44092555616488,1.6718181611516183,95.78812474730985,5085.040971973792,5029.581369616255,-748.9679119036009,249.31790543499056,262.39110838436886,186.4489535007201,6077.24520913213,5328.277297228529,True,p_hit_fail,miss,False,9.683333333333394,58,106,48,True
